query_id,timestamp,original,statuscode,mimetype,wayback_url
html_200_root,20120223194925,http://ikttips.skolbloggen.se:80/,200,text/html,https://web.archive.org/web/20120223194925/http://ikttips.skolbloggen.se:80/
raw_http_prefix,20120223194929,http://ikttips.skolbloggen.se:80/page/2,301,text/html,https://web.archive.org/web/20120223194929/http://ikttips.skolbloggen.se:80/page/2
html_200_root,20120223194929,http://ikttips.skolbloggen.se:80/page/2/,200,text/html,https://web.archive.org/web/20120223194929/http://ikttips.skolbloggen.se:80/page/2/
html_200_root,20120223194940,http://ikttips.skolbloggen.se:80/search/bab.la,200,text/html,https://web.archive.org/web/20120223194940/http://ikttips.skolbloggen.se:80/search/bab.la
html_200_root,20120223195004,http://ikttips.skolbloggen.se:80/search/babla,200,text/html,https://web.archive.org/web/20120223195004/http://ikttips.skolbloggen.se:80/search/babla
html_200_root,20120301200030,http://ikttips.skolbloggen.se:80/category/digitala-resurser/,200,text/html,https://web.archive.org/web/20120301200030/http://ikttips.skolbloggen.se:80/category/digitala-resurser/
html_200_root,20120301200119,http://ikttips.skolbloggen.se:80/category/att-blogga-tips/,200,text/html,https://web.archive.org/web/20120301200119/http://ikttips.skolbloggen.se:80/category/att-blogga-tips/
html_200_root,20120301200124,http://ikttips.skolbloggen.se:80/category/datorer-internet/,200,text/html,https://web.archive.org/web/20120301200124/http://ikttips.skolbloggen.se:80/category/datorer-internet/
html_200_root,20120301200140,http://ikttips.skolbloggen.se:80/category/upphovsratten/,200,text/html,https://web.archive.org/web/20120301200140/http://ikttips.skolbloggen.se:80/category/upphovsratten/
html_200_root,20120302013658,http://ikttips.skolbloggen.se:80/category/bild/,200,text/html,https://web.archive.org/web/20120302013658/http://ikttips.skolbloggen.se:80/category/bild/
html_200_root,20120302013703,http://ikttips.skolbloggen.se:80/category/fysik/,200,text/html,https://web.archive.org/web/20120302013703/http://ikttips.skolbloggen.se:80/category/fysik/
html_200_root,20120302013708,http://ikttips.skolbloggen.se:80/category/pedagogisk-verkstad/,200,text/html,https://web.archive.org/web/20120302013708/http://ikttips.skolbloggen.se:80/category/pedagogisk-verkstad/
html_200_root,20120302013713,http://ikttips.skolbloggen.se:80/category/plagiatkontroll/,200,text/html,https://web.archive.org/web/20120302013713/http://ikttips.skolbloggen.se:80/category/plagiatkontroll/
html_200_root,20120302013718,http://ikttips.skolbloggen.se:80/category/svenska/,200,text/html,https://web.archive.org/web/20120302013718/http://ikttips.skolbloggen.se:80/category/svenska/
html_200_root,20120302013728,http://ikttips.skolbloggen.se:80/category/naturkunskap/,200,text/html,https://web.archive.org/web/20120302013728/http://ikttips.skolbloggen.se:80/category/naturkunskap/
html_200_root,20120302013758,http://ikttips.skolbloggen.se:80/category/biologi/,200,text/html,https://web.archive.org/web/20120302013758/http://ikttips.skolbloggen.se:80/category/biologi/
html_200_root,20120302013804,http://ikttips.skolbloggen.se:80/category/kemi/,200,text/html,https://web.archive.org/web/20120302013804/http://ikttips.skolbloggen.se:80/category/kemi/
html_200_root,20120302013809,http://ikttips.skolbloggen.se:80/category/matematik/,200,text/html,https://web.archive.org/web/20120302013809/http://ikttips.skolbloggen.se:80/category/matematik/
html_200_root,20120303061806,http://ikttips.skolbloggen.se:80/category/kallkritik/,200,text/html,https://web.archive.org/web/20120303061806/http://ikttips.skolbloggen.se:80/category/kallkritik/
html_200_root,20120303061810,http://ikttips.skolbloggen.se:80/category/skolbloggen/,200,text/html,https://web.archive.org/web/20120303061810/http://ikttips.skolbloggen.se:80/category/skolbloggen/
html_200_root,20120303061912,http://ikttips.skolbloggen.se:80/category/engelska/,200,text/html,https://web.archive.org/web/20120303061912/http://ikttips.skolbloggen.se:80/category/engelska/
html_200_root,20120303061917,http://ikttips.skolbloggen.se:80/category/projektarbete/,200,text/html,https://web.archive.org/web/20120303061917/http://ikttips.skolbloggen.se:80/category/projektarbete/
html_200_root,20120303061922,http://ikttips.skolbloggen.se:80/category/student-helpdesk/,200,text/html,https://web.archive.org/web/20120303061922/http://ikttips.skolbloggen.se:80/category/student-helpdesk/
html_200_root,20120304105006,http://ikttips.skolbloggen.se:80/category/innovativa-skolprogrammet/,200,text/html,https://web.archive.org/web/20120304105006/http://ikttips.skolbloggen.se:80/category/innovativa-skolprogrammet/
raw_http_prefix,20120304105010,http://ikttips.skolbloggen.se:80/feed/,200,text/xml,https://web.archive.org/web/20120304105010/http://ikttips.skolbloggen.se:80/feed/
html_200_root,20120304105313,http://ikttips.skolbloggen.se:80/category/geografi/,200,text/html,https://web.archive.org/web/20120304105313/http://ikttips.skolbloggen.se:80/category/geografi/
html_200_root,20120304105319,http://ikttips.skolbloggen.se:80/category/moderna-sprak/,200,text/html,https://web.archive.org/web/20120304105319/http://ikttips.skolbloggen.se:80/category/moderna-sprak/
html_200_root,20120304105415,http://ikttips.skolbloggen.se:80/category/historia/,200,text/html,https://web.archive.org/web/20120304105415/http://ikttips.skolbloggen.se:80/category/historia/
html_200_root,20120304105420,http://ikttips.skolbloggen.se:80/category/sprakintroduktion/,200,text/html,https://web.archive.org/web/20120304105420/http://ikttips.skolbloggen.se:80/category/sprakintroduktion/
html_200_root,20120304105510,http://ikttips.skolbloggen.se:80/category/om-den-har-webbplatsen/,200,text/html,https://web.archive.org/web/20120304105510/http://ikttips.skolbloggen.se:80/category/om-den-har-webbplatsen/
html_200_root,20120304105515,http://ikttips.skolbloggen.se:80/category/samhallskunskap/,200,text/html,https://web.archive.org/web/20120304105515/http://ikttips.skolbloggen.se:80/category/samhallskunskap/
html_200_root,20120308015355,http://ikttips.skolbloggen.se:80/2011/11/22/mentorstiden-1411-2011/,200,text/html,https://web.archive.org/web/20120308015355/http://ikttips.skolbloggen.se:80/2011/11/22/mentorstiden-1411-2011/
html_200_root,20120308021137,http://ikttips.skolbloggen.se:80/2011/12/06/pa-svt-play-kan-du-fa-inspiration-i-hur-du-kan-jobba-med-no-i-skolan/,200,text/html,https://web.archive.org/web/20120308021137/http://ikttips.skolbloggen.se:80/2011/12/06/pa-svt-play-kan-du-fa-inspiration-i-hur-du-kan-jobba-med-no-i-skolan/
html_200_root,20120308021336,http://ikttips.skolbloggen.se:80/2011/10/24/ett-3d-projekt-i-garsnas/,200,text/html,https://web.archive.org/web/20120308021336/http://ikttips.skolbloggen.se:80/2011/10/24/ett-3d-projekt-i-garsnas/
html_200_root,20120308021341,http://ikttips.skolbloggen.se:80/2011/10/10/mentorstiden-10-okt-2011-akademisk-hederlighet/,200,text/html,https://web.archive.org/web/20120308021341/http://ikttips.skolbloggen.se:80/2011/10/10/mentorstiden-10-okt-2011-akademisk-hederlighet/
html_200_root,20120308021415,http://ikttips.skolbloggen.se:80/2011/11/24/bloggar-i-skolan/,200,text/html,https://web.archive.org/web/20120308021415/http://ikttips.skolbloggen.se:80/2011/11/24/bloggar-i-skolan/
html_200_root,20120308021443,http://ikttips.skolbloggen.se:80/2011/10/23/mentorstiden-24-okt-upphovsratten-och-hur-du-kan-hitta-fria-bilder/,200,text/html,https://web.archive.org/web/20120308021443/http://ikttips.skolbloggen.se:80/2011/10/23/mentorstiden-24-okt-upphovsratten-och-hur-du-kan-hitta-fria-bilder/
html_200_root,20120308021449,http://ikttips.skolbloggen.se:80/2011/11/15/bokcirkel-om-gosta-berlings-saga/,200,text/html,https://web.archive.org/web/20120308021449/http://ikttips.skolbloggen.se:80/2011/11/15/bokcirkel-om-gosta-berlings-saga/
html_200_root,20120308021809,http://ikttips.skolbloggen.se:80/2011/11/28/mentorstiden-2811-2011-kallkritik/,200,text/html,https://web.archive.org/web/20120308021809/http://ikttips.skolbloggen.se:80/2011/11/28/mentorstiden-2811-2011-kallkritik/
html_200_root,20120308021944,http://ikttips.skolbloggen.se:80/2012/02/02/vi-jobbar-med-pim/,200,text/html,https://web.archive.org/web/20120308021944/http://ikttips.skolbloggen.se:80/2012/02/02/vi-jobbar-med-pim/
html_200_root,20120308030552,http://ikttips.skolbloggen.se:80/lag-och-ratt/upphovsratt/,200,text/html,https://web.archive.org/web/20120308030552/http://ikttips.skolbloggen.se:80/lag-och-ratt/upphovsratt/
html_200_root,20120308030600,http://ikttips.skolbloggen.se:80/2011/11/22/mentorstiden-2111-2011/,200,text/html,https://web.archive.org/web/20120308030600/http://ikttips.skolbloggen.se:80/2011/11/22/mentorstiden-2111-2011/
html_200_root,20120308030605,http://ikttips.skolbloggen.se:80/2012/02/06/datorn-i-utbildningen/,200,text/html,https://web.archive.org/web/20120308030605/http://ikttips.skolbloggen.se:80/2012/02/06/datorn-i-utbildningen/
html_200_root,20120308031826,http://ikttips.skolbloggen.se:80/2011/11/28/resurs-for-dig-som-vill-anvanda-ikt-i-matematikundervisningen/,200,text/html,https://web.archive.org/web/20120308031826/http://ikttips.skolbloggen.se:80/2011/11/28/resurs-for-dig-som-vill-anvanda-ikt-i-matematikundervisningen/
html_200_root,20120308031830,http://ikttips.skolbloggen.se:80/2011/12/05/digitala-resurser-i-stallet-for-larobocker/,200,text/html,https://web.archive.org/web/20120308031830/http://ikttips.skolbloggen.se:80/2011/12/05/digitala-resurser-i-stallet-for-larobocker/
html_200_root,20120308052623,http://ikttips.skolbloggen.se:80/2011/12/21/jul-pa-natet/,200,text/html,https://web.archive.org/web/20120308052623/http://ikttips.skolbloggen.se:80/2011/12/21/jul-pa-natet/
html_200_root,20120308052707,http://ikttips.skolbloggen.se:80/2012/01/19/vad-ska-vi-ha-student-helpdesk-till/,200,text/html,https://web.archive.org/web/20120308052707/http://ikttips.skolbloggen.se:80/2012/01/19/vad-ska-vi-ha-student-helpdesk-till/
html_200_root,20120326102803,http://ikttips.skolbloggen.se:80/search/babla,200,text/html,https://web.archive.org/web/20120326102803/http://ikttips.skolbloggen.se:80/search/babla
html_200_root,20120326102858,http://ikttips.skolbloggen.se:80/,200,text/html,https://web.archive.org/web/20120326102858/http://ikttips.skolbloggen.se:80/
raw_http_prefix,20120326103012,http://ikttips.skolbloggen.se:80/page/2,301,text/html,https://web.archive.org/web/20120326103012/http://ikttips.skolbloggen.se:80/page/2
html_200_root,20120326103012,http://ikttips.skolbloggen.se:80/page/2/,200,text/html,https://web.archive.org/web/20120326103012/http://ikttips.skolbloggen.se:80/page/2/
html_200_root,20120326103017,http://ikttips.skolbloggen.se:80/search/bab.la,200,text/html,https://web.archive.org/web/20120326103017/http://ikttips.skolbloggen.se:80/search/bab.la
html_200_root,20120426082055,http://ikttips.skolbloggen.se:80/,200,text/html,https://web.archive.org/web/20120426082055/http://ikttips.skolbloggen.se:80/
html_200_root,20120426082321,http://ikttips.skolbloggen.se:80/search/bab.la,200,text/html,https://web.archive.org/web/20120426082321/http://ikttips.skolbloggen.se:80/search/bab.la
raw_http_prefix,20120426082608,http://ikttips.skolbloggen.se:80/page/2,301,text/html,https://web.archive.org/web/20120426082608/http://ikttips.skolbloggen.se:80/page/2
html_200_root,20120426082608,http://ikttips.skolbloggen.se:80/page/2/,200,text/html,https://web.archive.org/web/20120426082608/http://ikttips.skolbloggen.se:80/page/2/
html_200_root,20120426082612,http://ikttips.skolbloggen.se:80/search/babla,200,text/html,https://web.archive.org/web/20120426082612/http://ikttips.skolbloggen.se:80/search/babla
raw_http_prefix,20120610022344,http://ikttips.skolbloggen.se:80/2011/03/01/tips-pa-digitala-resurser,301,text/html,https://web.archive.org/web/20120610022344/http://ikttips.skolbloggen.se:80/2011/03/01/tips-pa-digitala-resurser
html_200_root,20120610022344,http://ikttips.skolbloggen.se:80/2011/03/01/tips-pa-digitala-resurser/,200,text/html,https://web.archive.org/web/20120610022344/http://ikttips.skolbloggen.se:80/2011/03/01/tips-pa-digitala-resurser/
raw_http_prefix,20120610022412,http://ikttips.skolbloggen.se:80/oppna-larresurser/484-2,301,text/html,https://web.archive.org/web/20120610022412/http://ikttips.skolbloggen.se:80/oppna-larresurser/484-2
html_200_root,20120610022412,http://ikttips.skolbloggen.se:80/oppna-larresurser/484-2/,200,text/html,https://web.archive.org/web/20120610022412/http://ikttips.skolbloggen.se:80/oppna-larresurser/484-2/
html_200_root,20120611025012,http://ikttips.skolbloggen.se:80/category/att-blogga-tips/,200,text/html,https://web.archive.org/web/20120611025012/http://ikttips.skolbloggen.se:80/category/att-blogga-tips/
html_200_root,20120611025016,http://ikttips.skolbloggen.se:80/category/biologi/,200,text/html,https://web.archive.org/web/20120611025016/http://ikttips.skolbloggen.se:80/category/biologi/
html_200_root,20120611025021,http://ikttips.skolbloggen.se:80/category/geografi/,200,text/html,https://web.archive.org/web/20120611025021/http://ikttips.skolbloggen.se:80/category/geografi/
html_200_root,20120611025026,http://ikttips.skolbloggen.se:80/category/innovativa-skolprogrammet/,200,text/html,https://web.archive.org/web/20120611025026/http://ikttips.skolbloggen.se:80/category/innovativa-skolprogrammet/
html_200_root,20120611025031,http://ikttips.skolbloggen.se:80/category/matematik/,200,text/html,https://web.archive.org/web/20120611025031/http://ikttips.skolbloggen.se:80/category/matematik/
html_200_root,20120611025037,http://ikttips.skolbloggen.se:80/category/naturkunskap/,200,text/html,https://web.archive.org/web/20120611025037/http://ikttips.skolbloggen.se:80/category/naturkunskap/
html_200_root,20120611025042,http://ikttips.skolbloggen.se:80/category/projektarbete/,200,text/html,https://web.archive.org/web/20120611025042/http://ikttips.skolbloggen.se:80/category/projektarbete/
html_200_root,20120611025047,http://ikttips.skolbloggen.se:80/category/svenska/,200,text/html,https://web.archive.org/web/20120611025047/http://ikttips.skolbloggen.se:80/category/svenska/
html_200_root,20120611025052,http://ikttips.skolbloggen.se:80/category/upphovsratten/,200,text/html,https://web.archive.org/web/20120611025052/http://ikttips.skolbloggen.se:80/category/upphovsratten/
html_200_root,20120611025057,http://ikttips.skolbloggen.se:80/wp-login.php,200,text/html,https://web.archive.org/web/20120611025057/http://ikttips.skolbloggen.se:80/wp-login.php
html_200_root,20120611025237,http://ikttips.skolbloggen.se:80/2011/03/01/tips-pa-digitala-resurser/,200,text/html,https://web.archive.org/web/20120611025237/http://ikttips.skolbloggen.se:80/2011/03/01/tips-pa-digitala-resurser/
html_200_root,20120611025244,http://ikttips.skolbloggen.se:80/category/bild/,200,text/html,https://web.archive.org/web/20120611025244/http://ikttips.skolbloggen.se:80/category/bild/
html_200_root,20120611025249,http://ikttips.skolbloggen.se:80/category/datorer-internet/,200,text/html,https://web.archive.org/web/20120611025249/http://ikttips.skolbloggen.se:80/category/datorer-internet/
html_200_root,20120611025254,http://ikttips.skolbloggen.se:80/category/digitala-resurser/,200,text/html,https://web.archive.org/web/20120611025254/http://ikttips.skolbloggen.se:80/category/digitala-resurser/
html_200_root,20120611025259,http://ikttips.skolbloggen.se:80/category/engelska/,200,text/html,https://web.archive.org/web/20120611025259/http://ikttips.skolbloggen.se:80/category/engelska/
html_200_root,20120611025304,http://ikttips.skolbloggen.se:80/category/fysik/,200,text/html,https://web.archive.org/web/20120611025304/http://ikttips.skolbloggen.se:80/category/fysik/
html_200_root,20120611025309,http://ikttips.skolbloggen.se:80/category/historia/,200,text/html,https://web.archive.org/web/20120611025309/http://ikttips.skolbloggen.se:80/category/historia/
html_200_root,20120611025314,http://ikttips.skolbloggen.se:80/category/kallkritik/,200,text/html,https://web.archive.org/web/20120611025314/http://ikttips.skolbloggen.se:80/category/kallkritik/
html_200_root,20120611025319,http://ikttips.skolbloggen.se:80/category/kemi/,200,text/html,https://web.archive.org/web/20120611025319/http://ikttips.skolbloggen.se:80/category/kemi/
html_200_root,20120611025324,http://ikttips.skolbloggen.se:80/category/moderna-sprak/,200,text/html,https://web.archive.org/web/20120611025324/http://ikttips.skolbloggen.se:80/category/moderna-sprak/
html_200_root,20120611025329,http://ikttips.skolbloggen.se:80/category/om-den-har-webbplatsen/,200,text/html,https://web.archive.org/web/20120611025329/http://ikttips.skolbloggen.se:80/category/om-den-har-webbplatsen/
html_200_root,20120611025334,http://ikttips.skolbloggen.se:80/category/pedagogisk-verkstad/,200,text/html,https://web.archive.org/web/20120611025334/http://ikttips.skolbloggen.se:80/category/pedagogisk-verkstad/
html_200_root,20120611025339,http://ikttips.skolbloggen.se:80/category/plagiatkontroll/,200,text/html,https://web.archive.org/web/20120611025339/http://ikttips.skolbloggen.se:80/category/plagiatkontroll/
html_200_root,20120611025345,http://ikttips.skolbloggen.se:80/category/samhallskunskap/,200,text/html,https://web.archive.org/web/20120611025345/http://ikttips.skolbloggen.se:80/category/samhallskunskap/
html_200_root,20120611025350,http://ikttips.skolbloggen.se:80/category/skolbloggen/,200,text/html,https://web.archive.org/web/20120611025350/http://ikttips.skolbloggen.se:80/category/skolbloggen/
html_200_root,20120611025355,http://ikttips.skolbloggen.se:80/category/sprakintroduktion/,200,text/html,https://web.archive.org/web/20120611025355/http://ikttips.skolbloggen.se:80/category/sprakintroduktion/
html_200_root,20120611025420,http://ikttips.skolbloggen.se:80/category/student-helpdesk/,200,text/html,https://web.archive.org/web/20120611025420/http://ikttips.skolbloggen.se:80/category/student-helpdesk/
raw_http_prefix,20120611025425,http://ikttips.skolbloggen.se:80/feed/,200,text/xml,https://web.archive.org/web/20120611025425/http://ikttips.skolbloggen.se:80/feed/
html_200_root,20120611025430,http://ikttips.skolbloggen.se:80/oppna-larresurser/484-2/,200,text/html,https://web.archive.org/web/20120611025430/http://ikttips.skolbloggen.se:80/oppna-larresurser/484-2/
raw_http_prefix,20120611025444,http://ikttips.skolbloggen.se:80/wp-login.php?action=register,302,text/html,https://web.archive.org/web/20120611025444/http://ikttips.skolbloggen.se:80/wp-login.php?action=register
html_200_root,20120611093815,http://ikttips.skolbloggen.se:80/ikt-verktyg/skarminspelning/,200,text/html,https://web.archive.org/web/20120611093815/http://ikttips.skolbloggen.se:80/ikt-verktyg/skarminspelning/
raw_http_prefix,20120611093825,http://ikttips.skolbloggen.se:80/oppna-larresurser/484-2/feed/,200,text/xml,https://web.archive.org/web/20120611093825/http://ikttips.skolbloggen.se:80/oppna-larresurser/484-2/feed/
html_200_root,20120611094049,http://ikttips.skolbloggen.se:80/ikt-verktyg/sprakstod-pa-natet/,200,text/html,https://web.archive.org/web/20120611094049/http://ikttips.skolbloggen.se:80/ikt-verktyg/sprakstod-pa-natet/
html_200_root,20120615010040,http://ikttips.skolbloggen.se:80/2011/02/24/anne-frank/,200,text/html,https://web.archive.org/web/20120615010040/http://ikttips.skolbloggen.se:80/2011/02/24/anne-frank/
raw_http_prefix,20120615010043,http://ikttips.skolbloggen.se:80/2011/03/01/tips-pa-digitala-resurser/feed/,200,text/xml,https://web.archive.org/web/20120615010043/http://ikttips.skolbloggen.se:80/2011/03/01/tips-pa-digitala-resurser/feed/
html_200_root,20120615010048,http://ikttips.skolbloggen.se:80/2011/12/,200,text/html,https://web.archive.org/web/20120615010048/http://ikttips.skolbloggen.se:80/2011/12/
html_200_root,20120615010053,http://ikttips.skolbloggen.se:80/2012/02/02/vi-jobbar-med-pim/,200,text/html,https://web.archive.org/web/20120615010053/http://ikttips.skolbloggen.se:80/2012/02/02/vi-jobbar-med-pim/
html_200_root,20120615010059,http://ikttips.skolbloggen.se:80/2012/02/06/datorn-i-utbildningen/,200,text/html,https://web.archive.org/web/20120615010059/http://ikttips.skolbloggen.se:80/2012/02/06/datorn-i-utbildningen/
html_200_root,20120615010104,http://ikttips.skolbloggen.se:80/2012/03/22/en-svensklarares-baspaket/,200,text/html,https://web.archive.org/web/20120615010104/http://ikttips.skolbloggen.se:80/2012/03/22/en-svensklarares-baspaket/
html_200_root,20120615010109,http://ikttips.skolbloggen.se:80/ikt-verktyg/,200,text/html,https://web.archive.org/web/20120615010109/http://ikttips.skolbloggen.se:80/ikt-verktyg/
html_200_root,20120615010114,http://ikttips.skolbloggen.se:80/lag-och-ratt/upphovsratt/,200,text/html,https://web.archive.org/web/20120615010114/http://ikttips.skolbloggen.se:80/lag-och-ratt/upphovsratt/
html_200_root,20120615010119,http://ikttips.skolbloggen.se:80/specialpedagogik/,200,text/html,https://web.archive.org/web/20120615010119/http://ikttips.skolbloggen.se:80/specialpedagogik/
html_200_root,20120615010124,http://ikttips.skolbloggen.se:80/specialpedagogik/ung-kompensation/,200,text/html,https://web.archive.org/web/20120615010124/http://ikttips.skolbloggen.se:80/specialpedagogik/ung-kompensation/
html_200_root,20120615010129,http://ikttips.skolbloggen.se:80/spel/,200,text/html,https://web.archive.org/web/20120615010129/http://ikttips.skolbloggen.se:80/spel/
html_200_root,20120615011414,http://ikttips.skolbloggen.se:80/2010/11/,200,text/html,https://web.archive.org/web/20120615011414/http://ikttips.skolbloggen.se:80/2010/11/
html_200_root,20120615011420,http://ikttips.skolbloggen.se:80/2011/01/,200,text/html,https://web.archive.org/web/20120615011420/http://ikttips.skolbloggen.se:80/2011/01/
html_200_root,20120615011424,http://ikttips.skolbloggen.se:80/2011/04/,200,text/html,https://web.archive.org/web/20120615011424/http://ikttips.skolbloggen.se:80/2011/04/
html_200_root,20120615011429,http://ikttips.skolbloggen.se:80/2011/11/28/mentorstiden-2811-2011-kallkritik/,200,text/html,https://web.archive.org/web/20120615011429/http://ikttips.skolbloggen.se:80/2011/11/28/mentorstiden-2811-2011-kallkritik/
html_200_root,20120615011434,http://ikttips.skolbloggen.se:80/2011/12/21/jul-pa-natet/,200,text/html,https://web.archive.org/web/20120615011434/http://ikttips.skolbloggen.se:80/2011/12/21/jul-pa-natet/
html_200_root,20120615011439,http://ikttips.skolbloggen.se:80/ikt-verktyg/blogg/,200,text/html,https://web.archive.org/web/20120615011439/http://ikttips.skolbloggen.se:80/ikt-verktyg/blogg/
html_200_root,20120615011444,http://ikttips.skolbloggen.se:80/lag-och-ratt/hantering-av-personuppgifter-och-offentlighetsprincipen/,200,text/html,https://web.archive.org/web/20120615011444/http://ikttips.skolbloggen.se:80/lag-och-ratt/hantering-av-personuppgifter-och-offentlighetsprincipen/
html_200_root,20120615011449,http://ikttips.skolbloggen.se:80/oppna-larresurser/skapa-larresurser-med-hjalp-av-andras-bilder/,200,text/html,https://web.archive.org/web/20120615011449/http://ikttips.skolbloggen.se:80/oppna-larresurser/skapa-larresurser-med-hjalp-av-andras-bilder/
html_200_root,20120615011454,http://ikttips.skolbloggen.se:80/oppna-larresurser/wikibooks/,200,text/html,https://web.archive.org/web/20120615011454/http://ikttips.skolbloggen.se:80/oppna-larresurser/wikibooks/
html_200_root,20120615011459,http://ikttips.skolbloggen.se:80/specialpedagogik/koncentrationssvarigheter-och-kognitiva-problem/,200,text/html,https://web.archive.org/web/20120615011459/http://ikttips.skolbloggen.se:80/specialpedagogik/koncentrationssvarigheter-och-kognitiva-problem/
html_200_root,20120615011504,http://ikttips.skolbloggen.se:80/specialpedagogik/nagra-hjalpmedel-pa-skolan/,200,text/html,https://web.archive.org/web/20120615011504/http://ikttips.skolbloggen.se:80/specialpedagogik/nagra-hjalpmedel-pa-skolan/
raw_http_prefix,20120615011508,http://ikttips.skolbloggen.se:80/wp-comments-post.php,405,text/plain,https://web.archive.org/web/20120615011508/http://ikttips.skolbloggen.se:80/wp-comments-post.php
html_200_root,20120615011632,http://ikttips.skolbloggen.se:80/2010/12/,200,text/html,https://web.archive.org/web/20120615011632/http://ikttips.skolbloggen.se:80/2010/12/
html_200_root,20120615011742,http://ikttips.skolbloggen.se:80/2011/05/,200,text/html,https://web.archive.org/web/20120615011742/http://ikttips.skolbloggen.se:80/2011/05/
html_200_root,20120615011747,http://ikttips.skolbloggen.se:80/2011/10/,200,text/html,https://web.archive.org/web/20120615011747/http://ikttips.skolbloggen.se:80/2011/10/
html_200_root,20120615011752,http://ikttips.skolbloggen.se:80/2011/11/24/bloggar-i-skolan/,200,text/html,https://web.archive.org/web/20120615011752/http://ikttips.skolbloggen.se:80/2011/11/24/bloggar-i-skolan/
html_200_root,20120615011757,http://ikttips.skolbloggen.se:80/2012/05/,200,text/html,https://web.archive.org/web/20120615011757/http://ikttips.skolbloggen.se:80/2012/05/
html_200_root,20120615011802,http://ikttips.skolbloggen.se:80/ikt-verktyg/datorns-sprakkontroll/,200,text/html,https://web.archive.org/web/20120615011802/http://ikttips.skolbloggen.se:80/ikt-verktyg/datorns-sprakkontroll/
html_200_root,20120615011807,http://ikttips.skolbloggen.se:80/ikt-verktyg/samarbeta-online-med-hjalp-av-asa-kronkvist/,200,text/html,https://web.archive.org/web/20120615011807/http://ikttips.skolbloggen.se:80/ikt-verktyg/samarbeta-online-med-hjalp-av-asa-kronkvist/
html_200_root,20120615011812,http://ikttips.skolbloggen.se:80/informationshantering/informationssokning/,200,text/html,https://web.archive.org/web/20120615011812/http://ikttips.skolbloggen.se:80/informationshantering/informationssokning/
html_200_root,20120615011817,http://ikttips.skolbloggen.se:80/lag-och-ratt/,200,text/html,https://web.archive.org/web/20120615011817/http://ikttips.skolbloggen.se:80/lag-och-ratt/
html_200_root,20120615011822,http://ikttips.skolbloggen.se:80/lag-och-ratt/plagiat-och-plagiatkontroll/,200,text/html,https://web.archive.org/web/20120615011822/http://ikttips.skolbloggen.se:80/lag-och-ratt/plagiat-och-plagiatkontroll/
html_200_root,20120615011828,http://ikttips.skolbloggen.se:80/oppna-larresurser/youtube-edu/,200,text/html,https://web.archive.org/web/20120615011828/http://ikttips.skolbloggen.se:80/oppna-larresurser/youtube-edu/
html_200_root,20120615011833,http://ikttips.skolbloggen.se:80/specialpedagogik/dyslexi/,200,text/html,https://web.archive.org/web/20120615011833/http://ikttips.skolbloggen.se:80/specialpedagogik/dyslexi/
html_200_root,20120615011837,http://ikttips.skolbloggen.se:80/specialpedagogik/syn-och-horselnedsattning/,200,text/html,https://web.archive.org/web/20120615011837/http://ikttips.skolbloggen.se:80/specialpedagogik/syn-och-horselnedsattning/
raw_http_prefix,20120615011842,http://ikttips.skolbloggen.se:80/xmlrpc.php,200,text/plain,https://web.archive.org/web/20120615011842/http://ikttips.skolbloggen.se:80/xmlrpc.php
html_200_root,20120615012006,http://ikttips.skolbloggen.se:80/2011/02/,200,text/html,https://web.archive.org/web/20120615012006/http://ikttips.skolbloggen.se:80/2011/02/
html_200_root,20120615012012,http://ikttips.skolbloggen.se:80/2011/03/02/fler-tips-pa-digitala-resurser/,200,text/html,https://web.archive.org/web/20120615012012/http://ikttips.skolbloggen.se:80/2011/03/02/fler-tips-pa-digitala-resurser/
html_200_root,20120615012017,http://ikttips.skolbloggen.se:80/2011/11/28/resurs-for-dig-som-vill-anvanda-ikt-i-matematikundervisningen/,200,text/html,https://web.archive.org/web/20120615012017/http://ikttips.skolbloggen.se:80/2011/11/28/resurs-for-dig-som-vill-anvanda-ikt-i-matematikundervisningen/
html_200_root,20120615012022,http://ikttips.skolbloggen.se:80/2012/02/,200,text/html,https://web.archive.org/web/20120615012022/http://ikttips.skolbloggen.se:80/2012/02/
html_200_root,20120615012027,http://ikttips.skolbloggen.se:80/2012/02/29/inspiration-pa-natet/,200,text/html,https://web.archive.org/web/20120615012027/http://ikttips.skolbloggen.se:80/2012/02/29/inspiration-pa-natet/
html_200_root,20120615012032,http://ikttips.skolbloggen.se:80/2012/03/22/testa-enkatverktyget-surveymonkey/,200,text/html,https://web.archive.org/web/20120615012032/http://ikttips.skolbloggen.se:80/2012/03/22/testa-enkatverktyget-surveymonkey/
html_200_root,20120615012037,http://ikttips.skolbloggen.se:80/informationshantering/kallkritik/,200,text/html,https://web.archive.org/web/20120615012037/http://ikttips.skolbloggen.se:80/informationshantering/kallkritik/
html_200_root,20120615012042,http://ikttips.skolbloggen.se:80/lag-och-ratt/grooming-natmobbing-och/,200,text/html,https://web.archive.org/web/20120615012042/http://ikttips.skolbloggen.se:80/lag-och-ratt/grooming-natmobbing-och/
html_200_root,20120615012121,http://ikttips.skolbloggen.se:80/2011/09/,200,text/html,https://web.archive.org/web/20120615012121/http://ikttips.skolbloggen.se:80/2011/09/
html_200_root,20120615012126,http://ikttips.skolbloggen.se:80/2012/03/,200,text/html,https://web.archive.org/web/20120615012126/http://ikttips.skolbloggen.se:80/2012/03/
html_200_root,20120615012131,http://ikttips.skolbloggen.se:80/2012/03/22/bloggen-som-ett-pedagogiskt-verktyg/,200,text/html,https://web.archive.org/web/20120615012131/http://ikttips.skolbloggen.se:80/2012/03/22/bloggen-som-ett-pedagogiskt-verktyg/
html_200_root,20120615012136,http://ikttips.skolbloggen.se:80/2012/05/06/grundlaggande-soktips-pa-internet/,200,text/html,https://web.archive.org/web/20120615012136/http://ikttips.skolbloggen.se:80/2012/05/06/grundlaggande-soktips-pa-internet/
html_200_root,20120615012141,http://ikttips.skolbloggen.se:80/ikt-verktyg/tankekartor/,200,text/html,https://web.archive.org/web/20120615012141/http://ikttips.skolbloggen.se:80/ikt-verktyg/tankekartor/
html_200_root,20120615012146,http://ikttips.skolbloggen.se:80/informationshantering/,200,text/html,https://web.archive.org/web/20120615012146/http://ikttips.skolbloggen.se:80/informationshantering/
html_200_root,20120615012151,http://ikttips.skolbloggen.se:80/informationshantering/organisera/,200,text/html,https://web.archive.org/web/20120615012151/http://ikttips.skolbloggen.se:80/informationshantering/organisera/
html_200_root,20120615012156,http://ikttips.skolbloggen.se:80/oppna-larresurser/kolla-kallan/,200,text/html,https://web.archive.org/web/20120615012156/http://ikttips.skolbloggen.se:80/oppna-larresurser/kolla-kallan/
html_200_root,20120615012201,http://ikttips.skolbloggen.se:80/oppna-larresurser/pedagogwebben/,200,text/html,https://web.archive.org/web/20120615012201/http://ikttips.skolbloggen.se:80/oppna-larresurser/pedagogwebben/
html_200_root,20120615012206,http://ikttips.skolbloggen.se:80/oppna-larresurser/wikiversity/,200,text/html,https://web.archive.org/web/20120615012206/http://ikttips.skolbloggen.se:80/oppna-larresurser/wikiversity/
html_200_root,20120615012211,http://ikttips.skolbloggen.se:80/specialpedagogik/synnedsattning-och-blindhet/,200,text/html,https://web.archive.org/web/20120615012211/http://ikttips.skolbloggen.se:80/specialpedagogik/synnedsattning-och-blindhet/
html_200_root,20120615013303,http://ikttips.skolbloggen.se:80/2010/10/,200,text/html,https://web.archive.org/web/20120615013303/http://ikttips.skolbloggen.se:80/2010/10/
html_200_root,20120615013309,http://ikttips.skolbloggen.se:80/2011/11/,200,text/html,https://web.archive.org/web/20120615013309/http://ikttips.skolbloggen.se:80/2011/11/
html_200_root,20120615013314,http://ikttips.skolbloggen.se:80/2012/01/,200,text/html,https://web.archive.org/web/20120615013314/http://ikttips.skolbloggen.se:80/2012/01/
html_200_root,20120615013424,http://ikttips.skolbloggen.se:80/ikt-verktyg/presentera-online-med-asa-kronkvist/,200,text/html,https://web.archive.org/web/20120615013424/http://ikttips.skolbloggen.se:80/ikt-verktyg/presentera-online-med-asa-kronkvist/
html_200_root,20120615013430,http://ikttips.skolbloggen.se:80/om/,200,text/html,https://web.archive.org/web/20120615013430/http://ikttips.skolbloggen.se:80/om/
html_200_root,20120615013434,http://ikttips.skolbloggen.se:80/oppna-larresurser/teacher-on-demand/,200,text/html,https://web.archive.org/web/20120615013434/http://ikttips.skolbloggen.se:80/oppna-larresurser/teacher-on-demand/
html_200_root,20120615013439,http://ikttips.skolbloggen.se:80/specialpedagogik/hida-hjalpmedel-i-databas/,200,text/html,https://web.archive.org/web/20120615013439/http://ikttips.skolbloggen.se:80/specialpedagogik/hida-hjalpmedel-i-databas/
html_200_root,20120615013444,http://ikttips.skolbloggen.se:80/specialpedagogik/pedagogwebben/,200,text/html,https://web.archive.org/web/20120615013444/http://ikttips.skolbloggen.se:80/specialpedagogik/pedagogwebben/
html_200_root,20120615013449,http://ikttips.skolbloggen.se:80/wp-load.php,200,text/html,https://web.archive.org/web/20120615013449/http://ikttips.skolbloggen.se:80/wp-load.php
html_200_root,20120615013748,http://ikttips.skolbloggen.se:80/2011/11/22/mentorstiden-2111-2011/,200,text/html,https://web.archive.org/web/20120615013748/http://ikttips.skolbloggen.se:80/2011/11/22/mentorstiden-2111-2011/
html_200_root,20120615013753,http://ikttips.skolbloggen.se:80/2011/12/05/digitala-resurser-i-stallet-for-larobocker/,200,text/html,https://web.archive.org/web/20120615013753/http://ikttips.skolbloggen.se:80/2011/12/05/digitala-resurser-i-stallet-for-larobocker/
html_200_root,20120615013758,http://ikttips.skolbloggen.se:80/2012/01/19/vad-ska-vi-ha-student-helpdesk-till/,200,text/html,https://web.archive.org/web/20120615013758/http://ikttips.skolbloggen.se:80/2012/01/19/vad-ska-vi-ha-student-helpdesk-till/
html_200_root,20120615013803,http://ikttips.skolbloggen.se:80/ikt-verktyg/296-2/,200,text/html,https://web.archive.org/web/20120615013803/http://ikttips.skolbloggen.se:80/ikt-verktyg/296-2/
html_200_root,20120615013813,http://ikttips.skolbloggen.se:80/oppna-larresurser/skapa-egna-laromedel/,200,text/html,https://web.archive.org/web/20120615013813/http://ikttips.skolbloggen.se:80/oppna-larresurser/skapa-egna-laromedel/
html_200_root,20120615013818,http://ikttips.skolbloggen.se:80/oppna-larresurser/skapa-en-egen-larplattform/,200,text/html,https://web.archive.org/web/20120615013818/http://ikttips.skolbloggen.se:80/oppna-larresurser/skapa-en-egen-larplattform/
html_200_root,20120615014038,http://ikttips.skolbloggen.se:80/specialpedagogik/specialpedagogiska-skolmyndigheten/,200,text/html,https://web.archive.org/web/20120615014038/http://ikttips.skolbloggen.se:80/specialpedagogik/specialpedagogiska-skolmyndigheten/
html_200_root,20120615014104,http://ikttips.skolbloggen.se:80/2011/03/,200,text/html,https://web.archive.org/web/20120615014104/http://ikttips.skolbloggen.se:80/2011/03/
html_200_root,20120615014109,http://ikttips.skolbloggen.se:80/2011/12/06/pa-svt-play-kan-du-fa-inspiration-i-hur-du-kan-jobba-med-no-i-skolan/,200,text/html,https://web.archive.org/web/20120615014109/http://ikttips.skolbloggen.se:80/2011/12/06/pa-svt-play-kan-du-fa-inspiration-i-hur-du-kan-jobba-med-no-i-skolan/
raw_http_prefix,20120615014114,http://ikttips.skolbloggen.se:80/comments/feed/,200,text/xml,https://web.archive.org/web/20120615014114/http://ikttips.skolbloggen.se:80/comments/feed/
html_200_root,20120615014119,http://ikttips.skolbloggen.se:80/oppna-larresurser/,200,text/html,https://web.archive.org/web/20120615014119/http://ikttips.skolbloggen.se:80/oppna-larresurser/
html_200_root,20120615014125,http://ikttips.skolbloggen.se:80/oppna-larresurser/itunes-u/,200,text/html,https://web.archive.org/web/20120615014125/http://ikttips.skolbloggen.se:80/oppna-larresurser/itunes-u/
html_200_root,20120615014130,http://ikttips.skolbloggen.se:80/specialpedagogik/skoldatatek/,200,text/html,https://web.archive.org/web/20120615014130/http://ikttips.skolbloggen.se:80/specialpedagogik/skoldatatek/
html_200_root,20120615014138,http://ikttips.skolbloggen.se:80/specialpedagogik/teacher-on-demand/,200,text/html,https://web.archive.org/web/20120615014138/http://ikttips.skolbloggen.se:80/specialpedagogik/teacher-on-demand/
raw_http_prefix,20120615014447,http://ikttips.skolbloggen.se:80/xmlrpc.php?rsd,200,text/xml,https://web.archive.org/web/20120615014447/http://ikttips.skolbloggen.se:80/xmlrpc.php?rsd
raw_http_prefix,20120711054412,http://ikttips.skolbloggen.se:80/2011/03/01/tips-pa-digitala-resurser,301,text/html,https://web.archive.org/web/20120711054412/http://ikttips.skolbloggen.se:80/2011/03/01/tips-pa-digitala-resurser
html_200_root,20120711054412,http://ikttips.skolbloggen.se:80/2011/03/01/tips-pa-digitala-resurser/,200,text/html,https://web.archive.org/web/20120711054412/http://ikttips.skolbloggen.se:80/2011/03/01/tips-pa-digitala-resurser/
raw_http_prefix,20120711054627,http://ikttips.skolbloggen.se:80/oppna-larresurser/484-2,301,text/html,https://web.archive.org/web/20120711054627/http://ikttips.skolbloggen.se:80/oppna-larresurser/484-2
html_200_root,20120711054627,http://ikttips.skolbloggen.se:80/oppna-larresurser/484-2/,200,text/html,https://web.archive.org/web/20120711054627/http://ikttips.skolbloggen.se:80/oppna-larresurser/484-2/
raw_http_prefix,20120904150014,http://ikttips.skolbloggen.se:80/oppna-larresurser/484-2,301,text/html,https://web.archive.org/web/20120904150014/http://ikttips.skolbloggen.se:80/oppna-larresurser/484-2
html_200_root,20120904150014,http://ikttips.skolbloggen.se:80/oppna-larresurser/484-2/,200,text/html,https://web.archive.org/web/20120904150014/http://ikttips.skolbloggen.se:80/oppna-larresurser/484-2/
raw_http_prefix,20120904155816,http://ikttips.skolbloggen.se:80/2011/03/01/tips-pa-digitala-resurser,301,text/html,https://web.archive.org/web/20120904155816/http://ikttips.skolbloggen.se:80/2011/03/01/tips-pa-digitala-resurser
html_200_root,20120904155816,http://ikttips.skolbloggen.se:80/2011/03/01/tips-pa-digitala-resurser/,200,text/html,https://web.archive.org/web/20120904155816/http://ikttips.skolbloggen.se:80/2011/03/01/tips-pa-digitala-resurser/
raw_http_prefix,20130216015053,http://www.ikttips.skolbloggen.se/robots.txt,200,text/plain,https://web.archive.org/web/20130216015053/http://www.ikttips.skolbloggen.se/robots.txt
raw_http_prefix,20130629205631,http://ikttips.skolbloggen.se/robots.txt,200,text/plain,https://web.archive.org/web/20130629205631/http://ikttips.skolbloggen.se/robots.txt
raw_http_prefix,20130813051540,http://ikttips.skolbloggen.se/robots.txt,200,text/plain,https://web.archive.org/web/20130813051540/http://ikttips.skolbloggen.se/robots.txt
raw_http_prefix,20130826173928,http://ikttips.skolbloggen.se/robots.txt,200,text/plain,https://web.archive.org/web/20130826173928/http://ikttips.skolbloggen.se/robots.txt
raw_http_prefix,20130830102828,http://ikttips.skolbloggen.se/robots.txt,200,text/plain,https://web.archive.org/web/20130830102828/http://ikttips.skolbloggen.se/robots.txt
raw_http_prefix,20130928124003,http://ikttips.skolbloggen.se/robots.txt,200,text/plain,https://web.archive.org/web/20130928124003/http://ikttips.skolbloggen.se/robots.txt
raw_http_prefix,20131007040117,http://ikttips.skolbloggen.se/robots.txt,200,text/plain,https://web.archive.org/web/20131007040117/http://ikttips.skolbloggen.se/robots.txt
html_200_root,20131007040120,http://ikttips.skolbloggen.se/2011/11/28/mentorstiden-2811-2011-kallkritik/,200,text/html,https://web.archive.org/web/20131007040120/http://ikttips.skolbloggen.se/2011/11/28/mentorstiden-2811-2011-kallkritik/
html_200_root,20131007044649,http://ikttips.skolbloggen.se/2011/11/22/mentorstiden-2111-2011/,200,text/html,https://web.archive.org/web/20131007044649/http://ikttips.skolbloggen.se/2011/11/22/mentorstiden-2111-2011/
raw_http_prefix,20131017131152,http://ikttips.skolbloggen.se/robots.txt,200,text/plain,https://web.archive.org/web/20131017131152/http://ikttips.skolbloggen.se/robots.txt
html_200_root,20131222234007,http://ikttips.skolbloggen.se:80/2013/04/19/wikipedia-i-skolan/,200,text/html,https://web.archive.org/web/20131222234007/http://ikttips.skolbloggen.se:80/2013/04/19/wikipedia-i-skolan/
raw_http_prefix,20131226093805,http://ikttips.skolbloggen.se/wp-content/themes/carrington-blog.2.0/carrington-blog/css/css.php,200,text/css,https://web.archive.org/web/20131226093805/http://ikttips.skolbloggen.se/wp-content/themes/carrington-blog.2.0/carrington-blog/css/css.php
html_200_root,20131226093815,http://ikttips.skolbloggen.se/2011/04/,200,text/html,https://web.archive.org/web/20131226093815/http://ikttips.skolbloggen.se/2011/04/
raw_http_prefix,20131226093840,http://ikttips.skolbloggen.se/2011/11/22/mentorstiden-2111-2011/feed/,200,text/xml,https://web.archive.org/web/20131226093840/http://ikttips.skolbloggen.se/2011/11/22/mentorstiden-2111-2011/feed/
raw_http_prefix,20131226093844,http://ikttips.skolbloggen.se/2011/11/28/mentorstiden-2811-2011-kallkritik/feed/,200,text/xml,https://web.archive.org/web/20131226093844/http://ikttips.skolbloggen.se/2011/11/28/mentorstiden-2811-2011-kallkritik/feed/
html_200_root,20131226093847,http://ikttips.skolbloggen.se/2012/01/,200,text/html,https://web.archive.org/web/20131226093847/http://ikttips.skolbloggen.se/2012/01/
raw_http_prefix,20131226093848,http://ikttips.skolbloggen.se/wp-content/themes/carrington-blog.2.0/carrington-blog/css/iepngfix.htc,200,text/x-component,https://web.archive.org/web/20131226093848/http://ikttips.skolbloggen.se/wp-content/themes/carrington-blog.2.0/carrington-blog/css/iepngfix.htc
raw_http_prefix,20131226094012,http://ikttips.skolbloggen.se/wp-includes/js/jquery/jquery-migrate.min.js?ver=1.2.1,200,application/javascript,https://web.archive.org/web/20131226094012/http://ikttips.skolbloggen.se/wp-includes/js/jquery/jquery-migrate.min.js?ver=1.2.1
html_200_root,20131226094015,http://ikttips.skolbloggen.se/2012/05/,200,text/html,https://web.archive.org/web/20131226094015/http://ikttips.skolbloggen.se/2012/05/
raw_http_prefix,20131226094028,http://ikttips.skolbloggen.se/wp-content/themes/carrington-blog.2.0/carrington-blog/css/ie.css,200,text/css,https://web.archive.org/web/20131226094028/http://ikttips.skolbloggen.se/wp-content/themes/carrington-blog.2.0/carrington-blog/css/ie.css
html_200_root,20131226094033,http://ikttips.skolbloggen.se/2011/11/22/mentorstiden-2111-2011/,200,text/html,https://web.archive.org/web/20131226094033/http://ikttips.skolbloggen.se/2011/11/22/mentorstiden-2111-2011/
raw_http_prefix,20131226094318,http://ikttips.skolbloggen.se/xmlrpc.php,200,text/plain,https://web.archive.org/web/20131226094318/http://ikttips.skolbloggen.se/xmlrpc.php
html_200_root,20131226094322,http://ikttips.skolbloggen.se/2010/12/,200,text/html,https://web.archive.org/web/20131226094322/http://ikttips.skolbloggen.se/2010/12/
raw_http_prefix,20131226094330,http://ikttips.skolbloggen.se/wp-content/themes/carrington-blog.2.0/carrington-blog/js/carrington.js?ver=1.0,200,application/javascript,https://web.archive.org/web/20131226094330/http://ikttips.skolbloggen.se/wp-content/themes/carrington-blog.2.0/carrington-blog/js/carrington.js?ver=1.0
html_200_root,20131226094349,http://ikttips.skolbloggen.se/2013/04/,200,text/html,https://web.archive.org/web/20131226094349/http://ikttips.skolbloggen.se/2013/04/
raw_http_prefix,20131226094414,http://ikttips.skolbloggen.se/wp-content/themes/carrington-blog.2.0/carrington-blog/carrington-core/lightbox/css/thickbox.css,200,text/css,https://web.archive.org/web/20131226094414/http://ikttips.skolbloggen.se/wp-content/themes/carrington-blog.2.0/carrington-blog/carrington-core/lightbox/css/thickbox.css
raw_http_prefix,20131226094418,http://ikttips.skolbloggen.se/wp-content/plugins/buddypress/bp-core/css/buddybar.min.css?ver=1.8.1,200,text/css,https://web.archive.org/web/20131226094418/http://ikttips.skolbloggen.se/wp-content/plugins/buddypress/bp-core/css/buddybar.min.css?ver=1.8.1
html_200_root,20131226094427,http://ikttips.skolbloggen.se/2012/08/,200,text/html,https://web.archive.org/web/20131226094427/http://ikttips.skolbloggen.se/2012/08/
raw_http_prefix,20131226094431,http://ikttips.skolbloggen.se/wp-content/themes/carrington-blog.2.0/carrington-blog/img/rss-button.gif,200,image/gif,https://web.archive.org/web/20131226094431/http://ikttips.skolbloggen.se/wp-content/themes/carrington-blog.2.0/carrington-blog/img/rss-button.gif
html_200_root,20131226094521,http://ikttips.skolbloggen.se/2011/11/,200,text/html,https://web.archive.org/web/20131226094521/http://ikttips.skolbloggen.se/2011/11/
raw_http_prefix,20131226094526,http://ikttips.skolbloggen.se/?p=1011,301,text/html,https://web.archive.org/web/20131226094526/http://ikttips.skolbloggen.se/?p=1011
raw_http_prefix,20131226094603,http://ikttips.skolbloggen.se/wp-includes/js/jquery/jquery.js?ver=1.10.2,200,application/javascript,https://web.archive.org/web/20131226094603/http://ikttips.skolbloggen.se/wp-includes/js/jquery/jquery.js?ver=1.10.2
raw_http_prefix,20131226094612,http://ikttips.skolbloggen.se/wp-content/themes/carrington-blog.2.0/carrington-blog/js/iepngfix_tilebg.js,200,application/javascript,https://web.archive.org/web/20131226094612/http://ikttips.skolbloggen.se/wp-content/themes/carrington-blog.2.0/carrington-blog/js/iepngfix_tilebg.js
raw_http_prefix,20131226094616,http://ikttips.skolbloggen.se/feed/,200,text/xml,https://web.archive.org/web/20131226094616/http://ikttips.skolbloggen.se/feed/
raw_http_prefix,20131226094620,http://ikttips.skolbloggen.se/wp-includes/images/smilies/icon_wink.gif,200,image/gif,https://web.archive.org/web/20131226094620/http://ikttips.skolbloggen.se/wp-includes/images/smilies/icon_wink.gif
html_200_root,20131226094624,http://ikttips.skolbloggen.se/2011/12/,200,text/html,https://web.archive.org/web/20131226094624/http://ikttips.skolbloggen.se/2011/12/
raw_http_prefix,20131226094631,http://ikttips.skolbloggen.se/wp-content/themes/carrington-blog.2.0/carrington-blog/carrington-core/lightbox/thickbox.js?ver=1.0,200,application/javascript,https://web.archive.org/web/20131226094631/http://ikttips.skolbloggen.se/wp-content/themes/carrington-blog.2.0/carrington-blog/carrington-core/lightbox/thickbox.js?ver=1.0
html_200_root,20131226094635,http://ikttips.skolbloggen.se/2011/09/,200,text/html,https://web.archive.org/web/20131226094635/http://ikttips.skolbloggen.se/2011/09/
html_200_root,20131226094930,http://ikttips.skolbloggen.se/2011/03/,200,text/html,https://web.archive.org/web/20131226094930/http://ikttips.skolbloggen.se/2011/03/
raw_http_prefix,20131226094934,http://ikttips.skolbloggen.se/wp-includes/js/comment-reply.min.js?ver=3.6.1,200,application/javascript,https://web.archive.org/web/20131226094934/http://ikttips.skolbloggen.se/wp-includes/js/comment-reply.min.js?ver=3.6.1
raw_http_prefix,20131226094937,http://ikttips.skolbloggen.se/favicon.ico,200,image/x-icon,https://web.archive.org/web/20131226094937/http://ikttips.skolbloggen.se/favicon.ico
raw_http_prefix,20131226095051,http://ikttips.skolbloggen.se/wp-content/plugins/buddypress/bp-templates/bp-legacy/css/buddypress.css?ver=1.8.1,200,text/css,https://web.archive.org/web/20131226095051/http://ikttips.skolbloggen.se/wp-content/plugins/buddypress/bp-templates/bp-legacy/css/buddypress.css?ver=1.8.1
raw_http_prefix,20131226095054,http://ikttips.skolbloggen.se/wp-content/themes/carrington-blog.2.0/carrington-blog/css/ie6.css,200,text/css,https://web.archive.org/web/20131226095054/http://ikttips.skolbloggen.se/wp-content/themes/carrington-blog.2.0/carrington-blog/css/ie6.css
html_200_root,20131226095130,http://ikttips.skolbloggen.se/2010/11/,200,text/html,https://web.archive.org/web/20131226095130/http://ikttips.skolbloggen.se/2010/11/
html_200_root,20131226095134,http://ikttips.skolbloggen.se/2011/10/,200,text/html,https://web.archive.org/web/20131226095134/http://ikttips.skolbloggen.se/2011/10/
html_200_root,20131226095138,http://ikttips.skolbloggen.se/2011/11/22/mentorstiden-1411-2011/,200,text/html,https://web.archive.org/web/20131226095138/http://ikttips.skolbloggen.se/2011/11/22/mentorstiden-1411-2011/
html_200_root,20131226095142,http://ikttips.skolbloggen.se/2012/02/,200,text/html,https://web.archive.org/web/20131226095142/http://ikttips.skolbloggen.se/2012/02/
html_200_root,20131226095146,http://ikttips.skolbloggen.se/2011/01/,200,text/html,https://web.archive.org/web/20131226095146/http://ikttips.skolbloggen.se/2011/01/
html_200_root,20131226095157,http://ikttips.skolbloggen.se/2012/03/,200,text/html,https://web.archive.org/web/20131226095157/http://ikttips.skolbloggen.se/2012/03/
raw_http_prefix,20131226095201,http://ikttips.skolbloggen.se/comments/feed/,200,text/xml,https://web.archive.org/web/20131226095201/http://ikttips.skolbloggen.se/comments/feed/
raw_http_prefix,20131226095205,http://ikttips.skolbloggen.se/wp-content/plugins/buddypress/bp-templates/bp-legacy/js/buddypress.js?ver=1.8.1,200,application/javascript,https://web.archive.org/web/20131226095205/http://ikttips.skolbloggen.se/wp-content/plugins/buddypress/bp-templates/bp-legacy/js/buddypress.js?ver=1.8.1
raw_http_prefix,20131226095207,http://ikttips.skolbloggen.se/?p=983,301,text/html,https://web.archive.org/web/20131226095207/http://ikttips.skolbloggen.se/?p=983
html_200_root,20131226095209,http://ikttips.skolbloggen.se/2011/11/28/mentorstiden-2811-2011-kallkritik/,200,text/html,https://web.archive.org/web/20131226095209/http://ikttips.skolbloggen.se/2011/11/28/mentorstiden-2811-2011-kallkritik/
raw_http_prefix,20131226095213,http://ikttips.skolbloggen.se/xmlrpc.php?rsd,200,text/xml,https://web.archive.org/web/20131226095213/http://ikttips.skolbloggen.se/xmlrpc.php?rsd
html_200_root,20131226095258,http://ikttips.skolbloggen.se/2011/11/24/bloggar-i-skolan/,200,text/html,https://web.archive.org/web/20131226095258/http://ikttips.skolbloggen.se/2011/11/24/bloggar-i-skolan/
html_200_root,20140221084556,http://ikttips.skolbloggen.se:80/2013/04/19/wikipedia-i-skolan/,200,text/html,https://web.archive.org/web/20140221084556/http://ikttips.skolbloggen.se:80/2013/04/19/wikipedia-i-skolan/
raw_http_prefix,20140306033542,http://ikttips.skolbloggen.se:80/category/engelska,301,text/html,https://web.archive.org/web/20140306033542/http://ikttips.skolbloggen.se:80/category/engelska
html_200_root,20140306033542,http://ikttips.skolbloggen.se:80/category/engelska/,200,text/html,https://web.archive.org/web/20140306033542/http://ikttips.skolbloggen.se:80/category/engelska/
html_200_root,20140312025411,http://ikttips.skolbloggen.se:80/category/engelska/,200,text/html,https://web.archive.org/web/20140312025411/http://ikttips.skolbloggen.se:80/category/engelska/
html_200_root,20140317024613,http://ikttips.skolbloggen.se:80/,200,text/html,https://web.archive.org/web/20140317024613/http://ikttips.skolbloggen.se:80/
raw_http_prefix,20140317043124,http://ikttips.skolbloggen.se:80/oppna-larresurser/484-2,301,text/html,https://web.archive.org/web/20140317043124/http://ikttips.skolbloggen.se:80/oppna-larresurser/484-2
html_200_root,20140317043124,http://ikttips.skolbloggen.se:80/oppna-larresurser/484-2/,200,text/html,https://web.archive.org/web/20140317043124/http://ikttips.skolbloggen.se:80/oppna-larresurser/484-2/
html_200_root,20140318065124,http://ikttips.skolbloggen.se:80/category/digitala-resurser/,200,text/html,https://web.archive.org/web/20140318065124/http://ikttips.skolbloggen.se:80/category/digitala-resurser/
html_200_root,20140318065141,http://ikttips.skolbloggen.se:80/category/historia/,200,text/html,https://web.archive.org/web/20140318065141/http://ikttips.skolbloggen.se:80/category/historia/
html_200_root,20140318072142,http://ikttips.skolbloggen.se:80/category/samhallskunskap/,200,text/html,https://web.archive.org/web/20140318072142/http://ikttips.skolbloggen.se:80/category/samhallskunskap/
raw_http_prefix,20140627031639,http://ikttips.skolbloggen.se/robots.txt,200,text/plain,https://web.archive.org/web/20140627031639/http://ikttips.skolbloggen.se/robots.txt
html_200_root,20140627031643,http://ikttips.skolbloggen.se/,200,text/html,https://web.archive.org/web/20140627031643/http://ikttips.skolbloggen.se/
raw_http_prefix,20140718140253,http://ikttips.skolbloggen.se/robots.txt,200,text/plain,https://web.archive.org/web/20140718140253/http://ikttips.skolbloggen.se/robots.txt
html_200_root,20140718140257,http://ikttips.skolbloggen.se/specialpedagogik/,200,text/html,https://web.archive.org/web/20140718140257/http://ikttips.skolbloggen.se/specialpedagogik/
raw_http_prefix,20141120153554,http://ikttips.skolbloggen.se/robots.txt,200,text/plain,https://web.archive.org/web/20141120153554/http://ikttips.skolbloggen.se/robots.txt
html_200_root,20141120153558,http://ikttips.skolbloggen.se/2011/11/28/mentorstiden-2811-2011-kallkritik/,200,text/html,https://web.archive.org/web/20141120153558/http://ikttips.skolbloggen.se/2011/11/28/mentorstiden-2811-2011-kallkritik/
raw_http_prefix,20150223103727,http://ikttips.skolbloggen.se/robots.txt,200,text/plain,https://web.archive.org/web/20150223103727/http://ikttips.skolbloggen.se/robots.txt
html_200_root,20150223103731,http://ikttips.skolbloggen.se/,200,text/html,https://web.archive.org/web/20150223103731/http://ikttips.skolbloggen.se/
raw_http_prefix,20160309153136,http://ikttips.skolbloggen.se/robots.txt,200,text/plain,https://web.archive.org/web/20160309153136/http://ikttips.skolbloggen.se/robots.txt
raw_http_prefix,20160309153139,http://ikttips.skolbloggen.se/oppna-larresurser/skapa-en-egen-larplattform,301,text/html,https://web.archive.org/web/20160309153139/http://ikttips.skolbloggen.se/oppna-larresurser/skapa-en-egen-larplattform
raw_http_prefix,20160330055908,http://ikttips.skolbloggen.se/robots.txt,-,warc/revisit,https://web.archive.org/web/20160330055908/http://ikttips.skolbloggen.se/robots.txt
raw_http_prefix,20160330055919,http://ikttips.skolbloggen.se/favicon.ico,-,warc/revisit,https://web.archive.org/web/20160330055919/http://ikttips.skolbloggen.se/favicon.ico
raw_http_prefix,20160330060913,http://ikttips.skolbloggen.se/robots.txt,-,warc/revisit,https://web.archive.org/web/20160330060913/http://ikttips.skolbloggen.se/robots.txt
html_200_root,20160330060920,http://ikttips.skolbloggen.se/oppna-larresurser/skapa-en-egen-larplattform/,200,text/html,https://web.archive.org/web/20160330060920/http://ikttips.skolbloggen.se/oppna-larresurser/skapa-en-egen-larplattform/
raw_http_prefix,20160527103100,http://ikttips.skolbloggen.se/robots.txt,-,warc/revisit,https://web.archive.org/web/20160527103100/http://ikttips.skolbloggen.se/robots.txt
raw_http_prefix,20160527103104,http://ikttips.skolbloggen.se/wp-includes/wlwmanifest.xml,200,application/xml,https://web.archive.org/web/20160527103104/http://ikttips.skolbloggen.se/wp-includes/wlwmanifest.xml
html_200_root,20160527103424,http://ikttips.skolbloggen.se/2010/10/,200,text/html,https://web.archive.org/web/20160527103424/http://ikttips.skolbloggen.se/2010/10/
raw_http_prefix,20160527103440,http://ikttips.skolbloggen.se/robots.txt,-,warc/revisit,https://web.archive.org/web/20160527103440/http://ikttips.skolbloggen.se/robots.txt
raw_http_prefix,20160527103443,http://ikttips.skolbloggen.se/wp-content/plugins/buddypress/bp-core/js/jquery-cookie.min.js?ver=761af2ca77b52d7047b2224a7b120f13,200,application/javascript,https://web.archive.org/web/20160527103443/http://ikttips.skolbloggen.se/wp-content/plugins/buddypress/bp-core/js/jquery-cookie.min.js?ver=761af2ca77b52d7047b2224a7b120f13
html_200_root,20160527103622,http://ikttips.skolbloggen.se/2011/11/,200,text/html,https://web.archive.org/web/20160527103622/http://ikttips.skolbloggen.se/2011/11/
raw_http_prefix,20160527103742,http://ikttips.skolbloggen.se/wp-json/,404,text/html,https://web.archive.org/web/20160527103742/http://ikttips.skolbloggen.se/wp-json/
raw_http_prefix,20160527104234,http://ikttips.skolbloggen.se/robots.txt,-,warc/revisit,https://web.archive.org/web/20160527104234/http://ikttips.skolbloggen.se/robots.txt
html_200_root,20160527104238,http://ikttips.skolbloggen.se/2011/05/,200,text/html,https://web.archive.org/web/20160527104238/http://ikttips.skolbloggen.se/2011/05/
raw_http_prefix,20160527104838,http://ikttips.skolbloggen.se/robots.txt,-,warc/revisit,https://web.archive.org/web/20160527104838/http://ikttips.skolbloggen.se/robots.txt
raw_http_prefix,20160527104841,http://ikttips.skolbloggen.se/wp-includes/js/comment-reply.min.js?ver=761af2ca77b52d7047b2224a7b120f13,200,application/javascript,https://web.archive.org/web/20160527104841/http://ikttips.skolbloggen.se/wp-includes/js/comment-reply.min.js?ver=761af2ca77b52d7047b2224a7b120f13
raw_http_prefix,20160527105920,http://ikttips.skolbloggen.se/robots.txt,-,warc/revisit,https://web.archive.org/web/20160527105920/http://ikttips.skolbloggen.se/robots.txt
html_200_root,20160527105923,http://ikttips.skolbloggen.se/2012/01/,200,text/html,https://web.archive.org/web/20160527105923/http://ikttips.skolbloggen.se/2012/01/
raw_http_prefix,20160527110901,http://ikttips.skolbloggen.se/robots.txt,-,warc/revisit,https://web.archive.org/web/20160527110901/http://ikttips.skolbloggen.se/robots.txt
raw_http_prefix,20160527110904,http://ikttips.skolbloggen.se/wp-content/themes/carrington-blog.2.0/carrington-blog/carrington-core/lightbox/css/thickbox.css,-,warc/revisit,https://web.archive.org/web/20160527110904/http://ikttips.skolbloggen.se/wp-content/themes/carrington-blog.2.0/carrington-blog/carrington-core/lightbox/css/thickbox.css
html_200_root,20160527111102,http://ikttips.skolbloggen.se/2011/02/,200,text/html,https://web.archive.org/web/20160527111102/http://ikttips.skolbloggen.se/2011/02/
raw_http_prefix,20160527111112,http://ikttips.skolbloggen.se/wp-content/themes/carrington-blog.2.0/carrington-blog/carrington-core/lightbox/thickbox.js?ver=761af2ca77b52d7047b2224a7b120f13,200,application/javascript,https://web.archive.org/web/20160527111112/http://ikttips.skolbloggen.se/wp-content/themes/carrington-blog.2.0/carrington-blog/carrington-core/lightbox/thickbox.js?ver=761af2ca77b52d7047b2224a7b120f13
raw_http_prefix,20160527111151,http://ikttips.skolbloggen.se/wp-json/oembed/1.0/embed?url=http%3A%2F%2Fikttips.skolbloggen.se%2Foppna-larresurser%2Fskapa-en-egen-larplattform%2F,404,text/html,https://web.archive.org/web/20160527111151/http://ikttips.skolbloggen.se/wp-json/oembed/1.0/embed?url=http%3A%2F%2Fikttips.skolbloggen.se%2Foppna-larresurser%2Fskapa-en-egen-larplattform%2F
raw_http_prefix,20160527112732,http://ikttips.skolbloggen.se/wp-content/themes/carrington-blog.2.0/carrington-blog/js/carrington.js?ver=761af2ca77b52d7047b2224a7b120f13,200,application/javascript,https://web.archive.org/web/20160527112732/http://ikttips.skolbloggen.se/wp-content/themes/carrington-blog.2.0/carrington-blog/js/carrington.js?ver=761af2ca77b52d7047b2224a7b120f13
raw_http_prefix,20160527112758,http://ikttips.skolbloggen.se/robots.txt,-,warc/revisit,https://web.archive.org/web/20160527112758/http://ikttips.skolbloggen.se/robots.txt
raw_http_prefix,20160527112801,http://ikttips.skolbloggen.se/wp-json/oembed/1.0/embed?url=http%3A%2F%2Fikttips.skolbloggen.se%2Foppna-larresurser%2Fskapa-en-egen-larplattform%2F&format=xml,404,text/html,https://web.archive.org/web/20160527112801/http://ikttips.skolbloggen.se/wp-json/oembed/1.0/embed?url=http%3A%2F%2Fikttips.skolbloggen.se%2Foppna-larresurser%2Fskapa-en-egen-larplattform%2F&format=xml
raw_http_prefix,20160527114740,http://ikttips.skolbloggen.se/wp-includes/js/wp-embed.min.js?ver=761af2ca77b52d7047b2224a7b120f13,200,application/javascript,https://web.archive.org/web/20160527114740/http://ikttips.skolbloggen.se/wp-includes/js/wp-embed.min.js?ver=761af2ca77b52d7047b2224a7b120f13
raw_http_prefix,20160527120139,http://ikttips.skolbloggen.se/wp-content/themes/carrington-blog.2.0/carrington-blog/js/iepngfix_tilebg.js,-,warc/revisit,https://web.archive.org/web/20160527120139/http://ikttips.skolbloggen.se/wp-content/themes/carrington-blog.2.0/carrington-blog/js/iepngfix_tilebg.js
raw_http_prefix,20160527120252,http://ikttips.skolbloggen.se/wp-content/plugins/buddypress/bp-core/js/jquery-scroll-to.min.js?ver=761af2ca77b52d7047b2224a7b120f13,200,application/javascript,https://web.archive.org/web/20160527120252/http://ikttips.skolbloggen.se/wp-content/plugins/buddypress/bp-core/js/jquery-scroll-to.min.js?ver=761af2ca77b52d7047b2224a7b120f13
raw_http_prefix,20160527120356,http://ikttips.skolbloggen.se/wp-content/themes/carrington-blog.2.0/carrington-blog/img/rss-button.gif,-,warc/revisit,https://web.archive.org/web/20160527120356/http://ikttips.skolbloggen.se/wp-content/themes/carrington-blog.2.0/carrington-blog/img/rss-button.gif
html_200_root,20160527120522,http://ikttips.skolbloggen.se/2011/03/,200,text/html,https://web.archive.org/web/20160527120522/http://ikttips.skolbloggen.se/2011/03/
raw_http_prefix,20160527121253,http://ikttips.skolbloggen.se/wp-content/plugins/buddypress/bp-templates/bp-legacy/css/buddypress.min.css?ver=761af2ca77b52d7047b2224a7b120f13,200,text/css,https://web.archive.org/web/20160527121253/http://ikttips.skolbloggen.se/wp-content/plugins/buddypress/bp-templates/bp-legacy/css/buddypress.min.css?ver=761af2ca77b52d7047b2224a7b120f13
html_200_root,20160527122635,http://ikttips.skolbloggen.se/2012/03/,200,text/html,https://web.archive.org/web/20160527122635/http://ikttips.skolbloggen.se/2012/03/
raw_http_prefix,20160527124815,http://ikttips.skolbloggen.se/comments/feed/,200,application/rss+xml,https://web.archive.org/web/20160527124815/http://ikttips.skolbloggen.se/comments/feed/
html_200_root,20160527124906,http://ikttips.skolbloggen.se/2010/12/,200,text/html,https://web.archive.org/web/20160527124906/http://ikttips.skolbloggen.se/2010/12/
raw_http_prefix,20160527125140,http://ikttips.skolbloggen.se/feed/,200,application/rss+xml,https://web.archive.org/web/20160527125140/http://ikttips.skolbloggen.se/feed/
html_200_root,20160527130108,http://ikttips.skolbloggen.se/2012/02/,200,text/html,https://web.archive.org/web/20160527130108/http://ikttips.skolbloggen.se/2012/02/
html_200_root,20160527130325,http://ikttips.skolbloggen.se/2011/01/,200,text/html,https://web.archive.org/web/20160527130325/http://ikttips.skolbloggen.se/2011/01/
raw_http_prefix,20160527132351,http://ikttips.skolbloggen.se/oppna-larresurser/skapa-en-egen-larplattform/feed/,200,application/rss+xml,https://web.archive.org/web/20160527132351/http://ikttips.skolbloggen.se/oppna-larresurser/skapa-en-egen-larplattform/feed/
raw_http_prefix,20160527132623,http://ikttips.skolbloggen.se/wp-content/plugins/buddypress/bp-core/js/jquery-query.min.js?ver=761af2ca77b52d7047b2224a7b120f13,200,application/javascript,https://web.archive.org/web/20160527132623/http://ikttips.skolbloggen.se/wp-content/plugins/buddypress/bp-core/js/jquery-query.min.js?ver=761af2ca77b52d7047b2224a7b120f13
html_200_root,20160527132744,http://ikttips.skolbloggen.se/2012/05/,200,text/html,https://web.archive.org/web/20160527132744/http://ikttips.skolbloggen.se/2012/05/
raw_http_prefix,20160527133159,http://ikttips.skolbloggen.se/wp-includes/js/jquery/jquery-migrate.min.js?ver=761af2ca77b52d7047b2224a7b120f13,200,application/javascript,https://web.archive.org/web/20160527133159/http://ikttips.skolbloggen.se/wp-includes/js/jquery/jquery-migrate.min.js?ver=761af2ca77b52d7047b2224a7b120f13
html_200_root,20160527163606,http://ikttips.skolbloggen.se/2010/11/,200,text/html,https://web.archive.org/web/20160527163606/http://ikttips.skolbloggen.se/2010/11/
raw_http_prefix,20160527163615,http://ikttips.skolbloggen.se/wp-content/plugins/pro-sites/pro-sites-files/js/tax.js?ver=761af2ca77b52d7047b2224a7b120f13,200,application/javascript,https://web.archive.org/web/20160527163615/http://ikttips.skolbloggen.se/wp-content/plugins/pro-sites/pro-sites-files/js/tax.js?ver=761af2ca77b52d7047b2224a7b120f13
raw_http_prefix,20160527163619,http://ikttips.skolbloggen.se/wp-content/themes/carrington-blog.2.0/carrington-blog/css/ie.css,-,warc/revisit,https://web.archive.org/web/20160527163619/http://ikttips.skolbloggen.se/wp-content/themes/carrington-blog.2.0/carrington-blog/css/ie.css
raw_http_prefix,20160527163622,http://ikttips.skolbloggen.se/wp-includes/js/admin-bar.min.js?ver=761af2ca77b52d7047b2224a7b120f13,200,application/javascript,https://web.archive.org/web/20160527163622/http://ikttips.skolbloggen.se/wp-includes/js/admin-bar.min.js?ver=761af2ca77b52d7047b2224a7b120f13
raw_http_prefix,20160527163627,http://ikttips.skolbloggen.se/xmlrpc.php,-,warc/revisit,https://web.archive.org/web/20160527163627/http://ikttips.skolbloggen.se/xmlrpc.php
raw_http_prefix,20160527163634,http://ikttips.skolbloggen.se/?p=336,301,text/html,https://web.archive.org/web/20160527163634/http://ikttips.skolbloggen.se/?p=336
raw_http_prefix,20160527163641,http://ikttips.skolbloggen.se/wp-includes/css/dashicons.min.css?ver=761af2ca77b52d7047b2224a7b120f13,200,text/css,https://web.archive.org/web/20160527163641/http://ikttips.skolbloggen.se/wp-includes/css/dashicons.min.css?ver=761af2ca77b52d7047b2224a7b120f13
raw_http_prefix,20160527163645,http://ikttips.skolbloggen.se/wp-content/themes/carrington-blog.2.0/carrington-blog/css/css.php,-,warc/revisit,https://web.archive.org/web/20160527163645/http://ikttips.skolbloggen.se/wp-content/themes/carrington-blog.2.0/carrington-blog/css/css.php
html_200_root,20160527163650,http://ikttips.skolbloggen.se/2011/09/,200,text/html,https://web.archive.org/web/20160527163650/http://ikttips.skolbloggen.se/2011/09/
raw_http_prefix,20160527164356,http://ikttips.skolbloggen.se/wp-includes/js/jquery/jquery.js?ver=761af2ca77b52d7047b2224a7b120f13,200,application/javascript,https://web.archive.org/web/20160527164356/http://ikttips.skolbloggen.se/wp-includes/js/jquery/jquery.js?ver=761af2ca77b52d7047b2224a7b120f13
html_200_root,20160527164405,http://ikttips.skolbloggen.se/2011/04/,200,text/html,https://web.archive.org/web/20160527164405/http://ikttips.skolbloggen.se/2011/04/
html_200_root,20160527164416,http://ikttips.skolbloggen.se/2011/10/,200,text/html,https://web.archive.org/web/20160527164416/http://ikttips.skolbloggen.se/2011/10/
raw_http_prefix,20160527164426,http://ikttips.skolbloggen.se/wp-content/plugins/buddypress/bp-core/js/confirm.min.js?ver=761af2ca77b52d7047b2224a7b120f13,200,application/javascript,https://web.archive.org/web/20160527164426/http://ikttips.skolbloggen.se/wp-content/plugins/buddypress/bp-core/js/confirm.min.js?ver=761af2ca77b52d7047b2224a7b120f13
raw_http_prefix,20160527164431,http://ikttips.skolbloggen.se/wp-content/plugins/buddypress/bp-core/js/widget-members.min.js?ver=761af2ca77b52d7047b2224a7b120f13,200,application/javascript,https://web.archive.org/web/20160527164431/http://ikttips.skolbloggen.se/wp-content/plugins/buddypress/bp-core/js/widget-members.min.js?ver=761af2ca77b52d7047b2224a7b120f13
raw_http_prefix,20160527164438,http://ikttips.skolbloggen.se/wp-content/plugins/buddypress/bp-core/css/buddybar.min.css?ver=761af2ca77b52d7047b2224a7b120f13,200,text/css,https://web.archive.org/web/20160527164438/http://ikttips.skolbloggen.se/wp-content/plugins/buddypress/bp-core/css/buddybar.min.css?ver=761af2ca77b52d7047b2224a7b120f13
raw_http_prefix,20160527164444,http://ikttips.skolbloggen.se/xmlrpc.php?rsd,200,text/xml,https://web.archive.org/web/20160527164444/http://ikttips.skolbloggen.se/xmlrpc.php?rsd
html_200_root,20160527164450,http://ikttips.skolbloggen.se/2011/12/,200,text/html,https://web.archive.org/web/20160527164450/http://ikttips.skolbloggen.se/2011/12/
html_200_root,20160527164500,http://ikttips.skolbloggen.se/2013/04/,200,text/html,https://web.archive.org/web/20160527164500/http://ikttips.skolbloggen.se/2013/04/
raw_http_prefix,20160527164513,http://ikttips.skolbloggen.se/wp-content/themes/carrington-blog.2.0/carrington-blog/css/ie6.css,-,warc/revisit,https://web.archive.org/web/20160527164513/http://ikttips.skolbloggen.se/wp-content/themes/carrington-blog.2.0/carrington-blog/css/ie6.css
raw_http_prefix,20160527170241,http://ikttips.skolbloggen.se/wp-content/plugins/admin-bar-login/admin-bar-login.css?ver=761af2ca77b52d7047b2224a7b120f13,200,text/css,https://web.archive.org/web/20160527170241/http://ikttips.skolbloggen.se/wp-content/plugins/admin-bar-login/admin-bar-login.css?ver=761af2ca77b52d7047b2224a7b120f13
raw_http_prefix,20160527170245,http://ikttips.skolbloggen.se/wp-content/plugins/buddypress/bp-templates/bp-legacy/js/buddypress.min.js?ver=761af2ca77b52d7047b2224a7b120f13,200,application/javascript,https://web.archive.org/web/20160527170245/http://ikttips.skolbloggen.se/wp-content/plugins/buddypress/bp-templates/bp-legacy/js/buddypress.min.js?ver=761af2ca77b52d7047b2224a7b120f13
html_200_root,20160527170249,http://ikttips.skolbloggen.se/2014/05/,200,text/html,https://web.archive.org/web/20160527170249/http://ikttips.skolbloggen.se/2014/05/
raw_http_prefix,20160527170302,http://ikttips.skolbloggen.se/wp-includes/css/admin-bar.min.css?ver=761af2ca77b52d7047b2224a7b120f13,200,text/css,https://web.archive.org/web/20160527170302/http://ikttips.skolbloggen.se/wp-includes/css/admin-bar.min.css?ver=761af2ca77b52d7047b2224a7b120f13
html_200_root,20160527171935,http://ikttips.skolbloggen.se/2012/08/,200,text/html,https://web.archive.org/web/20160527171935/http://ikttips.skolbloggen.se/2012/08/
raw_http_prefix,20160527172855,http://ikttips.skolbloggen.se/wp-content/themes/carrington-blog.2.0/carrington-blog/css/iepngfix.htc,-,warc/revisit,https://web.archive.org/web/20160527172855/http://ikttips.skolbloggen.se/wp-content/themes/carrington-blog.2.0/carrington-blog/css/iepngfix.htc
raw_http_prefix,20160822072012,http://ikttips.skolbloggen.se/robots.txt,-,warc/revisit,https://web.archive.org/web/20160822072012/http://ikttips.skolbloggen.se/robots.txt
raw_http_prefix,20160822072019,http://ikttips.skolbloggen.se/robots.txt,-,warc/revisit,https://web.archive.org/web/20160822072019/http://ikttips.skolbloggen.se/robots.txt
raw_http_prefix,20160822072159,http://ikttips.skolbloggen.se/robots.txt,-,warc/revisit,https://web.archive.org/web/20160822072159/http://ikttips.skolbloggen.se/robots.txt
html_200_root,20160822072203,http://ikttips.skolbloggen.se/category/digitala-resurser/,200,text/html,https://web.archive.org/web/20160822072203/http://ikttips.skolbloggen.se/category/digitala-resurser/
html_200_root,20160822072250,http://ikttips.skolbloggen.se/category/fysik/,200,text/html,https://web.archive.org/web/20160822072250/http://ikttips.skolbloggen.se/category/fysik/
html_200_root,20160822072321,http://ikttips.skolbloggen.se/specialpedagogik/ung-kompensation/,200,text/html,https://web.archive.org/web/20160822072321/http://ikttips.skolbloggen.se/specialpedagogik/ung-kompensation/
html_200_root,20160822072336,http://ikttips.skolbloggen.se/specialpedagogik/synnedsattning-och-blindhet/,200,text/html,https://web.archive.org/web/20160822072336/http://ikttips.skolbloggen.se/specialpedagogik/synnedsattning-och-blindhet/
raw_http_prefix,20160822072601,http://ikttips.skolbloggen.se/robots.txt,-,warc/revisit,https://web.archive.org/web/20160822072601/http://ikttips.skolbloggen.se/robots.txt
html_200_root,20160822072605,http://ikttips.skolbloggen.se/2012/08/29/presentera-dig-sjalv-med-hjalp-av-bilder-och-ljud/,200,text/html,https://web.archive.org/web/20160822072605/http://ikttips.skolbloggen.se/2012/08/29/presentera-dig-sjalv-med-hjalp-av-bilder-och-ljud/
html_200_root,20160822073518,http://ikttips.skolbloggen.se/oppna-larresurser/youtube-edu/,200,text/html,https://web.archive.org/web/20160822073518/http://ikttips.skolbloggen.se/oppna-larresurser/youtube-edu/
html_200_root,20160822073525,http://ikttips.skolbloggen.se/category/larportaler/,200,text/html,https://web.archive.org/web/20160822073525/http://ikttips.skolbloggen.se/category/larportaler/
html_200_root,20160822073533,http://ikttips.skolbloggen.se/ikt-verktyg/tankekartor/,200,text/html,https://web.archive.org/web/20160822073533/http://ikttips.skolbloggen.se/ikt-verktyg/tankekartor/
html_200_root,20160822073542,http://ikttips.skolbloggen.se/oppna-larresurser/484-2/,200,text/html,https://web.archive.org/web/20160822073542/http://ikttips.skolbloggen.se/oppna-larresurser/484-2/
html_200_root,20160822073552,http://ikttips.skolbloggen.se/informationshantering/,200,text/html,https://web.archive.org/web/20160822073552/http://ikttips.skolbloggen.se/informationshantering/
html_200_root,20160822073601,http://ikttips.skolbloggen.se/category/naturkunskap/,200,text/html,https://web.archive.org/web/20160822073601/http://ikttips.skolbloggen.se/category/naturkunskap/
raw_http_prefix,20160822074612,http://ikttips.skolbloggen.se/robots.txt,-,warc/revisit,https://web.archive.org/web/20160822074612/http://ikttips.skolbloggen.se/robots.txt
html_200_root,20160822074617,http://ikttips.skolbloggen.se/ikt-verktyg/skarminspelning/,200,text/html,https://web.archive.org/web/20160822074617/http://ikttips.skolbloggen.se/ikt-verktyg/skarminspelning/
html_200_root,20160822080550,http://ikttips.skolbloggen.se/2014/05/19/3310/,200,text/html,https://web.archive.org/web/20160822080550/http://ikttips.skolbloggen.se/2014/05/19/3310/
html_200_root,20160822080604,http://ikttips.skolbloggen.se/ikt-verktyg/296-2/,200,text/html,https://web.archive.org/web/20160822080604/http://ikttips.skolbloggen.se/ikt-verktyg/296-2/
html_200_root,20160822084027,http://ikttips.skolbloggen.se/category/svenska/,200,text/html,https://web.archive.org/web/20160822084027/http://ikttips.skolbloggen.se/category/svenska/
html_200_root,20160822084739,http://ikttips.skolbloggen.se/informationshantering/kallkritik/,200,text/html,https://web.archive.org/web/20160822084739/http://ikttips.skolbloggen.se/informationshantering/kallkritik/
html_200_root,20160822084754,http://ikttips.skolbloggen.se/category/sprakintroduktion/,200,text/html,https://web.archive.org/web/20160822084754/http://ikttips.skolbloggen.se/category/sprakintroduktion/
html_200_root,20160822084804,http://ikttips.skolbloggen.se/category/okategoriserade/,200,text/html,https://web.archive.org/web/20160822084804/http://ikttips.skolbloggen.se/category/okategoriserade/
html_200_root,20160822084815,http://ikttips.skolbloggen.se/category/student-helpdesk/,200,text/html,https://web.archive.org/web/20160822084815/http://ikttips.skolbloggen.se/category/student-helpdesk/
html_200_root,20160822084824,http://ikttips.skolbloggen.se/category/samhallskunskap/,200,text/html,https://web.archive.org/web/20160822084824/http://ikttips.skolbloggen.se/category/samhallskunskap/
html_200_root,20160822084834,http://ikttips.skolbloggen.se/2013/04/19/wikipedia-i-skolan/,200,text/html,https://web.archive.org/web/20160822084834/http://ikttips.skolbloggen.se/2013/04/19/wikipedia-i-skolan/
html_200_root,20160822084843,http://ikttips.skolbloggen.se/,200,text/html,https://web.archive.org/web/20160822084843/http://ikttips.skolbloggen.se/
html_200_root,20160822085133,http://ikttips.skolbloggen.se/lag-och-ratt/,200,text/html,https://web.archive.org/web/20160822085133/http://ikttips.skolbloggen.se/lag-och-ratt/
html_200_root,20160822085605,http://ikttips.skolbloggen.se/specialpedagogik/hida-hjalpmedel-i-databas/,200,text/html,https://web.archive.org/web/20160822085605/http://ikttips.skolbloggen.se/specialpedagogik/hida-hjalpmedel-i-databas/
html_200_root,20160822085713,http://ikttips.skolbloggen.se/specialpedagogik/dyslexi/,200,text/html,https://web.archive.org/web/20160822085713/http://ikttips.skolbloggen.se/specialpedagogik/dyslexi/
html_200_root,20160822090221,http://ikttips.skolbloggen.se/lag-och-ratt/plagiat-och-plagiatkontroll/,200,text/html,https://web.archive.org/web/20160822090221/http://ikttips.skolbloggen.se/lag-och-ratt/plagiat-och-plagiatkontroll/
html_200_root,20160822090649,http://ikttips.skolbloggen.se/2012/02/29/inspiration-pa-natet/,200,text/html,https://web.archive.org/web/20160822090649/http://ikttips.skolbloggen.se/2012/02/29/inspiration-pa-natet/
html_200_root,20160822091642,http://ikttips.skolbloggen.se/2012/08/15/svenska-i-svedala/,200,text/html,https://web.archive.org/web/20160822091642/http://ikttips.skolbloggen.se/2012/08/15/svenska-i-svedala/
html_200_root,20160822091658,http://ikttips.skolbloggen.se/oppna-larresurser/wikiversity/,200,text/html,https://web.archive.org/web/20160822091658/http://ikttips.skolbloggen.se/oppna-larresurser/wikiversity/
html_200_root,20160822091708,http://ikttips.skolbloggen.se/oppna-larresurser/itunes-u/,200,text/html,https://web.archive.org/web/20160822091708/http://ikttips.skolbloggen.se/oppna-larresurser/itunes-u/
html_200_root,20160822092319,http://ikttips.skolbloggen.se/2012/01/19/vad-ska-vi-ha-student-helpdesk-till/,200,text/html,https://web.archive.org/web/20160822092319/http://ikttips.skolbloggen.se/2012/01/19/vad-ska-vi-ha-student-helpdesk-till/
html_200_root,20160822092343,http://ikttips.skolbloggen.se/ikt-verktyg/presentera-online-med-asa-kronkvist/,200,text/html,https://web.archive.org/web/20160822092343/http://ikttips.skolbloggen.se/ikt-verktyg/presentera-online-med-asa-kronkvist/
html_200_root,20160822092635,http://ikttips.skolbloggen.se/category/innovativa-skolprogrammet/,200,text/html,https://web.archive.org/web/20160822092635/http://ikttips.skolbloggen.se/category/innovativa-skolprogrammet/
html_200_root,20160822094348,http://ikttips.skolbloggen.se/oppna-larresurser/,200,text/html,https://web.archive.org/web/20160822094348/http://ikttips.skolbloggen.se/oppna-larresurser/
html_200_root,20160822101330,http://ikttips.skolbloggen.se/category/att-blogga-tips/,200,text/html,https://web.archive.org/web/20160822101330/http://ikttips.skolbloggen.se/category/att-blogga-tips/
html_200_root,20160823013406,http://ikttips.skolbloggen.se/spel/,200,text/html,https://web.archive.org/web/20160823013406/http://ikttips.skolbloggen.se/spel/
html_200_root,20160823013429,http://ikttips.skolbloggen.se/specialpedagogik/syn-och-horselnedsattning/,200,text/html,https://web.archive.org/web/20160823013429/http://ikttips.skolbloggen.se/specialpedagogik/syn-och-horselnedsattning/
raw_http_prefix,20160823073909,http://ikttips.skolbloggen.se/robots.txt,-,warc/revisit,https://web.archive.org/web/20160823073909/http://ikttips.skolbloggen.se/robots.txt
raw_http_prefix,20160825171321,http://ikttips.skolbloggen.se/robots.txt,-,warc/revisit,https://web.archive.org/web/20160825171321/http://ikttips.skolbloggen.se/robots.txt
raw_http_prefix,20160825171802,http://ikttips.skolbloggen.se/robots.txt,-,warc/revisit,https://web.archive.org/web/20160825171802/http://ikttips.skolbloggen.se/robots.txt
raw_http_prefix,20160825172141,http://ikttips.skolbloggen.se/robots.txt,-,warc/revisit,https://web.archive.org/web/20160825172141/http://ikttips.skolbloggen.se/robots.txt
html_200_root,20160825172651,http://ikttips.skolbloggen.se/2012/05/06/grundlaggande-soktips-pa-internet/,200,text/html,https://web.archive.org/web/20160825172651/http://ikttips.skolbloggen.se/2012/05/06/grundlaggande-soktips-pa-internet/
raw_http_prefix,20160825175521,http://ikttips.skolbloggen.se/robots.txt,-,warc/revisit,https://web.archive.org/web/20160825175521/http://ikttips.skolbloggen.se/robots.txt
html_200_root,20160825233425,http://ikttips.skolbloggen.se/category/kallkritik/,200,text/html,https://web.archive.org/web/20160825233425/http://ikttips.skolbloggen.se/category/kallkritik/
html_200_root,20160825233640,http://ikttips.skolbloggen.se/ikt-verktyg/datorns-sprakkontroll/,200,text/html,https://web.archive.org/web/20160825233640/http://ikttips.skolbloggen.se/ikt-verktyg/datorns-sprakkontroll/
html_200_root,20160826001203,http://ikttips.skolbloggen.se/specialpedagogik/specialpedagogiska-skolmyndigheten/,200,text/html,https://web.archive.org/web/20160826001203/http://ikttips.skolbloggen.se/specialpedagogik/specialpedagogiska-skolmyndigheten/
html_200_root,20160826051129,http://ikttips.skolbloggen.se/ikt-verktyg/sprakstod-pa-natet/,200,text/html,https://web.archive.org/web/20160826051129/http://ikttips.skolbloggen.se/ikt-verktyg/sprakstod-pa-natet/
html_200_root,20160826051325,http://ikttips.skolbloggen.se/category/moderna-sprak/,200,text/html,https://web.archive.org/web/20160826051325/http://ikttips.skolbloggen.se/category/moderna-sprak/
html_200_root,20160826051448,http://ikttips.skolbloggen.se/category/upphovsratten/,200,text/html,https://web.archive.org/web/20160826051448/http://ikttips.skolbloggen.se/category/upphovsratten/
html_200_root,20160826055734,http://ikttips.skolbloggen.se/informationshantering/informationssokning/,200,text/html,https://web.archive.org/web/20160826055734/http://ikttips.skolbloggen.se/informationshantering/informationssokning/
html_200_root,20160826055949,http://ikttips.skolbloggen.se/ikt-verktyg/samarbeta-online-med-hjalp-av-asa-kronkvist/,200,text/html,https://web.archive.org/web/20160826055949/http://ikttips.skolbloggen.se/ikt-verktyg/samarbeta-online-med-hjalp-av-asa-kronkvist/
html_200_root,20160826060238,http://ikttips.skolbloggen.se/informationshantering/organisera/,200,text/html,https://web.archive.org/web/20160826060238/http://ikttips.skolbloggen.se/informationshantering/organisera/
html_200_root,20160826060600,http://ikttips.skolbloggen.se/category/geografi/,200,text/html,https://web.archive.org/web/20160826060600/http://ikttips.skolbloggen.se/category/geografi/
html_200_root,20160826111335,http://ikttips.skolbloggen.se/category/historia/,200,text/html,https://web.archive.org/web/20160826111335/http://ikttips.skolbloggen.se/category/historia/
html_200_root,20160826120746,http://ikttips.skolbloggen.se/oppna-larresurser/kolla-kallan/,200,text/html,https://web.archive.org/web/20160826120746/http://ikttips.skolbloggen.se/oppna-larresurser/kolla-kallan/
html_200_root,20160826120831,http://ikttips.skolbloggen.se/specialpedagogik/,200,text/html,https://web.archive.org/web/20160826120831/http://ikttips.skolbloggen.se/specialpedagogik/
html_200_root,20160826120916,http://ikttips.skolbloggen.se/ikt-verktyg/,200,text/html,https://web.archive.org/web/20160826120916/http://ikttips.skolbloggen.se/ikt-verktyg/
html_200_root,20160826121012,http://ikttips.skolbloggen.se/specialpedagogik/pedagogwebben/,200,text/html,https://web.archive.org/web/20160826121012/http://ikttips.skolbloggen.se/specialpedagogik/pedagogwebben/
html_200_root,20160826121057,http://ikttips.skolbloggen.se/oppna-larresurser/skapa-egna-laromedel/,200,text/html,https://web.archive.org/web/20160826121057/http://ikttips.skolbloggen.se/oppna-larresurser/skapa-egna-laromedel/
html_200_root,20160826121144,http://ikttips.skolbloggen.se/2012/03/22/en-svensklarares-baspaket/,200,text/html,https://web.archive.org/web/20160826121144/http://ikttips.skolbloggen.se/2012/03/22/en-svensklarares-baspaket/
html_200_root,20160826121224,http://ikttips.skolbloggen.se/category/biologi/,200,text/html,https://web.archive.org/web/20160826121224/http://ikttips.skolbloggen.se/category/biologi/
raw_http_prefix,20160826171538,http://ikttips.skolbloggen.se/robots.txt,-,warc/revisit,https://web.archive.org/web/20160826171538/http://ikttips.skolbloggen.se/robots.txt
raw_http_prefix,20160826181007,http://ikttips.skolbloggen.se/robots.txt,-,warc/revisit,https://web.archive.org/web/20160826181007/http://ikttips.skolbloggen.se/robots.txt
raw_http_prefix,20160826184537,http://ikttips.skolbloggen.se/robots.txt,-,warc/revisit,https://web.archive.org/web/20160826184537/http://ikttips.skolbloggen.se/robots.txt
html_200_root,20160827061525,http://ikttips.skolbloggen.se/lag-och-ratt/upphovsratt/,200,text/html,https://web.archive.org/web/20160827061525/http://ikttips.skolbloggen.se/lag-och-ratt/upphovsratt/
html_200_root,20160827061610,http://ikttips.skolbloggen.se/category/matematik/,200,text/html,https://web.archive.org/web/20160827061610/http://ikttips.skolbloggen.se/category/matematik/
raw_http_prefix,20160827172338,http://ikttips.skolbloggen.se/robots.txt,-,warc/revisit,https://web.archive.org/web/20160827172338/http://ikttips.skolbloggen.se/robots.txt
raw_http_prefix,20160827182328,http://ikttips.skolbloggen.se/robots.txt,-,warc/revisit,https://web.archive.org/web/20160827182328/http://ikttips.skolbloggen.se/robots.txt
raw_http_prefix,20160827190246,http://ikttips.skolbloggen.se/robots.txt,-,warc/revisit,https://web.archive.org/web/20160827190246/http://ikttips.skolbloggen.se/robots.txt
raw_http_prefix,20160830221444,http://ikttips.skolbloggen.se/robots.txt,-,warc/revisit,https://web.archive.org/web/20160830221444/http://ikttips.skolbloggen.se/robots.txt
raw_http_prefix,20160830221450,http://ikttips.skolbloggen.se/wp-includes/css/dashicons.min.css?ver=8e8924954940afb56b9e68196f5893a6,200,text/css,https://web.archive.org/web/20160830221450/http://ikttips.skolbloggen.se/wp-includes/css/dashicons.min.css?ver=8e8924954940afb56b9e68196f5893a6
raw_http_prefix,20160830232139,http://ikttips.skolbloggen.se/robots.txt,-,warc/revisit,https://web.archive.org/web/20160830232139/http://ikttips.skolbloggen.se/robots.txt
raw_http_prefix,20160830232143,http://ikttips.skolbloggen.se/wp-content/plugins/admin-bar-login/admin-bar-login.css?ver=1.0.1,200,text/css,https://web.archive.org/web/20160830232143/http://ikttips.skolbloggen.se/wp-content/plugins/admin-bar-login/admin-bar-login.css?ver=1.0.1
raw_http_prefix,20160830232922,http://ikttips.skolbloggen.se/robots.txt,-,warc/revisit,https://web.archive.org/web/20160830232922/http://ikttips.skolbloggen.se/robots.txt
raw_http_prefix,20160830232926,http://ikttips.skolbloggen.se/wp-includes/css/admin-bar.min.css?ver=8e8924954940afb56b9e68196f5893a6,200,text/css,https://web.archive.org/web/20160830232926/http://ikttips.skolbloggen.se/wp-includes/css/admin-bar.min.css?ver=8e8924954940afb56b9e68196f5893a6
raw_http_prefix,20160830234423,http://ikttips.skolbloggen.se/robots.txt,-,warc/revisit,https://web.archive.org/web/20160830234423/http://ikttips.skolbloggen.se/robots.txt
raw_http_prefix,20160830234426,http://ikttips.skolbloggen.se/wp-content/plugins/buddypress/bp-core/js/jquery-cookie.min.js?ver=2.5.1,200,application/javascript,https://web.archive.org/web/20160830234426/http://ikttips.skolbloggen.se/wp-content/plugins/buddypress/bp-core/js/jquery-cookie.min.js?ver=2.5.1
raw_http_prefix,20160831000221,http://ikttips.skolbloggen.se/wp-content/plugins/buddypress/bp-core/css/buddybar.min.css?ver=2.5.1,200,text/css,https://web.archive.org/web/20160831000221/http://ikttips.skolbloggen.se/wp-content/plugins/buddypress/bp-core/css/buddybar.min.css?ver=2.5.1
raw_http_prefix,20160831002921,http://ikttips.skolbloggen.se/wp-content/plugins/buddypress/bp-core/js/jquery-scroll-to.min.js?ver=2.5.1,200,application/javascript,https://web.archive.org/web/20160831002921/http://ikttips.skolbloggen.se/wp-content/plugins/buddypress/bp-core/js/jquery-scroll-to.min.js?ver=2.5.1
raw_http_prefix,20160831003922,http://ikttips.skolbloggen.se/wp-content/plugins/buddypress/bp-core/js/jquery-query.min.js?ver=2.5.1,200,application/javascript,https://web.archive.org/web/20160831003922/http://ikttips.skolbloggen.se/wp-content/plugins/buddypress/bp-core/js/jquery-query.min.js?ver=2.5.1
raw_http_prefix,20160831005214,http://ikttips.skolbloggen.se/wp-content/plugins/buddypress/bp-templates/bp-legacy/css/buddypress.min.css?ver=2.5.1,200,text/css,https://web.archive.org/web/20160831005214/http://ikttips.skolbloggen.se/wp-content/plugins/buddypress/bp-templates/bp-legacy/css/buddypress.min.css?ver=2.5.1
raw_http_prefix,20160831005456,http://ikttips.skolbloggen.se/wp-includes/js/jquery/jquery-migrate.min.js?ver=1.4.0,200,application/javascript,https://web.archive.org/web/20160831005456/http://ikttips.skolbloggen.se/wp-includes/js/jquery/jquery-migrate.min.js?ver=1.4.0
raw_http_prefix,20160831011216,http://ikttips.skolbloggen.se/wp-includes/js/admin-bar.min.js?ver=8e8924954940afb56b9e68196f5893a6,200,application/javascript,https://web.archive.org/web/20160831011216/http://ikttips.skolbloggen.se/wp-includes/js/admin-bar.min.js?ver=8e8924954940afb56b9e68196f5893a6
raw_http_prefix,20160831012211,http://ikttips.skolbloggen.se/wp-content/themes/carrington-blog.2.0/carrington-blog/img/arrow-bullet.gif,200,image/gif,https://web.archive.org/web/20160831012211/http://ikttips.skolbloggen.se/wp-content/themes/carrington-blog.2.0/carrington-blog/img/arrow-bullet.gif
raw_http_prefix,20160831022637,http://ikttips.skolbloggen.se/wp-content/themes/carrington-blog.2.0/carrington-blog/img/watermark-light.gif,200,image/gif,https://web.archive.org/web/20160831022637/http://ikttips.skolbloggen.se/wp-content/themes/carrington-blog.2.0/carrington-blog/img/watermark-light.gif
raw_http_prefix,20160831032828,http://ikttips.skolbloggen.se/wp-content/themes/carrington-blog.2.0/carrington-blog/img/footer/by-crowd-favorite-light.png,200,image/png,https://web.archive.org/web/20160831032828/http://ikttips.skolbloggen.se/wp-content/themes/carrington-blog.2.0/carrington-blog/img/footer/by-crowd-favorite-light.png
raw_http_prefix,20160831032908,http://ikttips.skolbloggen.se/wp-content/themes/carrington-blog.2.0/carrington-blog/img/comment.gif,200,image/gif,https://web.archive.org/web/20160831032908/http://ikttips.skolbloggen.se/wp-content/themes/carrington-blog.2.0/carrington-blog/img/comment.gif
raw_http_prefix,20160831033250,http://ikttips.skolbloggen.se/wp-content/themes/carrington-blog.2.0/carrington-blog/img/spinner.gif,200,image/gif,https://web.archive.org/web/20160831033250/http://ikttips.skolbloggen.se/wp-content/themes/carrington-blog.2.0/carrington-blog/img/spinner.gif
raw_http_prefix,20160831033808,http://ikttips.skolbloggen.se/wp-content/plugins/buddypress/bp-core/images/60pc_black.png,200,image/png,https://web.archive.org/web/20160831033808/http://ikttips.skolbloggen.se/wp-content/plugins/buddypress/bp-core/images/60pc_black.png
raw_http_prefix,20160831040128,http://ikttips.skolbloggen.se/wp-content/themes/carrington-blog.2.0/carrington-blog/img/sub-header-border-bottom.gif,200,image/gif,https://web.archive.org/web/20160831040128/http://ikttips.skolbloggen.se/wp-content/themes/carrington-blog.2.0/carrington-blog/img/sub-header-border-bottom.gif
raw_http_prefix,20160831041605,http://ikttips.skolbloggen.se/wp-content/themes/carrington-blog.2.0/carrington-blog/img/footer/gradient-dark.png,200,image/png,https://web.archive.org/web/20160831041605/http://ikttips.skolbloggen.se/wp-content/themes/carrington-blog.2.0/carrington-blog/img/footer/gradient-dark.png
raw_http_prefix,20160831042024,http://ikttips.skolbloggen.se/wp-content/themes/carrington-blog.2.0/carrington-blog/img/attachment/150px-flourish-right-dark.png,200,image/png,https://web.archive.org/web/20160831042024/http://ikttips.skolbloggen.se/wp-content/themes/carrington-blog.2.0/carrington-blog/img/attachment/150px-flourish-right-dark.png
raw_http_prefix,20160831042602,http://ikttips.skolbloggen.se/wp-content/themes/carrington-blog.2.0/carrington-blog/img/ie/by-crowd-favorite.gif,200,image/gif,https://web.archive.org/web/20160831042602/http://ikttips.skolbloggen.se/wp-content/themes/carrington-blog.2.0/carrington-blog/img/ie/by-crowd-favorite.gif
raw_http_prefix,20160831044314,http://ikttips.skolbloggen.se/wp-content/themes/carrington-blog.2.0/carrington-blog/img/lightbox/prevlabel.gif,200,image/gif,https://web.archive.org/web/20160831044314/http://ikttips.skolbloggen.se/wp-content/themes/carrington-blog.2.0/carrington-blog/img/lightbox/prevlabel.gif
raw_http_prefix,20160831045008,http://ikttips.skolbloggen.se/wp-content/themes/carrington-blog.2.0/carrington-blog/img/header/gradient-dark.png,200,image/png,https://web.archive.org/web/20160831045008/http://ikttips.skolbloggen.se/wp-content/themes/carrington-blog.2.0/carrington-blog/img/header/gradient-dark.png
raw_http_prefix,20160831051115,http://ikttips.skolbloggen.se/wp-includes/fonts/dashicons.ttf,403,text/html,https://web.archive.org/web/20160831051115/http://ikttips.skolbloggen.se/wp-includes/fonts/dashicons.ttf
raw_http_prefix,20160831051319,http://ikttips.skolbloggen.se/wp-content/themes/carrington-blog.2.0/carrington-blog/img/divider-ornament.gif,200,image/gif,https://web.archive.org/web/20160831051319/http://ikttips.skolbloggen.se/wp-content/themes/carrington-blog.2.0/carrington-blog/img/divider-ornament.gif
raw_http_prefix,20160831053011,http://ikttips.skolbloggen.se/wp-content/plugins/buddypress/bp-templates/bp-legacy/js/buddypress.min.js?ver=2.5.1,200,application/javascript,https://web.archive.org/web/20160831053011/http://ikttips.skolbloggen.se/wp-content/plugins/buddypress/bp-templates/bp-legacy/js/buddypress.min.js?ver=2.5.1
raw_http_prefix,20160831053016,http://ikttips.skolbloggen.se/wp-content/plugins/buddypress/bp-core/js/confirm.min.js?ver=2.5.1,200,application/javascript,https://web.archive.org/web/20160831053016/http://ikttips.skolbloggen.se/wp-content/plugins/buddypress/bp-core/js/confirm.min.js?ver=2.5.1
raw_http_prefix,20160831053020,http://ikttips.skolbloggen.se/wp-content/plugins/buddypress/bp-core/js/widget-members.min.js?ver=2.5.1,200,application/javascript,https://web.archive.org/web/20160831053020/http://ikttips.skolbloggen.se/wp-content/plugins/buddypress/bp-core/js/widget-members.min.js?ver=2.5.1
raw_http_prefix,20160831053026,http://ikttips.skolbloggen.se/wp-content/themes/carrington-blog.2.0/carrington-blog/img/dropdown-divider.gif,200,image/gif,https://web.archive.org/web/20160831053026/http://ikttips.skolbloggen.se/wp-content/themes/carrington-blog.2.0/carrington-blog/img/dropdown-divider.gif
raw_http_prefix,20160831053030,http://ikttips.skolbloggen.se/wp-content/themes/carrington-blog.2.0/carrington-blog/img/comments-divider.gif,200,image/gif,https://web.archive.org/web/20160831053030/http://ikttips.skolbloggen.se/wp-content/themes/carrington-blog.2.0/carrington-blog/img/comments-divider.gif
raw_http_prefix,20160831053034,http://ikttips.skolbloggen.se/wp-content/themes/carrington-blog.2.0/carrington-blog/img/comment-thread.gif,200,image/gif,https://web.archive.org/web/20160831053034/http://ikttips.skolbloggen.se/wp-content/themes/carrington-blog.2.0/carrington-blog/img/comment-thread.gif
raw_http_prefix,20160831053039,http://ikttips.skolbloggen.se/wp-content/themes/carrington-blog.2.0/carrington-blog/img/header/texture-light.png,200,image/png,https://web.archive.org/web/20160831053039/http://ikttips.skolbloggen.se/wp-content/themes/carrington-blog.2.0/carrington-blog/img/header/texture-light.png
raw_http_prefix,20160831053049,http://ikttips.skolbloggen.se/wp-content/themes/carrington-blog.2.0/carrington-blog/img/lightbox/nextlabel.gif,200,image/gif,https://web.archive.org/web/20160831053049/http://ikttips.skolbloggen.se/wp-content/themes/carrington-blog.2.0/carrington-blog/img/lightbox/nextlabel.gif
raw_http_prefix,20160831053054,http://ikttips.skolbloggen.se/wp-content/themes/carrington-blog.2.0/carrington-blog/img/header/texture-dark.png,200,image/png,https://web.archive.org/web/20160831053054/http://ikttips.skolbloggen.se/wp-content/themes/carrington-blog.2.0/carrington-blog/img/header/texture-dark.png
raw_http_prefix,20160831053104,http://ikttips.skolbloggen.se/wp-content/themes/carrington-blog.2.0/carrington-blog/img/grey-to-white-gradient.png,200,image/png,https://web.archive.org/web/20160831053104/http://ikttips.skolbloggen.se/wp-content/themes/carrington-blog.2.0/carrington-blog/img/grey-to-white-gradient.png
raw_http_prefix,20160831053111,http://ikttips.skolbloggen.se/wp-content/themes/carrington-blog.2.0/carrington-blog/img/divider-ornament-wide-dark.png,200,image/png,https://web.archive.org/web/20160831053111/http://ikttips.skolbloggen.se/wp-content/themes/carrington-blog.2.0/carrington-blog/img/divider-ornament-wide-dark.png
raw_http_prefix,20160831053119,http://ikttips.skolbloggen.se/wp-content/plugins/buddypress/bp-core/images/admin-menu-arrow.gif,200,image/gif,https://web.archive.org/web/20160831053119/http://ikttips.skolbloggen.se/wp-content/plugins/buddypress/bp-core/images/admin-menu-arrow.gif
raw_http_prefix,20160831053124,http://ikttips.skolbloggen.se/wp-content/themes/carrington-blog.2.0/carrington-blog/img/attachment/150px-flourish-left-dark.png,200,image/png,https://web.archive.org/web/20160831053124/http://ikttips.skolbloggen.se/wp-content/themes/carrington-blog.2.0/carrington-blog/img/attachment/150px-flourish-left-dark.png
raw_http_prefix,20160831053129,http://ikttips.skolbloggen.se/wp-includes/fonts/dashicons.eot,403,text/html,https://web.archive.org/web/20160831053129/http://ikttips.skolbloggen.se/wp-includes/fonts/dashicons.eot
raw_http_prefix,20160831053134,http://ikttips.skolbloggen.se/wp-content/themes/carrington-blog.2.0/carrington-blog/img/footer/divider-ornament-wide-light.png,200,image/png,https://web.archive.org/web/20160831053134/http://ikttips.skolbloggen.se/wp-content/themes/carrington-blog.2.0/carrington-blog/img/footer/divider-ornament-wide-light.png
raw_http_prefix,20160908234211,http://ikttips.skolbloggen.se/wp-includes/js/jquery/jquery.js?ver=1.12.3,200,application/javascript,https://web.archive.org/web/20160908234211/http://ikttips.skolbloggen.se/wp-includes/js/jquery/jquery.js?ver=1.12.3
raw_http_prefix,20160908234626,http://ikttips.skolbloggen.se/robots.txt,-,warc/revisit,https://web.archive.org/web/20160908234626/http://ikttips.skolbloggen.se/robots.txt
html_200_root,20160908235011,http://ikttips.skolbloggen.se/wp-login.php,200,text/html,https://web.archive.org/web/20160908235011/http://ikttips.skolbloggen.se/wp-login.php
raw_http_prefix,20160909055326,http://ikttips.skolbloggen.se/wp-content/themes/carrington-blog.2.0/carrington-blog/carrington-core/lightbox/thickbox.js?ver=1.0,-,warc/revisit,https://web.archive.org/web/20160909055326/http://ikttips.skolbloggen.se/wp-content/themes/carrington-blog.2.0/carrington-blog/carrington-core/lightbox/thickbox.js?ver=1.0
raw_http_prefix,20160909055704,http://ikttips.skolbloggen.se/wp-content/themes/carrington-blog.2.0/carrington-blog/js/carrington.js?ver=1.0,-,warc/revisit,https://web.archive.org/web/20160909055704/http://ikttips.skolbloggen.se/wp-content/themes/carrington-blog.2.0/carrington-blog/js/carrington.js?ver=1.0
raw_http_prefix,20160909060003,http://ikttips.skolbloggen.se/wp-includes/js/wp-embed.min.js?ver=8e8924954940afb56b9e68196f5893a6,200,application/javascript,https://web.archive.org/web/20160909060003/http://ikttips.skolbloggen.se/wp-includes/js/wp-embed.min.js?ver=8e8924954940afb56b9e68196f5893a6
raw_http_prefix,20160909060328,http://ikttips.skolbloggen.se/wp-content/themes/carrington-blog.2.0/carrington-blog/img/sidebar-background.gif,200,image/gif,https://web.archive.org/web/20160909060328/http://ikttips.skolbloggen.se/wp-content/themes/carrington-blog.2.0/carrington-blog/img/sidebar-background.gif
raw_http_prefix,20160909060735,http://ikttips.skolbloggen.se/wp-includes/fonts/dashicons.svg,200,image/svg+xml,https://web.archive.org/web/20160909060735/http://ikttips.skolbloggen.se/wp-includes/fonts/dashicons.svg
html_200_root,20160909114901,http://ikttips.skolbloggen.se/specialpedagogik/koncentrationssvarigheter-och-kognitiva-problem/,200,text/html,https://web.archive.org/web/20160909114901/http://ikttips.skolbloggen.se/specialpedagogik/koncentrationssvarigheter-och-kognitiva-problem/
html_200_root,20160909114921,http://ikttips.skolbloggen.se/specialpedagogik/teacher-on-demand/,200,text/html,https://web.archive.org/web/20160909114921/http://ikttips.skolbloggen.se/specialpedagogik/teacher-on-demand/
html_200_root,20160909114939,http://ikttips.skolbloggen.se/category/plagiatkontroll/,200,text/html,https://web.archive.org/web/20160909114939/http://ikttips.skolbloggen.se/category/plagiatkontroll/
html_200_root,20160909114952,http://ikttips.skolbloggen.se/category/skolbloggen/,200,text/html,https://web.archive.org/web/20160909114952/http://ikttips.skolbloggen.se/category/skolbloggen/
html_200_root,20160909115007,http://ikttips.skolbloggen.se/2012/03/22/bloggen-som-ett-pedagogiskt-verktyg/,200,text/html,https://web.archive.org/web/20160909115007/http://ikttips.skolbloggen.se/2012/03/22/bloggen-som-ett-pedagogiskt-verktyg/
raw_http_prefix,20170214135956,http://ikttips.skolbloggen.se/robots.txt,-,warc/revisit,https://web.archive.org/web/20170214135956/http://ikttips.skolbloggen.se/robots.txt
raw_http_prefix,20170922050200,http://ikttips.skolbloggen.se:80/2011/01/21/kallhanvisningar-till-bilder,301,text/html,https://web.archive.org/web/20170922050200/http://ikttips.skolbloggen.se:80/2011/01/21/kallhanvisningar-till-bilder
html_200_root,20170922050200,http://ikttips.skolbloggen.se:80/2011/01/21/kallhanvisningar-till-bilder/,200,text/html,https://web.archive.org/web/20170922050200/http://ikttips.skolbloggen.se:80/2011/01/21/kallhanvisningar-till-bilder/
html_200_root,20170923211706,http://ikttips.skolbloggen.se:80/category/bild/,200,text/html,https://web.archive.org/web/20170923211706/http://ikttips.skolbloggen.se:80/category/bild/
html_200_root,20170923211736,http://ikttips.skolbloggen.se:80/category/att-blogga-tips/,200,text/html,https://web.archive.org/web/20170923211736/http://ikttips.skolbloggen.se:80/category/att-blogga-tips/
html_200_root,20170923211751,http://ikttips.skolbloggen.se:80/category/datorer-internet/,200,text/html,https://web.archive.org/web/20170923211751/http://ikttips.skolbloggen.se:80/category/datorer-internet/
html_200_root,20170923211809,http://ikttips.skolbloggen.se:80/category/upphovsratten/,200,text/html,https://web.archive.org/web/20170923211809/http://ikttips.skolbloggen.se:80/category/upphovsratten/
html_200_root,20170924001045,http://ikttips.skolbloggen.se:80/,200,text/html,https://web.archive.org/web/20170924001045/http://ikttips.skolbloggen.se:80/
html_200_root,20170924001049,http://ikttips.skolbloggen.se:80/category/matematik/,200,text/html,https://web.archive.org/web/20170924001049/http://ikttips.skolbloggen.se:80/category/matematik/
html_200_root,20170924001055,http://ikttips.skolbloggen.se:80/category/naturkunskap/,200,text/html,https://web.archive.org/web/20170924001055/http://ikttips.skolbloggen.se:80/category/naturkunskap/
html_200_root,20170924001100,http://ikttips.skolbloggen.se:80/category/okategoriserade/,200,text/html,https://web.archive.org/web/20170924001100/http://ikttips.skolbloggen.se:80/category/okategoriserade/
html_200_root,20170924001118,http://ikttips.skolbloggen.se:80/category/pedagogisk-verkstad/,200,text/html,https://web.archive.org/web/20170924001118/http://ikttips.skolbloggen.se:80/category/pedagogisk-verkstad/
html_200_root,20170924001123,http://ikttips.skolbloggen.se:80/category/samhallskunskap/,200,text/html,https://web.archive.org/web/20170924001123/http://ikttips.skolbloggen.se:80/category/samhallskunskap/
html_200_root,20170924001214,http://ikttips.skolbloggen.se:80/category/geografi/,200,text/html,https://web.archive.org/web/20170924001214/http://ikttips.skolbloggen.se:80/category/geografi/
html_200_root,20170924001219,http://ikttips.skolbloggen.se:80/category/google-apps-for-education/,200,text/html,https://web.archive.org/web/20170924001219/http://ikttips.skolbloggen.se:80/category/google-apps-for-education/
html_200_root,20170924001224,http://ikttips.skolbloggen.se:80/category/historia/,200,text/html,https://web.archive.org/web/20170924001224/http://ikttips.skolbloggen.se:80/category/historia/
html_200_root,20170924001229,http://ikttips.skolbloggen.se:80/category/innovativa-skolprogrammet/,200,text/html,https://web.archive.org/web/20170924001229/http://ikttips.skolbloggen.se:80/category/innovativa-skolprogrammet/
html_200_root,20170924001234,http://ikttips.skolbloggen.se:80/category/projektarbete/,200,text/html,https://web.archive.org/web/20170924001234/http://ikttips.skolbloggen.se:80/category/projektarbete/
html_200_root,20170924001239,http://ikttips.skolbloggen.se:80/category/svenska/,200,text/html,https://web.archive.org/web/20170924001239/http://ikttips.skolbloggen.se:80/category/svenska/
raw_http_prefix,20170924001246,http://ikttips.skolbloggen.se:80/wp-login.php?action=register,302,text/html,https://web.archive.org/web/20170924001246/http://ikttips.skolbloggen.se:80/wp-login.php?action=register
raw_http_prefix,20170924001745,http://ikttips.skolbloggen.se:80/2011/01/21/kallhanvisningar-till-bilder/feed/,200,application/rss+xml,https://web.archive.org/web/20170924001745/http://ikttips.skolbloggen.se:80/2011/01/21/kallhanvisningar-till-bilder/feed/
html_200_root,20170924001751,http://ikttips.skolbloggen.se:80/2011/01/29/kom-igang-med-skolbloggen-se/,200,text/html,https://web.archive.org/web/20170924001751/http://ikttips.skolbloggen.se:80/2011/01/29/kom-igang-med-skolbloggen-se/
html_200_root,20170924001756,http://ikttips.skolbloggen.se:80/2011/10/23/mentorstiden-24-okt-upphovsratten-och-hur-du-kan-hitta-fria-bilder/,200,text/html,https://web.archive.org/web/20170924001756/http://ikttips.skolbloggen.se:80/2011/10/23/mentorstiden-24-okt-upphovsratten-och-hur-du-kan-hitta-fria-bilder/
html_200_root,20170924001801,http://ikttips.skolbloggen.se:80/category/fysik/,200,text/html,https://web.archive.org/web/20170924001801/http://ikttips.skolbloggen.se:80/category/fysik/
html_200_root,20170924001807,http://ikttips.skolbloggen.se:80/category/kemi/,200,text/html,https://web.archive.org/web/20170924001807/http://ikttips.skolbloggen.se:80/category/kemi/
html_200_root,20170924001812,http://ikttips.skolbloggen.se:80/category/larportaler/,200,text/html,https://web.archive.org/web/20170924001812/http://ikttips.skolbloggen.se:80/category/larportaler/
html_200_root,20170924001816,http://ikttips.skolbloggen.se:80/category/skolbloggen/,200,text/html,https://web.archive.org/web/20170924001816/http://ikttips.skolbloggen.se:80/category/skolbloggen/
html_200_root,20170924001821,http://ikttips.skolbloggen.se:80/category/student-helpdesk/,200,text/html,https://web.archive.org/web/20170924001821/http://ikttips.skolbloggen.se:80/category/student-helpdesk/
raw_http_prefix,20170924001826,http://ikttips.skolbloggen.se:80/feed/,200,application/rss+xml,https://web.archive.org/web/20170924001826/http://ikttips.skolbloggen.se:80/feed/
html_200_root,20170924001911,http://ikttips.skolbloggen.se:80/2011/01/11/gapminder/,200,text/html,https://web.archive.org/web/20170924001911/http://ikttips.skolbloggen.se:80/2011/01/11/gapminder/
html_200_root,20170924001916,http://ikttips.skolbloggen.se:80/category/biologi/,200,text/html,https://web.archive.org/web/20170924001916/http://ikttips.skolbloggen.se:80/category/biologi/
html_200_root,20170924001921,http://ikttips.skolbloggen.se:80/category/digitala-resurser/,200,text/html,https://web.archive.org/web/20170924001921/http://ikttips.skolbloggen.se:80/category/digitala-resurser/
html_200_root,20170924001926,http://ikttips.skolbloggen.se:80/category/engelska/,200,text/html,https://web.archive.org/web/20170924001926/http://ikttips.skolbloggen.se:80/category/engelska/
html_200_root,20170924001931,http://ikttips.skolbloggen.se:80/category/kallkritik/,200,text/html,https://web.archive.org/web/20170924001931/http://ikttips.skolbloggen.se:80/category/kallkritik/
html_200_root,20170924001936,http://ikttips.skolbloggen.se:80/category/moderna-sprak/,200,text/html,https://web.archive.org/web/20170924001936/http://ikttips.skolbloggen.se:80/category/moderna-sprak/
html_200_root,20170924001941,http://ikttips.skolbloggen.se:80/category/om-den-har-webbplatsen/,200,text/html,https://web.archive.org/web/20170924001941/http://ikttips.skolbloggen.se:80/category/om-den-har-webbplatsen/
html_200_root,20170924001946,http://ikttips.skolbloggen.se:80/category/plagiatkontroll/,200,text/html,https://web.archive.org/web/20170924001946/http://ikttips.skolbloggen.se:80/category/plagiatkontroll/
html_200_root,20170924001951,http://ikttips.skolbloggen.se:80/category/sprakintroduktion/,200,text/html,https://web.archive.org/web/20170924001951/http://ikttips.skolbloggen.se:80/category/sprakintroduktion/
html_200_root,20170924060550,http://ikttips.skolbloggen.se:80/2011/01/21/kallhanvisningar-till-bilder/,200,text/html,https://web.archive.org/web/20170924060550/http://ikttips.skolbloggen.se:80/2011/01/21/kallhanvisningar-till-bilder/
html_200_root,20170924123355,http://ikttips.skolbloggen.se:80/2011/11/,200,text/html,https://web.archive.org/web/20170924123355/http://ikttips.skolbloggen.se:80/2011/11/
html_200_root,20170924123400,http://ikttips.skolbloggen.se:80/2012/02/,200,text/html,https://web.archive.org/web/20170924123400/http://ikttips.skolbloggen.se:80/2012/02/
html_200_root,20170924123405,http://ikttips.skolbloggen.se:80/2012/08/,200,text/html,https://web.archive.org/web/20170924123405/http://ikttips.skolbloggen.se:80/2012/08/
html_200_root,20170924123410,http://ikttips.skolbloggen.se:80/lag-och-ratt/,200,text/html,https://web.archive.org/web/20170924123410/http://ikttips.skolbloggen.se:80/lag-och-ratt/
html_200_root,20170924123416,http://ikttips.skolbloggen.se:80/lag-och-ratt/plagiat-och-plagiatkontroll/,200,text/html,https://web.archive.org/web/20170924123416/http://ikttips.skolbloggen.se:80/lag-och-ratt/plagiat-och-plagiatkontroll/
html_200_root,20170924123422,http://ikttips.skolbloggen.se:80/oppna-larresurser/,200,text/html,https://web.archive.org/web/20170924123422/http://ikttips.skolbloggen.se:80/oppna-larresurser/
html_200_root,20170924123426,http://ikttips.skolbloggen.se:80/oppna-larresurser/itunes-u/,200,text/html,https://web.archive.org/web/20170924123426/http://ikttips.skolbloggen.se:80/oppna-larresurser/itunes-u/
html_200_root,20170924123431,http://ikttips.skolbloggen.se:80/oppna-larresurser/skapa-en-egen-larplattform/,200,text/html,https://web.archive.org/web/20170924123431/http://ikttips.skolbloggen.se:80/oppna-larresurser/skapa-en-egen-larplattform/
html_200_root,20170924123436,http://ikttips.skolbloggen.se:80/oppna-larresurser/wikiversity/,200,text/html,https://web.archive.org/web/20170924123436/http://ikttips.skolbloggen.se:80/oppna-larresurser/wikiversity/
html_200_root,20170924123441,http://ikttips.skolbloggen.se:80/wp-login.php,200,text/html,https://web.archive.org/web/20170924123441/http://ikttips.skolbloggen.se:80/wp-login.php
html_200_root,20170924123446,http://ikttips.skolbloggen.se:80/wp-login.php?redirect_to=http://ikttips.skolbloggen.se/2011/01/21/kallhanvisningar-till-bilder/,200,text/html,https://web.archive.org/web/20170924123446/http://ikttips.skolbloggen.se:80/wp-login.php?redirect_to=http://ikttips.skolbloggen.se/2011/01/21/kallhanvisningar-till-bilder/
raw_http_prefix,20170924123451,http://ikttips.skolbloggen.se:80/xmlrpc.php?rsd,200,text/xml,https://web.archive.org/web/20170924123451/http://ikttips.skolbloggen.se:80/xmlrpc.php?rsd
html_200_root,20170924123603,http://ikttips.skolbloggen.se:80/2011/02/,200,text/html,https://web.archive.org/web/20170924123603/http://ikttips.skolbloggen.se:80/2011/02/
html_200_root,20170924123607,http://ikttips.skolbloggen.se:80/2011/09/,200,text/html,https://web.archive.org/web/20170924123607/http://ikttips.skolbloggen.se:80/2011/09/
html_200_root,20170924123613,http://ikttips.skolbloggen.se:80/2011/10/,200,text/html,https://web.archive.org/web/20170924123613/http://ikttips.skolbloggen.se:80/2011/10/
html_200_root,20170924123617,http://ikttips.skolbloggen.se:80/2012/03/,200,text/html,https://web.archive.org/web/20170924123617/http://ikttips.skolbloggen.se:80/2012/03/
html_200_root,20170924123622,http://ikttips.skolbloggen.se:80/2012/03/22/bloggen-som-ett-pedagogiskt-verktyg/,200,text/html,https://web.archive.org/web/20170924123622/http://ikttips.skolbloggen.se:80/2012/03/22/bloggen-som-ett-pedagogiskt-verktyg/
html_200_root,20170924123627,http://ikttips.skolbloggen.se:80/2013/04/19/wikipedia-i-skolan/,200,text/html,https://web.archive.org/web/20170924123627/http://ikttips.skolbloggen.se:80/2013/04/19/wikipedia-i-skolan/
html_200_root,20170924123632,http://ikttips.skolbloggen.se:80/ikt-verktyg/,200,text/html,https://web.archive.org/web/20170924123632/http://ikttips.skolbloggen.se:80/ikt-verktyg/
html_200_root,20170924123641,http://ikttips.skolbloggen.se:80/ikt-verktyg/296-2/,200,text/html,https://web.archive.org/web/20170924123641/http://ikttips.skolbloggen.se:80/ikt-verktyg/296-2/
html_200_root,20170924123642,http://ikttips.skolbloggen.se:80/lag-och-ratt/hantering-av-personuppgifter-och-offentlighetsprincipen/,200,text/html,https://web.archive.org/web/20170924123642/http://ikttips.skolbloggen.se:80/lag-och-ratt/hantering-av-personuppgifter-och-offentlighetsprincipen/
html_200_root,20170924123648,http://ikttips.skolbloggen.se:80/lag-och-ratt/upphovsratt/,200,text/html,https://web.archive.org/web/20170924123648/http://ikttips.skolbloggen.se:80/lag-och-ratt/upphovsratt/
html_200_root,20170924123652,http://ikttips.skolbloggen.se:80/specialpedagogik/,200,text/html,https://web.archive.org/web/20170924123652/http://ikttips.skolbloggen.se:80/specialpedagogik/
html_200_root,20170924123657,http://ikttips.skolbloggen.se:80/specialpedagogik/pedagogwebben/,200,text/html,https://web.archive.org/web/20170924123657/http://ikttips.skolbloggen.se:80/specialpedagogik/pedagogwebben/
html_200_root,20170924123702,http://ikttips.skolbloggen.se:80/specialpedagogik/synnedsattning-och-blindhet/,200,text/html,https://web.archive.org/web/20170924123702/http://ikttips.skolbloggen.se:80/specialpedagogik/synnedsattning-och-blindhet/
html_200_root,20170924123707,http://ikttips.skolbloggen.se:80/specialpedagogik/ung-kompensation/,200,text/html,https://web.archive.org/web/20170924123707/http://ikttips.skolbloggen.se:80/specialpedagogik/ung-kompensation/
html_200_root,20170924123758,http://ikttips.skolbloggen.se:80/2011/12/21/jul-pa-natet/,200,text/html,https://web.archive.org/web/20170924123758/http://ikttips.skolbloggen.se:80/2011/12/21/jul-pa-natet/
html_200_root,20170924123803,http://ikttips.skolbloggen.se:80/2012/01/19/vad-ska-vi-ha-student-helpdesk-till/,200,text/html,https://web.archive.org/web/20170924123803/http://ikttips.skolbloggen.se:80/2012/01/19/vad-ska-vi-ha-student-helpdesk-till/
html_200_root,20170924123808,http://ikttips.skolbloggen.se:80/2012/02/29/inspiration-pa-natet/,200,text/html,https://web.archive.org/web/20170924123808/http://ikttips.skolbloggen.se:80/2012/02/29/inspiration-pa-natet/
html_200_root,20170924123813,http://ikttips.skolbloggen.se:80/2012/05/,200,text/html,https://web.archive.org/web/20170924123813/http://ikttips.skolbloggen.se:80/2012/05/
html_200_root,20170924123818,http://ikttips.skolbloggen.se:80/2012/08/29/presentera-dig-sjalv-med-hjalp-av-bilder-och-ljud/,200,text/html,https://web.archive.org/web/20170924123818/http://ikttips.skolbloggen.se:80/2012/08/29/presentera-dig-sjalv-med-hjalp-av-bilder-och-ljud/
html_200_root,20170924123823,http://ikttips.skolbloggen.se:80/author/cwaste/,200,text/html,https://web.archive.org/web/20170924123823/http://ikttips.skolbloggen.se:80/author/cwaste/
raw_http_prefix,20170924123828,http://ikttips.skolbloggen.se:80/wp-json/,404,text/html,https://web.archive.org/web/20170924123828/http://ikttips.skolbloggen.se:80/wp-json/
raw_http_prefix,20170924123833,http://ikttips.skolbloggen.se:80/wp-json/oembed/1.0/embed?url=http://ikttips.skolbloggen.se/2011/01/21/kallhanvisningar-till-bilder/&format=xml,404,text/html,https://web.archive.org/web/20170924123833/http://ikttips.skolbloggen.se:80/wp-json/oembed/1.0/embed?url=http://ikttips.skolbloggen.se/2011/01/21/kallhanvisningar-till-bilder/&format=xml
html_200_root,20170924125050,http://ikttips.skolbloggen.se:80/2011/12/,200,text/html,https://web.archive.org/web/20170924125050/http://ikttips.skolbloggen.se:80/2011/12/
html_200_root,20170924125055,http://ikttips.skolbloggen.se:80/2012/01/,200,text/html,https://web.archive.org/web/20170924125055/http://ikttips.skolbloggen.se:80/2012/01/
html_200_root,20170924125100,http://ikttips.skolbloggen.se:80/2012/03/22/en-svensklarares-baspaket/,200,text/html,https://web.archive.org/web/20170924125100/http://ikttips.skolbloggen.se:80/2012/03/22/en-svensklarares-baspaket/
html_200_root,20170924125105,http://ikttips.skolbloggen.se:80/2013/04/,200,text/html,https://web.archive.org/web/20170924125105/http://ikttips.skolbloggen.se:80/2013/04/
html_200_root,20170924125110,http://ikttips.skolbloggen.se:80/2014/05/,200,text/html,https://web.archive.org/web/20170924125110/http://ikttips.skolbloggen.se:80/2014/05/
html_200_root,20170924125115,http://ikttips.skolbloggen.se:80/ikt-verktyg/blogg/,200,text/html,https://web.archive.org/web/20170924125115/http://ikttips.skolbloggen.se:80/ikt-verktyg/blogg/
html_200_root,20170924125120,http://ikttips.skolbloggen.se:80/informationshantering/kallkritik/,200,text/html,https://web.archive.org/web/20170924125120/http://ikttips.skolbloggen.se:80/informationshantering/kallkritik/
html_200_root,20170924125125,http://ikttips.skolbloggen.se:80/informationshantering/organisera/,200,text/html,https://web.archive.org/web/20170924125125/http://ikttips.skolbloggen.se:80/informationshantering/organisera/
html_200_root,20170924125130,http://ikttips.skolbloggen.se:80/oppna-larresurser/484-2/,200,text/html,https://web.archive.org/web/20170924125130/http://ikttips.skolbloggen.se:80/oppna-larresurser/484-2/
html_200_root,20170924125136,http://ikttips.skolbloggen.se:80/oppna-larresurser/skapa-egna-laromedel/,200,text/html,https://web.archive.org/web/20170924125136/http://ikttips.skolbloggen.se:80/oppna-larresurser/skapa-egna-laromedel/
html_200_root,20170924125140,http://ikttips.skolbloggen.se:80/oppna-larresurser/teacher-on-demand/,200,text/html,https://web.archive.org/web/20170924125140/http://ikttips.skolbloggen.se:80/oppna-larresurser/teacher-on-demand/
html_200_root,20170924125146,http://ikttips.skolbloggen.se:80/specialpedagogik/koncentrationssvarigheter-och-kognitiva-problem/,200,text/html,https://web.archive.org/web/20170924125146/http://ikttips.skolbloggen.se:80/specialpedagogik/koncentrationssvarigheter-och-kognitiva-problem/
html_200_root,20170924125152,http://ikttips.skolbloggen.se:80/specialpedagogik/teacher-on-demand/,200,text/html,https://web.archive.org/web/20170924125152/http://ikttips.skolbloggen.se:80/specialpedagogik/teacher-on-demand/
raw_http_prefix,20170924125156,http://ikttips.skolbloggen.se:80/wp-json/oembed/1.0/embed?url=http://ikttips.skolbloggen.se/2011/01/21/kallhanvisningar-till-bilder/,404,text/html,https://web.archive.org/web/20170924125156/http://ikttips.skolbloggen.se:80/wp-json/oembed/1.0/embed?url=http://ikttips.skolbloggen.se/2011/01/21/kallhanvisningar-till-bilder/
html_200_root,20170924125252,http://ikttips.skolbloggen.se:80/2012/02/02/vi-jobbar-med-pim/,200,text/html,https://web.archive.org/web/20170924125252/http://ikttips.skolbloggen.se:80/2012/02/02/vi-jobbar-med-pim/
html_200_root,20170924125256,http://ikttips.skolbloggen.se:80/2012/08/15/svenska-i-svedala/,200,text/html,https://web.archive.org/web/20170924125256/http://ikttips.skolbloggen.se:80/2012/08/15/svenska-i-svedala/
html_200_root,20170924125301,http://ikttips.skolbloggen.se:80/2012/08/22/borja-dar-du-star/,200,text/html,https://web.archive.org/web/20170924125301/http://ikttips.skolbloggen.se:80/2012/08/22/borja-dar-du-star/
html_200_root,20170924125306,http://ikttips.skolbloggen.se:80/ikt-verktyg/skarminspelning/,200,text/html,https://web.archive.org/web/20170924125306/http://ikttips.skolbloggen.se:80/ikt-verktyg/skarminspelning/
html_200_root,20170924125311,http://ikttips.skolbloggen.se:80/ikt-verktyg/sprakstod-pa-natet/,200,text/html,https://web.archive.org/web/20170924125311/http://ikttips.skolbloggen.se:80/ikt-verktyg/sprakstod-pa-natet/
html_200_root,20170924125316,http://ikttips.skolbloggen.se:80/informationshantering/informationssokning/,200,text/html,https://web.archive.org/web/20170924125316/http://ikttips.skolbloggen.se:80/informationshantering/informationssokning/
html_200_root,20170924125321,http://ikttips.skolbloggen.se:80/oppna-larresurser/kolla-kallan/,200,text/html,https://web.archive.org/web/20170924125321/http://ikttips.skolbloggen.se:80/oppna-larresurser/kolla-kallan/
html_200_root,20170924125326,http://ikttips.skolbloggen.se:80/specialpedagogik/nagra-hjalpmedel-pa-skolan/,200,text/html,https://web.archive.org/web/20170924125326/http://ikttips.skolbloggen.se:80/specialpedagogik/nagra-hjalpmedel-pa-skolan/
html_200_root,20170924125331,http://ikttips.skolbloggen.se:80/specialpedagogik/skoldatatek/,200,text/html,https://web.archive.org/web/20170924125331/http://ikttips.skolbloggen.se:80/specialpedagogik/skoldatatek/
html_200_root,20170924125452,http://ikttips.skolbloggen.se:80/2010/11/,200,text/html,https://web.archive.org/web/20170924125452/http://ikttips.skolbloggen.se:80/2010/11/
html_200_root,20170924125457,http://ikttips.skolbloggen.se:80/2010/12/,200,text/html,https://web.archive.org/web/20170924125457/http://ikttips.skolbloggen.se:80/2010/12/
html_200_root,20170924125502,http://ikttips.skolbloggen.se:80/2011/01/,200,text/html,https://web.archive.org/web/20170924125502/http://ikttips.skolbloggen.se:80/2011/01/
html_200_root,20170924125507,http://ikttips.skolbloggen.se:80/2011/03/,200,text/html,https://web.archive.org/web/20170924125507/http://ikttips.skolbloggen.se:80/2011/03/
html_200_root,20170924125512,http://ikttips.skolbloggen.se:80/informationshantering/,200,text/html,https://web.archive.org/web/20170924125512/http://ikttips.skolbloggen.se:80/informationshantering/
html_200_root,20170924125517,http://ikttips.skolbloggen.se:80/lag-och-ratt/grooming-natmobbing-och/,200,text/html,https://web.archive.org/web/20170924125517/http://ikttips.skolbloggen.se:80/lag-och-ratt/grooming-natmobbing-och/
html_200_root,20170924125522,http://ikttips.skolbloggen.se:80/oppna-larresurser/youtube-edu/,200,text/html,https://web.archive.org/web/20170924125522/http://ikttips.skolbloggen.se:80/oppna-larresurser/youtube-edu/
html_200_root,20170924125527,http://ikttips.skolbloggen.se:80/specialpedagogik/dyslexi/,200,text/html,https://web.archive.org/web/20170924125527/http://ikttips.skolbloggen.se:80/specialpedagogik/dyslexi/
html_200_root,20170924125532,http://ikttips.skolbloggen.se:80/specialpedagogik/hida-hjalpmedel-i-databas/,200,text/html,https://web.archive.org/web/20170924125532/http://ikttips.skolbloggen.se:80/specialpedagogik/hida-hjalpmedel-i-databas/
html_200_root,20170924125537,http://ikttips.skolbloggen.se:80/specialpedagogik/syn-och-horselnedsattning/,200,text/html,https://web.archive.org/web/20170924125537/http://ikttips.skolbloggen.se:80/specialpedagogik/syn-och-horselnedsattning/
html_200_root,20170924125542,http://ikttips.skolbloggen.se:80/spel/,200,text/html,https://web.archive.org/web/20170924125542/http://ikttips.skolbloggen.se:80/spel/
raw_http_prefix,20170924125547,http://ikttips.skolbloggen.se:80/wp-includes/wlwmanifest.xml,200,application/xml,https://web.archive.org/web/20170924125547/http://ikttips.skolbloggen.se:80/wp-includes/wlwmanifest.xml
html_200_root,20170924125623,http://ikttips.skolbloggen.se:80/2011/05/,200,text/html,https://web.archive.org/web/20170924125623/http://ikttips.skolbloggen.se:80/2011/05/
html_200_root,20170924125628,http://ikttips.skolbloggen.se:80/2012/02/06/datorn-i-utbildningen/,200,text/html,https://web.archive.org/web/20170924125628/http://ikttips.skolbloggen.se:80/2012/02/06/datorn-i-utbildningen/
html_200_root,20170924125634,http://ikttips.skolbloggen.se:80/2012/03/22/testa-enkatverktyget-surveymonkey/,200,text/html,https://web.archive.org/web/20170924125634/http://ikttips.skolbloggen.se:80/2012/03/22/testa-enkatverktyget-surveymonkey/
html_200_root,20170924125638,http://ikttips.skolbloggen.se:80/2012/05/06/grundlaggande-soktips-pa-internet/,200,text/html,https://web.archive.org/web/20170924125638/http://ikttips.skolbloggen.se:80/2012/05/06/grundlaggande-soktips-pa-internet/
html_200_root,20170924125643,http://ikttips.skolbloggen.se:80/2014/05/19/3310/,200,text/html,https://web.archive.org/web/20170924125643/http://ikttips.skolbloggen.se:80/2014/05/19/3310/
raw_http_prefix,20170924125648,http://ikttips.skolbloggen.se:80/comments/feed/,200,application/rss+xml,https://web.archive.org/web/20170924125648/http://ikttips.skolbloggen.se:80/comments/feed/
html_200_root,20170924125653,http://ikttips.skolbloggen.se:80/ikt-verktyg/presentera-online-med-asa-kronkvist/,200,text/html,https://web.archive.org/web/20170924125653/http://ikttips.skolbloggen.se:80/ikt-verktyg/presentera-online-med-asa-kronkvist/
html_200_root,20170924125658,http://ikttips.skolbloggen.se:80/ikt-verktyg/samarbeta-online-med-hjalp-av-asa-kronkvist/,200,text/html,https://web.archive.org/web/20170924125658/http://ikttips.skolbloggen.se:80/ikt-verktyg/samarbeta-online-med-hjalp-av-asa-kronkvist/
html_200_root,20170924125704,http://ikttips.skolbloggen.se:80/oppna-larresurser/pedagogwebben/,200,text/html,https://web.archive.org/web/20170924125704/http://ikttips.skolbloggen.se:80/oppna-larresurser/pedagogwebben/
html_200_root,20170924125905,http://ikttips.skolbloggen.se:80/2010/10/,200,text/html,https://web.archive.org/web/20170924125905/http://ikttips.skolbloggen.se:80/2010/10/
html_200_root,20170924125910,http://ikttips.skolbloggen.se:80/2011/04/,200,text/html,https://web.archive.org/web/20170924125910/http://ikttips.skolbloggen.se:80/2011/04/
html_200_root,20170924125915,http://ikttips.skolbloggen.se:80/2014/05/18/guidning-pa-edulife-och-gafe-under-en-k-dag-pa-og-19-maj-2014/,200,text/html,https://web.archive.org/web/20170924125915/http://ikttips.skolbloggen.se:80/2014/05/18/guidning-pa-edulife-och-gafe-under-en-k-dag-pa-og-19-maj-2014/
raw_http_prefix,20170924125920,http://ikttips.skolbloggen.se:80/?p=728,301,text/html,https://web.archive.org/web/20170924125920/http://ikttips.skolbloggen.se:80/?p=728
html_200_root,20170924125925,http://ikttips.skolbloggen.se:80/ikt-verktyg/datorns-sprakkontroll/,200,text/html,https://web.archive.org/web/20170924125925/http://ikttips.skolbloggen.se:80/ikt-verktyg/datorns-sprakkontroll/
html_200_root,20170924125930,http://ikttips.skolbloggen.se:80/ikt-verktyg/tankekartor/,200,text/html,https://web.archive.org/web/20170924125930/http://ikttips.skolbloggen.se:80/ikt-verktyg/tankekartor/
html_200_root,20170924125936,http://ikttips.skolbloggen.se:80/om/,200,text/html,https://web.archive.org/web/20170924125936/http://ikttips.skolbloggen.se:80/om/
html_200_root,20170924125941,http://ikttips.skolbloggen.se:80/oppna-larresurser/skapa-larresurser-med-hjalp-av-andras-bilder/,200,text/html,https://web.archive.org/web/20170924125941/http://ikttips.skolbloggen.se:80/oppna-larresurser/skapa-larresurser-med-hjalp-av-andras-bilder/
html_200_root,20170924125946,http://ikttips.skolbloggen.se:80/oppna-larresurser/wikibooks/,200,text/html,https://web.archive.org/web/20170924125946/http://ikttips.skolbloggen.se:80/oppna-larresurser/wikibooks/
html_200_root,20170924125951,http://ikttips.skolbloggen.se:80/specialpedagogik/specialpedagogiska-skolmyndigheten/,200,text/html,https://web.archive.org/web/20170924125951/http://ikttips.skolbloggen.se:80/specialpedagogik/specialpedagogiska-skolmyndigheten/
raw_http_prefix,20170924125956,http://ikttips.skolbloggen.se:80/xmlrpc.php,405,text/plain,https://web.archive.org/web/20170924125956/http://ikttips.skolbloggen.se:80/xmlrpc.php
html_200_root,20171009235232,http://ikttips.skolbloggen.se:80/2010/12/02/vad-menas-med-molnet-2/,200,text/html,https://web.archive.org/web/20171009235232/http://ikttips.skolbloggen.se:80/2010/12/02/vad-menas-med-molnet-2/
raw_http_prefix,20171022193841,http://ikttips.skolbloggen.se:80/2011/01/21/kallhanvisningar-till-bilder,301,text/html,https://web.archive.org/web/20171022193841/http://ikttips.skolbloggen.se:80/2011/01/21/kallhanvisningar-till-bilder
html_200_root,20171022193841,http://ikttips.skolbloggen.se:80/2011/01/21/kallhanvisningar-till-bilder/,200,text/html,https://web.archive.org/web/20171022193841/http://ikttips.skolbloggen.se:80/2011/01/21/kallhanvisningar-till-bilder/
html_200_root,20180225141659,http://ikttips.skolbloggen.se:80/2011/11/28/mentorstiden-2811-2011-kallkritik/,200,text/html,https://web.archive.org/web/20180225141659/http://ikttips.skolbloggen.se:80/2011/11/28/mentorstiden-2811-2011-kallkritik/
raw_http_prefix,20180320031730,http://ikttips.skolbloggen.se/robots.txt,-,warc/revisit,https://web.archive.org/web/20180320031730/http://ikttips.skolbloggen.se/robots.txt
raw_http_prefix,20180425083817,http://ikttips.skolbloggen.se/robots.txt,301,text/html,https://web.archive.org/web/20180425083817/http://ikttips.skolbloggen.se/robots.txt
raw_http_prefix,20180821110625,http://ikttips.skolbloggen.se:80/lag-och-ratt/plagiat-och-plagiatkontroll/,301,text/html,https://web.archive.org/web/20180821110625/http://ikttips.skolbloggen.se:80/lag-och-ratt/plagiat-och-plagiatkontroll/
raw_http_prefix,20181108103347,http://ikttips.skolbloggen.se/robots.txt,301,text/html,https://web.archive.org/web/20181108103347/http://ikttips.skolbloggen.se/robots.txt
raw_http_prefix,20181108103348,https://ikttips.skolbloggen.se/robots.txt,200,text/plain,https://web.archive.org/web/20181108103348/https://ikttips.skolbloggen.se/robots.txt
raw_http_prefix,20181112051604,http://ikttips.skolbloggen.se:80/2010/12/02/vad-menas-med-molnet-2/,301,text/html,https://web.archive.org/web/20181112051604/http://ikttips.skolbloggen.se:80/2010/12/02/vad-menas-med-molnet-2/
raw_http_prefix,20181113091401,http://ikttips.skolbloggen.se/robots.txt,301,text/html,https://web.archive.org/web/20181113091401/http://ikttips.skolbloggen.se/robots.txt
raw_http_prefix,20181113091405,https://ikttips.skolbloggen.se/robots.txt,-,warc/revisit,https://web.archive.org/web/20181113091405/https://ikttips.skolbloggen.se/robots.txt
raw_http_prefix,20181113091409,http://ikttips.skolbloggen.se/,301,text/html,https://web.archive.org/web/20181113091409/http://ikttips.skolbloggen.se/
raw_http_prefix,20181128142821,https://ikttips.skolbloggen.se/robots.txt,-,warc/revisit,https://web.archive.org/web/20181128142821/https://ikttips.skolbloggen.se/robots.txt
raw_http_prefix,20181128142825,https://ikttips.skolbloggen.se/favicon.ico,-,warc/revisit,https://web.archive.org/web/20181128142825/https://ikttips.skolbloggen.se/favicon.ico
raw_http_prefix,20181202120909,http://ikttips.skolbloggen.se/robots.txt,301,text/html,https://web.archive.org/web/20181202120909/http://ikttips.skolbloggen.se/robots.txt
raw_http_prefix,20181202120913,http://ikttips.skolbloggen.se/favicon.ico,301,text/html,https://web.archive.org/web/20181202120913/http://ikttips.skolbloggen.se/favicon.ico
raw_http_prefix,20181202235747,https://ikttips.skolbloggen.se/robots.txt,-,warc/revisit,https://web.archive.org/web/20181202235747/https://ikttips.skolbloggen.se/robots.txt
html_200_root,20181203002756,https://ikttips.skolbloggen.se/,200,text/html,https://web.archive.org/web/20181203002756/https://ikttips.skolbloggen.se/
raw_http_prefix,20181222080239,https://ikttips.skolbloggen.se/robots.txt,-,warc/revisit,https://web.archive.org/web/20181222080239/https://ikttips.skolbloggen.se/robots.txt
html_200_root,20181222080243,https://ikttips.skolbloggen.se/2013/04/,200,text/html,https://web.archive.org/web/20181222080243/https://ikttips.skolbloggen.se/2013/04/
raw_http_prefix,20181223120155,https://ikttips.skolbloggen.se/robots.txt,-,warc/revisit,https://web.archive.org/web/20181223120155/https://ikttips.skolbloggen.se/robots.txt
raw_http_prefix,20181223120159,https://ikttips.skolbloggen.se/wp-content/plugins/admin-bar-login/admin-bar-login.css?ver=1.0.1,-,warc/revisit,https://web.archive.org/web/20181223120159/https://ikttips.skolbloggen.se/wp-content/plugins/admin-bar-login/admin-bar-login.css?ver=1.0.1
html_200_root,20181223152351,https://ikttips.skolbloggen.se/2011/03/,200,text/html,https://web.archive.org/web/20181223152351/https://ikttips.skolbloggen.se/2011/03/
raw_http_prefix,20181226010426,https://ikttips.skolbloggen.se/robots.txt,-,warc/revisit,https://web.archive.org/web/20181226010426/https://ikttips.skolbloggen.se/robots.txt
raw_http_prefix,20181226011933,https://ikttips.skolbloggen.se/xmlrpc.php,-,warc/revisit,https://web.archive.org/web/20181226011933/https://ikttips.skolbloggen.se/xmlrpc.php
raw_http_prefix,20181226235133,https://ikttips.skolbloggen.se/robots.txt,-,warc/revisit,https://web.archive.org/web/20181226235133/https://ikttips.skolbloggen.se/robots.txt
raw_http_prefix,20181227002144,https://ikttips.skolbloggen.se/comments/feed/,200,application/rss+xml,https://web.archive.org/web/20181227002144/https://ikttips.skolbloggen.se/comments/feed/
raw_http_prefix,20181227070155,https://ikttips.skolbloggen.se/robots.txt,-,warc/revisit,https://web.archive.org/web/20181227070155/https://ikttips.skolbloggen.se/robots.txt
raw_http_prefix,20181227070159,https://ikttips.skolbloggen.se/wp-content/themes/carrington-blog.2.0/carrington-blog/js/carrington.js?ver=1.0,-,warc/revisit,https://web.archive.org/web/20181227070159/https://ikttips.skolbloggen.se/wp-content/themes/carrington-blog.2.0/carrington-blog/js/carrington.js?ver=1.0
html_200_root,20181227070204,https://ikttips.skolbloggen.se/2012/05/,200,text/html,https://web.archive.org/web/20181227070204/https://ikttips.skolbloggen.se/2012/05/
raw_http_prefix,20181227072517,https://ikttips.skolbloggen.se/robots.txt,-,warc/revisit,https://web.archive.org/web/20181227072517/https://ikttips.skolbloggen.se/robots.txt
html_200_root,20181227072521,https://ikttips.skolbloggen.se/2011/02/,200,text/html,https://web.archive.org/web/20181227072521/https://ikttips.skolbloggen.se/2011/02/
raw_http_prefix,20181227085241,https://ikttips.skolbloggen.se/robots.txt,-,warc/revisit,https://web.archive.org/web/20181227085241/https://ikttips.skolbloggen.se/robots.txt
raw_http_prefix,20181227085246,https://ikttips.skolbloggen.se/wp-includes/js/jquery/jquery.js?ver=1.12.4,200,application/javascript,https://web.archive.org/web/20181227085246/https://ikttips.skolbloggen.se/wp-includes/js/jquery/jquery.js?ver=1.12.4
html_200_root,20181227122614,https://ikttips.skolbloggen.se/2010/10/,200,text/html,https://web.archive.org/web/20181227122614/https://ikttips.skolbloggen.se/2010/10/
html_200_root,20181227124134,https://ikttips.skolbloggen.se/2011/10/,200,text/html,https://web.archive.org/web/20181227124134/https://ikttips.skolbloggen.se/2011/10/
raw_http_prefix,20181228071605,https://ikttips.skolbloggen.se/wp-includes/css/admin-bar.min.css?ver=4.9.8,200,text/css,https://web.archive.org/web/20181228071605/https://ikttips.skolbloggen.se/wp-includes/css/admin-bar.min.css?ver=4.9.8
raw_http_prefix,20181228183305,https://ikttips.skolbloggen.se/robots.txt,-,warc/revisit,https://web.archive.org/web/20181228183305/https://ikttips.skolbloggen.se/robots.txt
html_200_root,20181228183310,https://ikttips.skolbloggen.se/2011/09/,200,text/html,https://web.archive.org/web/20181228183310/https://ikttips.skolbloggen.se/2011/09/
raw_http_prefix,20181228234939,https://ikttips.skolbloggen.se/robots.txt,-,warc/revisit,https://web.archive.org/web/20181228234939/https://ikttips.skolbloggen.se/robots.txt
html_200_root,20181229000446,https://ikttips.skolbloggen.se/2012/03/,200,text/html,https://web.archive.org/web/20181229000446/https://ikttips.skolbloggen.se/2012/03/
raw_http_prefix,20181229000502,https://ikttips.skolbloggen.se/wp-includes/js/wp-embed.min.js?ver=4.9.8,200,application/javascript,https://web.archive.org/web/20181229000502/https://ikttips.skolbloggen.se/wp-includes/js/wp-embed.min.js?ver=4.9.8
html_200_root,20181229065908,https://ikttips.skolbloggen.se/2012/01/,200,text/html,https://web.archive.org/web/20181229065908/https://ikttips.skolbloggen.se/2012/01/
raw_http_prefix,20181230082119,https://ikttips.skolbloggen.se/robots.txt,-,warc/revisit,https://web.archive.org/web/20181230082119/https://ikttips.skolbloggen.se/robots.txt
raw_http_prefix,20181230082124,https://ikttips.skolbloggen.se/wp-content/themes/carrington-blog.2.0/carrington-blog/carrington-core/lightbox/css/thickbox.css,-,warc/revisit,https://web.archive.org/web/20181230082124/https://ikttips.skolbloggen.se/wp-content/themes/carrington-blog.2.0/carrington-blog/carrington-core/lightbox/css/thickbox.css
html_200_root,20181230082127,https://ikttips.skolbloggen.se/2011/05/,200,text/html,https://web.archive.org/web/20181230082127/https://ikttips.skolbloggen.se/2011/05/
raw_http_prefix,20181230082143,https://ikttips.skolbloggen.se/wp-content/themes/carrington-blog.2.0/carrington-blog/img/rss-button.gif,-,warc/revisit,https://web.archive.org/web/20181230082143/https://ikttips.skolbloggen.se/wp-content/themes/carrington-blog.2.0/carrington-blog/img/rss-button.gif
raw_http_prefix,20181230141836,https://ikttips.skolbloggen.se/robots.txt,-,warc/revisit,https://web.archive.org/web/20181230141836/https://ikttips.skolbloggen.se/robots.txt
html_200_root,20181230141841,https://ikttips.skolbloggen.se/2011/11/,200,text/html,https://web.archive.org/web/20181230141841/https://ikttips.skolbloggen.se/2011/11/
raw_http_prefix,20181230151045,https://ikttips.skolbloggen.se/wp-includes/js/jquery/jquery-migrate.min.js?ver=1.4.1,200,application/javascript,https://web.archive.org/web/20181230151045/https://ikttips.skolbloggen.se/wp-includes/js/jquery/jquery-migrate.min.js?ver=1.4.1
raw_http_prefix,20181230151110,https://ikttips.skolbloggen.se/wp-json/,404,text/html,https://web.archive.org/web/20181230151110/https://ikttips.skolbloggen.se/wp-json/
html_200_root,20181230154131,https://ikttips.skolbloggen.se/2010/11/,200,text/html,https://web.archive.org/web/20181230154131/https://ikttips.skolbloggen.se/2010/11/
raw_http_prefix,20190101024732,https://ikttips.skolbloggen.se/robots.txt,-,warc/revisit,https://web.archive.org/web/20190101024732/https://ikttips.skolbloggen.se/robots.txt
raw_http_prefix,20190101030849,https://ikttips.skolbloggen.se/robots.txt,-,warc/revisit,https://web.archive.org/web/20190101030849/https://ikttips.skolbloggen.se/robots.txt
html_200_root,20190101032356,https://ikttips.skolbloggen.se/2014/05/,200,text/html,https://web.archive.org/web/20190101032356/https://ikttips.skolbloggen.se/2014/05/
html_200_root,20190101033244,https://ikttips.skolbloggen.se/2011/12/,200,text/html,https://web.archive.org/web/20190101033244/https://ikttips.skolbloggen.se/2011/12/
raw_http_prefix,20190102102452,https://ikttips.skolbloggen.se/robots.txt,-,warc/revisit,https://web.archive.org/web/20190102102452/https://ikttips.skolbloggen.se/robots.txt
raw_http_prefix,20190102102457,https://ikttips.skolbloggen.se/wp-content/themes/carrington-blog.2.0/carrington-blog/css/ie6.css,-,warc/revisit,https://web.archive.org/web/20190102102457/https://ikttips.skolbloggen.se/wp-content/themes/carrington-blog.2.0/carrington-blog/css/ie6.css
raw_http_prefix,20190102232036,https://ikttips.skolbloggen.se/robots.txt,-,warc/revisit,https://web.archive.org/web/20190102232036/https://ikttips.skolbloggen.se/robots.txt
raw_http_prefix,20190102232041,https://ikttips.skolbloggen.se/wp-includes/css/dashicons.min.css?ver=4.9.8,200,text/css,https://web.archive.org/web/20190102232041/https://ikttips.skolbloggen.se/wp-includes/css/dashicons.min.css?ver=4.9.8
raw_http_prefix,20190103002421,https://ikttips.skolbloggen.se/robots.txt,-,warc/revisit,https://web.archive.org/web/20190103002421/https://ikttips.skolbloggen.se/robots.txt
html_200_root,20190103003930,https://ikttips.skolbloggen.se/2010/12/,200,text/html,https://web.archive.org/web/20190103003930/https://ikttips.skolbloggen.se/2010/12/
raw_http_prefix,20190103003947,https://ikttips.skolbloggen.se/feed/,200,application/rss+xml,https://web.archive.org/web/20190103003947/https://ikttips.skolbloggen.se/feed/
raw_http_prefix,20190103075237,https://ikttips.skolbloggen.se/robots.txt,-,warc/revisit,https://web.archive.org/web/20190103075237/https://ikttips.skolbloggen.se/robots.txt
raw_http_prefix,20190103075242,https://ikttips.skolbloggen.se/wp-content/themes/carrington-blog.2.0/carrington-blog/css/iepngfix.htc,-,warc/revisit,https://web.archive.org/web/20190103075242/https://ikttips.skolbloggen.se/wp-content/themes/carrington-blog.2.0/carrington-blog/css/iepngfix.htc
raw_http_prefix,20190103083800,https://ikttips.skolbloggen.se/robots.txt,-,warc/revisit,https://web.archive.org/web/20190103083800/https://ikttips.skolbloggen.se/robots.txt
raw_http_prefix,20190103083805,https://ikttips.skolbloggen.se/wp-content/themes/carrington-blog.2.0/carrington-blog/css/css.php,-,warc/revisit,https://web.archive.org/web/20190103083805/https://ikttips.skolbloggen.se/wp-content/themes/carrington-blog.2.0/carrington-blog/css/css.php
raw_http_prefix,20190103132845,https://ikttips.skolbloggen.se/robots.txt,-,warc/revisit,https://web.archive.org/web/20190103132845/https://ikttips.skolbloggen.se/robots.txt
html_200_root,20190103144405,https://ikttips.skolbloggen.se/2011/04/,200,text/html,https://web.archive.org/web/20190103144405/https://ikttips.skolbloggen.se/2011/04/
raw_http_prefix,20190103194453,https://ikttips.skolbloggen.se/xmlrpc.php?rsd,200,text/xml,https://web.archive.org/web/20190103194453/https://ikttips.skolbloggen.se/xmlrpc.php?rsd
raw_http_prefix,20190104092114,https://ikttips.skolbloggen.se/robots.txt,-,warc/revisit,https://web.archive.org/web/20190104092114/https://ikttips.skolbloggen.se/robots.txt
html_200_root,20190104092118,https://ikttips.skolbloggen.se/2011/01/,200,text/html,https://web.archive.org/web/20190104092118/https://ikttips.skolbloggen.se/2011/01/
raw_http_prefix,20190104224132,https://ikttips.skolbloggen.se/robots.txt,-,warc/revisit,https://web.archive.org/web/20190104224132/https://ikttips.skolbloggen.se/robots.txt
html_200_root,20190104224136,https://ikttips.skolbloggen.se/2012/08/,200,text/html,https://web.archive.org/web/20190104224136/https://ikttips.skolbloggen.se/2012/08/
raw_http_prefix,20190104224153,https://ikttips.skolbloggen.se/wp-includes/js/admin-bar.min.js?ver=4.9.8,200,application/javascript,https://web.archive.org/web/20190104224153/https://ikttips.skolbloggen.se/wp-includes/js/admin-bar.min.js?ver=4.9.8
raw_http_prefix,20190105062309,https://ikttips.skolbloggen.se/robots.txt,-,warc/revisit,https://web.archive.org/web/20190105062309/https://ikttips.skolbloggen.se/robots.txt
raw_http_prefix,20190105062313,https://ikttips.skolbloggen.se/wp-includes/js/admin-bar.min.js?ver=4.9.9,200,application/javascript,https://web.archive.org/web/20190105062313/https://ikttips.skolbloggen.se/wp-includes/js/admin-bar.min.js?ver=4.9.9
raw_http_prefix,20190105062318,https://ikttips.skolbloggen.se/wp-includes/js/wp-embed.min.js?ver=4.9.9,200,application/javascript,https://web.archive.org/web/20190105062318/https://ikttips.skolbloggen.se/wp-includes/js/wp-embed.min.js?ver=4.9.9
raw_http_prefix,20190106053053,https://ikttips.skolbloggen.se/robots.txt,-,warc/revisit,https://web.archive.org/web/20190106053053/https://ikttips.skolbloggen.se/robots.txt
html_200_root,20190106053057,https://ikttips.skolbloggen.se/2012/02/,200,text/html,https://web.archive.org/web/20190106053057/https://ikttips.skolbloggen.se/2012/02/
raw_http_prefix,20190106190120,https://ikttips.skolbloggen.se/robots.txt,-,warc/revisit,https://web.archive.org/web/20190106190120/https://ikttips.skolbloggen.se/robots.txt
raw_http_prefix,20190106190124,https://ikttips.skolbloggen.se/wp-content/themes/carrington-blog.2.0/carrington-blog/js/iepngfix_tilebg.js,-,warc/revisit,https://web.archive.org/web/20190106190124/https://ikttips.skolbloggen.se/wp-content/themes/carrington-blog.2.0/carrington-blog/js/iepngfix_tilebg.js
raw_http_prefix,20190106190128,https://ikttips.skolbloggen.se/wp-content/themes/carrington-blog.2.0/carrington-blog/css/ie.css,-,warc/revisit,https://web.archive.org/web/20190106190128/https://ikttips.skolbloggen.se/wp-content/themes/carrington-blog.2.0/carrington-blog/css/ie.css
raw_http_prefix,20190106221559,https://ikttips.skolbloggen.se/robots.txt,-,warc/revisit,https://web.archive.org/web/20190106221559/https://ikttips.skolbloggen.se/robots.txt
raw_http_prefix,20190106221604,https://ikttips.skolbloggen.se/wp-content/themes/carrington-blog.2.0/carrington-blog/carrington-core/lightbox/thickbox.js?ver=1.0,-,warc/revisit,https://web.archive.org/web/20190106221604/https://ikttips.skolbloggen.se/wp-content/themes/carrington-blog.2.0/carrington-blog/carrington-core/lightbox/thickbox.js?ver=1.0
raw_http_prefix,20190106221608,https://ikttips.skolbloggen.se/wp-includes/wlwmanifest.xml,-,warc/revisit,https://web.archive.org/web/20190106221608/https://ikttips.skolbloggen.se/wp-includes/wlwmanifest.xml
raw_http_prefix,20190109155155,https://ikttips.skolbloggen.se/robots.txt,-,warc/revisit,https://web.archive.org/web/20190109155155/https://ikttips.skolbloggen.se/robots.txt
raw_http_prefix,20190109155200,https://ikttips.skolbloggen.se/wp-includes/css/admin-bar.min.css?ver=4.9.9,200,text/css,https://web.archive.org/web/20190109155200/https://ikttips.skolbloggen.se/wp-includes/css/admin-bar.min.css?ver=4.9.9
html_200_root,20190115141108,https://ikttips.skolbloggen.se/robots.txt,200,text/html,https://web.archive.org/web/20190115141108/https://ikttips.skolbloggen.se/robots.txt
html_200_root,20190115141113,https://ikttips.skolbloggen.se/wp-includes/css/dashicons.min.css?ver=4.9.9,200,text/html,https://web.archive.org/web/20190115141113/https://ikttips.skolbloggen.se/wp-includes/css/dashicons.min.css?ver=4.9.9
raw_http_prefix,20190122153156,https://ikttips.skolbloggen.se/robots.txt,-,warc/revisit,https://web.archive.org/web/20190122153156/https://ikttips.skolbloggen.se/robots.txt
html_200_root,20190122153201,https://ikttips.skolbloggen.se/wp-content/themes/carrington-blog.2.0/carrington-blog/carrington-core/lightbox/img/blank.gif,200,text/html,https://web.archive.org/web/20190122153201/https://ikttips.skolbloggen.se/wp-content/themes/carrington-blog.2.0/carrington-blog/carrington-core/lightbox/img/blank.gif
raw_http_prefix,20190123005604,https://ikttips.skolbloggen.se/robots.txt,-,warc/revisit,https://web.archive.org/web/20190123005604/https://ikttips.skolbloggen.se/robots.txt
html_200_root,20190123005608,https://ikttips.skolbloggen.se/wp-content/themes/carrington-blog.2.0/carrington-blog/img/comment-thread.gif,200,text/html,https://web.archive.org/web/20190123005608/https://ikttips.skolbloggen.se/wp-content/themes/carrington-blog.2.0/carrington-blog/img/comment-thread.gif
raw_http_prefix,20190123074526,https://ikttips.skolbloggen.se/robots.txt,-,warc/revisit,https://web.archive.org/web/20190123074526/https://ikttips.skolbloggen.se/robots.txt
html_200_root,20190123074531,https://ikttips.skolbloggen.se/wp-content/themes/carrington-blog.2.0/carrington-blog/img/comment.gif,200,text/html,https://web.archive.org/web/20190123074531/https://ikttips.skolbloggen.se/wp-content/themes/carrington-blog.2.0/carrington-blog/img/comment.gif
raw_http_prefix,20190123144440,https://ikttips.skolbloggen.se/robots.txt,-,warc/revisit,https://web.archive.org/web/20190123144440/https://ikttips.skolbloggen.se/robots.txt
html_200_root,20190123144445,https://ikttips.skolbloggen.se/wp-content/themes/carrington-blog.2.0/carrington-blog/img/dropdown-divider.gif,200,text/html,https://web.archive.org/web/20190123144445/https://ikttips.skolbloggen.se/wp-content/themes/carrington-blog.2.0/carrington-blog/img/dropdown-divider.gif
raw_http_prefix,20190124021715,https://ikttips.skolbloggen.se/robots.txt,-,warc/revisit,https://web.archive.org/web/20190124021715/https://ikttips.skolbloggen.se/robots.txt
html_200_root,20190124021720,https://ikttips.skolbloggen.se/wp-content/themes/carrington-blog.2.0/carrington-blog/img/divider-ornament.gif,200,text/html,https://web.archive.org/web/20190124021720/https://ikttips.skolbloggen.se/wp-content/themes/carrington-blog.2.0/carrington-blog/img/divider-ornament.gif
raw_http_prefix,20190124083023,https://ikttips.skolbloggen.se/robots.txt,-,warc/revisit,https://web.archive.org/web/20190124083023/https://ikttips.skolbloggen.se/robots.txt
html_200_root,20190124083028,https://ikttips.skolbloggen.se/wp-content/themes/carrington-blog.2.0/carrington-blog/img/footer/gradient-dark.png,200,text/html,https://web.archive.org/web/20190124083028/https://ikttips.skolbloggen.se/wp-content/themes/carrington-blog.2.0/carrington-blog/img/footer/gradient-dark.png
raw_http_prefix,20190124101441,https://ikttips.skolbloggen.se/robots.txt,-,warc/revisit,https://web.archive.org/web/20190124101441/https://ikttips.skolbloggen.se/robots.txt
html_200_root,20190124101447,https://ikttips.skolbloggen.se/wp-content/themes/carrington-blog.2.0/carrington-blog/img/ie/by-crowd-favorite.gif,200,text/html,https://web.archive.org/web/20190124101447/https://ikttips.skolbloggen.se/wp-content/themes/carrington-blog.2.0/carrington-blog/img/ie/by-crowd-favorite.gif
raw_http_prefix,20190124182919,https://ikttips.skolbloggen.se/robots.txt,-,warc/revisit,https://web.archive.org/web/20190124182919/https://ikttips.skolbloggen.se/robots.txt
html_200_root,20190124182923,https://ikttips.skolbloggen.se/wp-content/themes/carrington-blog.2.0/carrington-blog/img/lightbox/prevlabel.gif,200,text/html,https://web.archive.org/web/20190124182923/https://ikttips.skolbloggen.se/wp-content/themes/carrington-blog.2.0/carrington-blog/img/lightbox/prevlabel.gif
html_200_root,20190124204119,https://ikttips.skolbloggen.se/wp-includes/fonts/dashicons.svg,200,text/html,https://web.archive.org/web/20190124204119/https://ikttips.skolbloggen.se/wp-includes/fonts/dashicons.svg
raw_http_prefix,20190125012132,https://ikttips.skolbloggen.se/robots.txt,-,warc/revisit,https://web.archive.org/web/20190125012132/https://ikttips.skolbloggen.se/robots.txt
html_200_root,20190125012136,https://ikttips.skolbloggen.se/wp-includes/fonts/dashicons.ttf,200,text/html,https://web.archive.org/web/20190125012136/https://ikttips.skolbloggen.se/wp-includes/fonts/dashicons.ttf
raw_http_prefix,20190125185607,https://ikttips.skolbloggen.se/robots.txt,-,warc/revisit,https://web.archive.org/web/20190125185607/https://ikttips.skolbloggen.se/robots.txt
html_200_root,20190125185612,https://ikttips.skolbloggen.se/wp-content/themes/carrington-blog.2.0/carrington-blog/img/watermark-light.gif,200,text/html,https://web.archive.org/web/20190125185612/https://ikttips.skolbloggen.se/wp-content/themes/carrington-blog.2.0/carrington-blog/img/watermark-light.gif
html_200_root,20190125185617,https://ikttips.skolbloggen.se/wp-content/themes/carrington-blog.2.0/carrington-blog/img/sub-header-border-bottom.gif,200,text/html,https://web.archive.org/web/20190125185617/https://ikttips.skolbloggen.se/wp-content/themes/carrington-blog.2.0/carrington-blog/img/sub-header-border-bottom.gif
raw_http_prefix,20190125191925,https://ikttips.skolbloggen.se/robots.txt,-,warc/revisit,https://web.archive.org/web/20190125191925/https://ikttips.skolbloggen.se/robots.txt
html_200_root,20190125191929,https://ikttips.skolbloggen.se/wp-content/themes/carrington-blog.2.0/carrington-blog/img/sidebar-background.gif,200,text/html,https://web.archive.org/web/20190125191929/https://ikttips.skolbloggen.se/wp-content/themes/carrington-blog.2.0/carrington-blog/img/sidebar-background.gif
html_200_root,20190125191934,https://ikttips.skolbloggen.se/wp-content/themes/carrington-blog.2.0/carrington-blog/img/comments-divider.gif,200,text/html,https://web.archive.org/web/20190125191934/https://ikttips.skolbloggen.se/wp-content/themes/carrington-blog.2.0/carrington-blog/img/comments-divider.gif
raw_http_prefix,20190125221942,https://ikttips.skolbloggen.se/robots.txt,-,warc/revisit,https://web.archive.org/web/20190125221942/https://ikttips.skolbloggen.se/robots.txt
html_200_root,20190125221947,https://ikttips.skolbloggen.se/wp-content/themes/carrington-blog.2.0/carrington-blog/img/spinner.gif,200,text/html,https://web.archive.org/web/20190125221947/https://ikttips.skolbloggen.se/wp-content/themes/carrington-blog.2.0/carrington-blog/img/spinner.gif
html_200_root,20190126024436,https://ikttips.skolbloggen.se/wp-content/themes/carrington-blog.2.0/carrington-blog/carrington-core/lightbox/img/macFFBgHack.png,200,text/html,https://web.archive.org/web/20190126024436/https://ikttips.skolbloggen.se/wp-content/themes/carrington-blog.2.0/carrington-blog/carrington-core/lightbox/img/macFFBgHack.png
raw_http_prefix,20190126151321,https://ikttips.skolbloggen.se/robots.txt,-,warc/revisit,https://web.archive.org/web/20190126151321/https://ikttips.skolbloggen.se/robots.txt
html_200_root,20190126151325,https://ikttips.skolbloggen.se/wp-content/themes/carrington-blog.2.0/carrington-blog/img/footer/divider-ornament-wide-light.png,200,text/html,https://web.archive.org/web/20190126151325/https://ikttips.skolbloggen.se/wp-content/themes/carrington-blog.2.0/carrington-blog/img/footer/divider-ornament-wide-light.png
html_200_root,20190126151330,https://ikttips.skolbloggen.se/wp-content/themes/carrington-blog.2.0/carrington-blog/img/lightbox/nextlabel.gif,200,text/html,https://web.archive.org/web/20190126151330/https://ikttips.skolbloggen.se/wp-content/themes/carrington-blog.2.0/carrington-blog/img/lightbox/nextlabel.gif
raw_http_prefix,20190127082625,https://ikttips.skolbloggen.se/robots.txt,-,warc/revisit,https://web.archive.org/web/20190127082625/https://ikttips.skolbloggen.se/robots.txt
html_200_root,20190127082630,https://ikttips.skolbloggen.se/wp-content/themes/carrington-blog.2.0/carrington-blog/img/attachment/150px-flourish-left-dark.png,200,text/html,https://web.archive.org/web/20190127082630/https://ikttips.skolbloggen.se/wp-content/themes/carrington-blog.2.0/carrington-blog/img/attachment/150px-flourish-left-dark.png
raw_http_prefix,20190128110712,https://ikttips.skolbloggen.se/robots.txt,-,warc/revisit,https://web.archive.org/web/20190128110712/https://ikttips.skolbloggen.se/robots.txt
html_200_root,20190128110716,https://ikttips.skolbloggen.se/wp-content/themes/carrington-blog.2.0/carrington-blog/img/attachment/150px-flourish-right-dark.png,200,text/html,https://web.archive.org/web/20190128110716/https://ikttips.skolbloggen.se/wp-content/themes/carrington-blog.2.0/carrington-blog/img/attachment/150px-flourish-right-dark.png
raw_http_prefix,20190128231106,https://ikttips.skolbloggen.se/robots.txt,-,warc/revisit,https://web.archive.org/web/20190128231106/https://ikttips.skolbloggen.se/robots.txt
html_200_root,20190128231110,https://ikttips.skolbloggen.se/wp-content/themes/carrington-blog.2.0/carrington-blog/img/header/gradient-dark.png,200,text/html,https://web.archive.org/web/20190128231110/https://ikttips.skolbloggen.se/wp-content/themes/carrington-blog.2.0/carrington-blog/img/header/gradient-dark.png
raw_http_prefix,20190129051521,https://ikttips.skolbloggen.se/robots.txt,-,warc/revisit,https://web.archive.org/web/20190129051521/https://ikttips.skolbloggen.se/robots.txt
html_200_root,20190129051525,https://ikttips.skolbloggen.se/wp-content/themes/carrington-blog.2.0/carrington-blog/img/divider-ornament-wide-dark.png,200,text/html,https://web.archive.org/web/20190129051525/https://ikttips.skolbloggen.se/wp-content/themes/carrington-blog.2.0/carrington-blog/img/divider-ornament-wide-dark.png
raw_http_prefix,20190129091000,https://ikttips.skolbloggen.se/robots.txt,-,warc/revisit,https://web.archive.org/web/20190129091000/https://ikttips.skolbloggen.se/robots.txt
html_200_root,20190129091005,https://ikttips.skolbloggen.se/wp-content/themes/carrington-blog.2.0/carrington-blog/img/header/texture-light.png,200,text/html,https://web.archive.org/web/20190129091005/https://ikttips.skolbloggen.se/wp-content/themes/carrington-blog.2.0/carrington-blog/img/header/texture-light.png
raw_http_prefix,20190129103144,https://ikttips.skolbloggen.se/robots.txt,-,warc/revisit,https://web.archive.org/web/20190129103144/https://ikttips.skolbloggen.se/robots.txt
html_200_root,20190129103148,https://ikttips.skolbloggen.se/wp-content/themes/carrington-blog.2.0/carrington-blog/img/header/texture-dark.png,200,text/html,https://web.archive.org/web/20190129103148/https://ikttips.skolbloggen.se/wp-content/themes/carrington-blog.2.0/carrington-blog/img/header/texture-dark.png
raw_http_prefix,20190130021743,https://ikttips.skolbloggen.se/robots.txt,-,warc/revisit,https://web.archive.org/web/20190130021743/https://ikttips.skolbloggen.se/robots.txt
html_200_root,20190130021748,https://ikttips.skolbloggen.se/wp-content/themes/carrington-blog.2.0/carrington-blog/img/arrow-bullet.gif,200,text/html,https://web.archive.org/web/20190130021748/https://ikttips.skolbloggen.se/wp-content/themes/carrington-blog.2.0/carrington-blog/img/arrow-bullet.gif
html_200_root,20190130025006,https://ikttips.skolbloggen.se/wp-content/themes/carrington-blog.2.0/carrington-blog/img/grey-to-white-gradient.png,200,text/html,https://web.archive.org/web/20190130025006/https://ikttips.skolbloggen.se/wp-content/themes/carrington-blog.2.0/carrington-blog/img/grey-to-white-gradient.png
raw_http_prefix,20190130103841,https://ikttips.skolbloggen.se/robots.txt,-,warc/revisit,https://web.archive.org/web/20190130103841/https://ikttips.skolbloggen.se/robots.txt
html_200_root,20190130103846,https://ikttips.skolbloggen.se/wp-includes/fonts/dashicons.eot,200,text/html,https://web.archive.org/web/20190130103846/https://ikttips.skolbloggen.se/wp-includes/fonts/dashicons.eot
raw_http_prefix,20190131074829,https://ikttips.skolbloggen.se/robots.txt,-,warc/revisit,https://web.archive.org/web/20190131074829/https://ikttips.skolbloggen.se/robots.txt
html_200_root,20190131074834,https://ikttips.skolbloggen.se/wp-content/themes/carrington-blog.2.0/carrington-blog/img/footer/by-crowd-favorite-light.png,200,text/html,https://web.archive.org/web/20190131074834/https://ikttips.skolbloggen.se/wp-content/themes/carrington-blog.2.0/carrington-blog/img/footer/by-crowd-favorite-light.png
html_200_root,20190716191030,https://ikttips.skolbloggen.se/,200,text/html,https://web.archive.org/web/20190716191030/https://ikttips.skolbloggen.se/
html_200_root,20190822033704,https://ikttips.skolbloggen.se/,200,text/html,https://web.archive.org/web/20190822033704/https://ikttips.skolbloggen.se/
