normalized_url,kind,first_timestamp,last_timestamp,capture_count,best_timestamp,best_original,best_statuscode,best_mimetype,best_wayback_url
http://ikttips.skolbloggen.se/,homepage,20120223194925,20181113091409,9,20170924001045,http://ikttips.skolbloggen.se:80/,200,text/html,https://web.archive.org/web/20170924001045/http://ikttips.skolbloggen.se:80/
http://ikttips.skolbloggen.se/2010/10/,other,20120615013303,20170924125905,3,20170924125905,http://ikttips.skolbloggen.se:80/2010/10/,200,text/html,https://web.archive.org/web/20170924125905/http://ikttips.skolbloggen.se:80/2010/10/
http://ikttips.skolbloggen.se/2010/11/,other,20120615011414,20170924125452,4,20170924125452,http://ikttips.skolbloggen.se:80/2010/11/,200,text/html,https://web.archive.org/web/20170924125452/http://ikttips.skolbloggen.se:80/2010/11/
http://ikttips.skolbloggen.se/2010/12/,other,20120615011632,20170924125457,4,20170924125457,http://ikttips.skolbloggen.se:80/2010/12/,200,text/html,https://web.archive.org/web/20170924125457/http://ikttips.skolbloggen.se:80/2010/12/
http://ikttips.skolbloggen.se/2010/12/02/vad-menas-med-molnet-2/,post_like,20171009235232,20181112051604,2,20171009235232,http://ikttips.skolbloggen.se:80/2010/12/02/vad-menas-med-molnet-2/,200,text/html,https://web.archive.org/web/20171009235232/http://ikttips.skolbloggen.se:80/2010/12/02/vad-menas-med-molnet-2/
http://ikttips.skolbloggen.se/2011/01/,other,20120615011420,20170924125502,4,20170924125502,http://ikttips.skolbloggen.se:80/2011/01/,200,text/html,https://web.archive.org/web/20170924125502/http://ikttips.skolbloggen.se:80/2011/01/
http://ikttips.skolbloggen.se/2011/01/11/gapminder/,post_like,20170924001911,20170924001911,1,20170924001911,http://ikttips.skolbloggen.se:80/2011/01/11/gapminder/,200,text/html,https://web.archive.org/web/20170924001911/http://ikttips.skolbloggen.se:80/2011/01/11/gapminder/
http://ikttips.skolbloggen.se/2011/01/21/kallhanvisningar-till-bilder,post_like,20170922050200,20171022193841,2,20171022193841,http://ikttips.skolbloggen.se:80/2011/01/21/kallhanvisningar-till-bilder,301,text/html,https://web.archive.org/web/20171022193841/http://ikttips.skolbloggen.se:80/2011/01/21/kallhanvisningar-till-bilder
http://ikttips.skolbloggen.se/2011/01/21/kallhanvisningar-till-bilder/,post_like,20170922050200,20171022193841,3,20171022193841,http://ikttips.skolbloggen.se:80/2011/01/21/kallhanvisningar-till-bilder/,200,text/html,https://web.archive.org/web/20171022193841/http://ikttips.skolbloggen.se:80/2011/01/21/kallhanvisningar-till-bilder/
http://ikttips.skolbloggen.se/2011/01/21/kallhanvisningar-till-bilder/feed/,feed,20170924001745,20170924001745,1,20170924001745,http://ikttips.skolbloggen.se:80/2011/01/21/kallhanvisningar-till-bilder/feed/,200,application/rss+xml,https://web.archive.org/web/20170924001745/http://ikttips.skolbloggen.se:80/2011/01/21/kallhanvisningar-till-bilder/feed/
http://ikttips.skolbloggen.se/2011/01/29/kom-igang-med-skolbloggen-se/,post_like,20170924001751,20170924001751,1,20170924001751,http://ikttips.skolbloggen.se:80/2011/01/29/kom-igang-med-skolbloggen-se/,200,text/html,https://web.archive.org/web/20170924001751/http://ikttips.skolbloggen.se:80/2011/01/29/kom-igang-med-skolbloggen-se/
http://ikttips.skolbloggen.se/2011/02/,other,20120615012006,20170924123603,3,20170924123603,http://ikttips.skolbloggen.se:80/2011/02/,200,text/html,https://web.archive.org/web/20170924123603/http://ikttips.skolbloggen.se:80/2011/02/
http://ikttips.skolbloggen.se/2011/02/24/anne-frank/,post_like,20120615010040,20120615010040,1,20120615010040,http://ikttips.skolbloggen.se:80/2011/02/24/anne-frank/,200,text/html,https://web.archive.org/web/20120615010040/http://ikttips.skolbloggen.se:80/2011/02/24/anne-frank/
http://ikttips.skolbloggen.se/2011/03/,other,20120615014104,20170924125507,4,20170924125507,http://ikttips.skolbloggen.se:80/2011/03/,200,text/html,https://web.archive.org/web/20170924125507/http://ikttips.skolbloggen.se:80/2011/03/
http://ikttips.skolbloggen.se/2011/03/01/tips-pa-digitala-resurser,post_like,20120610022344,20120904155816,3,20120904155816,http://ikttips.skolbloggen.se:80/2011/03/01/tips-pa-digitala-resurser,301,text/html,https://web.archive.org/web/20120904155816/http://ikttips.skolbloggen.se:80/2011/03/01/tips-pa-digitala-resurser
http://ikttips.skolbloggen.se/2011/03/01/tips-pa-digitala-resurser/,post_like,20120610022344,20120904155816,4,20120904155816,http://ikttips.skolbloggen.se:80/2011/03/01/tips-pa-digitala-resurser/,200,text/html,https://web.archive.org/web/20120904155816/http://ikttips.skolbloggen.se:80/2011/03/01/tips-pa-digitala-resurser/
http://ikttips.skolbloggen.se/2011/03/01/tips-pa-digitala-resurser/feed/,feed,20120615010043,20120615010043,1,20120615010043,http://ikttips.skolbloggen.se:80/2011/03/01/tips-pa-digitala-resurser/feed/,200,text/xml,https://web.archive.org/web/20120615010043/http://ikttips.skolbloggen.se:80/2011/03/01/tips-pa-digitala-resurser/feed/
http://ikttips.skolbloggen.se/2011/03/02/fler-tips-pa-digitala-resurser/,post_like,20120615012012,20120615012012,1,20120615012012,http://ikttips.skolbloggen.se:80/2011/03/02/fler-tips-pa-digitala-resurser/,200,text/html,https://web.archive.org/web/20120615012012/http://ikttips.skolbloggen.se:80/2011/03/02/fler-tips-pa-digitala-resurser/
http://ikttips.skolbloggen.se/2011/04/,other,20120615011424,20170924125910,4,20170924125910,http://ikttips.skolbloggen.se:80/2011/04/,200,text/html,https://web.archive.org/web/20170924125910/http://ikttips.skolbloggen.se:80/2011/04/
http://ikttips.skolbloggen.se/2011/05/,other,20120615011742,20170924125623,3,20170924125623,http://ikttips.skolbloggen.se:80/2011/05/,200,text/html,https://web.archive.org/web/20170924125623/http://ikttips.skolbloggen.se:80/2011/05/
http://ikttips.skolbloggen.se/2011/09/,other,20120615012121,20170924123607,4,20170924123607,http://ikttips.skolbloggen.se:80/2011/09/,200,text/html,https://web.archive.org/web/20170924123607/http://ikttips.skolbloggen.se:80/2011/09/
http://ikttips.skolbloggen.se/2011/10/,other,20120615011747,20170924123613,4,20170924123613,http://ikttips.skolbloggen.se:80/2011/10/,200,text/html,https://web.archive.org/web/20170924123613/http://ikttips.skolbloggen.se:80/2011/10/
http://ikttips.skolbloggen.se/2011/10/10/mentorstiden-10-okt-2011-akademisk-hederlighet/,post_like,20120308021341,20120308021341,1,20120308021341,http://ikttips.skolbloggen.se:80/2011/10/10/mentorstiden-10-okt-2011-akademisk-hederlighet/,200,text/html,https://web.archive.org/web/20120308021341/http://ikttips.skolbloggen.se:80/2011/10/10/mentorstiden-10-okt-2011-akademisk-hederlighet/
http://ikttips.skolbloggen.se/2011/10/23/mentorstiden-24-okt-upphovsratten-och-hur-du-kan-hitta-fria-bilder/,post_like,20120308021443,20170924001756,2,20170924001756,http://ikttips.skolbloggen.se:80/2011/10/23/mentorstiden-24-okt-upphovsratten-och-hur-du-kan-hitta-fria-bilder/,200,text/html,https://web.archive.org/web/20170924001756/http://ikttips.skolbloggen.se:80/2011/10/23/mentorstiden-24-okt-upphovsratten-och-hur-du-kan-hitta-fria-bilder/
http://ikttips.skolbloggen.se/2011/10/24/ett-3d-projekt-i-garsnas/,post_like,20120308021336,20120308021336,1,20120308021336,http://ikttips.skolbloggen.se:80/2011/10/24/ett-3d-projekt-i-garsnas/,200,text/html,https://web.archive.org/web/20120308021336/http://ikttips.skolbloggen.se:80/2011/10/24/ett-3d-projekt-i-garsnas/
http://ikttips.skolbloggen.se/2011/11/,other,20120615013309,20170924123355,4,20170924123355,http://ikttips.skolbloggen.se:80/2011/11/,200,text/html,https://web.archive.org/web/20170924123355/http://ikttips.skolbloggen.se:80/2011/11/
http://ikttips.skolbloggen.se/2011/11/15/bokcirkel-om-gosta-berlings-saga/,post_like,20120308021449,20120308021449,1,20120308021449,http://ikttips.skolbloggen.se:80/2011/11/15/bokcirkel-om-gosta-berlings-saga/,200,text/html,https://web.archive.org/web/20120308021449/http://ikttips.skolbloggen.se:80/2011/11/15/bokcirkel-om-gosta-berlings-saga/
http://ikttips.skolbloggen.se/2011/11/22/mentorstiden-1411-2011/,post_like,20120308015355,20131226095138,2,20131226095138,http://ikttips.skolbloggen.se/2011/11/22/mentorstiden-1411-2011/,200,text/html,https://web.archive.org/web/20131226095138/http://ikttips.skolbloggen.se/2011/11/22/mentorstiden-1411-2011/
http://ikttips.skolbloggen.se/2011/11/22/mentorstiden-2111-2011/,post_like,20120308030600,20131226094033,4,20131226094033,http://ikttips.skolbloggen.se/2011/11/22/mentorstiden-2111-2011/,200,text/html,https://web.archive.org/web/20131226094033/http://ikttips.skolbloggen.se/2011/11/22/mentorstiden-2111-2011/
http://ikttips.skolbloggen.se/2011/11/22/mentorstiden-2111-2011/feed/,feed,20131226093840,20131226093840,1,20131226093840,http://ikttips.skolbloggen.se/2011/11/22/mentorstiden-2111-2011/feed/,200,text/xml,https://web.archive.org/web/20131226093840/http://ikttips.skolbloggen.se/2011/11/22/mentorstiden-2111-2011/feed/
http://ikttips.skolbloggen.se/2011/11/24/bloggar-i-skolan/,post_like,20120308021415,20131226095258,3,20131226095258,http://ikttips.skolbloggen.se/2011/11/24/bloggar-i-skolan/,200,text/html,https://web.archive.org/web/20131226095258/http://ikttips.skolbloggen.se/2011/11/24/bloggar-i-skolan/
http://ikttips.skolbloggen.se/2011/11/28/mentorstiden-2811-2011-kallkritik/,post_like,20120308021809,20180225141659,6,20180225141659,http://ikttips.skolbloggen.se:80/2011/11/28/mentorstiden-2811-2011-kallkritik/,200,text/html,https://web.archive.org/web/20180225141659/http://ikttips.skolbloggen.se:80/2011/11/28/mentorstiden-2811-2011-kallkritik/
http://ikttips.skolbloggen.se/2011/11/28/mentorstiden-2811-2011-kallkritik/feed/,feed,20131226093844,20131226093844,1,20131226093844,http://ikttips.skolbloggen.se/2011/11/28/mentorstiden-2811-2011-kallkritik/feed/,200,text/xml,https://web.archive.org/web/20131226093844/http://ikttips.skolbloggen.se/2011/11/28/mentorstiden-2811-2011-kallkritik/feed/
http://ikttips.skolbloggen.se/2011/11/28/resurs-for-dig-som-vill-anvanda-ikt-i-matematikundervisningen/,post_like,20120308031826,20120615012017,2,20120615012017,http://ikttips.skolbloggen.se:80/2011/11/28/resurs-for-dig-som-vill-anvanda-ikt-i-matematikundervisningen/,200,text/html,https://web.archive.org/web/20120615012017/http://ikttips.skolbloggen.se:80/2011/11/28/resurs-for-dig-som-vill-anvanda-ikt-i-matematikundervisningen/
http://ikttips.skolbloggen.se/2011/12/,other,20120615010048,20170924125050,4,20170924125050,http://ikttips.skolbloggen.se:80/2011/12/,200,text/html,https://web.archive.org/web/20170924125050/http://ikttips.skolbloggen.se:80/2011/12/
http://ikttips.skolbloggen.se/2011/12/05/digitala-resurser-i-stallet-for-larobocker/,post_like,20120308031830,20120615013753,2,20120615013753,http://ikttips.skolbloggen.se:80/2011/12/05/digitala-resurser-i-stallet-for-larobocker/,200,text/html,https://web.archive.org/web/20120615013753/http://ikttips.skolbloggen.se:80/2011/12/05/digitala-resurser-i-stallet-for-larobocker/
http://ikttips.skolbloggen.se/2011/12/06/pa-svt-play-kan-du-fa-inspiration-i-hur-du-kan-jobba-med-no-i-skolan/,post_like,20120308021137,20120615014109,2,20120615014109,http://ikttips.skolbloggen.se:80/2011/12/06/pa-svt-play-kan-du-fa-inspiration-i-hur-du-kan-jobba-med-no-i-skolan/,200,text/html,https://web.archive.org/web/20120615014109/http://ikttips.skolbloggen.se:80/2011/12/06/pa-svt-play-kan-du-fa-inspiration-i-hur-du-kan-jobba-med-no-i-skolan/
http://ikttips.skolbloggen.se/2011/12/21/jul-pa-natet/,post_like,20120308052623,20170924123758,3,20170924123758,http://ikttips.skolbloggen.se:80/2011/12/21/jul-pa-natet/,200,text/html,https://web.archive.org/web/20170924123758/http://ikttips.skolbloggen.se:80/2011/12/21/jul-pa-natet/
http://ikttips.skolbloggen.se/2012/01/,other,20120615013314,20170924125055,4,20170924125055,http://ikttips.skolbloggen.se:80/2012/01/,200,text/html,https://web.archive.org/web/20170924125055/http://ikttips.skolbloggen.se:80/2012/01/
http://ikttips.skolbloggen.se/2012/01/19/vad-ska-vi-ha-student-helpdesk-till/,post_like,20120308052707,20170924123803,4,20170924123803,http://ikttips.skolbloggen.se:80/2012/01/19/vad-ska-vi-ha-student-helpdesk-till/,200,text/html,https://web.archive.org/web/20170924123803/http://ikttips.skolbloggen.se:80/2012/01/19/vad-ska-vi-ha-student-helpdesk-till/
http://ikttips.skolbloggen.se/2012/02/,other,20120615012022,20170924123400,4,20170924123400,http://ikttips.skolbloggen.se:80/2012/02/,200,text/html,https://web.archive.org/web/20170924123400/http://ikttips.skolbloggen.se:80/2012/02/
http://ikttips.skolbloggen.se/2012/02/02/vi-jobbar-med-pim/,post_like,20120308021944,20170924125252,3,20170924125252,http://ikttips.skolbloggen.se:80/2012/02/02/vi-jobbar-med-pim/,200,text/html,https://web.archive.org/web/20170924125252/http://ikttips.skolbloggen.se:80/2012/02/02/vi-jobbar-med-pim/
http://ikttips.skolbloggen.se/2012/02/06/datorn-i-utbildningen/,post_like,20120308030605,20170924125628,3,20170924125628,http://ikttips.skolbloggen.se:80/2012/02/06/datorn-i-utbildningen/,200,text/html,https://web.archive.org/web/20170924125628/http://ikttips.skolbloggen.se:80/2012/02/06/datorn-i-utbildningen/
http://ikttips.skolbloggen.se/2012/02/29/inspiration-pa-natet/,post_like,20120615012027,20170924123808,3,20170924123808,http://ikttips.skolbloggen.se:80/2012/02/29/inspiration-pa-natet/,200,text/html,https://web.archive.org/web/20170924123808/http://ikttips.skolbloggen.se:80/2012/02/29/inspiration-pa-natet/
http://ikttips.skolbloggen.se/2012/03/,other,20120615012126,20170924123617,4,20170924123617,http://ikttips.skolbloggen.se:80/2012/03/,200,text/html,https://web.archive.org/web/20170924123617/http://ikttips.skolbloggen.se:80/2012/03/
http://ikttips.skolbloggen.se/2012/03/22/bloggen-som-ett-pedagogiskt-verktyg/,post_like,20120615012131,20170924123622,3,20170924123622,http://ikttips.skolbloggen.se:80/2012/03/22/bloggen-som-ett-pedagogiskt-verktyg/,200,text/html,https://web.archive.org/web/20170924123622/http://ikttips.skolbloggen.se:80/2012/03/22/bloggen-som-ett-pedagogiskt-verktyg/
http://ikttips.skolbloggen.se/2012/03/22/en-svensklarares-baspaket/,post_like,20120615010104,20170924125100,3,20170924125100,http://ikttips.skolbloggen.se:80/2012/03/22/en-svensklarares-baspaket/,200,text/html,https://web.archive.org/web/20170924125100/http://ikttips.skolbloggen.se:80/2012/03/22/en-svensklarares-baspaket/
http://ikttips.skolbloggen.se/2012/03/22/testa-enkatverktyget-surveymonkey/,post_like,20120615012032,20170924125634,2,20170924125634,http://ikttips.skolbloggen.se:80/2012/03/22/testa-enkatverktyget-surveymonkey/,200,text/html,https://web.archive.org/web/20170924125634/http://ikttips.skolbloggen.se:80/2012/03/22/testa-enkatverktyget-surveymonkey/
http://ikttips.skolbloggen.se/2012/05/,other,20120615011757,20170924123813,4,20170924123813,http://ikttips.skolbloggen.se:80/2012/05/,200,text/html,https://web.archive.org/web/20170924123813/http://ikttips.skolbloggen.se:80/2012/05/
http://ikttips.skolbloggen.se/2012/05/06/grundlaggande-soktips-pa-internet/,post_like,20120615012136,20170924125638,3,20170924125638,http://ikttips.skolbloggen.se:80/2012/05/06/grundlaggande-soktips-pa-internet/,200,text/html,https://web.archive.org/web/20170924125638/http://ikttips.skolbloggen.se:80/2012/05/06/grundlaggande-soktips-pa-internet/
http://ikttips.skolbloggen.se/2012/08/,other,20131226094427,20170924123405,3,20170924123405,http://ikttips.skolbloggen.se:80/2012/08/,200,text/html,https://web.archive.org/web/20170924123405/http://ikttips.skolbloggen.se:80/2012/08/
http://ikttips.skolbloggen.se/2012/08/15/svenska-i-svedala/,post_like,20160822091642,20170924125256,2,20170924125256,http://ikttips.skolbloggen.se:80/2012/08/15/svenska-i-svedala/,200,text/html,https://web.archive.org/web/20170924125256/http://ikttips.skolbloggen.se:80/2012/08/15/svenska-i-svedala/
http://ikttips.skolbloggen.se/2012/08/22/borja-dar-du-star/,post_like,20170924125301,20170924125301,1,20170924125301,http://ikttips.skolbloggen.se:80/2012/08/22/borja-dar-du-star/,200,text/html,https://web.archive.org/web/20170924125301/http://ikttips.skolbloggen.se:80/2012/08/22/borja-dar-du-star/
http://ikttips.skolbloggen.se/2012/08/29/presentera-dig-sjalv-med-hjalp-av-bilder-och-ljud/,post_like,20160822072605,20170924123818,2,20170924123818,http://ikttips.skolbloggen.se:80/2012/08/29/presentera-dig-sjalv-med-hjalp-av-bilder-och-ljud/,200,text/html,https://web.archive.org/web/20170924123818/http://ikttips.skolbloggen.se:80/2012/08/29/presentera-dig-sjalv-med-hjalp-av-bilder-och-ljud/
http://ikttips.skolbloggen.se/2013/04/,other,20131226094349,20170924125105,3,20170924125105,http://ikttips.skolbloggen.se:80/2013/04/,200,text/html,https://web.archive.org/web/20170924125105/http://ikttips.skolbloggen.se:80/2013/04/
http://ikttips.skolbloggen.se/2013/04/19/wikipedia-i-skolan/,post_like,20131222234007,20170924123627,4,20170924123627,http://ikttips.skolbloggen.se:80/2013/04/19/wikipedia-i-skolan/,200,text/html,https://web.archive.org/web/20170924123627/http://ikttips.skolbloggen.se:80/2013/04/19/wikipedia-i-skolan/
http://ikttips.skolbloggen.se/2014/05/,other,20160527170249,20170924125110,2,20170924125110,http://ikttips.skolbloggen.se:80/2014/05/,200,text/html,https://web.archive.org/web/20170924125110/http://ikttips.skolbloggen.se:80/2014/05/
http://ikttips.skolbloggen.se/2014/05/18/guidning-pa-edulife-och-gafe-under-en-k-dag-pa-og-19-maj-2014/,post_like,20170924125915,20170924125915,1,20170924125915,http://ikttips.skolbloggen.se:80/2014/05/18/guidning-pa-edulife-och-gafe-under-en-k-dag-pa-og-19-maj-2014/,200,text/html,https://web.archive.org/web/20170924125915/http://ikttips.skolbloggen.se:80/2014/05/18/guidning-pa-edulife-och-gafe-under-en-k-dag-pa-og-19-maj-2014/
http://ikttips.skolbloggen.se/2014/05/19/3310/,post_like,20160822080550,20170924125643,2,20170924125643,http://ikttips.skolbloggen.se:80/2014/05/19/3310/,200,text/html,https://web.archive.org/web/20170924125643/http://ikttips.skolbloggen.se:80/2014/05/19/3310/
http://ikttips.skolbloggen.se/?p=1011,homepage,20131226094526,20131226094526,1,20131226094526,http://ikttips.skolbloggen.se/?p=1011,301,text/html,https://web.archive.org/web/20131226094526/http://ikttips.skolbloggen.se/?p=1011
http://ikttips.skolbloggen.se/?p=336,homepage,20160527163634,20160527163634,1,20160527163634,http://ikttips.skolbloggen.se/?p=336,301,text/html,https://web.archive.org/web/20160527163634/http://ikttips.skolbloggen.se/?p=336
http://ikttips.skolbloggen.se/?p=728,homepage,20170924125920,20170924125920,1,20170924125920,http://ikttips.skolbloggen.se:80/?p=728,301,text/html,https://web.archive.org/web/20170924125920/http://ikttips.skolbloggen.se:80/?p=728
http://ikttips.skolbloggen.se/?p=983,homepage,20131226095207,20131226095207,1,20131226095207,http://ikttips.skolbloggen.se/?p=983,301,text/html,https://web.archive.org/web/20131226095207/http://ikttips.skolbloggen.se/?p=983
http://ikttips.skolbloggen.se/author/cwaste/,other,20170924123823,20170924123823,1,20170924123823,http://ikttips.skolbloggen.se:80/author/cwaste/,200,text/html,https://web.archive.org/web/20170924123823/http://ikttips.skolbloggen.se:80/author/cwaste/
http://ikttips.skolbloggen.se/category/att-blogga-tips/,category,20120301200119,20170923211736,4,20170923211736,http://ikttips.skolbloggen.se:80/category/att-blogga-tips/,200,text/html,https://web.archive.org/web/20170923211736/http://ikttips.skolbloggen.se:80/category/att-blogga-tips/
http://ikttips.skolbloggen.se/category/bild/,category,20120302013658,20170923211706,3,20170923211706,http://ikttips.skolbloggen.se:80/category/bild/,200,text/html,https://web.archive.org/web/20170923211706/http://ikttips.skolbloggen.se:80/category/bild/
http://ikttips.skolbloggen.se/category/biologi/,category,20120302013758,20170924001916,4,20170924001916,http://ikttips.skolbloggen.se:80/category/biologi/,200,text/html,https://web.archive.org/web/20170924001916/http://ikttips.skolbloggen.se:80/category/biologi/
http://ikttips.skolbloggen.se/category/datorer-internet/,category,20120301200124,20170923211751,3,20170923211751,http://ikttips.skolbloggen.se:80/category/datorer-internet/,200,text/html,https://web.archive.org/web/20170923211751/http://ikttips.skolbloggen.se:80/category/datorer-internet/
http://ikttips.skolbloggen.se/category/digitala-resurser/,category,20120301200030,20170924001921,5,20170924001921,http://ikttips.skolbloggen.se:80/category/digitala-resurser/,200,text/html,https://web.archive.org/web/20170924001921/http://ikttips.skolbloggen.se:80/category/digitala-resurser/
http://ikttips.skolbloggen.se/category/engelska,category,20140306033542,20140306033542,1,20140306033542,http://ikttips.skolbloggen.se:80/category/engelska,301,text/html,https://web.archive.org/web/20140306033542/http://ikttips.skolbloggen.se:80/category/engelska
http://ikttips.skolbloggen.se/category/engelska/,category,20120303061912,20170924001926,5,20170924001926,http://ikttips.skolbloggen.se:80/category/engelska/,200,text/html,https://web.archive.org/web/20170924001926/http://ikttips.skolbloggen.se:80/category/engelska/
http://ikttips.skolbloggen.se/category/fysik/,category,20120302013703,20170924001801,4,20170924001801,http://ikttips.skolbloggen.se:80/category/fysik/,200,text/html,https://web.archive.org/web/20170924001801/http://ikttips.skolbloggen.se:80/category/fysik/
http://ikttips.skolbloggen.se/category/geografi/,category,20120304105313,20170924001214,4,20170924001214,http://ikttips.skolbloggen.se:80/category/geografi/,200,text/html,https://web.archive.org/web/20170924001214/http://ikttips.skolbloggen.se:80/category/geografi/
http://ikttips.skolbloggen.se/category/google-apps-for-education/,category,20170924001219,20170924001219,1,20170924001219,http://ikttips.skolbloggen.se:80/category/google-apps-for-education/,200,text/html,https://web.archive.org/web/20170924001219/http://ikttips.skolbloggen.se:80/category/google-apps-for-education/
http://ikttips.skolbloggen.se/category/historia/,category,20120304105415,20170924001224,5,20170924001224,http://ikttips.skolbloggen.se:80/category/historia/,200,text/html,https://web.archive.org/web/20170924001224/http://ikttips.skolbloggen.se:80/category/historia/
http://ikttips.skolbloggen.se/category/innovativa-skolprogrammet/,category,20120304105006,20170924001229,4,20170924001229,http://ikttips.skolbloggen.se:80/category/innovativa-skolprogrammet/,200,text/html,https://web.archive.org/web/20170924001229/http://ikttips.skolbloggen.se:80/category/innovativa-skolprogrammet/
http://ikttips.skolbloggen.se/category/kallkritik/,category,20120303061806,20170924001931,4,20170924001931,http://ikttips.skolbloggen.se:80/category/kallkritik/,200,text/html,https://web.archive.org/web/20170924001931/http://ikttips.skolbloggen.se:80/category/kallkritik/
http://ikttips.skolbloggen.se/category/kemi/,category,20120302013804,20170924001807,3,20170924001807,http://ikttips.skolbloggen.se:80/category/kemi/,200,text/html,https://web.archive.org/web/20170924001807/http://ikttips.skolbloggen.se:80/category/kemi/
http://ikttips.skolbloggen.se/category/larportaler/,category,20160822073525,20170924001812,2,20170924001812,http://ikttips.skolbloggen.se:80/category/larportaler/,200,text/html,https://web.archive.org/web/20170924001812/http://ikttips.skolbloggen.se:80/category/larportaler/
http://ikttips.skolbloggen.se/category/matematik/,category,20120302013809,20170924001049,4,20170924001049,http://ikttips.skolbloggen.se:80/category/matematik/,200,text/html,https://web.archive.org/web/20170924001049/http://ikttips.skolbloggen.se:80/category/matematik/
http://ikttips.skolbloggen.se/category/moderna-sprak/,category,20120304105319,20170924001936,4,20170924001936,http://ikttips.skolbloggen.se:80/category/moderna-sprak/,200,text/html,https://web.archive.org/web/20170924001936/http://ikttips.skolbloggen.se:80/category/moderna-sprak/
http://ikttips.skolbloggen.se/category/naturkunskap/,category,20120302013728,20170924001055,4,20170924001055,http://ikttips.skolbloggen.se:80/category/naturkunskap/,200,text/html,https://web.archive.org/web/20170924001055/http://ikttips.skolbloggen.se:80/category/naturkunskap/
http://ikttips.skolbloggen.se/category/okategoriserade/,category,20160822084804,20170924001100,2,20170924001100,http://ikttips.skolbloggen.se:80/category/okategoriserade/,200,text/html,https://web.archive.org/web/20170924001100/http://ikttips.skolbloggen.se:80/category/okategoriserade/
http://ikttips.skolbloggen.se/category/om-den-har-webbplatsen/,category,20120304105510,20170924001941,3,20170924001941,http://ikttips.skolbloggen.se:80/category/om-den-har-webbplatsen/,200,text/html,https://web.archive.org/web/20170924001941/http://ikttips.skolbloggen.se:80/category/om-den-har-webbplatsen/
http://ikttips.skolbloggen.se/category/pedagogisk-verkstad/,category,20120302013708,20170924001118,3,20170924001118,http://ikttips.skolbloggen.se:80/category/pedagogisk-verkstad/,200,text/html,https://web.archive.org/web/20170924001118/http://ikttips.skolbloggen.se:80/category/pedagogisk-verkstad/
http://ikttips.skolbloggen.se/category/plagiatkontroll/,category,20120302013713,20170924001946,4,20170924001946,http://ikttips.skolbloggen.se:80/category/plagiatkontroll/,200,text/html,https://web.archive.org/web/20170924001946/http://ikttips.skolbloggen.se:80/category/plagiatkontroll/
http://ikttips.skolbloggen.se/category/projektarbete/,category,20120303061917,20170924001234,3,20170924001234,http://ikttips.skolbloggen.se:80/category/projektarbete/,200,text/html,https://web.archive.org/web/20170924001234/http://ikttips.skolbloggen.se:80/category/projektarbete/
http://ikttips.skolbloggen.se/category/samhallskunskap/,category,20120304105515,20170924001123,5,20170924001123,http://ikttips.skolbloggen.se:80/category/samhallskunskap/,200,text/html,https://web.archive.org/web/20170924001123/http://ikttips.skolbloggen.se:80/category/samhallskunskap/
http://ikttips.skolbloggen.se/category/skolbloggen/,category,20120303061810,20170924001816,4,20170924001816,http://ikttips.skolbloggen.se:80/category/skolbloggen/,200,text/html,https://web.archive.org/web/20170924001816/http://ikttips.skolbloggen.se:80/category/skolbloggen/
http://ikttips.skolbloggen.se/category/sprakintroduktion/,category,20120304105420,20170924001951,4,20170924001951,http://ikttips.skolbloggen.se:80/category/sprakintroduktion/,200,text/html,https://web.archive.org/web/20170924001951/http://ikttips.skolbloggen.se:80/category/sprakintroduktion/
http://ikttips.skolbloggen.se/category/student-helpdesk/,category,20120303061922,20170924001821,4,20170924001821,http://ikttips.skolbloggen.se:80/category/student-helpdesk/,200,text/html,https://web.archive.org/web/20170924001821/http://ikttips.skolbloggen.se:80/category/student-helpdesk/
http://ikttips.skolbloggen.se/category/svenska/,category,20120302013718,20170924001239,4,20170924001239,http://ikttips.skolbloggen.se:80/category/svenska/,200,text/html,https://web.archive.org/web/20170924001239/http://ikttips.skolbloggen.se:80/category/svenska/
http://ikttips.skolbloggen.se/category/upphovsratten/,category,20120301200140,20170923211809,4,20170923211809,http://ikttips.skolbloggen.se:80/category/upphovsratten/,200,text/html,https://web.archive.org/web/20170923211809/http://ikttips.skolbloggen.se:80/category/upphovsratten/
http://ikttips.skolbloggen.se/comments/feed/,feed,20120615014114,20170924125648,4,20170924125648,http://ikttips.skolbloggen.se:80/comments/feed/,200,application/rss+xml,https://web.archive.org/web/20170924125648/http://ikttips.skolbloggen.se:80/comments/feed/
http://ikttips.skolbloggen.se/favicon.ico,media,20131226094937,20181202120913,3,20131226094937,http://ikttips.skolbloggen.se/favicon.ico,200,image/x-icon,https://web.archive.org/web/20131226094937/http://ikttips.skolbloggen.se/favicon.ico
http://ikttips.skolbloggen.se/feed/,feed,20120304105010,20170924001826,5,20170924001826,http://ikttips.skolbloggen.se:80/feed/,200,application/rss+xml,https://web.archive.org/web/20170924001826/http://ikttips.skolbloggen.se:80/feed/
http://ikttips.skolbloggen.se/ikt-verktyg/,other,20120615010109,20170924123632,3,20170924123632,http://ikttips.skolbloggen.se:80/ikt-verktyg/,200,text/html,https://web.archive.org/web/20170924123632/http://ikttips.skolbloggen.se:80/ikt-verktyg/
http://ikttips.skolbloggen.se/ikt-verktyg/296-2/,other,20120615013803,20170924123641,3,20170924123641,http://ikttips.skolbloggen.se:80/ikt-verktyg/296-2/,200,text/html,https://web.archive.org/web/20170924123641/http://ikttips.skolbloggen.se:80/ikt-verktyg/296-2/
http://ikttips.skolbloggen.se/ikt-verktyg/blogg/,other,20120615011439,20170924125115,2,20170924125115,http://ikttips.skolbloggen.se:80/ikt-verktyg/blogg/,200,text/html,https://web.archive.org/web/20170924125115/http://ikttips.skolbloggen.se:80/ikt-verktyg/blogg/
http://ikttips.skolbloggen.se/ikt-verktyg/datorns-sprakkontroll/,other,20120615011802,20170924125925,3,20170924125925,http://ikttips.skolbloggen.se:80/ikt-verktyg/datorns-sprakkontroll/,200,text/html,https://web.archive.org/web/20170924125925/http://ikttips.skolbloggen.se:80/ikt-verktyg/datorns-sprakkontroll/
http://ikttips.skolbloggen.se/ikt-verktyg/presentera-online-med-asa-kronkvist/,other,20120615013424,20170924125653,3,20170924125653,http://ikttips.skolbloggen.se:80/ikt-verktyg/presentera-online-med-asa-kronkvist/,200,text/html,https://web.archive.org/web/20170924125653/http://ikttips.skolbloggen.se:80/ikt-verktyg/presentera-online-med-asa-kronkvist/
http://ikttips.skolbloggen.se/ikt-verktyg/samarbeta-online-med-hjalp-av-asa-kronkvist/,other,20120615011807,20170924125658,3,20170924125658,http://ikttips.skolbloggen.se:80/ikt-verktyg/samarbeta-online-med-hjalp-av-asa-kronkvist/,200,text/html,https://web.archive.org/web/20170924125658/http://ikttips.skolbloggen.se:80/ikt-verktyg/samarbeta-online-med-hjalp-av-asa-kronkvist/
http://ikttips.skolbloggen.se/ikt-verktyg/skarminspelning/,other,20120611093815,20170924125306,3,20170924125306,http://ikttips.skolbloggen.se:80/ikt-verktyg/skarminspelning/,200,text/html,https://web.archive.org/web/20170924125306/http://ikttips.skolbloggen.se:80/ikt-verktyg/skarminspelning/
http://ikttips.skolbloggen.se/ikt-verktyg/sprakstod-pa-natet/,other,20120611094049,20170924125311,3,20170924125311,http://ikttips.skolbloggen.se:80/ikt-verktyg/sprakstod-pa-natet/,200,text/html,https://web.archive.org/web/20170924125311/http://ikttips.skolbloggen.se:80/ikt-verktyg/sprakstod-pa-natet/
http://ikttips.skolbloggen.se/ikt-verktyg/tankekartor/,other,20120615012141,20170924125930,3,20170924125930,http://ikttips.skolbloggen.se:80/ikt-verktyg/tankekartor/,200,text/html,https://web.archive.org/web/20170924125930/http://ikttips.skolbloggen.se:80/ikt-verktyg/tankekartor/
http://ikttips.skolbloggen.se/informationshantering/,other,20120615012146,20170924125512,3,20170924125512,http://ikttips.skolbloggen.se:80/informationshantering/,200,text/html,https://web.archive.org/web/20170924125512/http://ikttips.skolbloggen.se:80/informationshantering/
http://ikttips.skolbloggen.se/informationshantering/informationssokning/,other,20120615011812,20170924125316,3,20170924125316,http://ikttips.skolbloggen.se:80/informationshantering/informationssokning/,200,text/html,https://web.archive.org/web/20170924125316/http://ikttips.skolbloggen.se:80/informationshantering/informationssokning/
http://ikttips.skolbloggen.se/informationshantering/kallkritik/,other,20120615012037,20170924125120,3,20170924125120,http://ikttips.skolbloggen.se:80/informationshantering/kallkritik/,200,text/html,https://web.archive.org/web/20170924125120/http://ikttips.skolbloggen.se:80/informationshantering/kallkritik/
http://ikttips.skolbloggen.se/informationshantering/organisera/,other,20120615012151,20170924125125,3,20170924125125,http://ikttips.skolbloggen.se:80/informationshantering/organisera/,200,text/html,https://web.archive.org/web/20170924125125/http://ikttips.skolbloggen.se:80/informationshantering/organisera/
http://ikttips.skolbloggen.se/lag-och-ratt/,other,20120615011817,20170924123410,3,20170924123410,http://ikttips.skolbloggen.se:80/lag-och-ratt/,200,text/html,https://web.archive.org/web/20170924123410/http://ikttips.skolbloggen.se:80/lag-och-ratt/
http://ikttips.skolbloggen.se/lag-och-ratt/grooming-natmobbing-och/,other,20120615012042,20170924125517,2,20170924125517,http://ikttips.skolbloggen.se:80/lag-och-ratt/grooming-natmobbing-och/,200,text/html,https://web.archive.org/web/20170924125517/http://ikttips.skolbloggen.se:80/lag-och-ratt/grooming-natmobbing-och/
http://ikttips.skolbloggen.se/lag-och-ratt/hantering-av-personuppgifter-och-offentlighetsprincipen/,other,20120615011444,20170924123642,2,20170924123642,http://ikttips.skolbloggen.se:80/lag-och-ratt/hantering-av-personuppgifter-och-offentlighetsprincipen/,200,text/html,https://web.archive.org/web/20170924123642/http://ikttips.skolbloggen.se:80/lag-och-ratt/hantering-av-personuppgifter-och-offentlighetsprincipen/
http://ikttips.skolbloggen.se/lag-och-ratt/plagiat-och-plagiatkontroll/,other,20120615011822,20180821110625,4,20170924123416,http://ikttips.skolbloggen.se:80/lag-och-ratt/plagiat-och-plagiatkontroll/,200,text/html,https://web.archive.org/web/20170924123416/http://ikttips.skolbloggen.se:80/lag-och-ratt/plagiat-och-plagiatkontroll/
http://ikttips.skolbloggen.se/lag-och-ratt/upphovsratt/,other,20120308030552,20170924123648,4,20170924123648,http://ikttips.skolbloggen.se:80/lag-och-ratt/upphovsratt/,200,text/html,https://web.archive.org/web/20170924123648/http://ikttips.skolbloggen.se:80/lag-och-ratt/upphovsratt/
http://ikttips.skolbloggen.se/om/,other,20120615013430,20170924125936,2,20170924125936,http://ikttips.skolbloggen.se:80/om/,200,text/html,https://web.archive.org/web/20170924125936/http://ikttips.skolbloggen.se:80/om/
http://ikttips.skolbloggen.se/oppna-larresurser/,other,20120615014119,20170924123422,3,20170924123422,http://ikttips.skolbloggen.se:80/oppna-larresurser/,200,text/html,https://web.archive.org/web/20170924123422/http://ikttips.skolbloggen.se:80/oppna-larresurser/
http://ikttips.skolbloggen.se/oppna-larresurser/484-2,other,20120610022412,20140317043124,4,20140317043124,http://ikttips.skolbloggen.se:80/oppna-larresurser/484-2,301,text/html,https://web.archive.org/web/20140317043124/http://ikttips.skolbloggen.se:80/oppna-larresurser/484-2
http://ikttips.skolbloggen.se/oppna-larresurser/484-2/,other,20120610022412,20170924125130,7,20170924125130,http://ikttips.skolbloggen.se:80/oppna-larresurser/484-2/,200,text/html,https://web.archive.org/web/20170924125130/http://ikttips.skolbloggen.se:80/oppna-larresurser/484-2/
http://ikttips.skolbloggen.se/oppna-larresurser/484-2/feed/,feed,20120611093825,20120611093825,1,20120611093825,http://ikttips.skolbloggen.se:80/oppna-larresurser/484-2/feed/,200,text/xml,https://web.archive.org/web/20120611093825/http://ikttips.skolbloggen.se:80/oppna-larresurser/484-2/feed/
http://ikttips.skolbloggen.se/oppna-larresurser/itunes-u/,other,20120615014125,20170924123426,3,20170924123426,http://ikttips.skolbloggen.se:80/oppna-larresurser/itunes-u/,200,text/html,https://web.archive.org/web/20170924123426/http://ikttips.skolbloggen.se:80/oppna-larresurser/itunes-u/
http://ikttips.skolbloggen.se/oppna-larresurser/kolla-kallan/,other,20120615012156,20170924125321,3,20170924125321,http://ikttips.skolbloggen.se:80/oppna-larresurser/kolla-kallan/,200,text/html,https://web.archive.org/web/20170924125321/http://ikttips.skolbloggen.se:80/oppna-larresurser/kolla-kallan/
http://ikttips.skolbloggen.se/oppna-larresurser/pedagogwebben/,other,20120615012201,20170924125704,2,20170924125704,http://ikttips.skolbloggen.se:80/oppna-larresurser/pedagogwebben/,200,text/html,https://web.archive.org/web/20170924125704/http://ikttips.skolbloggen.se:80/oppna-larresurser/pedagogwebben/
http://ikttips.skolbloggen.se/oppna-larresurser/skapa-egna-laromedel/,other,20120615013813,20170924125136,3,20170924125136,http://ikttips.skolbloggen.se:80/oppna-larresurser/skapa-egna-laromedel/,200,text/html,https://web.archive.org/web/20170924125136/http://ikttips.skolbloggen.se:80/oppna-larresurser/skapa-egna-laromedel/
http://ikttips.skolbloggen.se/oppna-larresurser/skapa-en-egen-larplattform,other,20160309153139,20160309153139,1,20160309153139,http://ikttips.skolbloggen.se/oppna-larresurser/skapa-en-egen-larplattform,301,text/html,https://web.archive.org/web/20160309153139/http://ikttips.skolbloggen.se/oppna-larresurser/skapa-en-egen-larplattform
http://ikttips.skolbloggen.se/oppna-larresurser/skapa-en-egen-larplattform/,other,20120615013818,20170924123431,3,20170924123431,http://ikttips.skolbloggen.se:80/oppna-larresurser/skapa-en-egen-larplattform/,200,text/html,https://web.archive.org/web/20170924123431/http://ikttips.skolbloggen.se:80/oppna-larresurser/skapa-en-egen-larplattform/
http://ikttips.skolbloggen.se/oppna-larresurser/skapa-en-egen-larplattform/feed/,feed,20160527132351,20160527132351,1,20160527132351,http://ikttips.skolbloggen.se/oppna-larresurser/skapa-en-egen-larplattform/feed/,200,application/rss+xml,https://web.archive.org/web/20160527132351/http://ikttips.skolbloggen.se/oppna-larresurser/skapa-en-egen-larplattform/feed/
http://ikttips.skolbloggen.se/oppna-larresurser/skapa-larresurser-med-hjalp-av-andras-bilder/,other,20120615011449,20170924125941,2,20170924125941,http://ikttips.skolbloggen.se:80/oppna-larresurser/skapa-larresurser-med-hjalp-av-andras-bilder/,200,text/html,https://web.archive.org/web/20170924125941/http://ikttips.skolbloggen.se:80/oppna-larresurser/skapa-larresurser-med-hjalp-av-andras-bilder/
http://ikttips.skolbloggen.se/oppna-larresurser/teacher-on-demand/,other,20120615013434,20170924125140,2,20170924125140,http://ikttips.skolbloggen.se:80/oppna-larresurser/teacher-on-demand/,200,text/html,https://web.archive.org/web/20170924125140/http://ikttips.skolbloggen.se:80/oppna-larresurser/teacher-on-demand/
http://ikttips.skolbloggen.se/oppna-larresurser/wikibooks/,other,20120615011454,20170924125946,2,20170924125946,http://ikttips.skolbloggen.se:80/oppna-larresurser/wikibooks/,200,text/html,https://web.archive.org/web/20170924125946/http://ikttips.skolbloggen.se:80/oppna-larresurser/wikibooks/
http://ikttips.skolbloggen.se/oppna-larresurser/wikiversity/,other,20120615012206,20170924123436,3,20170924123436,http://ikttips.skolbloggen.se:80/oppna-larresurser/wikiversity/,200,text/html,https://web.archive.org/web/20170924123436/http://ikttips.skolbloggen.se:80/oppna-larresurser/wikiversity/
http://ikttips.skolbloggen.se/oppna-larresurser/youtube-edu/,other,20120615011828,20170924125522,3,20170924125522,http://ikttips.skolbloggen.se:80/oppna-larresurser/youtube-edu/,200,text/html,https://web.archive.org/web/20170924125522/http://ikttips.skolbloggen.se:80/oppna-larresurser/youtube-edu/
http://ikttips.skolbloggen.se/page/2,pagination,20120223194929,20120426082608,3,20120426082608,http://ikttips.skolbloggen.se:80/page/2,301,text/html,https://web.archive.org/web/20120426082608/http://ikttips.skolbloggen.se:80/page/2
http://ikttips.skolbloggen.se/page/2/,pagination,20120223194929,20120426082608,3,20120426082608,http://ikttips.skolbloggen.se:80/page/2/,200,text/html,https://web.archive.org/web/20120426082608/http://ikttips.skolbloggen.se:80/page/2/
http://ikttips.skolbloggen.se/robots.txt,other,20130629205631,20181202120909,48,20160309153136,http://ikttips.skolbloggen.se/robots.txt,200,text/plain,https://web.archive.org/web/20160309153136/http://ikttips.skolbloggen.se/robots.txt
http://ikttips.skolbloggen.se/search/bab.la,other,20120223194940,20120426082321,3,20120426082321,http://ikttips.skolbloggen.se:80/search/bab.la,200,text/html,https://web.archive.org/web/20120426082321/http://ikttips.skolbloggen.se:80/search/bab.la
http://ikttips.skolbloggen.se/search/babla,other,20120223195004,20120426082612,3,20120426082612,http://ikttips.skolbloggen.se:80/search/babla,200,text/html,https://web.archive.org/web/20120426082612/http://ikttips.skolbloggen.se:80/search/babla
http://ikttips.skolbloggen.se/specialpedagogik/,other,20120615010119,20170924123652,4,20170924123652,http://ikttips.skolbloggen.se:80/specialpedagogik/,200,text/html,https://web.archive.org/web/20170924123652/http://ikttips.skolbloggen.se:80/specialpedagogik/
http://ikttips.skolbloggen.se/specialpedagogik/dyslexi/,other,20120615011833,20170924125527,3,20170924125527,http://ikttips.skolbloggen.se:80/specialpedagogik/dyslexi/,200,text/html,https://web.archive.org/web/20170924125527/http://ikttips.skolbloggen.se:80/specialpedagogik/dyslexi/
http://ikttips.skolbloggen.se/specialpedagogik/hida-hjalpmedel-i-databas/,other,20120615013439,20170924125532,3,20170924125532,http://ikttips.skolbloggen.se:80/specialpedagogik/hida-hjalpmedel-i-databas/,200,text/html,https://web.archive.org/web/20170924125532/http://ikttips.skolbloggen.se:80/specialpedagogik/hida-hjalpmedel-i-databas/
http://ikttips.skolbloggen.se/specialpedagogik/koncentrationssvarigheter-och-kognitiva-problem/,other,20120615011459,20170924125146,3,20170924125146,http://ikttips.skolbloggen.se:80/specialpedagogik/koncentrationssvarigheter-och-kognitiva-problem/,200,text/html,https://web.archive.org/web/20170924125146/http://ikttips.skolbloggen.se:80/specialpedagogik/koncentrationssvarigheter-och-kognitiva-problem/
http://ikttips.skolbloggen.se/specialpedagogik/nagra-hjalpmedel-pa-skolan/,other,20120615011504,20170924125326,2,20170924125326,http://ikttips.skolbloggen.se:80/specialpedagogik/nagra-hjalpmedel-pa-skolan/,200,text/html,https://web.archive.org/web/20170924125326/http://ikttips.skolbloggen.se:80/specialpedagogik/nagra-hjalpmedel-pa-skolan/
http://ikttips.skolbloggen.se/specialpedagogik/pedagogwebben/,other,20120615013444,20170924123657,3,20170924123657,http://ikttips.skolbloggen.se:80/specialpedagogik/pedagogwebben/,200,text/html,https://web.archive.org/web/20170924123657/http://ikttips.skolbloggen.se:80/specialpedagogik/pedagogwebben/
http://ikttips.skolbloggen.se/specialpedagogik/skoldatatek/,other,20120615014130,20170924125331,2,20170924125331,http://ikttips.skolbloggen.se:80/specialpedagogik/skoldatatek/,200,text/html,https://web.archive.org/web/20170924125331/http://ikttips.skolbloggen.se:80/specialpedagogik/skoldatatek/
http://ikttips.skolbloggen.se/specialpedagogik/specialpedagogiska-skolmyndigheten/,other,20120615014038,20170924125951,3,20170924125951,http://ikttips.skolbloggen.se:80/specialpedagogik/specialpedagogiska-skolmyndigheten/,200,text/html,https://web.archive.org/web/20170924125951/http://ikttips.skolbloggen.se:80/specialpedagogik/specialpedagogiska-skolmyndigheten/
http://ikttips.skolbloggen.se/specialpedagogik/syn-och-horselnedsattning/,other,20120615011837,20170924125537,3,20170924125537,http://ikttips.skolbloggen.se:80/specialpedagogik/syn-och-horselnedsattning/,200,text/html,https://web.archive.org/web/20170924125537/http://ikttips.skolbloggen.se:80/specialpedagogik/syn-och-horselnedsattning/
http://ikttips.skolbloggen.se/specialpedagogik/synnedsattning-och-blindhet/,other,20120615012211,20170924123702,3,20170924123702,http://ikttips.skolbloggen.se:80/specialpedagogik/synnedsattning-och-blindhet/,200,text/html,https://web.archive.org/web/20170924123702/http://ikttips.skolbloggen.se:80/specialpedagogik/synnedsattning-och-blindhet/
http://ikttips.skolbloggen.se/specialpedagogik/teacher-on-demand/,other,20120615014138,20170924125152,3,20170924125152,http://ikttips.skolbloggen.se:80/specialpedagogik/teacher-on-demand/,200,text/html,https://web.archive.org/web/20170924125152/http://ikttips.skolbloggen.se:80/specialpedagogik/teacher-on-demand/
http://ikttips.skolbloggen.se/specialpedagogik/ung-kompensation/,other,20120615010124,20170924123707,3,20170924123707,http://ikttips.skolbloggen.se:80/specialpedagogik/ung-kompensation/,200,text/html,https://web.archive.org/web/20170924123707/http://ikttips.skolbloggen.se:80/specialpedagogik/ung-kompensation/
http://ikttips.skolbloggen.se/spel/,other,20120615010129,20170924125542,3,20170924125542,http://ikttips.skolbloggen.se:80/spel/,200,text/html,https://web.archive.org/web/20170924125542/http://ikttips.skolbloggen.se:80/spel/
http://ikttips.skolbloggen.se/wp-comments-post.php,other,20120615011508,20120615011508,1,20120615011508,http://ikttips.skolbloggen.se:80/wp-comments-post.php,405,text/plain,https://web.archive.org/web/20120615011508/http://ikttips.skolbloggen.se:80/wp-comments-post.php
http://ikttips.skolbloggen.se/wp-content/plugins/admin-bar-login/admin-bar-login.css?ver=1.0.1,other,20160830232143,20160830232143,1,20160830232143,http://ikttips.skolbloggen.se/wp-content/plugins/admin-bar-login/admin-bar-login.css?ver=1.0.1,200,text/css,https://web.archive.org/web/20160830232143/http://ikttips.skolbloggen.se/wp-content/plugins/admin-bar-login/admin-bar-login.css?ver=1.0.1
http://ikttips.skolbloggen.se/wp-content/plugins/admin-bar-login/admin-bar-login.css?ver=761af2ca77b52d7047b2224a7b120f13,other,20160527170241,20160527170241,1,20160527170241,http://ikttips.skolbloggen.se/wp-content/plugins/admin-bar-login/admin-bar-login.css?ver=761af2ca77b52d7047b2224a7b120f13,200,text/css,https://web.archive.org/web/20160527170241/http://ikttips.skolbloggen.se/wp-content/plugins/admin-bar-login/admin-bar-login.css?ver=761af2ca77b52d7047b2224a7b120f13
http://ikttips.skolbloggen.se/wp-content/plugins/buddypress/bp-core/css/buddybar.min.css?ver=1.8.1,other,20131226094418,20131226094418,1,20131226094418,http://ikttips.skolbloggen.se/wp-content/plugins/buddypress/bp-core/css/buddybar.min.css?ver=1.8.1,200,text/css,https://web.archive.org/web/20131226094418/http://ikttips.skolbloggen.se/wp-content/plugins/buddypress/bp-core/css/buddybar.min.css?ver=1.8.1
http://ikttips.skolbloggen.se/wp-content/plugins/buddypress/bp-core/css/buddybar.min.css?ver=2.5.1,other,20160831000221,20160831000221,1,20160831000221,http://ikttips.skolbloggen.se/wp-content/plugins/buddypress/bp-core/css/buddybar.min.css?ver=2.5.1,200,text/css,https://web.archive.org/web/20160831000221/http://ikttips.skolbloggen.se/wp-content/plugins/buddypress/bp-core/css/buddybar.min.css?ver=2.5.1
http://ikttips.skolbloggen.se/wp-content/plugins/buddypress/bp-core/css/buddybar.min.css?ver=761af2ca77b52d7047b2224a7b120f13,other,20160527164438,20160527164438,1,20160527164438,http://ikttips.skolbloggen.se/wp-content/plugins/buddypress/bp-core/css/buddybar.min.css?ver=761af2ca77b52d7047b2224a7b120f13,200,text/css,https://web.archive.org/web/20160527164438/http://ikttips.skolbloggen.se/wp-content/plugins/buddypress/bp-core/css/buddybar.min.css?ver=761af2ca77b52d7047b2224a7b120f13
http://ikttips.skolbloggen.se/wp-content/plugins/buddypress/bp-core/images/60pc_black.png,media,20160831033808,20160831033808,1,20160831033808,http://ikttips.skolbloggen.se/wp-content/plugins/buddypress/bp-core/images/60pc_black.png,200,image/png,https://web.archive.org/web/20160831033808/http://ikttips.skolbloggen.se/wp-content/plugins/buddypress/bp-core/images/60pc_black.png
http://ikttips.skolbloggen.se/wp-content/plugins/buddypress/bp-core/images/admin-menu-arrow.gif,media,20160831053119,20160831053119,1,20160831053119,http://ikttips.skolbloggen.se/wp-content/plugins/buddypress/bp-core/images/admin-menu-arrow.gif,200,image/gif,https://web.archive.org/web/20160831053119/http://ikttips.skolbloggen.se/wp-content/plugins/buddypress/bp-core/images/admin-menu-arrow.gif
http://ikttips.skolbloggen.se/wp-content/plugins/buddypress/bp-core/js/confirm.min.js?ver=2.5.1,other,20160831053016,20160831053016,1,20160831053016,http://ikttips.skolbloggen.se/wp-content/plugins/buddypress/bp-core/js/confirm.min.js?ver=2.5.1,200,application/javascript,https://web.archive.org/web/20160831053016/http://ikttips.skolbloggen.se/wp-content/plugins/buddypress/bp-core/js/confirm.min.js?ver=2.5.1
http://ikttips.skolbloggen.se/wp-content/plugins/buddypress/bp-core/js/confirm.min.js?ver=761af2ca77b52d7047b2224a7b120f13,other,20160527164426,20160527164426,1,20160527164426,http://ikttips.skolbloggen.se/wp-content/plugins/buddypress/bp-core/js/confirm.min.js?ver=761af2ca77b52d7047b2224a7b120f13,200,application/javascript,https://web.archive.org/web/20160527164426/http://ikttips.skolbloggen.se/wp-content/plugins/buddypress/bp-core/js/confirm.min.js?ver=761af2ca77b52d7047b2224a7b120f13
http://ikttips.skolbloggen.se/wp-content/plugins/buddypress/bp-core/js/jquery-cookie.min.js?ver=2.5.1,other,20160830234426,20160830234426,1,20160830234426,http://ikttips.skolbloggen.se/wp-content/plugins/buddypress/bp-core/js/jquery-cookie.min.js?ver=2.5.1,200,application/javascript,https://web.archive.org/web/20160830234426/http://ikttips.skolbloggen.se/wp-content/plugins/buddypress/bp-core/js/jquery-cookie.min.js?ver=2.5.1
http://ikttips.skolbloggen.se/wp-content/plugins/buddypress/bp-core/js/jquery-cookie.min.js?ver=761af2ca77b52d7047b2224a7b120f13,other,20160527103443,20160527103443,1,20160527103443,http://ikttips.skolbloggen.se/wp-content/plugins/buddypress/bp-core/js/jquery-cookie.min.js?ver=761af2ca77b52d7047b2224a7b120f13,200,application/javascript,https://web.archive.org/web/20160527103443/http://ikttips.skolbloggen.se/wp-content/plugins/buddypress/bp-core/js/jquery-cookie.min.js?ver=761af2ca77b52d7047b2224a7b120f13
http://ikttips.skolbloggen.se/wp-content/plugins/buddypress/bp-core/js/jquery-query.min.js?ver=2.5.1,other,20160831003922,20160831003922,1,20160831003922,http://ikttips.skolbloggen.se/wp-content/plugins/buddypress/bp-core/js/jquery-query.min.js?ver=2.5.1,200,application/javascript,https://web.archive.org/web/20160831003922/http://ikttips.skolbloggen.se/wp-content/plugins/buddypress/bp-core/js/jquery-query.min.js?ver=2.5.1
http://ikttips.skolbloggen.se/wp-content/plugins/buddypress/bp-core/js/jquery-query.min.js?ver=761af2ca77b52d7047b2224a7b120f13,other,20160527132623,20160527132623,1,20160527132623,http://ikttips.skolbloggen.se/wp-content/plugins/buddypress/bp-core/js/jquery-query.min.js?ver=761af2ca77b52d7047b2224a7b120f13,200,application/javascript,https://web.archive.org/web/20160527132623/http://ikttips.skolbloggen.se/wp-content/plugins/buddypress/bp-core/js/jquery-query.min.js?ver=761af2ca77b52d7047b2224a7b120f13
http://ikttips.skolbloggen.se/wp-content/plugins/buddypress/bp-core/js/jquery-scroll-to.min.js?ver=2.5.1,other,20160831002921,20160831002921,1,20160831002921,http://ikttips.skolbloggen.se/wp-content/plugins/buddypress/bp-core/js/jquery-scroll-to.min.js?ver=2.5.1,200,application/javascript,https://web.archive.org/web/20160831002921/http://ikttips.skolbloggen.se/wp-content/plugins/buddypress/bp-core/js/jquery-scroll-to.min.js?ver=2.5.1
http://ikttips.skolbloggen.se/wp-content/plugins/buddypress/bp-core/js/jquery-scroll-to.min.js?ver=761af2ca77b52d7047b2224a7b120f13,other,20160527120252,20160527120252,1,20160527120252,http://ikttips.skolbloggen.se/wp-content/plugins/buddypress/bp-core/js/jquery-scroll-to.min.js?ver=761af2ca77b52d7047b2224a7b120f13,200,application/javascript,https://web.archive.org/web/20160527120252/http://ikttips.skolbloggen.se/wp-content/plugins/buddypress/bp-core/js/jquery-scroll-to.min.js?ver=761af2ca77b52d7047b2224a7b120f13
http://ikttips.skolbloggen.se/wp-content/plugins/buddypress/bp-core/js/widget-members.min.js?ver=2.5.1,other,20160831053020,20160831053020,1,20160831053020,http://ikttips.skolbloggen.se/wp-content/plugins/buddypress/bp-core/js/widget-members.min.js?ver=2.5.1,200,application/javascript,https://web.archive.org/web/20160831053020/http://ikttips.skolbloggen.se/wp-content/plugins/buddypress/bp-core/js/widget-members.min.js?ver=2.5.1
http://ikttips.skolbloggen.se/wp-content/plugins/buddypress/bp-core/js/widget-members.min.js?ver=761af2ca77b52d7047b2224a7b120f13,other,20160527164431,20160527164431,1,20160527164431,http://ikttips.skolbloggen.se/wp-content/plugins/buddypress/bp-core/js/widget-members.min.js?ver=761af2ca77b52d7047b2224a7b120f13,200,application/javascript,https://web.archive.org/web/20160527164431/http://ikttips.skolbloggen.se/wp-content/plugins/buddypress/bp-core/js/widget-members.min.js?ver=761af2ca77b52d7047b2224a7b120f13
http://ikttips.skolbloggen.se/wp-content/plugins/buddypress/bp-templates/bp-legacy/css/buddypress.css?ver=1.8.1,other,20131226095051,20131226095051,1,20131226095051,http://ikttips.skolbloggen.se/wp-content/plugins/buddypress/bp-templates/bp-legacy/css/buddypress.css?ver=1.8.1,200,text/css,https://web.archive.org/web/20131226095051/http://ikttips.skolbloggen.se/wp-content/plugins/buddypress/bp-templates/bp-legacy/css/buddypress.css?ver=1.8.1
http://ikttips.skolbloggen.se/wp-content/plugins/buddypress/bp-templates/bp-legacy/css/buddypress.min.css?ver=2.5.1,other,20160831005214,20160831005214,1,20160831005214,http://ikttips.skolbloggen.se/wp-content/plugins/buddypress/bp-templates/bp-legacy/css/buddypress.min.css?ver=2.5.1,200,text/css,https://web.archive.org/web/20160831005214/http://ikttips.skolbloggen.se/wp-content/plugins/buddypress/bp-templates/bp-legacy/css/buddypress.min.css?ver=2.5.1
http://ikttips.skolbloggen.se/wp-content/plugins/buddypress/bp-templates/bp-legacy/css/buddypress.min.css?ver=761af2ca77b52d7047b2224a7b120f13,other,20160527121253,20160527121253,1,20160527121253,http://ikttips.skolbloggen.se/wp-content/plugins/buddypress/bp-templates/bp-legacy/css/buddypress.min.css?ver=761af2ca77b52d7047b2224a7b120f13,200,text/css,https://web.archive.org/web/20160527121253/http://ikttips.skolbloggen.se/wp-content/plugins/buddypress/bp-templates/bp-legacy/css/buddypress.min.css?ver=761af2ca77b52d7047b2224a7b120f13
http://ikttips.skolbloggen.se/wp-content/plugins/buddypress/bp-templates/bp-legacy/js/buddypress.js?ver=1.8.1,other,20131226095205,20131226095205,1,20131226095205,http://ikttips.skolbloggen.se/wp-content/plugins/buddypress/bp-templates/bp-legacy/js/buddypress.js?ver=1.8.1,200,application/javascript,https://web.archive.org/web/20131226095205/http://ikttips.skolbloggen.se/wp-content/plugins/buddypress/bp-templates/bp-legacy/js/buddypress.js?ver=1.8.1
http://ikttips.skolbloggen.se/wp-content/plugins/buddypress/bp-templates/bp-legacy/js/buddypress.min.js?ver=2.5.1,other,20160831053011,20160831053011,1,20160831053011,http://ikttips.skolbloggen.se/wp-content/plugins/buddypress/bp-templates/bp-legacy/js/buddypress.min.js?ver=2.5.1,200,application/javascript,https://web.archive.org/web/20160831053011/http://ikttips.skolbloggen.se/wp-content/plugins/buddypress/bp-templates/bp-legacy/js/buddypress.min.js?ver=2.5.1
http://ikttips.skolbloggen.se/wp-content/plugins/buddypress/bp-templates/bp-legacy/js/buddypress.min.js?ver=761af2ca77b52d7047b2224a7b120f13,other,20160527170245,20160527170245,1,20160527170245,http://ikttips.skolbloggen.se/wp-content/plugins/buddypress/bp-templates/bp-legacy/js/buddypress.min.js?ver=761af2ca77b52d7047b2224a7b120f13,200,application/javascript,https://web.archive.org/web/20160527170245/http://ikttips.skolbloggen.se/wp-content/plugins/buddypress/bp-templates/bp-legacy/js/buddypress.min.js?ver=761af2ca77b52d7047b2224a7b120f13
http://ikttips.skolbloggen.se/wp-content/plugins/pro-sites/pro-sites-files/js/tax.js?ver=761af2ca77b52d7047b2224a7b120f13,other,20160527163615,20160527163615,1,20160527163615,http://ikttips.skolbloggen.se/wp-content/plugins/pro-sites/pro-sites-files/js/tax.js?ver=761af2ca77b52d7047b2224a7b120f13,200,application/javascript,https://web.archive.org/web/20160527163615/http://ikttips.skolbloggen.se/wp-content/plugins/pro-sites/pro-sites-files/js/tax.js?ver=761af2ca77b52d7047b2224a7b120f13
http://ikttips.skolbloggen.se/wp-content/themes/carrington-blog.2.0/carrington-blog/carrington-core/lightbox/css/thickbox.css,other,20131226094414,20160527110904,2,20131226094414,http://ikttips.skolbloggen.se/wp-content/themes/carrington-blog.2.0/carrington-blog/carrington-core/lightbox/css/thickbox.css,200,text/css,https://web.archive.org/web/20131226094414/http://ikttips.skolbloggen.se/wp-content/themes/carrington-blog.2.0/carrington-blog/carrington-core/lightbox/css/thickbox.css
http://ikttips.skolbloggen.se/wp-content/themes/carrington-blog.2.0/carrington-blog/carrington-core/lightbox/thickbox.js?ver=1.0,other,20131226094631,20160909055326,2,20131226094631,http://ikttips.skolbloggen.se/wp-content/themes/carrington-blog.2.0/carrington-blog/carrington-core/lightbox/thickbox.js?ver=1.0,200,application/javascript,https://web.archive.org/web/20131226094631/http://ikttips.skolbloggen.se/wp-content/themes/carrington-blog.2.0/carrington-blog/carrington-core/lightbox/thickbox.js?ver=1.0
http://ikttips.skolbloggen.se/wp-content/themes/carrington-blog.2.0/carrington-blog/carrington-core/lightbox/thickbox.js?ver=761af2ca77b52d7047b2224a7b120f13,other,20160527111112,20160527111112,1,20160527111112,http://ikttips.skolbloggen.se/wp-content/themes/carrington-blog.2.0/carrington-blog/carrington-core/lightbox/thickbox.js?ver=761af2ca77b52d7047b2224a7b120f13,200,application/javascript,https://web.archive.org/web/20160527111112/http://ikttips.skolbloggen.se/wp-content/themes/carrington-blog.2.0/carrington-blog/carrington-core/lightbox/thickbox.js?ver=761af2ca77b52d7047b2224a7b120f13
http://ikttips.skolbloggen.se/wp-content/themes/carrington-blog.2.0/carrington-blog/css/css.php,other,20131226093805,20160527163645,2,20131226093805,http://ikttips.skolbloggen.se/wp-content/themes/carrington-blog.2.0/carrington-blog/css/css.php,200,text/css,https://web.archive.org/web/20131226093805/http://ikttips.skolbloggen.se/wp-content/themes/carrington-blog.2.0/carrington-blog/css/css.php
http://ikttips.skolbloggen.se/wp-content/themes/carrington-blog.2.0/carrington-blog/css/ie.css,other,20131226094028,20160527163619,2,20131226094028,http://ikttips.skolbloggen.se/wp-content/themes/carrington-blog.2.0/carrington-blog/css/ie.css,200,text/css,https://web.archive.org/web/20131226094028/http://ikttips.skolbloggen.se/wp-content/themes/carrington-blog.2.0/carrington-blog/css/ie.css
http://ikttips.skolbloggen.se/wp-content/themes/carrington-blog.2.0/carrington-blog/css/ie6.css,other,20131226095054,20160527164513,2,20131226095054,http://ikttips.skolbloggen.se/wp-content/themes/carrington-blog.2.0/carrington-blog/css/ie6.css,200,text/css,https://web.archive.org/web/20131226095054/http://ikttips.skolbloggen.se/wp-content/themes/carrington-blog.2.0/carrington-blog/css/ie6.css
http://ikttips.skolbloggen.se/wp-content/themes/carrington-blog.2.0/carrington-blog/css/iepngfix.htc,other,20131226093848,20160527172855,2,20131226093848,http://ikttips.skolbloggen.se/wp-content/themes/carrington-blog.2.0/carrington-blog/css/iepngfix.htc,200,text/x-component,https://web.archive.org/web/20131226093848/http://ikttips.skolbloggen.se/wp-content/themes/carrington-blog.2.0/carrington-blog/css/iepngfix.htc
http://ikttips.skolbloggen.se/wp-content/themes/carrington-blog.2.0/carrington-blog/img/arrow-bullet.gif,media,20160831012211,20160831012211,1,20160831012211,http://ikttips.skolbloggen.se/wp-content/themes/carrington-blog.2.0/carrington-blog/img/arrow-bullet.gif,200,image/gif,https://web.archive.org/web/20160831012211/http://ikttips.skolbloggen.se/wp-content/themes/carrington-blog.2.0/carrington-blog/img/arrow-bullet.gif
http://ikttips.skolbloggen.se/wp-content/themes/carrington-blog.2.0/carrington-blog/img/attachment/150px-flourish-left-dark.png,media,20160831053124,20160831053124,1,20160831053124,http://ikttips.skolbloggen.se/wp-content/themes/carrington-blog.2.0/carrington-blog/img/attachment/150px-flourish-left-dark.png,200,image/png,https://web.archive.org/web/20160831053124/http://ikttips.skolbloggen.se/wp-content/themes/carrington-blog.2.0/carrington-blog/img/attachment/150px-flourish-left-dark.png
http://ikttips.skolbloggen.se/wp-content/themes/carrington-blog.2.0/carrington-blog/img/attachment/150px-flourish-right-dark.png,media,20160831042024,20160831042024,1,20160831042024,http://ikttips.skolbloggen.se/wp-content/themes/carrington-blog.2.0/carrington-blog/img/attachment/150px-flourish-right-dark.png,200,image/png,https://web.archive.org/web/20160831042024/http://ikttips.skolbloggen.se/wp-content/themes/carrington-blog.2.0/carrington-blog/img/attachment/150px-flourish-right-dark.png
http://ikttips.skolbloggen.se/wp-content/themes/carrington-blog.2.0/carrington-blog/img/comment-thread.gif,media,20160831053034,20160831053034,1,20160831053034,http://ikttips.skolbloggen.se/wp-content/themes/carrington-blog.2.0/carrington-blog/img/comment-thread.gif,200,image/gif,https://web.archive.org/web/20160831053034/http://ikttips.skolbloggen.se/wp-content/themes/carrington-blog.2.0/carrington-blog/img/comment-thread.gif
http://ikttips.skolbloggen.se/wp-content/themes/carrington-blog.2.0/carrington-blog/img/comment.gif,media,20160831032908,20160831032908,1,20160831032908,http://ikttips.skolbloggen.se/wp-content/themes/carrington-blog.2.0/carrington-blog/img/comment.gif,200,image/gif,https://web.archive.org/web/20160831032908/http://ikttips.skolbloggen.se/wp-content/themes/carrington-blog.2.0/carrington-blog/img/comment.gif
http://ikttips.skolbloggen.se/wp-content/themes/carrington-blog.2.0/carrington-blog/img/comments-divider.gif,media,20160831053030,20160831053030,1,20160831053030,http://ikttips.skolbloggen.se/wp-content/themes/carrington-blog.2.0/carrington-blog/img/comments-divider.gif,200,image/gif,https://web.archive.org/web/20160831053030/http://ikttips.skolbloggen.se/wp-content/themes/carrington-blog.2.0/carrington-blog/img/comments-divider.gif
http://ikttips.skolbloggen.se/wp-content/themes/carrington-blog.2.0/carrington-blog/img/divider-ornament-wide-dark.png,media,20160831053111,20160831053111,1,20160831053111,http://ikttips.skolbloggen.se/wp-content/themes/carrington-blog.2.0/carrington-blog/img/divider-ornament-wide-dark.png,200,image/png,https://web.archive.org/web/20160831053111/http://ikttips.skolbloggen.se/wp-content/themes/carrington-blog.2.0/carrington-blog/img/divider-ornament-wide-dark.png
http://ikttips.skolbloggen.se/wp-content/themes/carrington-blog.2.0/carrington-blog/img/divider-ornament.gif,media,20160831051319,20160831051319,1,20160831051319,http://ikttips.skolbloggen.se/wp-content/themes/carrington-blog.2.0/carrington-blog/img/divider-ornament.gif,200,image/gif,https://web.archive.org/web/20160831051319/http://ikttips.skolbloggen.se/wp-content/themes/carrington-blog.2.0/carrington-blog/img/divider-ornament.gif
http://ikttips.skolbloggen.se/wp-content/themes/carrington-blog.2.0/carrington-blog/img/dropdown-divider.gif,media,20160831053026,20160831053026,1,20160831053026,http://ikttips.skolbloggen.se/wp-content/themes/carrington-blog.2.0/carrington-blog/img/dropdown-divider.gif,200,image/gif,https://web.archive.org/web/20160831053026/http://ikttips.skolbloggen.se/wp-content/themes/carrington-blog.2.0/carrington-blog/img/dropdown-divider.gif
http://ikttips.skolbloggen.se/wp-content/themes/carrington-blog.2.0/carrington-blog/img/footer/by-crowd-favorite-light.png,media,20160831032828,20160831032828,1,20160831032828,http://ikttips.skolbloggen.se/wp-content/themes/carrington-blog.2.0/carrington-blog/img/footer/by-crowd-favorite-light.png,200,image/png,https://web.archive.org/web/20160831032828/http://ikttips.skolbloggen.se/wp-content/themes/carrington-blog.2.0/carrington-blog/img/footer/by-crowd-favorite-light.png
http://ikttips.skolbloggen.se/wp-content/themes/carrington-blog.2.0/carrington-blog/img/footer/divider-ornament-wide-light.png,media,20160831053134,20160831053134,1,20160831053134,http://ikttips.skolbloggen.se/wp-content/themes/carrington-blog.2.0/carrington-blog/img/footer/divider-ornament-wide-light.png,200,image/png,https://web.archive.org/web/20160831053134/http://ikttips.skolbloggen.se/wp-content/themes/carrington-blog.2.0/carrington-blog/img/footer/divider-ornament-wide-light.png
http://ikttips.skolbloggen.se/wp-content/themes/carrington-blog.2.0/carrington-blog/img/footer/gradient-dark.png,media,20160831041605,20160831041605,1,20160831041605,http://ikttips.skolbloggen.se/wp-content/themes/carrington-blog.2.0/carrington-blog/img/footer/gradient-dark.png,200,image/png,https://web.archive.org/web/20160831041605/http://ikttips.skolbloggen.se/wp-content/themes/carrington-blog.2.0/carrington-blog/img/footer/gradient-dark.png
http://ikttips.skolbloggen.se/wp-content/themes/carrington-blog.2.0/carrington-blog/img/grey-to-white-gradient.png,media,20160831053104,20160831053104,1,20160831053104,http://ikttips.skolbloggen.se/wp-content/themes/carrington-blog.2.0/carrington-blog/img/grey-to-white-gradient.png,200,image/png,https://web.archive.org/web/20160831053104/http://ikttips.skolbloggen.se/wp-content/themes/carrington-blog.2.0/carrington-blog/img/grey-to-white-gradient.png
http://ikttips.skolbloggen.se/wp-content/themes/carrington-blog.2.0/carrington-blog/img/header/gradient-dark.png,media,20160831045008,20160831045008,1,20160831045008,http://ikttips.skolbloggen.se/wp-content/themes/carrington-blog.2.0/carrington-blog/img/header/gradient-dark.png,200,image/png,https://web.archive.org/web/20160831045008/http://ikttips.skolbloggen.se/wp-content/themes/carrington-blog.2.0/carrington-blog/img/header/gradient-dark.png
http://ikttips.skolbloggen.se/wp-content/themes/carrington-blog.2.0/carrington-blog/img/header/texture-dark.png,media,20160831053054,20160831053054,1,20160831053054,http://ikttips.skolbloggen.se/wp-content/themes/carrington-blog.2.0/carrington-blog/img/header/texture-dark.png,200,image/png,https://web.archive.org/web/20160831053054/http://ikttips.skolbloggen.se/wp-content/themes/carrington-blog.2.0/carrington-blog/img/header/texture-dark.png
http://ikttips.skolbloggen.se/wp-content/themes/carrington-blog.2.0/carrington-blog/img/header/texture-light.png,media,20160831053039,20160831053039,1,20160831053039,http://ikttips.skolbloggen.se/wp-content/themes/carrington-blog.2.0/carrington-blog/img/header/texture-light.png,200,image/png,https://web.archive.org/web/20160831053039/http://ikttips.skolbloggen.se/wp-content/themes/carrington-blog.2.0/carrington-blog/img/header/texture-light.png
http://ikttips.skolbloggen.se/wp-content/themes/carrington-blog.2.0/carrington-blog/img/ie/by-crowd-favorite.gif,media,20160831042602,20160831042602,1,20160831042602,http://ikttips.skolbloggen.se/wp-content/themes/carrington-blog.2.0/carrington-blog/img/ie/by-crowd-favorite.gif,200,image/gif,https://web.archive.org/web/20160831042602/http://ikttips.skolbloggen.se/wp-content/themes/carrington-blog.2.0/carrington-blog/img/ie/by-crowd-favorite.gif
http://ikttips.skolbloggen.se/wp-content/themes/carrington-blog.2.0/carrington-blog/img/lightbox/nextlabel.gif,media,20160831053049,20160831053049,1,20160831053049,http://ikttips.skolbloggen.se/wp-content/themes/carrington-blog.2.0/carrington-blog/img/lightbox/nextlabel.gif,200,image/gif,https://web.archive.org/web/20160831053049/http://ikttips.skolbloggen.se/wp-content/themes/carrington-blog.2.0/carrington-blog/img/lightbox/nextlabel.gif
http://ikttips.skolbloggen.se/wp-content/themes/carrington-blog.2.0/carrington-blog/img/lightbox/prevlabel.gif,media,20160831044314,20160831044314,1,20160831044314,http://ikttips.skolbloggen.se/wp-content/themes/carrington-blog.2.0/carrington-blog/img/lightbox/prevlabel.gif,200,image/gif,https://web.archive.org/web/20160831044314/http://ikttips.skolbloggen.se/wp-content/themes/carrington-blog.2.0/carrington-blog/img/lightbox/prevlabel.gif
http://ikttips.skolbloggen.se/wp-content/themes/carrington-blog.2.0/carrington-blog/img/rss-button.gif,media,20131226094431,20160527120356,2,20131226094431,http://ikttips.skolbloggen.se/wp-content/themes/carrington-blog.2.0/carrington-blog/img/rss-button.gif,200,image/gif,https://web.archive.org/web/20131226094431/http://ikttips.skolbloggen.se/wp-content/themes/carrington-blog.2.0/carrington-blog/img/rss-button.gif
http://ikttips.skolbloggen.se/wp-content/themes/carrington-blog.2.0/carrington-blog/img/sidebar-background.gif,media,20160909060328,20160909060328,1,20160909060328,http://ikttips.skolbloggen.se/wp-content/themes/carrington-blog.2.0/carrington-blog/img/sidebar-background.gif,200,image/gif,https://web.archive.org/web/20160909060328/http://ikttips.skolbloggen.se/wp-content/themes/carrington-blog.2.0/carrington-blog/img/sidebar-background.gif
http://ikttips.skolbloggen.se/wp-content/themes/carrington-blog.2.0/carrington-blog/img/spinner.gif,media,20160831033250,20160831033250,1,20160831033250,http://ikttips.skolbloggen.se/wp-content/themes/carrington-blog.2.0/carrington-blog/img/spinner.gif,200,image/gif,https://web.archive.org/web/20160831033250/http://ikttips.skolbloggen.se/wp-content/themes/carrington-blog.2.0/carrington-blog/img/spinner.gif
http://ikttips.skolbloggen.se/wp-content/themes/carrington-blog.2.0/carrington-blog/img/sub-header-border-bottom.gif,media,20160831040128,20160831040128,1,20160831040128,http://ikttips.skolbloggen.se/wp-content/themes/carrington-blog.2.0/carrington-blog/img/sub-header-border-bottom.gif,200,image/gif,https://web.archive.org/web/20160831040128/http://ikttips.skolbloggen.se/wp-content/themes/carrington-blog.2.0/carrington-blog/img/sub-header-border-bottom.gif
http://ikttips.skolbloggen.se/wp-content/themes/carrington-blog.2.0/carrington-blog/img/watermark-light.gif,media,20160831022637,20160831022637,1,20160831022637,http://ikttips.skolbloggen.se/wp-content/themes/carrington-blog.2.0/carrington-blog/img/watermark-light.gif,200,image/gif,https://web.archive.org/web/20160831022637/http://ikttips.skolbloggen.se/wp-content/themes/carrington-blog.2.0/carrington-blog/img/watermark-light.gif
http://ikttips.skolbloggen.se/wp-content/themes/carrington-blog.2.0/carrington-blog/js/carrington.js?ver=1.0,other,20131226094330,20160909055704,2,20131226094330,http://ikttips.skolbloggen.se/wp-content/themes/carrington-blog.2.0/carrington-blog/js/carrington.js?ver=1.0,200,application/javascript,https://web.archive.org/web/20131226094330/http://ikttips.skolbloggen.se/wp-content/themes/carrington-blog.2.0/carrington-blog/js/carrington.js?ver=1.0
http://ikttips.skolbloggen.se/wp-content/themes/carrington-blog.2.0/carrington-blog/js/carrington.js?ver=761af2ca77b52d7047b2224a7b120f13,other,20160527112732,20160527112732,1,20160527112732,http://ikttips.skolbloggen.se/wp-content/themes/carrington-blog.2.0/carrington-blog/js/carrington.js?ver=761af2ca77b52d7047b2224a7b120f13,200,application/javascript,https://web.archive.org/web/20160527112732/http://ikttips.skolbloggen.se/wp-content/themes/carrington-blog.2.0/carrington-blog/js/carrington.js?ver=761af2ca77b52d7047b2224a7b120f13
http://ikttips.skolbloggen.se/wp-content/themes/carrington-blog.2.0/carrington-blog/js/iepngfix_tilebg.js,other,20131226094612,20160527120139,2,20131226094612,http://ikttips.skolbloggen.se/wp-content/themes/carrington-blog.2.0/carrington-blog/js/iepngfix_tilebg.js,200,application/javascript,https://web.archive.org/web/20131226094612/http://ikttips.skolbloggen.se/wp-content/themes/carrington-blog.2.0/carrington-blog/js/iepngfix_tilebg.js
http://ikttips.skolbloggen.se/wp-includes/css/admin-bar.min.css?ver=761af2ca77b52d7047b2224a7b120f13,other,20160527170302,20160527170302,1,20160527170302,http://ikttips.skolbloggen.se/wp-includes/css/admin-bar.min.css?ver=761af2ca77b52d7047b2224a7b120f13,200,text/css,https://web.archive.org/web/20160527170302/http://ikttips.skolbloggen.se/wp-includes/css/admin-bar.min.css?ver=761af2ca77b52d7047b2224a7b120f13
http://ikttips.skolbloggen.se/wp-includes/css/admin-bar.min.css?ver=8e8924954940afb56b9e68196f5893a6,other,20160830232926,20160830232926,1,20160830232926,http://ikttips.skolbloggen.se/wp-includes/css/admin-bar.min.css?ver=8e8924954940afb56b9e68196f5893a6,200,text/css,https://web.archive.org/web/20160830232926/http://ikttips.skolbloggen.se/wp-includes/css/admin-bar.min.css?ver=8e8924954940afb56b9e68196f5893a6
http://ikttips.skolbloggen.se/wp-includes/css/dashicons.min.css?ver=761af2ca77b52d7047b2224a7b120f13,other,20160527163641,20160527163641,1,20160527163641,http://ikttips.skolbloggen.se/wp-includes/css/dashicons.min.css?ver=761af2ca77b52d7047b2224a7b120f13,200,text/css,https://web.archive.org/web/20160527163641/http://ikttips.skolbloggen.se/wp-includes/css/dashicons.min.css?ver=761af2ca77b52d7047b2224a7b120f13
http://ikttips.skolbloggen.se/wp-includes/css/dashicons.min.css?ver=8e8924954940afb56b9e68196f5893a6,other,20160830221450,20160830221450,1,20160830221450,http://ikttips.skolbloggen.se/wp-includes/css/dashicons.min.css?ver=8e8924954940afb56b9e68196f5893a6,200,text/css,https://web.archive.org/web/20160830221450/http://ikttips.skolbloggen.se/wp-includes/css/dashicons.min.css?ver=8e8924954940afb56b9e68196f5893a6
http://ikttips.skolbloggen.se/wp-includes/fonts/dashicons.eot,other,20160831053129,20160831053129,1,20160831053129,http://ikttips.skolbloggen.se/wp-includes/fonts/dashicons.eot,403,text/html,https://web.archive.org/web/20160831053129/http://ikttips.skolbloggen.se/wp-includes/fonts/dashicons.eot
http://ikttips.skolbloggen.se/wp-includes/fonts/dashicons.svg,media,20160909060735,20160909060735,1,20160909060735,http://ikttips.skolbloggen.se/wp-includes/fonts/dashicons.svg,200,image/svg+xml,https://web.archive.org/web/20160909060735/http://ikttips.skolbloggen.se/wp-includes/fonts/dashicons.svg
http://ikttips.skolbloggen.se/wp-includes/fonts/dashicons.ttf,other,20160831051115,20160831051115,1,20160831051115,http://ikttips.skolbloggen.se/wp-includes/fonts/dashicons.ttf,403,text/html,https://web.archive.org/web/20160831051115/http://ikttips.skolbloggen.se/wp-includes/fonts/dashicons.ttf
http://ikttips.skolbloggen.se/wp-includes/images/smilies/icon_wink.gif,media,20131226094620,20131226094620,1,20131226094620,http://ikttips.skolbloggen.se/wp-includes/images/smilies/icon_wink.gif,200,image/gif,https://web.archive.org/web/20131226094620/http://ikttips.skolbloggen.se/wp-includes/images/smilies/icon_wink.gif
http://ikttips.skolbloggen.se/wp-includes/js/admin-bar.min.js?ver=761af2ca77b52d7047b2224a7b120f13,other,20160527163622,20160527163622,1,20160527163622,http://ikttips.skolbloggen.se/wp-includes/js/admin-bar.min.js?ver=761af2ca77b52d7047b2224a7b120f13,200,application/javascript,https://web.archive.org/web/20160527163622/http://ikttips.skolbloggen.se/wp-includes/js/admin-bar.min.js?ver=761af2ca77b52d7047b2224a7b120f13
http://ikttips.skolbloggen.se/wp-includes/js/admin-bar.min.js?ver=8e8924954940afb56b9e68196f5893a6,other,20160831011216,20160831011216,1,20160831011216,http://ikttips.skolbloggen.se/wp-includes/js/admin-bar.min.js?ver=8e8924954940afb56b9e68196f5893a6,200,application/javascript,https://web.archive.org/web/20160831011216/http://ikttips.skolbloggen.se/wp-includes/js/admin-bar.min.js?ver=8e8924954940afb56b9e68196f5893a6
http://ikttips.skolbloggen.se/wp-includes/js/comment-reply.min.js?ver=3.6.1,other,20131226094934,20131226094934,1,20131226094934,http://ikttips.skolbloggen.se/wp-includes/js/comment-reply.min.js?ver=3.6.1,200,application/javascript,https://web.archive.org/web/20131226094934/http://ikttips.skolbloggen.se/wp-includes/js/comment-reply.min.js?ver=3.6.1
http://ikttips.skolbloggen.se/wp-includes/js/comment-reply.min.js?ver=761af2ca77b52d7047b2224a7b120f13,other,20160527104841,20160527104841,1,20160527104841,http://ikttips.skolbloggen.se/wp-includes/js/comment-reply.min.js?ver=761af2ca77b52d7047b2224a7b120f13,200,application/javascript,https://web.archive.org/web/20160527104841/http://ikttips.skolbloggen.se/wp-includes/js/comment-reply.min.js?ver=761af2ca77b52d7047b2224a7b120f13
http://ikttips.skolbloggen.se/wp-includes/js/jquery/jquery-migrate.min.js?ver=1.2.1,other,20131226094012,20131226094012,1,20131226094012,http://ikttips.skolbloggen.se/wp-includes/js/jquery/jquery-migrate.min.js?ver=1.2.1,200,application/javascript,https://web.archive.org/web/20131226094012/http://ikttips.skolbloggen.se/wp-includes/js/jquery/jquery-migrate.min.js?ver=1.2.1
http://ikttips.skolbloggen.se/wp-includes/js/jquery/jquery-migrate.min.js?ver=1.4.0,other,20160831005456,20160831005456,1,20160831005456,http://ikttips.skolbloggen.se/wp-includes/js/jquery/jquery-migrate.min.js?ver=1.4.0,200,application/javascript,https://web.archive.org/web/20160831005456/http://ikttips.skolbloggen.se/wp-includes/js/jquery/jquery-migrate.min.js?ver=1.4.0
http://ikttips.skolbloggen.se/wp-includes/js/jquery/jquery-migrate.min.js?ver=761af2ca77b52d7047b2224a7b120f13,other,20160527133159,20160527133159,1,20160527133159,http://ikttips.skolbloggen.se/wp-includes/js/jquery/jquery-migrate.min.js?ver=761af2ca77b52d7047b2224a7b120f13,200,application/javascript,https://web.archive.org/web/20160527133159/http://ikttips.skolbloggen.se/wp-includes/js/jquery/jquery-migrate.min.js?ver=761af2ca77b52d7047b2224a7b120f13
http://ikttips.skolbloggen.se/wp-includes/js/jquery/jquery.js?ver=1.10.2,other,20131226094603,20131226094603,1,20131226094603,http://ikttips.skolbloggen.se/wp-includes/js/jquery/jquery.js?ver=1.10.2,200,application/javascript,https://web.archive.org/web/20131226094603/http://ikttips.skolbloggen.se/wp-includes/js/jquery/jquery.js?ver=1.10.2
http://ikttips.skolbloggen.se/wp-includes/js/jquery/jquery.js?ver=1.12.3,other,20160908234211,20160908234211,1,20160908234211,http://ikttips.skolbloggen.se/wp-includes/js/jquery/jquery.js?ver=1.12.3,200,application/javascript,https://web.archive.org/web/20160908234211/http://ikttips.skolbloggen.se/wp-includes/js/jquery/jquery.js?ver=1.12.3
http://ikttips.skolbloggen.se/wp-includes/js/jquery/jquery.js?ver=761af2ca77b52d7047b2224a7b120f13,other,20160527164356,20160527164356,1,20160527164356,http://ikttips.skolbloggen.se/wp-includes/js/jquery/jquery.js?ver=761af2ca77b52d7047b2224a7b120f13,200,application/javascript,https://web.archive.org/web/20160527164356/http://ikttips.skolbloggen.se/wp-includes/js/jquery/jquery.js?ver=761af2ca77b52d7047b2224a7b120f13
http://ikttips.skolbloggen.se/wp-includes/js/wp-embed.min.js?ver=761af2ca77b52d7047b2224a7b120f13,other,20160527114740,20160527114740,1,20160527114740,http://ikttips.skolbloggen.se/wp-includes/js/wp-embed.min.js?ver=761af2ca77b52d7047b2224a7b120f13,200,application/javascript,https://web.archive.org/web/20160527114740/http://ikttips.skolbloggen.se/wp-includes/js/wp-embed.min.js?ver=761af2ca77b52d7047b2224a7b120f13
http://ikttips.skolbloggen.se/wp-includes/js/wp-embed.min.js?ver=8e8924954940afb56b9e68196f5893a6,other,20160909060003,20160909060003,1,20160909060003,http://ikttips.skolbloggen.se/wp-includes/js/wp-embed.min.js?ver=8e8924954940afb56b9e68196f5893a6,200,application/javascript,https://web.archive.org/web/20160909060003/http://ikttips.skolbloggen.se/wp-includes/js/wp-embed.min.js?ver=8e8924954940afb56b9e68196f5893a6
http://ikttips.skolbloggen.se/wp-includes/wlwmanifest.xml,other,20160527103104,20170924125547,2,20170924125547,http://ikttips.skolbloggen.se:80/wp-includes/wlwmanifest.xml,200,application/xml,https://web.archive.org/web/20170924125547/http://ikttips.skolbloggen.se:80/wp-includes/wlwmanifest.xml
http://ikttips.skolbloggen.se/wp-json/,other,20160527103742,20170924123828,2,20170924123828,http://ikttips.skolbloggen.se:80/wp-json/,404,text/html,https://web.archive.org/web/20170924123828/http://ikttips.skolbloggen.se:80/wp-json/
http://ikttips.skolbloggen.se/wp-json/oembed/1.0/embed?url=http%3A%2F%2Fikttips.skolbloggen.se%2Foppna-larresurser%2Fskapa-en-egen-larplattform%2F,other,20160527111151,20160527111151,1,20160527111151,http://ikttips.skolbloggen.se/wp-json/oembed/1.0/embed?url=http%3A%2F%2Fikttips.skolbloggen.se%2Foppna-larresurser%2Fskapa-en-egen-larplattform%2F,404,text/html,https://web.archive.org/web/20160527111151/http://ikttips.skolbloggen.se/wp-json/oembed/1.0/embed?url=http%3A%2F%2Fikttips.skolbloggen.se%2Foppna-larresurser%2Fskapa-en-egen-larplattform%2F
http://ikttips.skolbloggen.se/wp-json/oembed/1.0/embed?url=http%3A%2F%2Fikttips.skolbloggen.se%2Foppna-larresurser%2Fskapa-en-egen-larplattform%2F&format=xml,other,20160527112801,20160527112801,1,20160527112801,http://ikttips.skolbloggen.se/wp-json/oembed/1.0/embed?url=http%3A%2F%2Fikttips.skolbloggen.se%2Foppna-larresurser%2Fskapa-en-egen-larplattform%2F&format=xml,404,text/html,https://web.archive.org/web/20160527112801/http://ikttips.skolbloggen.se/wp-json/oembed/1.0/embed?url=http%3A%2F%2Fikttips.skolbloggen.se%2Foppna-larresurser%2Fskapa-en-egen-larplattform%2F&format=xml
http://ikttips.skolbloggen.se/wp-json/oembed/1.0/embed?url=http://ikttips.skolbloggen.se/2011/01/21/kallhanvisningar-till-bilder/,other,20170924125156,20170924125156,1,20170924125156,http://ikttips.skolbloggen.se:80/wp-json/oembed/1.0/embed?url=http://ikttips.skolbloggen.se/2011/01/21/kallhanvisningar-till-bilder/,404,text/html,https://web.archive.org/web/20170924125156/http://ikttips.skolbloggen.se:80/wp-json/oembed/1.0/embed?url=http://ikttips.skolbloggen.se/2011/01/21/kallhanvisningar-till-bilder/
http://ikttips.skolbloggen.se/wp-json/oembed/1.0/embed?url=http://ikttips.skolbloggen.se/2011/01/21/kallhanvisningar-till-bilder/&format=xml,other,20170924123833,20170924123833,1,20170924123833,http://ikttips.skolbloggen.se:80/wp-json/oembed/1.0/embed?url=http://ikttips.skolbloggen.se/2011/01/21/kallhanvisningar-till-bilder/&format=xml,404,text/html,https://web.archive.org/web/20170924123833/http://ikttips.skolbloggen.se:80/wp-json/oembed/1.0/embed?url=http://ikttips.skolbloggen.se/2011/01/21/kallhanvisningar-till-bilder/&format=xml
http://ikttips.skolbloggen.se/wp-load.php,other,20120615013449,20120615013449,1,20120615013449,http://ikttips.skolbloggen.se:80/wp-load.php,200,text/html,https://web.archive.org/web/20120615013449/http://ikttips.skolbloggen.se:80/wp-load.php
http://ikttips.skolbloggen.se/wp-login.php,other,20120611025057,20170924123441,3,20170924123441,http://ikttips.skolbloggen.se:80/wp-login.php,200,text/html,https://web.archive.org/web/20170924123441/http://ikttips.skolbloggen.se:80/wp-login.php
http://ikttips.skolbloggen.se/wp-login.php?action=register,other,20120611025444,20170924001246,2,20170924001246,http://ikttips.skolbloggen.se:80/wp-login.php?action=register,302,text/html,https://web.archive.org/web/20170924001246/http://ikttips.skolbloggen.se:80/wp-login.php?action=register
http://ikttips.skolbloggen.se/wp-login.php?redirect_to=http://ikttips.skolbloggen.se/2011/01/21/kallhanvisningar-till-bilder/,other,20170924123446,20170924123446,1,20170924123446,http://ikttips.skolbloggen.se:80/wp-login.php?redirect_to=http://ikttips.skolbloggen.se/2011/01/21/kallhanvisningar-till-bilder/,200,text/html,https://web.archive.org/web/20170924123446/http://ikttips.skolbloggen.se:80/wp-login.php?redirect_to=http://ikttips.skolbloggen.se/2011/01/21/kallhanvisningar-till-bilder/
http://ikttips.skolbloggen.se/xmlrpc.php,other,20120615011842,20170924125956,4,20131226094318,http://ikttips.skolbloggen.se/xmlrpc.php,200,text/plain,https://web.archive.org/web/20131226094318/http://ikttips.skolbloggen.se/xmlrpc.php
http://ikttips.skolbloggen.se/xmlrpc.php?rsd,other,20120615014447,20170924123451,4,20170924123451,http://ikttips.skolbloggen.se:80/xmlrpc.php?rsd,200,text/xml,https://web.archive.org/web/20170924123451/http://ikttips.skolbloggen.se:80/xmlrpc.php?rsd
http://www.ikttips.skolbloggen.se/robots.txt,other,20130216015053,20130216015053,1,20130216015053,http://www.ikttips.skolbloggen.se/robots.txt,200,text/plain,https://web.archive.org/web/20130216015053/http://www.ikttips.skolbloggen.se/robots.txt
https://ikttips.skolbloggen.se/,homepage,20181203002756,20190822033704,3,20190822033704,https://ikttips.skolbloggen.se/,200,text/html,https://web.archive.org/web/20190822033704/https://ikttips.skolbloggen.se/
https://ikttips.skolbloggen.se/2010/10/,other,20181227122614,20181227122614,1,20181227122614,https://ikttips.skolbloggen.se/2010/10/,200,text/html,https://web.archive.org/web/20181227122614/https://ikttips.skolbloggen.se/2010/10/
https://ikttips.skolbloggen.se/2010/11/,other,20181230154131,20181230154131,1,20181230154131,https://ikttips.skolbloggen.se/2010/11/,200,text/html,https://web.archive.org/web/20181230154131/https://ikttips.skolbloggen.se/2010/11/
https://ikttips.skolbloggen.se/2010/12/,other,20190103003930,20190103003930,1,20190103003930,https://ikttips.skolbloggen.se/2010/12/,200,text/html,https://web.archive.org/web/20190103003930/https://ikttips.skolbloggen.se/2010/12/
https://ikttips.skolbloggen.se/2011/01/,other,20190104092118,20190104092118,1,20190104092118,https://ikttips.skolbloggen.se/2011/01/,200,text/html,https://web.archive.org/web/20190104092118/https://ikttips.skolbloggen.se/2011/01/
https://ikttips.skolbloggen.se/2011/02/,other,20181227072521,20181227072521,1,20181227072521,https://ikttips.skolbloggen.se/2011/02/,200,text/html,https://web.archive.org/web/20181227072521/https://ikttips.skolbloggen.se/2011/02/
https://ikttips.skolbloggen.se/2011/03/,other,20181223152351,20181223152351,1,20181223152351,https://ikttips.skolbloggen.se/2011/03/,200,text/html,https://web.archive.org/web/20181223152351/https://ikttips.skolbloggen.se/2011/03/
https://ikttips.skolbloggen.se/2011/04/,other,20190103144405,20190103144405,1,20190103144405,https://ikttips.skolbloggen.se/2011/04/,200,text/html,https://web.archive.org/web/20190103144405/https://ikttips.skolbloggen.se/2011/04/
https://ikttips.skolbloggen.se/2011/05/,other,20181230082127,20181230082127,1,20181230082127,https://ikttips.skolbloggen.se/2011/05/,200,text/html,https://web.archive.org/web/20181230082127/https://ikttips.skolbloggen.se/2011/05/
https://ikttips.skolbloggen.se/2011/09/,other,20181228183310,20181228183310,1,20181228183310,https://ikttips.skolbloggen.se/2011/09/,200,text/html,https://web.archive.org/web/20181228183310/https://ikttips.skolbloggen.se/2011/09/
https://ikttips.skolbloggen.se/2011/10/,other,20181227124134,20181227124134,1,20181227124134,https://ikttips.skolbloggen.se/2011/10/,200,text/html,https://web.archive.org/web/20181227124134/https://ikttips.skolbloggen.se/2011/10/
https://ikttips.skolbloggen.se/2011/11/,other,20181230141841,20181230141841,1,20181230141841,https://ikttips.skolbloggen.se/2011/11/,200,text/html,https://web.archive.org/web/20181230141841/https://ikttips.skolbloggen.se/2011/11/
https://ikttips.skolbloggen.se/2011/12/,other,20190101033244,20190101033244,1,20190101033244,https://ikttips.skolbloggen.se/2011/12/,200,text/html,https://web.archive.org/web/20190101033244/https://ikttips.skolbloggen.se/2011/12/
https://ikttips.skolbloggen.se/2012/01/,other,20181229065908,20181229065908,1,20181229065908,https://ikttips.skolbloggen.se/2012/01/,200,text/html,https://web.archive.org/web/20181229065908/https://ikttips.skolbloggen.se/2012/01/
https://ikttips.skolbloggen.se/2012/02/,other,20190106053057,20190106053057,1,20190106053057,https://ikttips.skolbloggen.se/2012/02/,200,text/html,https://web.archive.org/web/20190106053057/https://ikttips.skolbloggen.se/2012/02/
https://ikttips.skolbloggen.se/2012/03/,other,20181229000446,20181229000446,1,20181229000446,https://ikttips.skolbloggen.se/2012/03/,200,text/html,https://web.archive.org/web/20181229000446/https://ikttips.skolbloggen.se/2012/03/
https://ikttips.skolbloggen.se/2012/05/,other,20181227070204,20181227070204,1,20181227070204,https://ikttips.skolbloggen.se/2012/05/,200,text/html,https://web.archive.org/web/20181227070204/https://ikttips.skolbloggen.se/2012/05/
https://ikttips.skolbloggen.se/2012/08/,other,20190104224136,20190104224136,1,20190104224136,https://ikttips.skolbloggen.se/2012/08/,200,text/html,https://web.archive.org/web/20190104224136/https://ikttips.skolbloggen.se/2012/08/
https://ikttips.skolbloggen.se/2013/04/,other,20181222080243,20181222080243,1,20181222080243,https://ikttips.skolbloggen.se/2013/04/,200,text/html,https://web.archive.org/web/20181222080243/https://ikttips.skolbloggen.se/2013/04/
https://ikttips.skolbloggen.se/2014/05/,other,20190101032356,20190101032356,1,20190101032356,https://ikttips.skolbloggen.se/2014/05/,200,text/html,https://web.archive.org/web/20190101032356/https://ikttips.skolbloggen.se/2014/05/
https://ikttips.skolbloggen.se/comments/feed/,feed,20181227002144,20181227002144,1,20181227002144,https://ikttips.skolbloggen.se/comments/feed/,200,application/rss+xml,https://web.archive.org/web/20181227002144/https://ikttips.skolbloggen.se/comments/feed/
https://ikttips.skolbloggen.se/favicon.ico,media,20181128142825,20181128142825,1,20181128142825,https://ikttips.skolbloggen.se/favicon.ico,-,warc/revisit,https://web.archive.org/web/20181128142825/https://ikttips.skolbloggen.se/favicon.ico
https://ikttips.skolbloggen.se/feed/,feed,20190103003947,20190103003947,1,20190103003947,https://ikttips.skolbloggen.se/feed/,200,application/rss+xml,https://web.archive.org/web/20190103003947/https://ikttips.skolbloggen.se/feed/
https://ikttips.skolbloggen.se/robots.txt,other,20181108103348,20190131074829,53,20190115141108,https://ikttips.skolbloggen.se/robots.txt,200,text/html,https://web.archive.org/web/20190115141108/https://ikttips.skolbloggen.se/robots.txt
https://ikttips.skolbloggen.se/wp-content/plugins/admin-bar-login/admin-bar-login.css?ver=1.0.1,other,20181223120159,20181223120159,1,20181223120159,https://ikttips.skolbloggen.se/wp-content/plugins/admin-bar-login/admin-bar-login.css?ver=1.0.1,-,warc/revisit,https://web.archive.org/web/20181223120159/https://ikttips.skolbloggen.se/wp-content/plugins/admin-bar-login/admin-bar-login.css?ver=1.0.1
https://ikttips.skolbloggen.se/wp-content/themes/carrington-blog.2.0/carrington-blog/carrington-core/lightbox/css/thickbox.css,other,20181230082124,20181230082124,1,20181230082124,https://ikttips.skolbloggen.se/wp-content/themes/carrington-blog.2.0/carrington-blog/carrington-core/lightbox/css/thickbox.css,-,warc/revisit,https://web.archive.org/web/20181230082124/https://ikttips.skolbloggen.se/wp-content/themes/carrington-blog.2.0/carrington-blog/carrington-core/lightbox/css/thickbox.css
https://ikttips.skolbloggen.se/wp-content/themes/carrington-blog.2.0/carrington-blog/carrington-core/lightbox/img/blank.gif,media,20190122153201,20190122153201,1,20190122153201,https://ikttips.skolbloggen.se/wp-content/themes/carrington-blog.2.0/carrington-blog/carrington-core/lightbox/img/blank.gif,200,text/html,https://web.archive.org/web/20190122153201/https://ikttips.skolbloggen.se/wp-content/themes/carrington-blog.2.0/carrington-blog/carrington-core/lightbox/img/blank.gif
https://ikttips.skolbloggen.se/wp-content/themes/carrington-blog.2.0/carrington-blog/carrington-core/lightbox/img/macFFBgHack.png,media,20190126024436,20190126024436,1,20190126024436,https://ikttips.skolbloggen.se/wp-content/themes/carrington-blog.2.0/carrington-blog/carrington-core/lightbox/img/macFFBgHack.png,200,text/html,https://web.archive.org/web/20190126024436/https://ikttips.skolbloggen.se/wp-content/themes/carrington-blog.2.0/carrington-blog/carrington-core/lightbox/img/macFFBgHack.png
https://ikttips.skolbloggen.se/wp-content/themes/carrington-blog.2.0/carrington-blog/carrington-core/lightbox/thickbox.js?ver=1.0,other,20190106221604,20190106221604,1,20190106221604,https://ikttips.skolbloggen.se/wp-content/themes/carrington-blog.2.0/carrington-blog/carrington-core/lightbox/thickbox.js?ver=1.0,-,warc/revisit,https://web.archive.org/web/20190106221604/https://ikttips.skolbloggen.se/wp-content/themes/carrington-blog.2.0/carrington-blog/carrington-core/lightbox/thickbox.js?ver=1.0
https://ikttips.skolbloggen.se/wp-content/themes/carrington-blog.2.0/carrington-blog/css/css.php,other,20190103083805,20190103083805,1,20190103083805,https://ikttips.skolbloggen.se/wp-content/themes/carrington-blog.2.0/carrington-blog/css/css.php,-,warc/revisit,https://web.archive.org/web/20190103083805/https://ikttips.skolbloggen.se/wp-content/themes/carrington-blog.2.0/carrington-blog/css/css.php
https://ikttips.skolbloggen.se/wp-content/themes/carrington-blog.2.0/carrington-blog/css/ie.css,other,20190106190128,20190106190128,1,20190106190128,https://ikttips.skolbloggen.se/wp-content/themes/carrington-blog.2.0/carrington-blog/css/ie.css,-,warc/revisit,https://web.archive.org/web/20190106190128/https://ikttips.skolbloggen.se/wp-content/themes/carrington-blog.2.0/carrington-blog/css/ie.css
https://ikttips.skolbloggen.se/wp-content/themes/carrington-blog.2.0/carrington-blog/css/ie6.css,other,20190102102457,20190102102457,1,20190102102457,https://ikttips.skolbloggen.se/wp-content/themes/carrington-blog.2.0/carrington-blog/css/ie6.css,-,warc/revisit,https://web.archive.org/web/20190102102457/https://ikttips.skolbloggen.se/wp-content/themes/carrington-blog.2.0/carrington-blog/css/ie6.css
https://ikttips.skolbloggen.se/wp-content/themes/carrington-blog.2.0/carrington-blog/css/iepngfix.htc,other,20190103075242,20190103075242,1,20190103075242,https://ikttips.skolbloggen.se/wp-content/themes/carrington-blog.2.0/carrington-blog/css/iepngfix.htc,-,warc/revisit,https://web.archive.org/web/20190103075242/https://ikttips.skolbloggen.se/wp-content/themes/carrington-blog.2.0/carrington-blog/css/iepngfix.htc
https://ikttips.skolbloggen.se/wp-content/themes/carrington-blog.2.0/carrington-blog/img/arrow-bullet.gif,media,20190130021748,20190130021748,1,20190130021748,https://ikttips.skolbloggen.se/wp-content/themes/carrington-blog.2.0/carrington-blog/img/arrow-bullet.gif,200,text/html,https://web.archive.org/web/20190130021748/https://ikttips.skolbloggen.se/wp-content/themes/carrington-blog.2.0/carrington-blog/img/arrow-bullet.gif
https://ikttips.skolbloggen.se/wp-content/themes/carrington-blog.2.0/carrington-blog/img/attachment/150px-flourish-left-dark.png,media,20190127082630,20190127082630,1,20190127082630,https://ikttips.skolbloggen.se/wp-content/themes/carrington-blog.2.0/carrington-blog/img/attachment/150px-flourish-left-dark.png,200,text/html,https://web.archive.org/web/20190127082630/https://ikttips.skolbloggen.se/wp-content/themes/carrington-blog.2.0/carrington-blog/img/attachment/150px-flourish-left-dark.png
https://ikttips.skolbloggen.se/wp-content/themes/carrington-blog.2.0/carrington-blog/img/attachment/150px-flourish-right-dark.png,media,20190128110716,20190128110716,1,20190128110716,https://ikttips.skolbloggen.se/wp-content/themes/carrington-blog.2.0/carrington-blog/img/attachment/150px-flourish-right-dark.png,200,text/html,https://web.archive.org/web/20190128110716/https://ikttips.skolbloggen.se/wp-content/themes/carrington-blog.2.0/carrington-blog/img/attachment/150px-flourish-right-dark.png
https://ikttips.skolbloggen.se/wp-content/themes/carrington-blog.2.0/carrington-blog/img/comment-thread.gif,media,20190123005608,20190123005608,1,20190123005608,https://ikttips.skolbloggen.se/wp-content/themes/carrington-blog.2.0/carrington-blog/img/comment-thread.gif,200,text/html,https://web.archive.org/web/20190123005608/https://ikttips.skolbloggen.se/wp-content/themes/carrington-blog.2.0/carrington-blog/img/comment-thread.gif
https://ikttips.skolbloggen.se/wp-content/themes/carrington-blog.2.0/carrington-blog/img/comment.gif,media,20190123074531,20190123074531,1,20190123074531,https://ikttips.skolbloggen.se/wp-content/themes/carrington-blog.2.0/carrington-blog/img/comment.gif,200,text/html,https://web.archive.org/web/20190123074531/https://ikttips.skolbloggen.se/wp-content/themes/carrington-blog.2.0/carrington-blog/img/comment.gif
https://ikttips.skolbloggen.se/wp-content/themes/carrington-blog.2.0/carrington-blog/img/comments-divider.gif,media,20190125191934,20190125191934,1,20190125191934,https://ikttips.skolbloggen.se/wp-content/themes/carrington-blog.2.0/carrington-blog/img/comments-divider.gif,200,text/html,https://web.archive.org/web/20190125191934/https://ikttips.skolbloggen.se/wp-content/themes/carrington-blog.2.0/carrington-blog/img/comments-divider.gif
https://ikttips.skolbloggen.se/wp-content/themes/carrington-blog.2.0/carrington-blog/img/divider-ornament-wide-dark.png,media,20190129051525,20190129051525,1,20190129051525,https://ikttips.skolbloggen.se/wp-content/themes/carrington-blog.2.0/carrington-blog/img/divider-ornament-wide-dark.png,200,text/html,https://web.archive.org/web/20190129051525/https://ikttips.skolbloggen.se/wp-content/themes/carrington-blog.2.0/carrington-blog/img/divider-ornament-wide-dark.png
https://ikttips.skolbloggen.se/wp-content/themes/carrington-blog.2.0/carrington-blog/img/divider-ornament.gif,media,20190124021720,20190124021720,1,20190124021720,https://ikttips.skolbloggen.se/wp-content/themes/carrington-blog.2.0/carrington-blog/img/divider-ornament.gif,200,text/html,https://web.archive.org/web/20190124021720/https://ikttips.skolbloggen.se/wp-content/themes/carrington-blog.2.0/carrington-blog/img/divider-ornament.gif
https://ikttips.skolbloggen.se/wp-content/themes/carrington-blog.2.0/carrington-blog/img/dropdown-divider.gif,media,20190123144445,20190123144445,1,20190123144445,https://ikttips.skolbloggen.se/wp-content/themes/carrington-blog.2.0/carrington-blog/img/dropdown-divider.gif,200,text/html,https://web.archive.org/web/20190123144445/https://ikttips.skolbloggen.se/wp-content/themes/carrington-blog.2.0/carrington-blog/img/dropdown-divider.gif
https://ikttips.skolbloggen.se/wp-content/themes/carrington-blog.2.0/carrington-blog/img/footer/by-crowd-favorite-light.png,media,20190131074834,20190131074834,1,20190131074834,https://ikttips.skolbloggen.se/wp-content/themes/carrington-blog.2.0/carrington-blog/img/footer/by-crowd-favorite-light.png,200,text/html,https://web.archive.org/web/20190131074834/https://ikttips.skolbloggen.se/wp-content/themes/carrington-blog.2.0/carrington-blog/img/footer/by-crowd-favorite-light.png
https://ikttips.skolbloggen.se/wp-content/themes/carrington-blog.2.0/carrington-blog/img/footer/divider-ornament-wide-light.png,media,20190126151325,20190126151325,1,20190126151325,https://ikttips.skolbloggen.se/wp-content/themes/carrington-blog.2.0/carrington-blog/img/footer/divider-ornament-wide-light.png,200,text/html,https://web.archive.org/web/20190126151325/https://ikttips.skolbloggen.se/wp-content/themes/carrington-blog.2.0/carrington-blog/img/footer/divider-ornament-wide-light.png
https://ikttips.skolbloggen.se/wp-content/themes/carrington-blog.2.0/carrington-blog/img/footer/gradient-dark.png,media,20190124083028,20190124083028,1,20190124083028,https://ikttips.skolbloggen.se/wp-content/themes/carrington-blog.2.0/carrington-blog/img/footer/gradient-dark.png,200,text/html,https://web.archive.org/web/20190124083028/https://ikttips.skolbloggen.se/wp-content/themes/carrington-blog.2.0/carrington-blog/img/footer/gradient-dark.png
https://ikttips.skolbloggen.se/wp-content/themes/carrington-blog.2.0/carrington-blog/img/grey-to-white-gradient.png,media,20190130025006,20190130025006,1,20190130025006,https://ikttips.skolbloggen.se/wp-content/themes/carrington-blog.2.0/carrington-blog/img/grey-to-white-gradient.png,200,text/html,https://web.archive.org/web/20190130025006/https://ikttips.skolbloggen.se/wp-content/themes/carrington-blog.2.0/carrington-blog/img/grey-to-white-gradient.png
https://ikttips.skolbloggen.se/wp-content/themes/carrington-blog.2.0/carrington-blog/img/header/gradient-dark.png,media,20190128231110,20190128231110,1,20190128231110,https://ikttips.skolbloggen.se/wp-content/themes/carrington-blog.2.0/carrington-blog/img/header/gradient-dark.png,200,text/html,https://web.archive.org/web/20190128231110/https://ikttips.skolbloggen.se/wp-content/themes/carrington-blog.2.0/carrington-blog/img/header/gradient-dark.png
https://ikttips.skolbloggen.se/wp-content/themes/carrington-blog.2.0/carrington-blog/img/header/texture-dark.png,media,20190129103148,20190129103148,1,20190129103148,https://ikttips.skolbloggen.se/wp-content/themes/carrington-blog.2.0/carrington-blog/img/header/texture-dark.png,200,text/html,https://web.archive.org/web/20190129103148/https://ikttips.skolbloggen.se/wp-content/themes/carrington-blog.2.0/carrington-blog/img/header/texture-dark.png
https://ikttips.skolbloggen.se/wp-content/themes/carrington-blog.2.0/carrington-blog/img/header/texture-light.png,media,20190129091005,20190129091005,1,20190129091005,https://ikttips.skolbloggen.se/wp-content/themes/carrington-blog.2.0/carrington-blog/img/header/texture-light.png,200,text/html,https://web.archive.org/web/20190129091005/https://ikttips.skolbloggen.se/wp-content/themes/carrington-blog.2.0/carrington-blog/img/header/texture-light.png
https://ikttips.skolbloggen.se/wp-content/themes/carrington-blog.2.0/carrington-blog/img/ie/by-crowd-favorite.gif,media,20190124101447,20190124101447,1,20190124101447,https://ikttips.skolbloggen.se/wp-content/themes/carrington-blog.2.0/carrington-blog/img/ie/by-crowd-favorite.gif,200,text/html,https://web.archive.org/web/20190124101447/https://ikttips.skolbloggen.se/wp-content/themes/carrington-blog.2.0/carrington-blog/img/ie/by-crowd-favorite.gif
https://ikttips.skolbloggen.se/wp-content/themes/carrington-blog.2.0/carrington-blog/img/lightbox/nextlabel.gif,media,20190126151330,20190126151330,1,20190126151330,https://ikttips.skolbloggen.se/wp-content/themes/carrington-blog.2.0/carrington-blog/img/lightbox/nextlabel.gif,200,text/html,https://web.archive.org/web/20190126151330/https://ikttips.skolbloggen.se/wp-content/themes/carrington-blog.2.0/carrington-blog/img/lightbox/nextlabel.gif
https://ikttips.skolbloggen.se/wp-content/themes/carrington-blog.2.0/carrington-blog/img/lightbox/prevlabel.gif,media,20190124182923,20190124182923,1,20190124182923,https://ikttips.skolbloggen.se/wp-content/themes/carrington-blog.2.0/carrington-blog/img/lightbox/prevlabel.gif,200,text/html,https://web.archive.org/web/20190124182923/https://ikttips.skolbloggen.se/wp-content/themes/carrington-blog.2.0/carrington-blog/img/lightbox/prevlabel.gif
https://ikttips.skolbloggen.se/wp-content/themes/carrington-blog.2.0/carrington-blog/img/rss-button.gif,media,20181230082143,20181230082143,1,20181230082143,https://ikttips.skolbloggen.se/wp-content/themes/carrington-blog.2.0/carrington-blog/img/rss-button.gif,-,warc/revisit,https://web.archive.org/web/20181230082143/https://ikttips.skolbloggen.se/wp-content/themes/carrington-blog.2.0/carrington-blog/img/rss-button.gif
https://ikttips.skolbloggen.se/wp-content/themes/carrington-blog.2.0/carrington-blog/img/sidebar-background.gif,media,20190125191929,20190125191929,1,20190125191929,https://ikttips.skolbloggen.se/wp-content/themes/carrington-blog.2.0/carrington-blog/img/sidebar-background.gif,200,text/html,https://web.archive.org/web/20190125191929/https://ikttips.skolbloggen.se/wp-content/themes/carrington-blog.2.0/carrington-blog/img/sidebar-background.gif
https://ikttips.skolbloggen.se/wp-content/themes/carrington-blog.2.0/carrington-blog/img/spinner.gif,media,20190125221947,20190125221947,1,20190125221947,https://ikttips.skolbloggen.se/wp-content/themes/carrington-blog.2.0/carrington-blog/img/spinner.gif,200,text/html,https://web.archive.org/web/20190125221947/https://ikttips.skolbloggen.se/wp-content/themes/carrington-blog.2.0/carrington-blog/img/spinner.gif
https://ikttips.skolbloggen.se/wp-content/themes/carrington-blog.2.0/carrington-blog/img/sub-header-border-bottom.gif,media,20190125185617,20190125185617,1,20190125185617,https://ikttips.skolbloggen.se/wp-content/themes/carrington-blog.2.0/carrington-blog/img/sub-header-border-bottom.gif,200,text/html,https://web.archive.org/web/20190125185617/https://ikttips.skolbloggen.se/wp-content/themes/carrington-blog.2.0/carrington-blog/img/sub-header-border-bottom.gif
https://ikttips.skolbloggen.se/wp-content/themes/carrington-blog.2.0/carrington-blog/img/watermark-light.gif,media,20190125185612,20190125185612,1,20190125185612,https://ikttips.skolbloggen.se/wp-content/themes/carrington-blog.2.0/carrington-blog/img/watermark-light.gif,200,text/html,https://web.archive.org/web/20190125185612/https://ikttips.skolbloggen.se/wp-content/themes/carrington-blog.2.0/carrington-blog/img/watermark-light.gif
https://ikttips.skolbloggen.se/wp-content/themes/carrington-blog.2.0/carrington-blog/js/carrington.js?ver=1.0,other,20181227070159,20181227070159,1,20181227070159,https://ikttips.skolbloggen.se/wp-content/themes/carrington-blog.2.0/carrington-blog/js/carrington.js?ver=1.0,-,warc/revisit,https://web.archive.org/web/20181227070159/https://ikttips.skolbloggen.se/wp-content/themes/carrington-blog.2.0/carrington-blog/js/carrington.js?ver=1.0
https://ikttips.skolbloggen.se/wp-content/themes/carrington-blog.2.0/carrington-blog/js/iepngfix_tilebg.js,other,20190106190124,20190106190124,1,20190106190124,https://ikttips.skolbloggen.se/wp-content/themes/carrington-blog.2.0/carrington-blog/js/iepngfix_tilebg.js,-,warc/revisit,https://web.archive.org/web/20190106190124/https://ikttips.skolbloggen.se/wp-content/themes/carrington-blog.2.0/carrington-blog/js/iepngfix_tilebg.js
https://ikttips.skolbloggen.se/wp-includes/css/admin-bar.min.css?ver=4.9.8,other,20181228071605,20181228071605,1,20181228071605,https://ikttips.skolbloggen.se/wp-includes/css/admin-bar.min.css?ver=4.9.8,200,text/css,https://web.archive.org/web/20181228071605/https://ikttips.skolbloggen.se/wp-includes/css/admin-bar.min.css?ver=4.9.8
https://ikttips.skolbloggen.se/wp-includes/css/admin-bar.min.css?ver=4.9.9,other,20190109155200,20190109155200,1,20190109155200,https://ikttips.skolbloggen.se/wp-includes/css/admin-bar.min.css?ver=4.9.9,200,text/css,https://web.archive.org/web/20190109155200/https://ikttips.skolbloggen.se/wp-includes/css/admin-bar.min.css?ver=4.9.9
https://ikttips.skolbloggen.se/wp-includes/css/dashicons.min.css?ver=4.9.8,other,20190102232041,20190102232041,1,20190102232041,https://ikttips.skolbloggen.se/wp-includes/css/dashicons.min.css?ver=4.9.8,200,text/css,https://web.archive.org/web/20190102232041/https://ikttips.skolbloggen.se/wp-includes/css/dashicons.min.css?ver=4.9.8
https://ikttips.skolbloggen.se/wp-includes/css/dashicons.min.css?ver=4.9.9,other,20190115141113,20190115141113,1,20190115141113,https://ikttips.skolbloggen.se/wp-includes/css/dashicons.min.css?ver=4.9.9,200,text/html,https://web.archive.org/web/20190115141113/https://ikttips.skolbloggen.se/wp-includes/css/dashicons.min.css?ver=4.9.9
https://ikttips.skolbloggen.se/wp-includes/fonts/dashicons.eot,other,20190130103846,20190130103846,1,20190130103846,https://ikttips.skolbloggen.se/wp-includes/fonts/dashicons.eot,200,text/html,https://web.archive.org/web/20190130103846/https://ikttips.skolbloggen.se/wp-includes/fonts/dashicons.eot
https://ikttips.skolbloggen.se/wp-includes/fonts/dashicons.svg,media,20190124204119,20190124204119,1,20190124204119,https://ikttips.skolbloggen.se/wp-includes/fonts/dashicons.svg,200,text/html,https://web.archive.org/web/20190124204119/https://ikttips.skolbloggen.se/wp-includes/fonts/dashicons.svg
https://ikttips.skolbloggen.se/wp-includes/fonts/dashicons.ttf,other,20190125012136,20190125012136,1,20190125012136,https://ikttips.skolbloggen.se/wp-includes/fonts/dashicons.ttf,200,text/html,https://web.archive.org/web/20190125012136/https://ikttips.skolbloggen.se/wp-includes/fonts/dashicons.ttf
https://ikttips.skolbloggen.se/wp-includes/js/admin-bar.min.js?ver=4.9.8,other,20190104224153,20190104224153,1,20190104224153,https://ikttips.skolbloggen.se/wp-includes/js/admin-bar.min.js?ver=4.9.8,200,application/javascript,https://web.archive.org/web/20190104224153/https://ikttips.skolbloggen.se/wp-includes/js/admin-bar.min.js?ver=4.9.8
https://ikttips.skolbloggen.se/wp-includes/js/admin-bar.min.js?ver=4.9.9,other,20190105062313,20190105062313,1,20190105062313,https://ikttips.skolbloggen.se/wp-includes/js/admin-bar.min.js?ver=4.9.9,200,application/javascript,https://web.archive.org/web/20190105062313/https://ikttips.skolbloggen.se/wp-includes/js/admin-bar.min.js?ver=4.9.9
https://ikttips.skolbloggen.se/wp-includes/js/jquery/jquery-migrate.min.js?ver=1.4.1,other,20181230151045,20181230151045,1,20181230151045,https://ikttips.skolbloggen.se/wp-includes/js/jquery/jquery-migrate.min.js?ver=1.4.1,200,application/javascript,https://web.archive.org/web/20181230151045/https://ikttips.skolbloggen.se/wp-includes/js/jquery/jquery-migrate.min.js?ver=1.4.1
https://ikttips.skolbloggen.se/wp-includes/js/jquery/jquery.js?ver=1.12.4,other,20181227085246,20181227085246,1,20181227085246,https://ikttips.skolbloggen.se/wp-includes/js/jquery/jquery.js?ver=1.12.4,200,application/javascript,https://web.archive.org/web/20181227085246/https://ikttips.skolbloggen.se/wp-includes/js/jquery/jquery.js?ver=1.12.4
https://ikttips.skolbloggen.se/wp-includes/js/wp-embed.min.js?ver=4.9.8,other,20181229000502,20181229000502,1,20181229000502,https://ikttips.skolbloggen.se/wp-includes/js/wp-embed.min.js?ver=4.9.8,200,application/javascript,https://web.archive.org/web/20181229000502/https://ikttips.skolbloggen.se/wp-includes/js/wp-embed.min.js?ver=4.9.8
https://ikttips.skolbloggen.se/wp-includes/js/wp-embed.min.js?ver=4.9.9,other,20190105062318,20190105062318,1,20190105062318,https://ikttips.skolbloggen.se/wp-includes/js/wp-embed.min.js?ver=4.9.9,200,application/javascript,https://web.archive.org/web/20190105062318/https://ikttips.skolbloggen.se/wp-includes/js/wp-embed.min.js?ver=4.9.9
https://ikttips.skolbloggen.se/wp-includes/wlwmanifest.xml,other,20190106221608,20190106221608,1,20190106221608,https://ikttips.skolbloggen.se/wp-includes/wlwmanifest.xml,-,warc/revisit,https://web.archive.org/web/20190106221608/https://ikttips.skolbloggen.se/wp-includes/wlwmanifest.xml
https://ikttips.skolbloggen.se/wp-json/,other,20181230151110,20181230151110,1,20181230151110,https://ikttips.skolbloggen.se/wp-json/,404,text/html,https://web.archive.org/web/20181230151110/https://ikttips.skolbloggen.se/wp-json/
https://ikttips.skolbloggen.se/xmlrpc.php,other,20181226011933,20181226011933,1,20181226011933,https://ikttips.skolbloggen.se/xmlrpc.php,-,warc/revisit,https://web.archive.org/web/20181226011933/https://ikttips.skolbloggen.se/xmlrpc.php
https://ikttips.skolbloggen.se/xmlrpc.php?rsd,other,20190103194453,20190103194453,1,20190103194453,https://ikttips.skolbloggen.se/xmlrpc.php?rsd,200,text/xml,https://web.archive.org/web/20190103194453/https://ikttips.skolbloggen.se/xmlrpc.php?rsd
