normalized_url,kind,best_statuscode,best_mimetype,best_timestamp,best_original,best_wayback_url,fetch_url,content_candidate,reason,destination_hint,redirect_candidate,downloaded,cache_hit,final_url,final_normalized_url,final_kind,final_destination_hint,error
http://cwaste.skolbloggen.se/,homepage,200,text/html,20180321020140,http://cwaste.skolbloggen.se:80/,https://web.archive.org/web/20180321020140/http://cwaste.skolbloggen.se:80/,https://web.archive.org/web/20180321020140id_/http://cwaste.skolbloggen.se:80/,True,html-content,index.html,False,True,True,https://web.archive.org/web/20180321020140id_/http://cwaste.skolbloggen.se:80/,http://cwaste.skolbloggen.se/,homepage,index.html,
http://cwaste.skolbloggen.se/2010/01/,other,200,text/html,20100227062135,http://cwaste.skolbloggen.se:80/2010/01/,https://web.archive.org/web/20100227062135/http://cwaste.skolbloggen.se:80/2010/01/,https://web.archive.org/web/20100227062135id_/http://cwaste.skolbloggen.se:80/2010/01/,True,html-content,2010/01/index.html,False,True,True,https://web.archive.org/web/20100227062135id_/http://cwaste.skolbloggen.se:80/2010/01/,http://cwaste.skolbloggen.se/2010/01/,other,2010/01/index.html,
http://cwaste.skolbloggen.se/2010/01/05/valkommen-till-sv-b/,post_like,200,text/html,20100227040927,http://cwaste.skolbloggen.se:80/2010/01/05/valkommen-till-sv-b/,https://web.archive.org/web/20100227040927/http://cwaste.skolbloggen.se:80/2010/01/05/valkommen-till-sv-b/,https://web.archive.org/web/20100227040927id_/http://cwaste.skolbloggen.se:80/2010/01/05/valkommen-till-sv-b/,True,html-content,2010/01/05/valkommen-till-sv-b/index.html,False,True,True,https://web.archive.org/web/20100227040927id_/http://cwaste.skolbloggen.se:80/2010/01/05/valkommen-till-sv-b/,http://cwaste.skolbloggen.se/2010/01/05/valkommen-till-sv-b/,post_like,2010/01/05/valkommen-till-sv-b/index.html,
http://cwaste.skolbloggen.se/2010/01/10/vilka-ar-dina-tankar-kring-kursplanen-for-svenska-b/,post_like,200,text/html,20100227040931,http://cwaste.skolbloggen.se:80/2010/01/10/vilka-ar-dina-tankar-kring-kursplanen-for-svenska-b/,https://web.archive.org/web/20100227040931/http://cwaste.skolbloggen.se:80/2010/01/10/vilka-ar-dina-tankar-kring-kursplanen-for-svenska-b/,https://web.archive.org/web/20100227040931id_/http://cwaste.skolbloggen.se:80/2010/01/10/vilka-ar-dina-tankar-kring-kursplanen-for-svenska-b/,True,html-content,2010/01/10/vilka-ar-dina-tankar-kring-kursplanen-for-svenska-b/index.html,False,True,True,https://web.archive.org/web/20100227040931id_/http://cwaste.skolbloggen.se:80/2010/01/10/vilka-ar-dina-tankar-kring-kursplanen-for-svenska-b/,http://cwaste.skolbloggen.se/2010/01/10/vilka-ar-dina-tankar-kring-kursplanen-for-svenska-b/,post_like,2010/01/10/vilka-ar-dina-tankar-kring-kursplanen-for-svenska-b/index.html,
http://cwaste.skolbloggen.se/2010/01/17/vecka-3/,post_like,200,text/html,20100227040936,http://cwaste.skolbloggen.se:80/2010/01/17/vecka-3/,https://web.archive.org/web/20100227040936/http://cwaste.skolbloggen.se:80/2010/01/17/vecka-3/,https://web.archive.org/web/20100227040936id_/http://cwaste.skolbloggen.se:80/2010/01/17/vecka-3/,True,html-content,2010/01/17/vecka-3/index.html,False,True,True,https://web.archive.org/web/20100227040936id_/http://cwaste.skolbloggen.se:80/2010/01/17/vecka-3/,http://cwaste.skolbloggen.se/2010/01/17/vecka-3/,post_like,2010/01/17/vecka-3/index.html,
http://cwaste.skolbloggen.se/2010/01/22/vecka-4/,post_like,200,text/html,20100227041141,http://cwaste.skolbloggen.se:80/2010/01/22/vecka-4/,https://web.archive.org/web/20100227041141/http://cwaste.skolbloggen.se:80/2010/01/22/vecka-4/,https://web.archive.org/web/20100227041141id_/http://cwaste.skolbloggen.se:80/2010/01/22/vecka-4/,True,html-content,2010/01/22/vecka-4/index.html,False,True,True,https://web.archive.org/web/20100227041141id_/http://cwaste.skolbloggen.se:80/2010/01/22/vecka-4/,http://cwaste.skolbloggen.se/2010/01/22/vecka-4/,post_like,2010/01/22/vecka-4/index.html,
http://cwaste.skolbloggen.se/2010/01/29/vecka-5/,post_like,200,text/html,20100227040941,http://cwaste.skolbloggen.se:80/2010/01/29/vecka-5/,https://web.archive.org/web/20100227040941/http://cwaste.skolbloggen.se:80/2010/01/29/vecka-5/,https://web.archive.org/web/20100227040941id_/http://cwaste.skolbloggen.se:80/2010/01/29/vecka-5/,True,html-content,2010/01/29/vecka-5/index.html,False,True,True,https://web.archive.org/web/20100227040941id_/http://cwaste.skolbloggen.se:80/2010/01/29/vecka-5/,http://cwaste.skolbloggen.se/2010/01/29/vecka-5/,post_like,2010/01/29/vecka-5/index.html,
http://cwaste.skolbloggen.se/2010/02/,other,200,text/html,20100227062140,http://cwaste.skolbloggen.se:80/2010/02/,https://web.archive.org/web/20100227062140/http://cwaste.skolbloggen.se:80/2010/02/,https://web.archive.org/web/20100227062140id_/http://cwaste.skolbloggen.se:80/2010/02/,True,html-content,2010/02/index.html,False,True,True,https://web.archive.org/web/20100227062140id_/http://cwaste.skolbloggen.se:80/2010/02/,http://cwaste.skolbloggen.se/2010/02/,other,2010/02/index.html,
http://cwaste.skolbloggen.se/2010/02/19/nu-fyller-jag-inte-pa-mer-har/,post_like,200,text/html,20100227025312,http://cwaste.skolbloggen.se:80/2010/02/19/nu-fyller-jag-inte-pa-mer-har/,https://web.archive.org/web/20100227025312/http://cwaste.skolbloggen.se:80/2010/02/19/nu-fyller-jag-inte-pa-mer-har/,https://web.archive.org/web/20100227025312id_/http://cwaste.skolbloggen.se:80/2010/02/19/nu-fyller-jag-inte-pa-mer-har/,True,html-content,2010/02/19/nu-fyller-jag-inte-pa-mer-har/index.html,False,True,True,https://web.archive.org/web/20100227025312id_/http://cwaste.skolbloggen.se:80/2010/02/19/nu-fyller-jag-inte-pa-mer-har/,http://cwaste.skolbloggen.se/2010/02/19/nu-fyller-jag-inte-pa-mer-har/,post_like,2010/02/19/nu-fyller-jag-inte-pa-mer-har/index.html,
http://cwaste.skolbloggen.se/2013/08/,other,200,text/html,20180323111148,http://cwaste.skolbloggen.se:80/2013/08/,https://web.archive.org/web/20180323111148/http://cwaste.skolbloggen.se:80/2013/08/,https://web.archive.org/web/20180323111148id_/http://cwaste.skolbloggen.se:80/2013/08/,True,html-content,2013/08/index.html,False,True,True,https://web.archive.org/web/20180323111148id_/http://cwaste.skolbloggen.se:80/2013/08/,http://cwaste.skolbloggen.se/2013/08/,other,2013/08/index.html,
http://cwaste.skolbloggen.se/2013/08/14/vi-bloggar/,post_like,200,text/html,20180323111346,http://cwaste.skolbloggen.se:80/2013/08/14/vi-bloggar/,https://web.archive.org/web/20180323111346/http://cwaste.skolbloggen.se:80/2013/08/14/vi-bloggar/,https://web.archive.org/web/20180323111346id_/http://cwaste.skolbloggen.se:80/2013/08/14/vi-bloggar/,True,html-content,2013/08/14/vi-bloggar/index.html,False,True,True,https://web.archive.org/web/20180323111346id_/http://cwaste.skolbloggen.se:80/2013/08/14/vi-bloggar/,http://cwaste.skolbloggen.se/2013/08/14/vi-bloggar/,post_like,2013/08/14/vi-bloggar/index.html,
http://cwaste.skolbloggen.se/?p=258,homepage,301,text/html,20180119211217,http://cwaste.skolbloggen.se:80/?p=258,https://web.archive.org/web/20180119211217/http://cwaste.skolbloggen.se:80/?p=258,https://web.archive.org/web/20180119211217/http://cwaste.skolbloggen.se:80/?p=258,True,query-post-id,index.html,True,True,True,https://web.archive.org/web/20180119211217/http://cwaste.skolbloggen.se:80/?p=258,http://cwaste.skolbloggen.se/?p=258,homepage,index.html,
http://cwaste.skolbloggen.se/?p=402,homepage,301,text/html,20180228161313,http://cwaste.skolbloggen.se:80/?p=402,https://web.archive.org/web/20180228161313/http://cwaste.skolbloggen.se:80/?p=402,https://web.archive.org/web/20180228161313/http://cwaste.skolbloggen.se:80/?p=402,True,query-post-id,index.html,True,True,True,https://web.archive.org/web/20180228161313/http://cwaste.skolbloggen.se:80/?p=402,http://cwaste.skolbloggen.se/?p=402,homepage,index.html,
http://cwaste.skolbloggen.se/?p=445,homepage,301,text/html,20180228161319,http://cwaste.skolbloggen.se:80/?p=445,https://web.archive.org/web/20180228161319/http://cwaste.skolbloggen.se:80/?p=445,https://web.archive.org/web/20180228161319/http://cwaste.skolbloggen.se:80/?p=445,True,query-post-id,index.html,True,True,True,https://web.archive.org/web/20180228161319/http://cwaste.skolbloggen.se:80/?p=445,http://cwaste.skolbloggen.se/?p=445,homepage,index.html,
http://cwaste.skolbloggen.se/?p=475,homepage,301,text/html,20180301022907,http://cwaste.skolbloggen.se:80/?p=475,https://web.archive.org/web/20180301022907/http://cwaste.skolbloggen.se:80/?p=475,https://web.archive.org/web/20180301022907/http://cwaste.skolbloggen.se:80/?p=475,True,query-post-id,index.html,True,True,True,https://web.archive.org/web/20180301022907/http://cwaste.skolbloggen.se:80/?p=475,http://cwaste.skolbloggen.se/?p=475,homepage,index.html,
http://cwaste.skolbloggen.se/?p=609,homepage,301,text/html,20160403082450,http://cwaste.skolbloggen.se:80/?p=609,https://web.archive.org/web/20160403082450/http://cwaste.skolbloggen.se:80/?p=609,https://web.archive.org/web/20160403082450/http://cwaste.skolbloggen.se:80/?p=609,True,query-post-id,index.html,True,True,True,https://web.archive.org/web/20160403082450/http://cwaste.skolbloggen.se:80/?p=609,http://cwaste.skolbloggen.se/?p=609,homepage,index.html,
http://cwaste.skolbloggen.se/?p=672,homepage,301,text/html,20180227184841,http://cwaste.skolbloggen.se:80/?p=672,https://web.archive.org/web/20180227184841/http://cwaste.skolbloggen.se:80/?p=672,https://web.archive.org/web/20180227184841/http://cwaste.skolbloggen.se:80/?p=672,True,query-post-id,index.html,True,True,True,https://web.archive.org/web/20180227184841/http://cwaste.skolbloggen.se:80/?p=672,http://cwaste.skolbloggen.se/?p=672,homepage,index.html,
http://cwaste.skolbloggen.se/?p=762,homepage,301,text/html,20180227184705,http://cwaste.skolbloggen.se:80/?p=762,https://web.archive.org/web/20180227184705/http://cwaste.skolbloggen.se:80/?p=762,https://web.archive.org/web/20180227184705/http://cwaste.skolbloggen.se:80/?p=762,True,query-post-id,index.html,True,True,True,https://web.archive.org/web/20180227184705/http://cwaste.skolbloggen.se:80/?p=762,http://cwaste.skolbloggen.se/?p=762,homepage,index.html,
http://cwaste.skolbloggen.se/?p=829,homepage,301,text/html,20160416114435,http://cwaste.skolbloggen.se:80/?p=829,https://web.archive.org/web/20160416114435/http://cwaste.skolbloggen.se:80/?p=829,https://web.archive.org/web/20160416114435/http://cwaste.skolbloggen.se:80/?p=829,True,query-post-id,index.html,True,True,True,https://web.archive.org/web/20160416114435/http://cwaste.skolbloggen.se:80/?p=829,http://cwaste.skolbloggen.se/?p=829,homepage,index.html,
http://cwaste.skolbloggen.se/?wordfence_logHuman=1&hid=90A5558022A5FD8FDFBDA2C8A37BDF8E,homepage,200,text/javascript,20160402212300,http://cwaste.skolbloggen.se:80/?wordfence_logHuman=1&hid=90A5558022A5FD8FDFBDA2C8A37BDF8E,https://web.archive.org/web/20160402212300/http://cwaste.skolbloggen.se:80/?wordfence_logHuman=1&hid=90A5558022A5FD8FDFBDA2C8A37BDF8E,https://web.archive.org/web/20160402212300id_/http://cwaste.skolbloggen.se:80/?wordfence_logHuman=1&hid=90A5558022A5FD8FDFBDA2C8A37BDF8E,False,mime:text/javascript,index.html,False,False,False,,,,,
http://cwaste.skolbloggen.se/?wordfence_logHuman=1&hid=C7390D5F6D306E24A133E1180B9A8AF1,homepage,200,text/javascript,20160416125604,http://cwaste.skolbloggen.se:80/?wordfence_logHuman=1&hid=C7390D5F6D306E24A133E1180B9A8AF1,https://web.archive.org/web/20160416125604/http://cwaste.skolbloggen.se:80/?wordfence_logHuman=1&hid=C7390D5F6D306E24A133E1180B9A8AF1,https://web.archive.org/web/20160416125604id_/http://cwaste.skolbloggen.se:80/?wordfence_logHuman=1&hid=C7390D5F6D306E24A133E1180B9A8AF1,False,mime:text/javascript,index.html,False,False,False,,,,,
http://cwaste.skolbloggen.se/?wordfence_syncAttackData=1516186116.6389,homepage,200,text/javascript,20180119210957,http://cwaste.skolbloggen.se:80/?wordfence_syncAttackData=1516186116.6389,https://web.archive.org/web/20180119210957/http://cwaste.skolbloggen.se:80/?wordfence_syncAttackData=1516186116.6389,https://web.archive.org/web/20180119210957id_/http://cwaste.skolbloggen.se:80/?wordfence_syncAttackData=1516186116.6389,False,mime:text/javascript,index.html,False,False,False,,,,,
http://cwaste.skolbloggen.se/a.thickbox,other,404,text/html,20100824212302,http://cwaste.skolbloggen.se/a.thickbox,https://web.archive.org/web/20100824212302/http://cwaste.skolbloggen.se/a.thickbox,https://web.archive.org/web/20100824212302/http://cwaste.skolbloggen.se/a.thickbox,False,noise-path,a.html,False,False,False,,,,,
http://cwaste.skolbloggen.se/author/cwaste/,other,200,text/html,20180323110857,http://cwaste.skolbloggen.se:80/author/cwaste/,https://web.archive.org/web/20180323110857/http://cwaste.skolbloggen.se:80/author/cwaste/,https://web.archive.org/web/20180323110857id_/http://cwaste.skolbloggen.se:80/author/cwaste/,True,html-content,author/cwaste/index.html,False,True,True,https://web.archive.org/web/20180323110857id_/http://cwaste.skolbloggen.se:80/author/cwaste/,http://cwaste.skolbloggen.se/author/cwaste/,other,author/cwaste/index.html,
http://cwaste.skolbloggen.se/category/introduktion/,category,200,text/html,20100227041147,http://cwaste.skolbloggen.se:80/category/introduktion/,https://web.archive.org/web/20100227041147/http://cwaste.skolbloggen.se:80/category/introduktion/,https://web.archive.org/web/20100227041147id_/http://cwaste.skolbloggen.se:80/category/introduktion/,True,html-content,category/introduktion/index.html,False,True,True,https://web.archive.org/web/20100227041147id_/http://cwaste.skolbloggen.se:80/category/introduktion/,http://cwaste.skolbloggen.se/category/introduktion/,category,category/introduktion/index.html,
http://cwaste.skolbloggen.se/category/okategoriserad/,category,200,text/html,20180323111351,http://cwaste.skolbloggen.se:80/category/okategoriserad/,https://web.archive.org/web/20180323111351/http://cwaste.skolbloggen.se:80/category/okategoriserad/,https://web.archive.org/web/20180323111351id_/http://cwaste.skolbloggen.se:80/category/okategoriserad/,True,html-content,category/okategoriserad/index.html,False,True,True,https://web.archive.org/web/20180323111351id_/http://cwaste.skolbloggen.se:80/category/okategoriserad/,http://cwaste.skolbloggen.se/category/okategoriserad/,category,category/okategoriserad/index.html,
http://cwaste.skolbloggen.se/category/planering/,category,200,text/html,20100227025321,http://cwaste.skolbloggen.se:80/category/planering/,https://web.archive.org/web/20100227025321/http://cwaste.skolbloggen.se:80/category/planering/,https://web.archive.org/web/20100227025321id_/http://cwaste.skolbloggen.se:80/category/planering/,True,html-content,category/planering/index.html,False,True,True,https://web.archive.org/web/20100227025321id_/http://cwaste.skolbloggen.se:80/category/planering/,http://cwaste.skolbloggen.se/category/planering/,category,category/planering/index.html,
http://cwaste.skolbloggen.se/comments/feed/,feed,200,application/rss+xml,20180323111620,http://cwaste.skolbloggen.se:80/comments/feed/,https://web.archive.org/web/20180323111620/http://cwaste.skolbloggen.se:80/comments/feed/,https://web.archive.org/web/20180323111620id_/http://cwaste.skolbloggen.se:80/comments/feed/,False,kind:feed,comments/feed/index.html,False,False,False,,,,,
http://cwaste.skolbloggen.se/det-utvidgade-textbegreppet/,other,200,text/html,20180323111356,http://cwaste.skolbloggen.se:80/det-utvidgade-textbegreppet/,https://web.archive.org/web/20180323111356/http://cwaste.skolbloggen.se:80/det-utvidgade-textbegreppet/,https://web.archive.org/web/20180323111356id_/http://cwaste.skolbloggen.se:80/det-utvidgade-textbegreppet/,True,html-content,det-utvidgade-textbegreppet/index.html,False,True,True,https://web.archive.org/web/20180323111356id_/http://cwaste.skolbloggen.se:80/det-utvidgade-textbegreppet/,http://cwaste.skolbloggen.se/det-utvidgade-textbegreppet/,other,det-utvidgade-textbegreppet/index.html,
http://cwaste.skolbloggen.se/det-utvidgade-textbegreppet/bildanalys-ett-exempel,other,301,text/html,20161025010612,http://cwaste.skolbloggen.se:80/det-utvidgade-textbegreppet/bildanalys-ett-exempel,https://web.archive.org/web/20161025010612/http://cwaste.skolbloggen.se:80/det-utvidgade-textbegreppet/bildanalys-ett-exempel,https://web.archive.org/web/20161025010612/http://cwaste.skolbloggen.se:80/det-utvidgade-textbegreppet/bildanalys-ett-exempel,True,redirect:301,det-utvidgade-textbegreppet/bildanalys-ett-exempel/index.html,True,True,True,https://web.archive.org/web/20161025010612/http://cwaste.skolbloggen.se:80/det-utvidgade-textbegreppet/bildanalys-ett-exempel,http://cwaste.skolbloggen.se/det-utvidgade-textbegreppet/bildanalys-ett-exempel,other,det-utvidgade-textbegreppet/bildanalys-ett-exempel/index.html,
http://cwaste.skolbloggen.se/det-utvidgade-textbegreppet/bildanalys-ett-exempel/,other,200,text/html,20180323110902,http://cwaste.skolbloggen.se:80/det-utvidgade-textbegreppet/bildanalys-ett-exempel/,https://web.archive.org/web/20180323110902/http://cwaste.skolbloggen.se:80/det-utvidgade-textbegreppet/bildanalys-ett-exempel/,https://web.archive.org/web/20180323110902id_/http://cwaste.skolbloggen.se:80/det-utvidgade-textbegreppet/bildanalys-ett-exempel/,True,html-content,det-utvidgade-textbegreppet/bildanalys-ett-exempel/index.html,False,True,True,https://web.archive.org/web/20180323110902id_/http://cwaste.skolbloggen.se:80/det-utvidgade-textbegreppet/bildanalys-ett-exempel/,http://cwaste.skolbloggen.se/det-utvidgade-textbegreppet/bildanalys-ett-exempel/,other,det-utvidgade-textbegreppet/bildanalys-ett-exempel/index.html,
http://cwaste.skolbloggen.se/det-utvidgade-textbegreppet/bildanalys-ett-exempel/feed/,feed,200,application/rss+xml,20160523172459,http://cwaste.skolbloggen.se:80/det-utvidgade-textbegreppet/bildanalys-ett-exempel/feed/,https://web.archive.org/web/20160523172459/http://cwaste.skolbloggen.se:80/det-utvidgade-textbegreppet/bildanalys-ett-exempel/feed/,https://web.archive.org/web/20160523172459id_/http://cwaste.skolbloggen.se:80/det-utvidgade-textbegreppet/bildanalys-ett-exempel/feed/,False,kind:feed,det-utvidgade-textbegreppet/bildanalys-ett-exempel/feed/index.html,False,False,False,,,,,
http://cwaste.skolbloggen.se/div.post,other,404,text/html,20100824212315,http://cwaste.skolbloggen.se/div.post,https://web.archive.org/web/20100824212315/http://cwaste.skolbloggen.se/div.post,https://web.archive.org/web/20100824212315/http://cwaste.skolbloggen.se/div.post,False,noise-path,div.html,False,False,False,,,,,
http://cwaste.skolbloggen.se/favicon.ico,media,200,image/x-icon,20160624154634,http://cwaste.skolbloggen.se/favicon.ico,https://web.archive.org/web/20160624154634/http://cwaste.skolbloggen.se/favicon.ico,https://web.archive.org/web/20160624154634id_/http://cwaste.skolbloggen.se/favicon.ico,False,kind:media,favicon.html,False,False,False,,,,,
http://cwaste.skolbloggen.se/feed/,feed,200,application/rss+xml,20180321030013,http://cwaste.skolbloggen.se:80/feed/,https://web.archive.org/web/20180321030013/http://cwaste.skolbloggen.se:80/feed/,https://web.archive.org/web/20180321030013id_/http://cwaste.skolbloggen.se:80/feed/,False,kind:feed,feed/index.html,False,False,False,,,,,
http://cwaste.skolbloggen.se/feed/atom/,feed,200,application/atom+xml,20100227123328,http://cwaste.skolbloggen.se:80/feed/atom/,https://web.archive.org/web/20100227123328/http://cwaste.skolbloggen.se:80/feed/atom/,https://web.archive.org/web/20100227123328id_/http://cwaste.skolbloggen.se:80/feed/atom/,False,kind:feed,feed/atom/index.html,False,False,False,,,,,
http://cwaste.skolbloggen.se/feed/rss/,feed,200,text/xml,20100227124732,http://cwaste.skolbloggen.se:80/feed/rss/,https://web.archive.org/web/20100227124732/http://cwaste.skolbloggen.se:80/feed/rss/,https://web.archive.org/web/20100227124732id_/http://cwaste.skolbloggen.se:80/feed/rss/,False,kind:feed,feed/rss/index.html,False,False,False,,,,,
http://cwaste.skolbloggen.se/files/2010/05/lankskafferiet_logga.gif,media,200,image/gif,20160624154051,http://cwaste.skolbloggen.se/files/2010/05/lankskafferiet_logga.gif,https://web.archive.org/web/20160624154051/http://cwaste.skolbloggen.se/files/2010/05/lankskafferiet_logga.gif,https://web.archive.org/web/20160624154051id_/http://cwaste.skolbloggen.se/files/2010/05/lankskafferiet_logga.gif,False,kind:media,files/2010/05/lankskafferiet_logga.html,False,False,False,,,,,
http://cwaste.skolbloggen.se/files/2010/05/logga_forskning_se.gif,media,200,image/gif,20160624095658,http://cwaste.skolbloggen.se/files/2010/05/logga_forskning_se.gif,https://web.archive.org/web/20160624095658/http://cwaste.skolbloggen.se/files/2010/05/logga_forskning_se.gif,https://web.archive.org/web/20160624095658id_/http://cwaste.skolbloggen.se/files/2010/05/logga_forskning_se.gif,False,kind:media,files/2010/05/logga_forskning_se.html,False,False,False,,,,,
http://cwaste.skolbloggen.se/files/2010/05/logga_multimediabyran.jpg,media,200,image/jpeg,20100824212409,http://cwaste.skolbloggen.se/files/2010/05/logga_multimediabyran.jpg,https://web.archive.org/web/20100824212409/http://cwaste.skolbloggen.se/files/2010/05/logga_multimediabyran.jpg,https://web.archive.org/web/20100824212409id_/http://cwaste.skolbloggen.se/files/2010/05/logga_multimediabyran.jpg,False,kind:media,files/2010/05/logga_multimediabyran.html,False,False,False,,,,,
http://cwaste.skolbloggen.se/files/2010/05/logga_pim.gif,media,200,image/gif,20160624095728,http://cwaste.skolbloggen.se/files/2010/05/logga_pim.gif,https://web.archive.org/web/20160624095728/http://cwaste.skolbloggen.se/files/2010/05/logga_pim.gif,https://web.archive.org/web/20160624095728id_/http://cwaste.skolbloggen.se/files/2010/05/logga_pim.gif,False,kind:media,files/2010/05/logga_pim.html,False,False,False,,,,,
http://cwaste.skolbloggen.se/files/2010/05/logo-jamendo.jpg,media,200,image/jpeg,20160624094519,http://cwaste.skolbloggen.se/files/2010/05/logo-jamendo.jpg,https://web.archive.org/web/20160624094519/http://cwaste.skolbloggen.se/files/2010/05/logo-jamendo.jpg,https://web.archive.org/web/20160624094519id_/http://cwaste.skolbloggen.se/files/2010/05/logo-jamendo.jpg,False,kind:media,files/2010/05/logo-jamendo.html,False,False,False,,,,,
http://cwaste.skolbloggen.se/files/2010/05/logotype-mediekompass.jpg,media,200,image/jpeg,20160624160156,http://cwaste.skolbloggen.se/files/2010/05/logotype-mediekompass.jpg,https://web.archive.org/web/20160624160156/http://cwaste.skolbloggen.se/files/2010/05/logotype-mediekompass.jpg,https://web.archive.org/web/20160624160156id_/http://cwaste.skolbloggen.se/files/2010/05/logotype-mediekompass.jpg,False,kind:media,files/2010/05/logotype-mediekompass.html,False,False,False,,,,,
http://cwaste.skolbloggen.se/files/2010/05/logotype.gif,media,200,image/gif,20160624160220,http://cwaste.skolbloggen.se/files/2010/05/logotype.gif,https://web.archive.org/web/20160624160220/http://cwaste.skolbloggen.se/files/2010/05/logotype.gif,https://web.archive.org/web/20160624160220id_/http://cwaste.skolbloggen.se/files/2010/05/logotype.gif,False,kind:media,files/2010/05/logotype.html,False,False,False,,,,,
http://cwaste.skolbloggen.se/om-froken-waste/,other,200,text/html,20100227062433,http://cwaste.skolbloggen.se:80/om-froken-waste/,https://web.archive.org/web/20100227062433/http://cwaste.skolbloggen.se:80/om-froken-waste/,https://web.archive.org/web/20100227062433id_/http://cwaste.skolbloggen.se:80/om-froken-waste/,True,html-content,om-froken-waste/index.html,False,True,True,https://web.archive.org/web/20100227062433id_/http://cwaste.skolbloggen.se:80/om-froken-waste/,http://cwaste.skolbloggen.se/om-froken-waste/,other,om-froken-waste/index.html,
http://cwaste.skolbloggen.se/om-tavlingsbidraget/,other,200,text/html,20180323111401,http://cwaste.skolbloggen.se:80/om-tavlingsbidraget/,https://web.archive.org/web/20180323111401/http://cwaste.skolbloggen.se:80/om-tavlingsbidraget/,https://web.archive.org/web/20180323111401id_/http://cwaste.skolbloggen.se:80/om-tavlingsbidraget/,True,html-content,om-tavlingsbidraget/index.html,False,True,True,https://web.archive.org/web/20180323111401id_/http://cwaste.skolbloggen.se:80/om-tavlingsbidraget/,http://cwaste.skolbloggen.se/om-tavlingsbidraget/,other,om-tavlingsbidraget/index.html,
http://cwaste.skolbloggen.se/oppna-larresurser/,other,200,text/html,20180323110907,http://cwaste.skolbloggen.se:80/oppna-larresurser/,https://web.archive.org/web/20180323110907/http://cwaste.skolbloggen.se:80/oppna-larresurser/,https://web.archive.org/web/20180323110907id_/http://cwaste.skolbloggen.se:80/oppna-larresurser/,True,html-content,oppna-larresurser/index.html,False,True,True,https://web.archive.org/web/20180323110907id_/http://cwaste.skolbloggen.se:80/oppna-larresurser/,http://cwaste.skolbloggen.se/oppna-larresurser/,other,oppna-larresurser/index.html,
http://cwaste.skolbloggen.se/oppna-larresurser/csu-affordable-learning-solutions/,other,200,text/html,20180323110913,http://cwaste.skolbloggen.se:80/oppna-larresurser/csu-affordable-learning-solutions/,https://web.archive.org/web/20180323110913/http://cwaste.skolbloggen.se:80/oppna-larresurser/csu-affordable-learning-solutions/,https://web.archive.org/web/20180323110913id_/http://cwaste.skolbloggen.se:80/oppna-larresurser/csu-affordable-learning-solutions/,True,html-content,oppna-larresurser/csu-affordable-learning-solutions/index.html,False,True,True,https://web.archive.org/web/20180323110913id_/http://cwaste.skolbloggen.se:80/oppna-larresurser/csu-affordable-learning-solutions/,http://cwaste.skolbloggen.se/oppna-larresurser/csu-affordable-learning-solutions/,other,oppna-larresurser/csu-affordable-learning-solutions/index.html,
http://cwaste.skolbloggen.se/oppna-larresurser/itunes-u/,other,200,text/html,20180323111625,http://cwaste.skolbloggen.se:80/oppna-larresurser/itunes-u/,https://web.archive.org/web/20180323111625/http://cwaste.skolbloggen.se:80/oppna-larresurser/itunes-u/,https://web.archive.org/web/20180323111625id_/http://cwaste.skolbloggen.se:80/oppna-larresurser/itunes-u/,True,html-content,oppna-larresurser/itunes-u/index.html,False,True,True,https://web.archive.org/web/20180323111625id_/http://cwaste.skolbloggen.se:80/oppna-larresurser/itunes-u/,http://cwaste.skolbloggen.se/oppna-larresurser/itunes-u/,other,oppna-larresurser/itunes-u/index.html,
http://cwaste.skolbloggen.se/oppna-larresurser/ne-skola/,other,200,text/html,20180323110917,http://cwaste.skolbloggen.se:80/oppna-larresurser/ne-skola/,https://web.archive.org/web/20180323110917/http://cwaste.skolbloggen.se:80/oppna-larresurser/ne-skola/,https://web.archive.org/web/20180323110917id_/http://cwaste.skolbloggen.se:80/oppna-larresurser/ne-skola/,True,html-content,oppna-larresurser/ne-skola/index.html,False,True,True,https://web.archive.org/web/20180323110917id_/http://cwaste.skolbloggen.se:80/oppna-larresurser/ne-skola/,http://cwaste.skolbloggen.se/oppna-larresurser/ne-skola/,other,oppna-larresurser/ne-skola/index.html,
http://cwaste.skolbloggen.se/oppna-larresurser/wikibooks/,other,200,text/html,20180323111154,http://cwaste.skolbloggen.se:80/oppna-larresurser/wikibooks/,https://web.archive.org/web/20180323111154/http://cwaste.skolbloggen.se:80/oppna-larresurser/wikibooks/,https://web.archive.org/web/20180323111154id_/http://cwaste.skolbloggen.se:80/oppna-larresurser/wikibooks/,True,html-content,oppna-larresurser/wikibooks/index.html,False,True,True,https://web.archive.org/web/20180323111154id_/http://cwaste.skolbloggen.se:80/oppna-larresurser/wikibooks/,http://cwaste.skolbloggen.se/oppna-larresurser/wikibooks/,other,oppna-larresurser/wikibooks/index.html,
http://cwaste.skolbloggen.se/oppna-larresurser/wikiversity/,other,200,text/html,20180323111630,http://cwaste.skolbloggen.se:80/oppna-larresurser/wikiversity/,https://web.archive.org/web/20180323111630/http://cwaste.skolbloggen.se:80/oppna-larresurser/wikiversity/,https://web.archive.org/web/20180323111630id_/http://cwaste.skolbloggen.se:80/oppna-larresurser/wikiversity/,True,html-content,oppna-larresurser/wikiversity/index.html,False,True,True,https://web.archive.org/web/20180323111630id_/http://cwaste.skolbloggen.se:80/oppna-larresurser/wikiversity/,http://cwaste.skolbloggen.se/oppna-larresurser/wikiversity/,other,oppna-larresurser/wikiversity/index.html,
http://cwaste.skolbloggen.se/oppna-larresurser/youtube-edu/,other,200,text/html,20180323111406,http://cwaste.skolbloggen.se:80/oppna-larresurser/youtube-edu/,https://web.archive.org/web/20180323111406/http://cwaste.skolbloggen.se:80/oppna-larresurser/youtube-edu/,https://web.archive.org/web/20180323111406id_/http://cwaste.skolbloggen.se:80/oppna-larresurser/youtube-edu/,True,html-content,oppna-larresurser/youtube-edu/index.html,False,True,True,https://web.archive.org/web/20180323111406id_/http://cwaste.skolbloggen.se:80/oppna-larresurser/youtube-edu/,http://cwaste.skolbloggen.se/oppna-larresurser/youtube-edu/,other,oppna-larresurser/youtube-edu/index.html,
http://cwaste.skolbloggen.se/presentation/,other,200,text/html,20180323111411,http://cwaste.skolbloggen.se:80/presentation/,https://web.archive.org/web/20180323111411/http://cwaste.skolbloggen.se:80/presentation/,https://web.archive.org/web/20180323111411id_/http://cwaste.skolbloggen.se:80/presentation/,True,html-content,presentation/index.html,False,True,True,https://web.archive.org/web/20180323111411id_/http://cwaste.skolbloggen.se:80/presentation/,http://cwaste.skolbloggen.se/presentation/,other,presentation/index.html,
http://cwaste.skolbloggen.se/presentation/din-presentation,other,301,text/html,20190806172305,http://cwaste.skolbloggen.se:80/presentation/din-presentation,https://web.archive.org/web/20190806172305/http://cwaste.skolbloggen.se:80/presentation/din-presentation,https://web.archive.org/web/20190806172305/http://cwaste.skolbloggen.se:80/presentation/din-presentation,True,redirect:301,presentation/din-presentation/index.html,True,True,True,https://web.archive.org/web/20180323111416/http://cwaste.skolbloggen.se/presentation/din-presentation/,http://cwaste.skolbloggen.se/presentation/din-presentation/,other,presentation/din-presentation/index.html,
http://cwaste.skolbloggen.se/presentation/din-presentation/,other,200,text/html,20180323111416,http://cwaste.skolbloggen.se:80/presentation/din-presentation/,https://web.archive.org/web/20180323111416/http://cwaste.skolbloggen.se:80/presentation/din-presentation/,https://web.archive.org/web/20180323111416id_/http://cwaste.skolbloggen.se:80/presentation/din-presentation/,True,html-content,presentation/din-presentation/index.html,False,True,True,https://web.archive.org/web/20180323111416id_/http://cwaste.skolbloggen.se:80/presentation/din-presentation/,http://cwaste.skolbloggen.se/presentation/din-presentation/,other,presentation/din-presentation/index.html,
http://cwaste.skolbloggen.se/presentation/din-presentation/feed/,feed,200,application/rss+xml,20180324134610,http://cwaste.skolbloggen.se:80/presentation/din-presentation/feed/,https://web.archive.org/web/20180324134610/http://cwaste.skolbloggen.se:80/presentation/din-presentation/feed/,https://web.archive.org/web/20180324134610id_/http://cwaste.skolbloggen.se:80/presentation/din-presentation/feed/,False,kind:feed,presentation/din-presentation/feed/index.html,False,False,False,,,,,
http://cwaste.skolbloggen.se/presentation/om-froken-waste,other,301,text/html,20170128024154,http://cwaste.skolbloggen.se:80/presentation/om-froken-waste,https://web.archive.org/web/20170128024154/http://cwaste.skolbloggen.se:80/presentation/om-froken-waste,https://web.archive.org/web/20170128024154/http://cwaste.skolbloggen.se:80/presentation/om-froken-waste,True,redirect:301,presentation/om-froken-waste/index.html,True,True,True,https://web.archive.org/web/20170128024154/http://cwaste.skolbloggen.se:80/presentation/om-froken-waste,http://cwaste.skolbloggen.se/presentation/om-froken-waste,other,presentation/om-froken-waste/index.html,
http://cwaste.skolbloggen.se/presentation/om-froken-waste/,other,200,text/html,20180321045840,http://cwaste.skolbloggen.se:80/presentation/om-froken-waste/,https://web.archive.org/web/20180321045840/http://cwaste.skolbloggen.se:80/presentation/om-froken-waste/,https://web.archive.org/web/20180321045840id_/http://cwaste.skolbloggen.se:80/presentation/om-froken-waste/,True,html-content,presentation/om-froken-waste/index.html,False,True,True,https://web.archive.org/web/20180321045840id_/http://cwaste.skolbloggen.se:80/presentation/om-froken-waste/,http://cwaste.skolbloggen.se/presentation/om-froken-waste/,other,presentation/om-froken-waste/index.html,
http://cwaste.skolbloggen.se/redovisning/,other,200,text/html,20180323110922,http://cwaste.skolbloggen.se:80/redovisning/,https://web.archive.org/web/20180323110922/http://cwaste.skolbloggen.se:80/redovisning/,https://web.archive.org/web/20180323110922id_/http://cwaste.skolbloggen.se:80/redovisning/,True,html-content,redovisning/index.html,False,True,True,https://web.archive.org/web/20180323110922id_/http://cwaste.skolbloggen.se:80/redovisning/,http://cwaste.skolbloggen.se/redovisning/,other,redovisning/index.html,
http://cwaste.skolbloggen.se/redovisning/akademisk-hederlighet/,other,200,text/html,20180323111159,http://cwaste.skolbloggen.se:80/redovisning/akademisk-hederlighet/,https://web.archive.org/web/20180323111159/http://cwaste.skolbloggen.se:80/redovisning/akademisk-hederlighet/,https://web.archive.org/web/20180323111159id_/http://cwaste.skolbloggen.se:80/redovisning/akademisk-hederlighet/,True,html-content,redovisning/akademisk-hederlighet/index.html,False,True,True,https://web.archive.org/web/20180323111159id_/http://cwaste.skolbloggen.se:80/redovisning/akademisk-hederlighet/,http://cwaste.skolbloggen.se/redovisning/akademisk-hederlighet/,other,redovisning/akademisk-hederlighet/index.html,
http://cwaste.skolbloggen.se/redovisning/akademisk-hederlighet/upphovsratt-och-creative-commons/,other,200,text/html,20180323111635,http://cwaste.skolbloggen.se:80/redovisning/akademisk-hederlighet/upphovsratt-och-creative-commons/,https://web.archive.org/web/20180323111635/http://cwaste.skolbloggen.se:80/redovisning/akademisk-hederlighet/upphovsratt-och-creative-commons/,https://web.archive.org/web/20180323111635id_/http://cwaste.skolbloggen.se:80/redovisning/akademisk-hederlighet/upphovsratt-och-creative-commons/,True,html-content,redovisning/akademisk-hederlighet/upphovsratt-och-creative-commons/index.html,False,True,True,https://web.archive.org/web/20180323111635id_/http://cwaste.skolbloggen.se:80/redovisning/akademisk-hederlighet/upphovsratt-och-creative-commons/,http://cwaste.skolbloggen.se/redovisning/akademisk-hederlighet/upphovsratt-och-creative-commons/,other,redovisning/akademisk-hederlighet/upphovsratt-och-creative-commons/index.html,
http://cwaste.skolbloggen.se/redovisning/bilder-och-bildtexter/,other,200,text/html,20180323111640,http://cwaste.skolbloggen.se:80/redovisning/bilder-och-bildtexter/,https://web.archive.org/web/20180323111640/http://cwaste.skolbloggen.se:80/redovisning/bilder-och-bildtexter/,https://web.archive.org/web/20180323111640id_/http://cwaste.skolbloggen.se:80/redovisning/bilder-och-bildtexter/,True,html-content,redovisning/bilder-och-bildtexter/index.html,False,True,True,https://web.archive.org/web/20180323111640id_/http://cwaste.skolbloggen.se:80/redovisning/bilder-och-bildtexter/,http://cwaste.skolbloggen.se/redovisning/bilder-och-bildtexter/,other,redovisning/bilder-och-bildtexter/index.html,
http://cwaste.skolbloggen.se/redovisning/bilder-som-du-far-anvanda-till-dina-redovisningar/,other,200,text/html,20180323111421,http://cwaste.skolbloggen.se:80/redovisning/bilder-som-du-far-anvanda-till-dina-redovisningar/,https://web.archive.org/web/20180323111421/http://cwaste.skolbloggen.se:80/redovisning/bilder-som-du-far-anvanda-till-dina-redovisningar/,https://web.archive.org/web/20180323111421id_/http://cwaste.skolbloggen.se:80/redovisning/bilder-som-du-far-anvanda-till-dina-redovisningar/,True,html-content,redovisning/bilder-som-du-far-anvanda-till-dina-redovisningar/index.html,False,True,True,https://web.archive.org/web/20180323111421id_/http://cwaste.skolbloggen.se:80/redovisning/bilder-som-du-far-anvanda-till-dina-redovisningar/,http://cwaste.skolbloggen.se/redovisning/bilder-som-du-far-anvanda-till-dina-redovisningar/,other,redovisning/bilder-som-du-far-anvanda-till-dina-redovisningar/index.html,
http://cwaste.skolbloggen.se/redovisning/hur-du-hanterar-powerpoint/,other,200,text/html,20180323111426,http://cwaste.skolbloggen.se:80/redovisning/hur-du-hanterar-powerpoint/,https://web.archive.org/web/20180323111426/http://cwaste.skolbloggen.se:80/redovisning/hur-du-hanterar-powerpoint/,https://web.archive.org/web/20180323111426id_/http://cwaste.skolbloggen.se:80/redovisning/hur-du-hanterar-powerpoint/,True,html-content,redovisning/hur-du-hanterar-powerpoint/index.html,False,True,True,https://web.archive.org/web/20180323111426id_/http://cwaste.skolbloggen.se:80/redovisning/hur-du-hanterar-powerpoint/,http://cwaste.skolbloggen.se/redovisning/hur-du-hanterar-powerpoint/,other,redovisning/hur-du-hanterar-powerpoint/index.html,
http://cwaste.skolbloggen.se/redovisning/overkurs/,other,200,text/html,20180323111645,http://cwaste.skolbloggen.se:80/redovisning/overkurs/,https://web.archive.org/web/20180323111645/http://cwaste.skolbloggen.se:80/redovisning/overkurs/,https://web.archive.org/web/20180323111645id_/http://cwaste.skolbloggen.se:80/redovisning/overkurs/,True,html-content,redovisning/overkurs/index.html,False,True,True,https://web.archive.org/web/20180323111645id_/http://cwaste.skolbloggen.se:80/redovisning/overkurs/,http://cwaste.skolbloggen.se/redovisning/overkurs/,other,redovisning/overkurs/index.html,
http://cwaste.skolbloggen.se/redovisning/publicering/,other,200,text/html,20180323111204,http://cwaste.skolbloggen.se:80/redovisning/publicering/,https://web.archive.org/web/20180323111204/http://cwaste.skolbloggen.se:80/redovisning/publicering/,https://web.archive.org/web/20180323111204id_/http://cwaste.skolbloggen.se:80/redovisning/publicering/,True,html-content,redovisning/publicering/index.html,False,True,True,https://web.archive.org/web/20180323111204id_/http://cwaste.skolbloggen.se:80/redovisning/publicering/,http://cwaste.skolbloggen.se/redovisning/publicering/,other,redovisning/publicering/index.html,
http://cwaste.skolbloggen.se/redovisning/tankekartor/,other,200,text/html,20180323111431,http://cwaste.skolbloggen.se:80/redovisning/tankekartor/,https://web.archive.org/web/20180323111431/http://cwaste.skolbloggen.se:80/redovisning/tankekartor/,https://web.archive.org/web/20180323111431id_/http://cwaste.skolbloggen.se:80/redovisning/tankekartor/,True,html-content,redovisning/tankekartor/index.html,False,True,True,https://web.archive.org/web/20180323111431id_/http://cwaste.skolbloggen.se:80/redovisning/tankekartor/,http://cwaste.skolbloggen.se/redovisning/tankekartor/,other,redovisning/tankekartor/index.html,
http://cwaste.skolbloggen.se/redovisning/textformatering,other,301,text/html,20160715022914,http://cwaste.skolbloggen.se:80/redovisning/textformatering,https://web.archive.org/web/20160715022914/http://cwaste.skolbloggen.se:80/redovisning/textformatering,https://web.archive.org/web/20160715022914/http://cwaste.skolbloggen.se:80/redovisning/textformatering,True,redirect:301,redovisning/textformatering/index.html,True,True,True,https://web.archive.org/web/20160715022914/http://cwaste.skolbloggen.se:80/redovisning/textformatering,http://cwaste.skolbloggen.se/redovisning/textformatering,other,redovisning/textformatering/index.html,
http://cwaste.skolbloggen.se/redovisning/textformatering/,other,200,text/html,20180323111438,http://cwaste.skolbloggen.se:80/redovisning/textformatering/,https://web.archive.org/web/20180323111438/http://cwaste.skolbloggen.se:80/redovisning/textformatering/,https://web.archive.org/web/20180323111438id_/http://cwaste.skolbloggen.se:80/redovisning/textformatering/,True,html-content,redovisning/textformatering/index.html,False,True,True,https://web.archive.org/web/20180323111438id_/http://cwaste.skolbloggen.se:80/redovisning/textformatering/,http://cwaste.skolbloggen.se/redovisning/textformatering/,other,redovisning/textformatering/index.html,
http://cwaste.skolbloggen.se/robots.txt,other,200,text/plain,20160803205502,http://cwaste.skolbloggen.se/robots.txt,https://web.archive.org/web/20160803205502/http://cwaste.skolbloggen.se/robots.txt,https://web.archive.org/web/20160803205502id_/http://cwaste.skolbloggen.se/robots.txt,False,noise-path,robots.html,False,False,False,,,,,
http://cwaste.skolbloggen.se/search/matris++referat,other,200,text/html,20170605221313,http://cwaste.skolbloggen.se:80/search/matris++referat,https://web.archive.org/web/20170605221313/http://cwaste.skolbloggen.se:80/search/matris++referat,https://web.archive.org/web/20170605221313id_/http://cwaste.skolbloggen.se:80/search/matris++referat,True,html-content,search/matris++referat/index.html,False,True,True,https://web.archive.org/web/20170605221313id_/http://cwaste.skolbloggen.se:80/search/matris++referat,http://cwaste.skolbloggen.se/search/matris++referat,other,search/matris++referat/index.html,
http://cwaste.skolbloggen.se/studieteknik,other,301,text/html,20161111011203,http://cwaste.skolbloggen.se:80/studieteknik,https://web.archive.org/web/20161111011203/http://cwaste.skolbloggen.se:80/studieteknik,https://web.archive.org/web/20161111011203/http://cwaste.skolbloggen.se:80/studieteknik,True,redirect:301,studieteknik/index.html,True,True,True,https://web.archive.org/web/20161111011203/http://cwaste.skolbloggen.se:80/studieteknik,http://cwaste.skolbloggen.se/studieteknik,other,studieteknik/index.html,
http://cwaste.skolbloggen.se/studieteknik/,other,200,text/html,20180315041541,http://cwaste.skolbloggen.se:80/studieteknik/,https://web.archive.org/web/20180315041541/http://cwaste.skolbloggen.se:80/studieteknik/,https://web.archive.org/web/20180315041541id_/http://cwaste.skolbloggen.se:80/studieteknik/,True,html-content,studieteknik/index.html,False,True,True,https://web.archive.org/web/20180315041541id_/http://cwaste.skolbloggen.se:80/studieteknik/,http://cwaste.skolbloggen.se/studieteknik/,other,studieteknik/index.html,
http://cwaste.skolbloggen.se/studieteknik/att-hitta-information/,other,200,text/html,20180323111209,http://cwaste.skolbloggen.se:80/studieteknik/att-hitta-information/,https://web.archive.org/web/20180323111209/http://cwaste.skolbloggen.se:80/studieteknik/att-hitta-information/,https://web.archive.org/web/20180323111209id_/http://cwaste.skolbloggen.se:80/studieteknik/att-hitta-information/,True,html-content,studieteknik/att-hitta-information/index.html,False,True,True,https://web.archive.org/web/20180323111209id_/http://cwaste.skolbloggen.se:80/studieteknik/att-hitta-information/,http://cwaste.skolbloggen.se/studieteknik/att-hitta-information/,other,studieteknik/att-hitta-information/index.html,
http://cwaste.skolbloggen.se/studieteknik/att-vardera-information/,other,200,text/html,20180323111214,http://cwaste.skolbloggen.se:80/studieteknik/att-vardera-information/,https://web.archive.org/web/20180323111214/http://cwaste.skolbloggen.se:80/studieteknik/att-vardera-information/,https://web.archive.org/web/20180323111214id_/http://cwaste.skolbloggen.se:80/studieteknik/att-vardera-information/,True,html-content,studieteknik/att-vardera-information/index.html,False,True,True,https://web.archive.org/web/20180323111214id_/http://cwaste.skolbloggen.se:80/studieteknik/att-vardera-information/,http://cwaste.skolbloggen.se/studieteknik/att-vardera-information/,other,studieteknik/att-vardera-information/index.html,
http://cwaste.skolbloggen.se/studieteknik/kallkritik,other,301,text/html,20170327000355,http://cwaste.skolbloggen.se:80/studieteknik/kallkritik,https://web.archive.org/web/20170327000355/http://cwaste.skolbloggen.se:80/studieteknik/kallkritik,https://web.archive.org/web/20170327000355/http://cwaste.skolbloggen.se:80/studieteknik/kallkritik,True,redirect:301,studieteknik/kallkritik/index.html,True,True,True,https://web.archive.org/web/20170327000355/http://cwaste.skolbloggen.se:80/studieteknik/kallkritik,http://cwaste.skolbloggen.se/studieteknik/kallkritik,other,studieteknik/kallkritik/index.html,
http://cwaste.skolbloggen.se/studieteknik/kallkritik/,other,200,text/html,20180119211317,http://cwaste.skolbloggen.se:80/studieteknik/kallkritik/,https://web.archive.org/web/20180119211317/http://cwaste.skolbloggen.se:80/studieteknik/kallkritik/,https://web.archive.org/web/20180119211317id_/http://cwaste.skolbloggen.se:80/studieteknik/kallkritik/,True,html-content,studieteknik/kallkritik/index.html,False,True,True,https://web.archive.org/web/20180119211317id_/http://cwaste.skolbloggen.se:80/studieteknik/kallkritik/,http://cwaste.skolbloggen.se/studieteknik/kallkritik/,other,studieteknik/kallkritik/index.html,
http://cwaste.skolbloggen.se/studieteknik/kallkritik/arkiv-och-samlingar-i-din-narhet/,other,200,text/html,20180323111650,http://cwaste.skolbloggen.se:80/studieteknik/kallkritik/arkiv-och-samlingar-i-din-narhet/,https://web.archive.org/web/20180323111650/http://cwaste.skolbloggen.se:80/studieteknik/kallkritik/arkiv-och-samlingar-i-din-narhet/,https://web.archive.org/web/20180323111650id_/http://cwaste.skolbloggen.se:80/studieteknik/kallkritik/arkiv-och-samlingar-i-din-narhet/,True,html-content,studieteknik/kallkritik/arkiv-och-samlingar-i-din-narhet/index.html,False,True,True,https://web.archive.org/web/20180323111650id_/http://cwaste.skolbloggen.se:80/studieteknik/kallkritik/arkiv-och-samlingar-i-din-narhet/,http://cwaste.skolbloggen.se/studieteknik/kallkritik/arkiv-och-samlingar-i-din-narhet/,other,studieteknik/kallkritik/arkiv-och-samlingar-i-din-narhet/index.html,
http://cwaste.skolbloggen.se/studieteknik/kallkritik/de-kallkritiska-principerna,other,301,text/html,20180325144204,http://cwaste.skolbloggen.se:80/studieteknik/kallkritik/de-kallkritiska-principerna,https://web.archive.org/web/20180325144204/http://cwaste.skolbloggen.se:80/studieteknik/kallkritik/de-kallkritiska-principerna,https://web.archive.org/web/20180325144204/http://cwaste.skolbloggen.se:80/studieteknik/kallkritik/de-kallkritiska-principerna,True,redirect:301,studieteknik/kallkritik/de-kallkritiska-principerna/index.html,True,True,True,https://web.archive.org/web/20180325144204/http://cwaste.skolbloggen.se:80/studieteknik/kallkritik/de-kallkritiska-principerna,http://cwaste.skolbloggen.se/studieteknik/kallkritik/de-kallkritiska-principerna,other,studieteknik/kallkritik/de-kallkritiska-principerna/index.html,
http://cwaste.skolbloggen.se/studieteknik/kallkritik/de-kallkritiska-principerna/,other,200,text/html,20180325144204,http://cwaste.skolbloggen.se:80/studieteknik/kallkritik/de-kallkritiska-principerna/,https://web.archive.org/web/20180325144204/http://cwaste.skolbloggen.se:80/studieteknik/kallkritik/de-kallkritiska-principerna/,https://web.archive.org/web/20180325144204id_/http://cwaste.skolbloggen.se:80/studieteknik/kallkritik/de-kallkritiska-principerna/,True,html-content,studieteknik/kallkritik/de-kallkritiska-principerna/index.html,False,True,True,https://web.archive.org/web/20180325144204id_/http://cwaste.skolbloggen.se:80/studieteknik/kallkritik/de-kallkritiska-principerna/,http://cwaste.skolbloggen.se/studieteknik/kallkritik/de-kallkritiska-principerna/,other,studieteknik/kallkritik/de-kallkritiska-principerna/index.html,
http://cwaste.skolbloggen.se/studieteknik/kallkritik/de-kallkritiska-principerna/feed/,feed,200,application/rss+xml,20180225141703,http://cwaste.skolbloggen.se:80/studieteknik/kallkritik/de-kallkritiska-principerna/feed/,https://web.archive.org/web/20180225141703/http://cwaste.skolbloggen.se:80/studieteknik/kallkritik/de-kallkritiska-principerna/feed/,https://web.archive.org/web/20180225141703id_/http://cwaste.skolbloggen.se:80/studieteknik/kallkritik/de-kallkritiska-principerna/feed/,False,kind:feed,studieteknik/kallkritik/de-kallkritiska-principerna/feed/index.html,False,False,False,,,,,
http://cwaste.skolbloggen.se/studieteknik/kallkritik/ovningar-i-kallkritik/,other,200,text/html,20180323111219,http://cwaste.skolbloggen.se:80/studieteknik/kallkritik/ovningar-i-kallkritik/,https://web.archive.org/web/20180323111219/http://cwaste.skolbloggen.se:80/studieteknik/kallkritik/ovningar-i-kallkritik/,https://web.archive.org/web/20180323111219id_/http://cwaste.skolbloggen.se:80/studieteknik/kallkritik/ovningar-i-kallkritik/,True,html-content,studieteknik/kallkritik/ovningar-i-kallkritik/index.html,False,True,True,https://web.archive.org/web/20180323111219id_/http://cwaste.skolbloggen.se:80/studieteknik/kallkritik/ovningar-i-kallkritik/,http://cwaste.skolbloggen.se/studieteknik/kallkritik/ovningar-i-kallkritik/,other,studieteknik/kallkritik/ovningar-i-kallkritik/index.html,
http://cwaste.skolbloggen.se/studieteknik/sjalvskattning-av-studievanor,other,301,text/html,20160715014257,http://cwaste.skolbloggen.se:80/studieteknik/sjalvskattning-av-studievanor,https://web.archive.org/web/20160715014257/http://cwaste.skolbloggen.se:80/studieteknik/sjalvskattning-av-studievanor,https://web.archive.org/web/20160715014257/http://cwaste.skolbloggen.se:80/studieteknik/sjalvskattning-av-studievanor,True,redirect:301,studieteknik/sjalvskattning-av-studievanor/index.html,True,True,True,https://web.archive.org/web/20160715014257/http://cwaste.skolbloggen.se:80/studieteknik/sjalvskattning-av-studievanor,http://cwaste.skolbloggen.se/studieteknik/sjalvskattning-av-studievanor,other,studieteknik/sjalvskattning-av-studievanor/index.html,
http://cwaste.skolbloggen.se/studieteknik/sjalvskattning-av-studievanor/,other,200,text/html,20180323111444,http://cwaste.skolbloggen.se:80/studieteknik/sjalvskattning-av-studievanor/,https://web.archive.org/web/20180323111444/http://cwaste.skolbloggen.se:80/studieteknik/sjalvskattning-av-studievanor/,https://web.archive.org/web/20180323111444id_/http://cwaste.skolbloggen.se:80/studieteknik/sjalvskattning-av-studievanor/,True,html-content,studieteknik/sjalvskattning-av-studievanor/index.html,False,True,True,https://web.archive.org/web/20180323111444id_/http://cwaste.skolbloggen.se:80/studieteknik/sjalvskattning-av-studievanor/,http://cwaste.skolbloggen.se/studieteknik/sjalvskattning-av-studievanor/,other,studieteknik/sjalvskattning-av-studievanor/index.html,
http://cwaste.skolbloggen.se/studieteknik/uppgift,other,301,text/html,20190823103348,http://cwaste.skolbloggen.se:80/studieteknik/uppgift,https://web.archive.org/web/20190823103348/http://cwaste.skolbloggen.se:80/studieteknik/uppgift,https://web.archive.org/web/20190823103348/http://cwaste.skolbloggen.se:80/studieteknik/uppgift,True,redirect:301,studieteknik/uppgift/index.html,True,True,True,https://web.archive.org/web/20180329122410/http://cwaste.skolbloggen.se/studieteknik/uppgift/,http://cwaste.skolbloggen.se/studieteknik/uppgift/,other,studieteknik/uppgift/index.html,
http://cwaste.skolbloggen.se/studieteknik/uppgift/,other,200,text/html,20180329122410,http://cwaste.skolbloggen.se:80/studieteknik/uppgift/,https://web.archive.org/web/20180329122410/http://cwaste.skolbloggen.se:80/studieteknik/uppgift/,https://web.archive.org/web/20180329122410id_/http://cwaste.skolbloggen.se:80/studieteknik/uppgift/,True,html-content,studieteknik/uppgift/index.html,False,True,True,https://web.archive.org/web/20180329122410id_/http://cwaste.skolbloggen.se:80/studieteknik/uppgift/,http://cwaste.skolbloggen.se/studieteknik/uppgift/,other,studieteknik/uppgift/index.html,
http://cwaste.skolbloggen.se/studieteknik/uppgift/feed/,feed,200,application/rss+xml,20180228075211,http://cwaste.skolbloggen.se:80/studieteknik/uppgift/feed/,https://web.archive.org/web/20180228075211/http://cwaste.skolbloggen.se:80/studieteknik/uppgift/feed/,https://web.archive.org/web/20180228075211id_/http://cwaste.skolbloggen.se:80/studieteknik/uppgift/feed/,False,kind:feed,studieteknik/uppgift/feed/index.html,False,False,False,,,,,
http://cwaste.skolbloggen.se/svenska,other,301,text/html,20160715024947,http://cwaste.skolbloggen.se:80/svenska,https://web.archive.org/web/20160715024947/http://cwaste.skolbloggen.se:80/svenska,https://web.archive.org/web/20160715024947/http://cwaste.skolbloggen.se:80/svenska,True,redirect:301,svenska/index.html,True,True,True,https://web.archive.org/web/20160715024947/http://cwaste.skolbloggen.se:80/svenska,http://cwaste.skolbloggen.se/svenska,other,svenska/index.html,
http://cwaste.skolbloggen.se/svenska/,other,200,text/html,20180323110927,http://cwaste.skolbloggen.se:80/svenska/,https://web.archive.org/web/20180323110927/http://cwaste.skolbloggen.se:80/svenska/,https://web.archive.org/web/20180323110927id_/http://cwaste.skolbloggen.se:80/svenska/,True,html-content,svenska/index.html,False,True,True,https://web.archive.org/web/20180323110927id_/http://cwaste.skolbloggen.se:80/svenska/,http://cwaste.skolbloggen.se/svenska/,other,svenska/index.html,
http://cwaste.skolbloggen.se/svenska/argumenterande-texter,other,301,text/html,20180325150029,http://cwaste.skolbloggen.se:80/svenska/argumenterande-texter,https://web.archive.org/web/20180325150029/http://cwaste.skolbloggen.se:80/svenska/argumenterande-texter,https://web.archive.org/web/20180325150029/http://cwaste.skolbloggen.se:80/svenska/argumenterande-texter,True,redirect:301,svenska/argumenterande-texter/index.html,True,True,True,https://web.archive.org/web/20180325150029/http://cwaste.skolbloggen.se:80/svenska/argumenterande-texter,http://cwaste.skolbloggen.se/svenska/argumenterande-texter,other,svenska/argumenterande-texter/index.html,
http://cwaste.skolbloggen.se/svenska/argumenterande-texter/,other,200,text/html,20180325150029,http://cwaste.skolbloggen.se:80/svenska/argumenterande-texter/,https://web.archive.org/web/20180325150029/http://cwaste.skolbloggen.se:80/svenska/argumenterande-texter/,https://web.archive.org/web/20180325150029id_/http://cwaste.skolbloggen.se:80/svenska/argumenterande-texter/,True,html-content,svenska/argumenterande-texter/index.html,False,True,True,https://web.archive.org/web/20180325150029id_/http://cwaste.skolbloggen.se:80/svenska/argumenterande-texter/,http://cwaste.skolbloggen.se/svenska/argumenterande-texter/,other,svenska/argumenterande-texter/index.html,
http://cwaste.skolbloggen.se/svenska/argumenterande-texter/argumentation-ett-exempel,other,301,text/html,20150625011307,http://cwaste.skolbloggen.se:80/svenska/argumenterande-texter/argumentation-ett-exempel,https://web.archive.org/web/20150625011307/http://cwaste.skolbloggen.se:80/svenska/argumenterande-texter/argumentation-ett-exempel,https://web.archive.org/web/20150625011307/http://cwaste.skolbloggen.se:80/svenska/argumenterande-texter/argumentation-ett-exempel,True,redirect:301,svenska/argumenterande-texter/argumentation-ett-exempel/index.html,True,True,True,https://web.archive.org/web/20150625011307/http://cwaste.skolbloggen.se:80/svenska/argumenterande-texter/argumentation-ett-exempel,http://cwaste.skolbloggen.se/svenska/argumenterande-texter/argumentation-ett-exempel,other,svenska/argumenterande-texter/argumentation-ett-exempel/index.html,
http://cwaste.skolbloggen.se/svenska/argumenterande-texter/argumentation-ett-exempel/,other,200,text/html,20180323111225,http://cwaste.skolbloggen.se:80/svenska/argumenterande-texter/argumentation-ett-exempel/,https://web.archive.org/web/20180323111225/http://cwaste.skolbloggen.se:80/svenska/argumenterande-texter/argumentation-ett-exempel/,https://web.archive.org/web/20180323111225id_/http://cwaste.skolbloggen.se:80/svenska/argumenterande-texter/argumentation-ett-exempel/,True,html-content,svenska/argumenterande-texter/argumentation-ett-exempel/index.html,False,True,True,https://web.archive.org/web/20180323111225id_/http://cwaste.skolbloggen.se:80/svenska/argumenterande-texter/argumentation-ett-exempel/,http://cwaste.skolbloggen.se/svenska/argumenterande-texter/argumentation-ett-exempel/,other,svenska/argumenterande-texter/argumentation-ett-exempel/index.html,
http://cwaste.skolbloggen.se/svenska/argumenterande-texter/argumenterande-tal,other,301,text/html,20170512124615,http://cwaste.skolbloggen.se:80/svenska/argumenterande-texter/argumenterande-tal,https://web.archive.org/web/20170512124615/http://cwaste.skolbloggen.se:80/svenska/argumenterande-texter/argumenterande-tal,https://web.archive.org/web/20170512124615/http://cwaste.skolbloggen.se:80/svenska/argumenterande-texter/argumenterande-tal,True,redirect:301,svenska/argumenterande-texter/argumenterande-tal/index.html,True,True,True,https://web.archive.org/web/20170512124615/http://cwaste.skolbloggen.se:80/svenska/argumenterande-texter/argumenterande-tal,http://cwaste.skolbloggen.se/svenska/argumenterande-texter/argumenterande-tal,other,svenska/argumenterande-texter/argumenterande-tal/index.html,
http://cwaste.skolbloggen.se/svenska/argumenterande-texter/argumenterande-tal/,other,200,text/html,20180227090539,http://cwaste.skolbloggen.se:80/svenska/argumenterande-texter/argumenterande-tal/,https://web.archive.org/web/20180227090539/http://cwaste.skolbloggen.se:80/svenska/argumenterande-texter/argumenterande-tal/,https://web.archive.org/web/20180227090539id_/http://cwaste.skolbloggen.se:80/svenska/argumenterande-texter/argumenterande-tal/,True,html-content,svenska/argumenterande-texter/argumenterande-tal/index.html,False,True,True,https://web.archive.org/web/20180227090539id_/http://cwaste.skolbloggen.se:80/svenska/argumenterande-texter/argumenterande-tal/,http://cwaste.skolbloggen.se/svenska/argumenterande-texter/argumenterande-tal/,other,svenska/argumenterande-texter/argumenterande-tal/index.html,
http://cwaste.skolbloggen.se/svenska/argumenterande-texter/skriva-insandaredebattartikel,other,301,text/html,20180325142712,http://cwaste.skolbloggen.se:80/svenska/argumenterande-texter/skriva-insandaredebattartikel,https://web.archive.org/web/20180325142712/http://cwaste.skolbloggen.se:80/svenska/argumenterande-texter/skriva-insandaredebattartikel,https://web.archive.org/web/20180325142712/http://cwaste.skolbloggen.se:80/svenska/argumenterande-texter/skriva-insandaredebattartikel,True,redirect:301,svenska/argumenterande-texter/skriva-insandaredebattartikel/index.html,True,True,True,https://web.archive.org/web/20180325142712/http://cwaste.skolbloggen.se:80/svenska/argumenterande-texter/skriva-insandaredebattartikel,http://cwaste.skolbloggen.se/svenska/argumenterande-texter/skriva-insandaredebattartikel,other,svenska/argumenterande-texter/skriva-insandaredebattartikel/index.html,
http://cwaste.skolbloggen.se/svenska/argumenterande-texter/skriva-insandaredebattartikel/,other,200,text/html,20180325142712,http://cwaste.skolbloggen.se:80/svenska/argumenterande-texter/skriva-insandaredebattartikel/,https://web.archive.org/web/20180325142712/http://cwaste.skolbloggen.se:80/svenska/argumenterande-texter/skriva-insandaredebattartikel/,https://web.archive.org/web/20180325142712id_/http://cwaste.skolbloggen.se:80/svenska/argumenterande-texter/skriva-insandaredebattartikel/,True,html-content,svenska/argumenterande-texter/skriva-insandaredebattartikel/index.html,False,True,True,https://web.archive.org/web/20180325142712id_/http://cwaste.skolbloggen.se:80/svenska/argumenterande-texter/skriva-insandaredebattartikel/,http://cwaste.skolbloggen.se/svenska/argumenterande-texter/skriva-insandaredebattartikel/,other,svenska/argumenterande-texter/skriva-insandaredebattartikel/index.html,
http://cwaste.skolbloggen.se/svenska/argumenterande-texter/skriva-insandaredebattartikel/arbetsgang-vid-respons-och-bearbetning/,other,200,text/html,20180323110937,http://cwaste.skolbloggen.se:80/svenska/argumenterande-texter/skriva-insandaredebattartikel/arbetsgang-vid-respons-och-bearbetning/,https://web.archive.org/web/20180323110937/http://cwaste.skolbloggen.se:80/svenska/argumenterande-texter/skriva-insandaredebattartikel/arbetsgang-vid-respons-och-bearbetning/,https://web.archive.org/web/20180323110937id_/http://cwaste.skolbloggen.se:80/svenska/argumenterande-texter/skriva-insandaredebattartikel/arbetsgang-vid-respons-och-bearbetning/,True,html-content,svenska/argumenterande-texter/skriva-insandaredebattartikel/arbetsgang-vid-respons-och-bearbetning/index.html,False,True,True,https://web.archive.org/web/20180323110937id_/http://cwaste.skolbloggen.se:80/svenska/argumenterande-texter/skriva-insandaredebattartikel/arbetsgang-vid-respons-och-bearbetning/,http://cwaste.skolbloggen.se/svenska/argumenterande-texter/skriva-insandaredebattartikel/arbetsgang-vid-respons-och-bearbetning/,other,svenska/argumenterande-texter/skriva-insandaredebattartikel/arbetsgang-vid-respons-och-bearbetning/index.html,
http://cwaste.skolbloggen.se/svenska/argumenterande-texter/skriva-insandaredebattartikel/bedomning-av-skrivuppgift-skriva-insandaredebattartikel,other,301,text/html,20130611210529,http://cwaste.skolbloggen.se:80/svenska/argumenterande-texter/skriva-insandaredebattartikel/bedomning-av-skrivuppgift-skriva-insandaredebattartikel,https://web.archive.org/web/20130611210529/http://cwaste.skolbloggen.se:80/svenska/argumenterande-texter/skriva-insandaredebattartikel/bedomning-av-skrivuppgift-skriva-insandaredebattartikel,https://web.archive.org/web/20130611210529/http://cwaste.skolbloggen.se:80/svenska/argumenterande-texter/skriva-insandaredebattartikel/bedomning-av-skrivuppgift-skriva-insandaredebattartikel,True,redirect:301,svenska/argumenterande-texter/skriva-insandaredebattartikel/bedomning-av-skrivuppgift-skriva-insandaredebattartikel/index.html,True,True,True,https://web.archive.org/web/20130611210529/http://cwaste.skolbloggen.se:80/svenska/argumenterande-texter/skriva-insandaredebattartikel/bedomning-av-skrivuppgift-skriva-insandaredebattartikel,http://cwaste.skolbloggen.se/svenska/argumenterande-texter/skriva-insandaredebattartikel/bedomning-av-skrivuppgift-skriva-insandaredebattartikel,other,svenska/argumenterande-texter/skriva-insandaredebattartikel/bedomning-av-skrivuppgift-skriva-insandaredebattartikel/index.html,
http://cwaste.skolbloggen.se/svenska/argumenterande-texter/skriva-insandaredebattartikel/bedomning-av-skrivuppgift-skriva-insandaredebattartikel/,other,200,text/html,20180323111454,http://cwaste.skolbloggen.se:80/svenska/argumenterande-texter/skriva-insandaredebattartikel/bedomning-av-skrivuppgift-skriva-insandaredebattartikel/,https://web.archive.org/web/20180323111454/http://cwaste.skolbloggen.se:80/svenska/argumenterande-texter/skriva-insandaredebattartikel/bedomning-av-skrivuppgift-skriva-insandaredebattartikel/,https://web.archive.org/web/20180323111454id_/http://cwaste.skolbloggen.se:80/svenska/argumenterande-texter/skriva-insandaredebattartikel/bedomning-av-skrivuppgift-skriva-insandaredebattartikel/,True,html-content,svenska/argumenterande-texter/skriva-insandaredebattartikel/bedomning-av-skrivuppgift-skriva-insandaredebattartikel/index.html,False,True,True,https://web.archive.org/web/20180323111454id_/http://cwaste.skolbloggen.se:80/svenska/argumenterande-texter/skriva-insandaredebattartikel/bedomning-av-skrivuppgift-skriva-insandaredebattartikel/,http://cwaste.skolbloggen.se/svenska/argumenterande-texter/skriva-insandaredebattartikel/bedomning-av-skrivuppgift-skriva-insandaredebattartikel/,other,svenska/argumenterande-texter/skriva-insandaredebattartikel/bedomning-av-skrivuppgift-skriva-insandaredebattartikel/index.html,
http://cwaste.skolbloggen.se/svenska/argumenterande-texter/skriva-insandaredebattartikel/feed/,feed,200,application/rss+xml,20160428023411,http://cwaste.skolbloggen.se:80/svenska/argumenterande-texter/skriva-insandaredebattartikel/feed/,https://web.archive.org/web/20160428023411/http://cwaste.skolbloggen.se:80/svenska/argumenterande-texter/skriva-insandaredebattartikel/feed/,https://web.archive.org/web/20160428023411id_/http://cwaste.skolbloggen.se:80/svenska/argumenterande-texter/skriva-insandaredebattartikel/feed/,False,kind:feed,svenska/argumenterande-texter/skriva-insandaredebattartikel/feed/index.html,False,False,False,,,,,
http://cwaste.skolbloggen.se/svenska/argumenterande-texter/skriva-insandaredebattartikel/trackback/,other,302,text/html,20111025085643,http://cwaste.skolbloggen.se:80/svenska/argumenterande-texter/skriva-insandaredebattartikel/trackback/,https://web.archive.org/web/20111025085643/http://cwaste.skolbloggen.se:80/svenska/argumenterande-texter/skriva-insandaredebattartikel/trackback/,https://web.archive.org/web/20111025085643/http://cwaste.skolbloggen.se:80/svenska/argumenterande-texter/skriva-insandaredebattartikel/trackback/,True,redirect:302,svenska/argumenterande-texter/skriva-insandaredebattartikel/trackback/index.html,True,True,True,https://web.archive.org/web/20111025085643/http://cwaste.skolbloggen.se:80/svenska/argumenterande-texter/skriva-insandaredebattartikel/trackback/,http://cwaste.skolbloggen.se/svenska/argumenterande-texter/skriva-insandaredebattartikel/trackback/,other,svenska/argumenterande-texter/skriva-insandaredebattartikel/trackback/index.html,
http://cwaste.skolbloggen.se/svenska/argumenterande-texter/skriva-insandaredebattartikel/vad-man-ska-tanka-pa-nar-man-skriver-argumenterande-texter/,other,200,text/html,20180323110942,http://cwaste.skolbloggen.se:80/svenska/argumenterande-texter/skriva-insandaredebattartikel/vad-man-ska-tanka-pa-nar-man-skriver-argumenterande-texter/,https://web.archive.org/web/20180323110942/http://cwaste.skolbloggen.se:80/svenska/argumenterande-texter/skriva-insandaredebattartikel/vad-man-ska-tanka-pa-nar-man-skriver-argumenterande-texter/,https://web.archive.org/web/20180323110942id_/http://cwaste.skolbloggen.se:80/svenska/argumenterande-texter/skriva-insandaredebattartikel/vad-man-ska-tanka-pa-nar-man-skriver-argumenterande-texter/,True,html-content,svenska/argumenterande-texter/skriva-insandaredebattartikel/vad-man-ska-tanka-pa-nar-man-skriver-argumenterande-texter/index.html,False,True,True,https://web.archive.org/web/20180323110942id_/http://cwaste.skolbloggen.se:80/svenska/argumenterande-texter/skriva-insandaredebattartikel/vad-man-ska-tanka-pa-nar-man-skriver-argumenterande-texter/,http://cwaste.skolbloggen.se/svenska/argumenterande-texter/skriva-insandaredebattartikel/vad-man-ska-tanka-pa-nar-man-skriver-argumenterande-texter/,other,svenska/argumenterande-texter/skriva-insandaredebattartikel/vad-man-ska-tanka-pa-nar-man-skriver-argumenterande-texter/index.html,
http://cwaste.skolbloggen.se/svenska/bedomning/,other,200,text/html,20180323111655,http://cwaste.skolbloggen.se:80/svenska/bedomning/,https://web.archive.org/web/20180323111655/http://cwaste.skolbloggen.se:80/svenska/bedomning/,https://web.archive.org/web/20180323111655id_/http://cwaste.skolbloggen.se:80/svenska/bedomning/,True,html-content,svenska/bedomning/index.html,False,True,True,https://web.archive.org/web/20180323111655id_/http://cwaste.skolbloggen.se:80/svenska/bedomning/,http://cwaste.skolbloggen.se/svenska/bedomning/,other,svenska/bedomning/index.html,
http://cwaste.skolbloggen.se/svenska/bedomning/bedomning-av-muntliga-uppgifter/,other,200,text/html,20180323111459,http://cwaste.skolbloggen.se:80/svenska/bedomning/bedomning-av-muntliga-uppgifter/,https://web.archive.org/web/20180323111459/http://cwaste.skolbloggen.se:80/svenska/bedomning/bedomning-av-muntliga-uppgifter/,https://web.archive.org/web/20180323111459id_/http://cwaste.skolbloggen.se:80/svenska/bedomning/bedomning-av-muntliga-uppgifter/,True,html-content,svenska/bedomning/bedomning-av-muntliga-uppgifter/index.html,False,True,True,https://web.archive.org/web/20180323111459id_/http://cwaste.skolbloggen.se:80/svenska/bedomning/bedomning-av-muntliga-uppgifter/,http://cwaste.skolbloggen.se/svenska/bedomning/bedomning-av-muntliga-uppgifter/,other,svenska/bedomning/bedomning-av-muntliga-uppgifter/index.html,
http://cwaste.skolbloggen.se/svenska/bedomning/bedomning-av-skriftliga-uppgifter,other,301,text/html,20110825091738,http://cwaste.skolbloggen.se:80/svenska/bedomning/bedomning-av-skriftliga-uppgifter,https://web.archive.org/web/20110825091738/http://cwaste.skolbloggen.se:80/svenska/bedomning/bedomning-av-skriftliga-uppgifter,https://web.archive.org/web/20110825091738/http://cwaste.skolbloggen.se:80/svenska/bedomning/bedomning-av-skriftliga-uppgifter,True,redirect:301,svenska/bedomning/bedomning-av-skriftliga-uppgifter/index.html,True,True,True,https://web.archive.org/web/20110825091738/http://cwaste.skolbloggen.se:80/svenska/bedomning/bedomning-av-skriftliga-uppgifter,http://cwaste.skolbloggen.se/svenska/bedomning/bedomning-av-skriftliga-uppgifter,other,svenska/bedomning/bedomning-av-skriftliga-uppgifter/index.html,
http://cwaste.skolbloggen.se/svenska/bedomning/bedomning-av-skriftliga-uppgifter/,other,200,text/html,20180323111504,http://cwaste.skolbloggen.se:80/svenska/bedomning/bedomning-av-skriftliga-uppgifter/,https://web.archive.org/web/20180323111504/http://cwaste.skolbloggen.se:80/svenska/bedomning/bedomning-av-skriftliga-uppgifter/,https://web.archive.org/web/20180323111504id_/http://cwaste.skolbloggen.se:80/svenska/bedomning/bedomning-av-skriftliga-uppgifter/,True,html-content,svenska/bedomning/bedomning-av-skriftliga-uppgifter/index.html,False,True,True,https://web.archive.org/web/20180323111504id_/http://cwaste.skolbloggen.se:80/svenska/bedomning/bedomning-av-skriftliga-uppgifter/,http://cwaste.skolbloggen.se/svenska/bedomning/bedomning-av-skriftliga-uppgifter/,other,svenska/bedomning/bedomning-av-skriftliga-uppgifter/index.html,
http://cwaste.skolbloggen.se/svenska/bedomning/bedomning-av-skriftliga-uppgifter/feed/,feed,200,text/xml,20110510211714,http://cwaste.skolbloggen.se:80/svenska/bedomning/bedomning-av-skriftliga-uppgifter/feed/,https://web.archive.org/web/20110510211714/http://cwaste.skolbloggen.se:80/svenska/bedomning/bedomning-av-skriftliga-uppgifter/feed/,https://web.archive.org/web/20110510211714id_/http://cwaste.skolbloggen.se:80/svenska/bedomning/bedomning-av-skriftliga-uppgifter/feed/,False,kind:feed,svenska/bedomning/bedomning-av-skriftliga-uppgifter/feed/index.html,False,False,False,,,,,
http://cwaste.skolbloggen.se/svenska/bedomning/bedomning-av-skriftliga-uppgifter/matris-bedomning-av-skriftliga-uppgifter/,other,200,text/html,20180323111509,http://cwaste.skolbloggen.se:80/svenska/bedomning/bedomning-av-skriftliga-uppgifter/matris-bedomning-av-skriftliga-uppgifter/,https://web.archive.org/web/20180323111509/http://cwaste.skolbloggen.se:80/svenska/bedomning/bedomning-av-skriftliga-uppgifter/matris-bedomning-av-skriftliga-uppgifter/,https://web.archive.org/web/20180323111509id_/http://cwaste.skolbloggen.se:80/svenska/bedomning/bedomning-av-skriftliga-uppgifter/matris-bedomning-av-skriftliga-uppgifter/,True,html-content,svenska/bedomning/bedomning-av-skriftliga-uppgifter/matris-bedomning-av-skriftliga-uppgifter/index.html,False,True,True,https://web.archive.org/web/20180323111509id_/http://cwaste.skolbloggen.se:80/svenska/bedomning/bedomning-av-skriftliga-uppgifter/matris-bedomning-av-skriftliga-uppgifter/,http://cwaste.skolbloggen.se/svenska/bedomning/bedomning-av-skriftliga-uppgifter/matris-bedomning-av-skriftliga-uppgifter/,other,svenska/bedomning/bedomning-av-skriftliga-uppgifter/matris-bedomning-av-skriftliga-uppgifter/index.html,
http://cwaste.skolbloggen.se/svenska/berattelser/,other,200,text/html,20180323111514,http://cwaste.skolbloggen.se:80/svenska/berattelser/,https://web.archive.org/web/20180323111514/http://cwaste.skolbloggen.se:80/svenska/berattelser/,https://web.archive.org/web/20180323111514id_/http://cwaste.skolbloggen.se:80/svenska/berattelser/,True,html-content,svenska/berattelser/index.html,False,True,True,https://web.archive.org/web/20180323111514id_/http://cwaste.skolbloggen.se:80/svenska/berattelser/,http://cwaste.skolbloggen.se/svenska/berattelser/,other,svenska/berattelser/index.html,
http://cwaste.skolbloggen.se/svenska/berattelser/berattarkne/,other,200,text/html,20180323111230,http://cwaste.skolbloggen.se:80/svenska/berattelser/berattarkne/,https://web.archive.org/web/20180323111230/http://cwaste.skolbloggen.se:80/svenska/berattelser/berattarkne/,https://web.archive.org/web/20180323111230id_/http://cwaste.skolbloggen.se:80/svenska/berattelser/berattarkne/,True,html-content,svenska/berattelser/berattarkne/index.html,False,True,True,https://web.archive.org/web/20180323111230id_/http://cwaste.skolbloggen.se:80/svenska/berattelser/berattarkne/,http://cwaste.skolbloggen.se/svenska/berattelser/berattarkne/,other,svenska/berattelser/berattarkne/index.html,
http://cwaste.skolbloggen.se/svenska/berattelser/skriva-berattelser/,other,200,text/html,20180323111519,http://cwaste.skolbloggen.se:80/svenska/berattelser/skriva-berattelser/,https://web.archive.org/web/20180323111519/http://cwaste.skolbloggen.se:80/svenska/berattelser/skriva-berattelser/,https://web.archive.org/web/20180323111519id_/http://cwaste.skolbloggen.se:80/svenska/berattelser/skriva-berattelser/,True,html-content,svenska/berattelser/skriva-berattelser/index.html,False,True,True,https://web.archive.org/web/20180323111519id_/http://cwaste.skolbloggen.se:80/svenska/berattelser/skriva-berattelser/,http://cwaste.skolbloggen.se/svenska/berattelser/skriva-berattelser/,other,svenska/berattelser/skriva-berattelser/index.html,
http://cwaste.skolbloggen.se/svenska/berattelser/skriva-berattelser/huset/,other,200,text/html,20180323110947,http://cwaste.skolbloggen.se:80/svenska/berattelser/skriva-berattelser/huset/,https://web.archive.org/web/20180323110947/http://cwaste.skolbloggen.se:80/svenska/berattelser/skriva-berattelser/huset/,https://web.archive.org/web/20180323110947id_/http://cwaste.skolbloggen.se:80/svenska/berattelser/skriva-berattelser/huset/,True,html-content,svenska/berattelser/skriva-berattelser/huset/index.html,False,True,True,https://web.archive.org/web/20180323110947id_/http://cwaste.skolbloggen.se:80/svenska/berattelser/skriva-berattelser/huset/,http://cwaste.skolbloggen.se/svenska/berattelser/skriva-berattelser/huset/,other,svenska/berattelser/skriva-berattelser/huset/index.html,
http://cwaste.skolbloggen.se/svenska/bild-och-film/,other,200,text/html,20180323111235,http://cwaste.skolbloggen.se:80/svenska/bild-och-film/,https://web.archive.org/web/20180323111235/http://cwaste.skolbloggen.se:80/svenska/bild-och-film/,https://web.archive.org/web/20180323111235id_/http://cwaste.skolbloggen.se:80/svenska/bild-och-film/,True,html-content,svenska/bild-och-film/index.html,False,True,True,https://web.archive.org/web/20180323111235id_/http://cwaste.skolbloggen.se:80/svenska/bild-och-film/,http://cwaste.skolbloggen.se/svenska/bild-och-film/,other,svenska/bild-och-film/index.html,
http://cwaste.skolbloggen.se/svenska/bild-och-film/hur-d-hanterar-bilder/,other,200,text/html,20180323110952,http://cwaste.skolbloggen.se:80/svenska/bild-och-film/hur-d-hanterar-bilder/,https://web.archive.org/web/20180323110952/http://cwaste.skolbloggen.se:80/svenska/bild-och-film/hur-d-hanterar-bilder/,https://web.archive.org/web/20180323110952id_/http://cwaste.skolbloggen.se:80/svenska/bild-och-film/hur-d-hanterar-bilder/,True,html-content,svenska/bild-och-film/hur-d-hanterar-bilder/index.html,False,True,True,https://web.archive.org/web/20180323110952id_/http://cwaste.skolbloggen.se:80/svenska/bild-och-film/hur-d-hanterar-bilder/,http://cwaste.skolbloggen.se/svenska/bild-och-film/hur-d-hanterar-bilder/,other,svenska/bild-och-film/hur-d-hanterar-bilder/index.html,
http://cwaste.skolbloggen.se/svenska/bild-och-film/regler-vid-fotografering-pa-allmanna-platser,other,301,text/html,20120829005101,http://cwaste.skolbloggen.se:80/svenska/bild-och-film/regler-vid-fotografering-pa-allmanna-platser,https://web.archive.org/web/20120829005101/http://cwaste.skolbloggen.se:80/svenska/bild-och-film/regler-vid-fotografering-pa-allmanna-platser,https://web.archive.org/web/20120829005101/http://cwaste.skolbloggen.se:80/svenska/bild-och-film/regler-vid-fotografering-pa-allmanna-platser,True,redirect:301,svenska/bild-och-film/regler-vid-fotografering-pa-allmanna-platser/index.html,True,True,True,https://web.archive.org/web/20120829005101/http://cwaste.skolbloggen.se:80/svenska/bild-och-film/regler-vid-fotografering-pa-allmanna-platser,http://cwaste.skolbloggen.se/svenska/bild-och-film/regler-vid-fotografering-pa-allmanna-platser,other,svenska/bild-och-film/regler-vid-fotografering-pa-allmanna-platser/index.html,
http://cwaste.skolbloggen.se/svenska/bild-och-film/regler-vid-fotografering-pa-allmanna-platser/,other,200,text/html,20180323111240,http://cwaste.skolbloggen.se:80/svenska/bild-och-film/regler-vid-fotografering-pa-allmanna-platser/,https://web.archive.org/web/20180323111240/http://cwaste.skolbloggen.se:80/svenska/bild-och-film/regler-vid-fotografering-pa-allmanna-platser/,https://web.archive.org/web/20180323111240id_/http://cwaste.skolbloggen.se:80/svenska/bild-och-film/regler-vid-fotografering-pa-allmanna-platser/,True,html-content,svenska/bild-och-film/regler-vid-fotografering-pa-allmanna-platser/index.html,False,True,True,https://web.archive.org/web/20180323111240id_/http://cwaste.skolbloggen.se:80/svenska/bild-och-film/regler-vid-fotografering-pa-allmanna-platser/,http://cwaste.skolbloggen.se/svenska/bild-och-film/regler-vid-fotografering-pa-allmanna-platser/,other,svenska/bild-och-film/regler-vid-fotografering-pa-allmanna-platser/index.html,
http://cwaste.skolbloggen.se/svenska/bild-och-film/regler-vid-fotografering-pa-allmanna-platser/feed/,feed,200,text/xml,20120830032552,http://cwaste.skolbloggen.se:80/svenska/bild-och-film/regler-vid-fotografering-pa-allmanna-platser/feed/,https://web.archive.org/web/20120830032552/http://cwaste.skolbloggen.se:80/svenska/bild-och-film/regler-vid-fotografering-pa-allmanna-platser/feed/,https://web.archive.org/web/20120830032552id_/http://cwaste.skolbloggen.se:80/svenska/bild-och-film/regler-vid-fotografering-pa-allmanna-platser/feed/,False,kind:feed,svenska/bild-och-film/regler-vid-fotografering-pa-allmanna-platser/feed/index.html,False,False,False,,,,,
http://cwaste.skolbloggen.se/svenska/bild-och-film/regler-vid-fotografering-pa-allmanna-platser/trackback/,other,302,text/html,20120830055323,http://cwaste.skolbloggen.se:80/svenska/bild-och-film/regler-vid-fotografering-pa-allmanna-platser/trackback/,https://web.archive.org/web/20120830055323/http://cwaste.skolbloggen.se:80/svenska/bild-och-film/regler-vid-fotografering-pa-allmanna-platser/trackback/,https://web.archive.org/web/20120830055323/http://cwaste.skolbloggen.se:80/svenska/bild-och-film/regler-vid-fotografering-pa-allmanna-platser/trackback/,True,redirect:302,svenska/bild-och-film/regler-vid-fotografering-pa-allmanna-platser/trackback/index.html,True,True,True,https://web.archive.org/web/20120830055323/http://cwaste.skolbloggen.se:80/svenska/bild-och-film/regler-vid-fotografering-pa-allmanna-platser/trackback/,http://cwaste.skolbloggen.se/svenska/bild-och-film/regler-vid-fotografering-pa-allmanna-platser/trackback/,other,svenska/bild-och-film/regler-vid-fotografering-pa-allmanna-platser/trackback/index.html,
http://cwaste.skolbloggen.se/svenska/dikter/,other,200,text/html,20180323110958,http://cwaste.skolbloggen.se:80/svenska/dikter/,https://web.archive.org/web/20180323110958/http://cwaste.skolbloggen.se:80/svenska/dikter/,https://web.archive.org/web/20180323110958id_/http://cwaste.skolbloggen.se:80/svenska/dikter/,True,html-content,svenska/dikter/index.html,False,True,True,https://web.archive.org/web/20180323110958id_/http://cwaste.skolbloggen.se:80/svenska/dikter/,http://cwaste.skolbloggen.se/svenska/dikter/,other,svenska/dikter/index.html,
http://cwaste.skolbloggen.se/svenska/dikter/diktanalys/,other,200,text/html,20180323111524,http://cwaste.skolbloggen.se:80/svenska/dikter/diktanalys/,https://web.archive.org/web/20180323111524/http://cwaste.skolbloggen.se:80/svenska/dikter/diktanalys/,https://web.archive.org/web/20180323111524id_/http://cwaste.skolbloggen.se:80/svenska/dikter/diktanalys/,True,html-content,svenska/dikter/diktanalys/index.html,False,True,True,https://web.archive.org/web/20180323111524id_/http://cwaste.skolbloggen.se:80/svenska/dikter/diktanalys/,http://cwaste.skolbloggen.se/svenska/dikter/diktanalys/,other,svenska/dikter/diktanalys/index.html,
http://cwaste.skolbloggen.se/svenska/dikter/ovning-i-diktanalys/,other,200,text/html,20180323111003,http://cwaste.skolbloggen.se:80/svenska/dikter/ovning-i-diktanalys/,https://web.archive.org/web/20180323111003/http://cwaste.skolbloggen.se:80/svenska/dikter/ovning-i-diktanalys/,https://web.archive.org/web/20180323111003id_/http://cwaste.skolbloggen.se:80/svenska/dikter/ovning-i-diktanalys/,True,html-content,svenska/dikter/ovning-i-diktanalys/index.html,False,True,True,https://web.archive.org/web/20180323111003id_/http://cwaste.skolbloggen.se:80/svenska/dikter/ovning-i-diktanalys/,http://cwaste.skolbloggen.se/svenska/dikter/ovning-i-diktanalys/,other,svenska/dikter/ovning-i-diktanalys/index.html,
http://cwaste.skolbloggen.se/svenska/dikter/skriva-dikter-ovning-i/,other,200,text/html,20180323111245,http://cwaste.skolbloggen.se:80/svenska/dikter/skriva-dikter-ovning-i/,https://web.archive.org/web/20180323111245/http://cwaste.skolbloggen.se:80/svenska/dikter/skriva-dikter-ovning-i/,https://web.archive.org/web/20180323111245id_/http://cwaste.skolbloggen.se:80/svenska/dikter/skriva-dikter-ovning-i/,True,html-content,svenska/dikter/skriva-dikter-ovning-i/index.html,False,True,True,https://web.archive.org/web/20180323111245id_/http://cwaste.skolbloggen.se:80/svenska/dikter/skriva-dikter-ovning-i/,http://cwaste.skolbloggen.se/svenska/dikter/skriva-dikter-ovning-i/,other,svenska/dikter/skriva-dikter-ovning-i/index.html,
http://cwaste.skolbloggen.se/svenska/dikter/skriva-dikter-ovning-ii/,other,200,text/html,20180323111008,http://cwaste.skolbloggen.se:80/svenska/dikter/skriva-dikter-ovning-ii/,https://web.archive.org/web/20180323111008/http://cwaste.skolbloggen.se:80/svenska/dikter/skriva-dikter-ovning-ii/,https://web.archive.org/web/20180323111008id_/http://cwaste.skolbloggen.se:80/svenska/dikter/skriva-dikter-ovning-ii/,True,html-content,svenska/dikter/skriva-dikter-ovning-ii/index.html,False,True,True,https://web.archive.org/web/20180323111008id_/http://cwaste.skolbloggen.se:80/svenska/dikter/skriva-dikter-ovning-ii/,http://cwaste.skolbloggen.se/svenska/dikter/skriva-dikter-ovning-ii/,other,svenska/dikter/skriva-dikter-ovning-ii/index.html,
http://cwaste.skolbloggen.se/svenska/instruktioner/,other,200,text/html,20180323111700,http://cwaste.skolbloggen.se:80/svenska/instruktioner/,https://web.archive.org/web/20180323111700/http://cwaste.skolbloggen.se:80/svenska/instruktioner/,https://web.archive.org/web/20180323111700id_/http://cwaste.skolbloggen.se:80/svenska/instruktioner/,True,html-content,svenska/instruktioner/index.html,False,True,True,https://web.archive.org/web/20180323111700id_/http://cwaste.skolbloggen.se:80/svenska/instruktioner/,http://cwaste.skolbloggen.se/svenska/instruktioner/,other,svenska/instruktioner/index.html,
http://cwaste.skolbloggen.se/svenska/litteraturanalys-och-lasloggar,other,301,text/html,20161118054646,http://cwaste.skolbloggen.se:80/svenska/litteraturanalys-och-lasloggar,https://web.archive.org/web/20161118054646/http://cwaste.skolbloggen.se:80/svenska/litteraturanalys-och-lasloggar,https://web.archive.org/web/20161118054646/http://cwaste.skolbloggen.se:80/svenska/litteraturanalys-och-lasloggar,True,redirect:301,svenska/litteraturanalys-och-lasloggar/index.html,True,True,True,https://web.archive.org/web/20161118054646/http://cwaste.skolbloggen.se:80/svenska/litteraturanalys-och-lasloggar,http://cwaste.skolbloggen.se/svenska/litteraturanalys-och-lasloggar,other,svenska/litteraturanalys-och-lasloggar/index.html,
http://cwaste.skolbloggen.se/svenska/litteraturanalys-och-lasloggar/,other,200,text/html,20180323111711,http://cwaste.skolbloggen.se:80/svenska/litteraturanalys-och-lasloggar/,https://web.archive.org/web/20180323111711/http://cwaste.skolbloggen.se:80/svenska/litteraturanalys-och-lasloggar/,https://web.archive.org/web/20180323111711id_/http://cwaste.skolbloggen.se:80/svenska/litteraturanalys-och-lasloggar/,True,html-content,svenska/litteraturanalys-och-lasloggar/index.html,False,True,True,https://web.archive.org/web/20180323111711id_/http://cwaste.skolbloggen.se:80/svenska/litteraturanalys-och-lasloggar/,http://cwaste.skolbloggen.se/svenska/litteraturanalys-och-lasloggar/,other,svenska/litteraturanalys-och-lasloggar/index.html,
http://cwaste.skolbloggen.se/svenska/litteraturanalys-och-lasloggar/forfattarportratt,other,301,text/html,20160718153015,http://cwaste.skolbloggen.se:80/svenska/litteraturanalys-och-lasloggar/forfattarportratt,https://web.archive.org/web/20160718153015/http://cwaste.skolbloggen.se:80/svenska/litteraturanalys-och-lasloggar/forfattarportratt,https://web.archive.org/web/20160718153015/http://cwaste.skolbloggen.se:80/svenska/litteraturanalys-och-lasloggar/forfattarportratt,True,redirect:301,svenska/litteraturanalys-och-lasloggar/forfattarportratt/index.html,True,True,True,https://web.archive.org/web/20160718153015/http://cwaste.skolbloggen.se:80/svenska/litteraturanalys-och-lasloggar/forfattarportratt,http://cwaste.skolbloggen.se/svenska/litteraturanalys-och-lasloggar/forfattarportratt,other,svenska/litteraturanalys-och-lasloggar/forfattarportratt/index.html,
http://cwaste.skolbloggen.se/svenska/litteraturanalys-och-lasloggar/forfattarportratt/,other,200,text/html,20180323111716,http://cwaste.skolbloggen.se:80/svenska/litteraturanalys-och-lasloggar/forfattarportratt/,https://web.archive.org/web/20180323111716/http://cwaste.skolbloggen.se:80/svenska/litteraturanalys-och-lasloggar/forfattarportratt/,https://web.archive.org/web/20180323111716id_/http://cwaste.skolbloggen.se:80/svenska/litteraturanalys-och-lasloggar/forfattarportratt/,True,html-content,svenska/litteraturanalys-och-lasloggar/forfattarportratt/index.html,False,True,True,https://web.archive.org/web/20180323111716id_/http://cwaste.skolbloggen.se:80/svenska/litteraturanalys-och-lasloggar/forfattarportratt/,http://cwaste.skolbloggen.se/svenska/litteraturanalys-och-lasloggar/forfattarportratt/,other,svenska/litteraturanalys-och-lasloggar/forfattarportratt/index.html,
http://cwaste.skolbloggen.se/svenska/litteraturanalys-och-lasloggar/forfattarportratt/feed/,feed,200,application/rss+xml,20160416034643,http://cwaste.skolbloggen.se:80/svenska/litteraturanalys-och-lasloggar/forfattarportratt/feed/,https://web.archive.org/web/20160416034643/http://cwaste.skolbloggen.se:80/svenska/litteraturanalys-och-lasloggar/forfattarportratt/feed/,https://web.archive.org/web/20160416034643id_/http://cwaste.skolbloggen.se:80/svenska/litteraturanalys-och-lasloggar/forfattarportratt/feed/,False,kind:feed,svenska/litteraturanalys-och-lasloggar/forfattarportratt/feed/index.html,False,False,False,,,,,
http://cwaste.skolbloggen.se/svenska/litteraturanalys-och-lasloggar/forfattarportratt/trackback/,other,302,text/html,20160416235826,http://cwaste.skolbloggen.se:80/svenska/litteraturanalys-och-lasloggar/forfattarportratt/trackback/,https://web.archive.org/web/20160416235826/http://cwaste.skolbloggen.se:80/svenska/litteraturanalys-och-lasloggar/forfattarportratt/trackback/,https://web.archive.org/web/20160416235826/http://cwaste.skolbloggen.se:80/svenska/litteraturanalys-och-lasloggar/forfattarportratt/trackback/,True,redirect:302,svenska/litteraturanalys-och-lasloggar/forfattarportratt/trackback/index.html,True,True,True,https://web.archive.org/web/20160416235826/http://cwaste.skolbloggen.se:80/svenska/litteraturanalys-och-lasloggar/forfattarportratt/trackback/,http://cwaste.skolbloggen.se/svenska/litteraturanalys-och-lasloggar/forfattarportratt/trackback/,other,svenska/litteraturanalys-och-lasloggar/forfattarportratt/trackback/index.html,
http://cwaste.skolbloggen.se/svenska/litteraturanalys-och-lasloggar/laslogg-1-presentation-bokens-inledning-berattarteknik,other,301,text/html,20161017070009,http://cwaste.skolbloggen.se:80/svenska/litteraturanalys-och-lasloggar/laslogg-1-presentation-bokens-inledning-berattarteknik,https://web.archive.org/web/20161017070009/http://cwaste.skolbloggen.se:80/svenska/litteraturanalys-och-lasloggar/laslogg-1-presentation-bokens-inledning-berattarteknik,https://web.archive.org/web/20161017070009/http://cwaste.skolbloggen.se:80/svenska/litteraturanalys-och-lasloggar/laslogg-1-presentation-bokens-inledning-berattarteknik,True,redirect:301,svenska/litteraturanalys-och-lasloggar/laslogg-1-presentation-bokens-inledning-berattarteknik/index.html,True,True,True,https://web.archive.org/web/20161017070009/http://cwaste.skolbloggen.se:80/svenska/litteraturanalys-och-lasloggar/laslogg-1-presentation-bokens-inledning-berattarteknik,http://cwaste.skolbloggen.se/svenska/litteraturanalys-och-lasloggar/laslogg-1-presentation-bokens-inledning-berattarteknik,other,svenska/litteraturanalys-och-lasloggar/laslogg-1-presentation-bokens-inledning-berattarteknik/index.html,
http://cwaste.skolbloggen.se/svenska/litteraturanalys-och-lasloggar/laslogg-1-presentation-bokens-inledning-berattarteknik/,other,200,text/html,20180323111250,http://cwaste.skolbloggen.se:80/svenska/litteraturanalys-och-lasloggar/laslogg-1-presentation-bokens-inledning-berattarteknik/,https://web.archive.org/web/20180323111250/http://cwaste.skolbloggen.se:80/svenska/litteraturanalys-och-lasloggar/laslogg-1-presentation-bokens-inledning-berattarteknik/,https://web.archive.org/web/20180323111250id_/http://cwaste.skolbloggen.se:80/svenska/litteraturanalys-och-lasloggar/laslogg-1-presentation-bokens-inledning-berattarteknik/,True,html-content,svenska/litteraturanalys-och-lasloggar/laslogg-1-presentation-bokens-inledning-berattarteknik/index.html,False,True,True,https://web.archive.org/web/20180323111250id_/http://cwaste.skolbloggen.se:80/svenska/litteraturanalys-och-lasloggar/laslogg-1-presentation-bokens-inledning-berattarteknik/,http://cwaste.skolbloggen.se/svenska/litteraturanalys-och-lasloggar/laslogg-1-presentation-bokens-inledning-berattarteknik/,other,svenska/litteraturanalys-och-lasloggar/laslogg-1-presentation-bokens-inledning-berattarteknik/index.html,
http://cwaste.skolbloggen.se/svenska/litteraturanalys-och-lasloggar/laslogg-2-miljo-personbeskrivn-huvudkonflikt/,other,200,text/html,20180331174951,http://cwaste.skolbloggen.se:80/svenska/litteraturanalys-och-lasloggar/laslogg-2-miljo-personbeskrivn-huvudkonflikt/,https://web.archive.org/web/20180331174951/http://cwaste.skolbloggen.se:80/svenska/litteraturanalys-och-lasloggar/laslogg-2-miljo-personbeskrivn-huvudkonflikt/,https://web.archive.org/web/20180331174951id_/http://cwaste.skolbloggen.se:80/svenska/litteraturanalys-och-lasloggar/laslogg-2-miljo-personbeskrivn-huvudkonflikt/,True,html-content,svenska/litteraturanalys-och-lasloggar/laslogg-2-miljo-personbeskrivn-huvudkonflikt/index.html,False,True,True,https://web.archive.org/web/20180331174951id_/http://cwaste.skolbloggen.se:80/svenska/litteraturanalys-och-lasloggar/laslogg-2-miljo-personbeskrivn-huvudkonflikt/,http://cwaste.skolbloggen.se/svenska/litteraturanalys-och-lasloggar/laslogg-2-miljo-personbeskrivn-huvudkonflikt/,other,svenska/litteraturanalys-och-lasloggar/laslogg-2-miljo-personbeskrivn-huvudkonflikt/index.html,
http://cwaste.skolbloggen.se/svenska/litteraturanalys-och-lasloggar/laslogg-3-titel-form-dramaturgi-budskap,other,301,text/html,20170506073847,http://cwaste.skolbloggen.se:80/svenska/litteraturanalys-och-lasloggar/laslogg-3-titel-form-dramaturgi-budskap,https://web.archive.org/web/20170506073847/http://cwaste.skolbloggen.se:80/svenska/litteraturanalys-och-lasloggar/laslogg-3-titel-form-dramaturgi-budskap,https://web.archive.org/web/20170506073847/http://cwaste.skolbloggen.se:80/svenska/litteraturanalys-och-lasloggar/laslogg-3-titel-form-dramaturgi-budskap,True,redirect:301,svenska/litteraturanalys-och-lasloggar/laslogg-3-titel-form-dramaturgi-budskap/index.html,True,True,True,https://web.archive.org/web/20170506073847/http://cwaste.skolbloggen.se:80/svenska/litteraturanalys-och-lasloggar/laslogg-3-titel-form-dramaturgi-budskap,http://cwaste.skolbloggen.se/svenska/litteraturanalys-och-lasloggar/laslogg-3-titel-form-dramaturgi-budskap,other,svenska/litteraturanalys-och-lasloggar/laslogg-3-titel-form-dramaturgi-budskap/index.html,
http://cwaste.skolbloggen.se/svenska/litteraturanalys-och-lasloggar/laslogg-3-titel-form-dramaturgi-budskap/,other,200,text/html,20180323111255,http://cwaste.skolbloggen.se:80/svenska/litteraturanalys-och-lasloggar/laslogg-3-titel-form-dramaturgi-budskap/,https://web.archive.org/web/20180323111255/http://cwaste.skolbloggen.se:80/svenska/litteraturanalys-och-lasloggar/laslogg-3-titel-form-dramaturgi-budskap/,https://web.archive.org/web/20180323111255id_/http://cwaste.skolbloggen.se:80/svenska/litteraturanalys-och-lasloggar/laslogg-3-titel-form-dramaturgi-budskap/,True,html-content,svenska/litteraturanalys-och-lasloggar/laslogg-3-titel-form-dramaturgi-budskap/index.html,False,True,True,https://web.archive.org/web/20180323111255id_/http://cwaste.skolbloggen.se:80/svenska/litteraturanalys-och-lasloggar/laslogg-3-titel-form-dramaturgi-budskap/,http://cwaste.skolbloggen.se/svenska/litteraturanalys-och-lasloggar/laslogg-3-titel-form-dramaturgi-budskap/,other,svenska/litteraturanalys-och-lasloggar/laslogg-3-titel-form-dramaturgi-budskap/index.html,
http://cwaste.skolbloggen.se/svenska/litteraturhistoria,other,301,text/html,20170406103727,http://cwaste.skolbloggen.se:80/svenska/litteraturhistoria,https://web.archive.org/web/20170406103727/http://cwaste.skolbloggen.se:80/svenska/litteraturhistoria,https://web.archive.org/web/20170406103727/http://cwaste.skolbloggen.se:80/svenska/litteraturhistoria,True,redirect:301,svenska/litteraturhistoria/index.html,True,True,True,https://web.archive.org/web/20170406103727/http://cwaste.skolbloggen.se:80/svenska/litteraturhistoria,http://cwaste.skolbloggen.se/svenska/litteraturhistoria,other,svenska/litteraturhistoria/index.html,
http://cwaste.skolbloggen.se/svenska/litteraturhistoria/,other,200,text/html,20180323111529,http://cwaste.skolbloggen.se:80/svenska/litteraturhistoria/,https://web.archive.org/web/20180323111529/http://cwaste.skolbloggen.se:80/svenska/litteraturhistoria/,https://web.archive.org/web/20180323111529id_/http://cwaste.skolbloggen.se:80/svenska/litteraturhistoria/,True,html-content,svenska/litteraturhistoria/index.html,False,True,True,https://web.archive.org/web/20180323111529id_/http://cwaste.skolbloggen.se:80/svenska/litteraturhistoria/,http://cwaste.skolbloggen.se/svenska/litteraturhistoria/,other,svenska/litteraturhistoria/index.html,
http://cwaste.skolbloggen.se/svenska/litteraturhistoria/1720-upplysningen,other,301,text/html,20170808100209,http://cwaste.skolbloggen.se:80/svenska/litteraturhistoria/1720-upplysningen,https://web.archive.org/web/20170808100209/http://cwaste.skolbloggen.se:80/svenska/litteraturhistoria/1720-upplysningen,https://web.archive.org/web/20170808100209/http://cwaste.skolbloggen.se:80/svenska/litteraturhistoria/1720-upplysningen,True,redirect:301,svenska/litteraturhistoria/1720-upplysningen/index.html,True,True,True,https://web.archive.org/web/20170808100209/http://cwaste.skolbloggen.se:80/svenska/litteraturhistoria/1720-upplysningen,http://cwaste.skolbloggen.se/svenska/litteraturhistoria/1720-upplysningen,other,svenska/litteraturhistoria/1720-upplysningen/index.html,
http://cwaste.skolbloggen.se/svenska/litteraturhistoria/1720-upplysningen/,other,200,text/html,20180323111300,http://cwaste.skolbloggen.se:80/svenska/litteraturhistoria/1720-upplysningen/,https://web.archive.org/web/20180323111300/http://cwaste.skolbloggen.se:80/svenska/litteraturhistoria/1720-upplysningen/,https://web.archive.org/web/20180323111300id_/http://cwaste.skolbloggen.se:80/svenska/litteraturhistoria/1720-upplysningen/,True,html-content,svenska/litteraturhistoria/1720-upplysningen/index.html,False,True,True,https://web.archive.org/web/20180323111300id_/http://cwaste.skolbloggen.se:80/svenska/litteraturhistoria/1720-upplysningen/,http://cwaste.skolbloggen.se/svenska/litteraturhistoria/1720-upplysningen/,other,svenska/litteraturhistoria/1720-upplysningen/index.html,
http://cwaste.skolbloggen.se/svenska/litteraturhistoria/1790-romantiken/,other,200,text/html,20180321045904,http://cwaste.skolbloggen.se:80/svenska/litteraturhistoria/1790-romantiken/,https://web.archive.org/web/20180321045904/http://cwaste.skolbloggen.se:80/svenska/litteraturhistoria/1790-romantiken/,https://web.archive.org/web/20180321045904id_/http://cwaste.skolbloggen.se:80/svenska/litteraturhistoria/1790-romantiken/,True,html-content,svenska/litteraturhistoria/1790-romantiken/index.html,False,True,True,https://web.archive.org/web/20180321045904id_/http://cwaste.skolbloggen.se:80/svenska/litteraturhistoria/1790-romantiken/,http://cwaste.skolbloggen.se/svenska/litteraturhistoria/1790-romantiken/,other,svenska/litteraturhistoria/1790-romantiken/index.html,
http://cwaste.skolbloggen.se/svenska/litteraturhistoria/1830-realismen/,other,200,text/html,20180323111534,http://cwaste.skolbloggen.se:80/svenska/litteraturhistoria/1830-realismen/,https://web.archive.org/web/20180323111534/http://cwaste.skolbloggen.se:80/svenska/litteraturhistoria/1830-realismen/,https://web.archive.org/web/20180323111534id_/http://cwaste.skolbloggen.se:80/svenska/litteraturhistoria/1830-realismen/,True,html-content,svenska/litteraturhistoria/1830-realismen/index.html,False,True,True,https://web.archive.org/web/20180323111534id_/http://cwaste.skolbloggen.se:80/svenska/litteraturhistoria/1830-realismen/,http://cwaste.skolbloggen.se/svenska/litteraturhistoria/1830-realismen/,other,svenska/litteraturhistoria/1830-realismen/index.html,
http://cwaste.skolbloggen.se/svenska/litteraturhistoria/1910-modernismen/,other,200,text/html,20180323111539,http://cwaste.skolbloggen.se:80/svenska/litteraturhistoria/1910-modernismen/,https://web.archive.org/web/20180323111539/http://cwaste.skolbloggen.se:80/svenska/litteraturhistoria/1910-modernismen/,https://web.archive.org/web/20180323111539id_/http://cwaste.skolbloggen.se:80/svenska/litteraturhistoria/1910-modernismen/,True,html-content,svenska/litteraturhistoria/1910-modernismen/index.html,False,True,True,https://web.archive.org/web/20180323111539id_/http://cwaste.skolbloggen.se:80/svenska/litteraturhistoria/1910-modernismen/,http://cwaste.skolbloggen.se/svenska/litteraturhistoria/1910-modernismen/,other,svenska/litteraturhistoria/1910-modernismen/index.html,
http://cwaste.skolbloggen.se/svenska/nationellt-prov-i-svenska-b-kursen,other,301,text/html,20120830181941,http://cwaste.skolbloggen.se:80/svenska/nationellt-prov-i-svenska-b-kursen,https://web.archive.org/web/20120830181941/http://cwaste.skolbloggen.se:80/svenska/nationellt-prov-i-svenska-b-kursen,https://web.archive.org/web/20120830181941/http://cwaste.skolbloggen.se:80/svenska/nationellt-prov-i-svenska-b-kursen,True,redirect:301,svenska/nationellt-prov-i-svenska-b-kursen/index.html,True,True,True,https://web.archive.org/web/20120830181941/http://cwaste.skolbloggen.se:80/svenska/nationellt-prov-i-svenska-b-kursen,http://cwaste.skolbloggen.se/svenska/nationellt-prov-i-svenska-b-kursen,other,svenska/nationellt-prov-i-svenska-b-kursen/index.html,
http://cwaste.skolbloggen.se/svenska/nationellt-prov-i-svenska-b-kursen/,other,200,text/html,20180323111305,http://cwaste.skolbloggen.se:80/svenska/nationellt-prov-i-svenska-b-kursen/,https://web.archive.org/web/20180323111305/http://cwaste.skolbloggen.se:80/svenska/nationellt-prov-i-svenska-b-kursen/,https://web.archive.org/web/20180323111305id_/http://cwaste.skolbloggen.se:80/svenska/nationellt-prov-i-svenska-b-kursen/,True,html-content,svenska/nationellt-prov-i-svenska-b-kursen/index.html,False,True,True,https://web.archive.org/web/20180323111305id_/http://cwaste.skolbloggen.se:80/svenska/nationellt-prov-i-svenska-b-kursen/,http://cwaste.skolbloggen.se/svenska/nationellt-prov-i-svenska-b-kursen/,other,svenska/nationellt-prov-i-svenska-b-kursen/index.html,
http://cwaste.skolbloggen.se/svenska/nationellt-prov-i-svenska-b-kursen/feed/,feed,200,text/xml,20120901075653,http://cwaste.skolbloggen.se:80/svenska/nationellt-prov-i-svenska-b-kursen/feed/,https://web.archive.org/web/20120901075653/http://cwaste.skolbloggen.se:80/svenska/nationellt-prov-i-svenska-b-kursen/feed/,https://web.archive.org/web/20120901075653id_/http://cwaste.skolbloggen.se:80/svenska/nationellt-prov-i-svenska-b-kursen/feed/,False,kind:feed,svenska/nationellt-prov-i-svenska-b-kursen/feed/index.html,False,False,False,,,,,
http://cwaste.skolbloggen.se/svenska/nationellt-prov-i-svenska-b-kursen/nationellt-prov,other,301,text/html,20120830182053,http://cwaste.skolbloggen.se:80/svenska/nationellt-prov-i-svenska-b-kursen/nationellt-prov,https://web.archive.org/web/20120830182053/http://cwaste.skolbloggen.se:80/svenska/nationellt-prov-i-svenska-b-kursen/nationellt-prov,https://web.archive.org/web/20120830182053/http://cwaste.skolbloggen.se:80/svenska/nationellt-prov-i-svenska-b-kursen/nationellt-prov,True,redirect:301,svenska/nationellt-prov-i-svenska-b-kursen/nationellt-prov/index.html,True,True,True,https://web.archive.org/web/20120830182053/http://cwaste.skolbloggen.se:80/svenska/nationellt-prov-i-svenska-b-kursen/nationellt-prov,http://cwaste.skolbloggen.se/svenska/nationellt-prov-i-svenska-b-kursen/nationellt-prov,other,svenska/nationellt-prov-i-svenska-b-kursen/nationellt-prov/index.html,
http://cwaste.skolbloggen.se/svenska/nationellt-prov-i-svenska-b-kursen/nationellt-prov/,other,200,text/html,20180323111544,http://cwaste.skolbloggen.se:80/svenska/nationellt-prov-i-svenska-b-kursen/nationellt-prov/,https://web.archive.org/web/20180323111544/http://cwaste.skolbloggen.se:80/svenska/nationellt-prov-i-svenska-b-kursen/nationellt-prov/,https://web.archive.org/web/20180323111544id_/http://cwaste.skolbloggen.se:80/svenska/nationellt-prov-i-svenska-b-kursen/nationellt-prov/,True,html-content,svenska/nationellt-prov-i-svenska-b-kursen/nationellt-prov/index.html,False,True,True,https://web.archive.org/web/20180323111544id_/http://cwaste.skolbloggen.se:80/svenska/nationellt-prov-i-svenska-b-kursen/nationellt-prov/,http://cwaste.skolbloggen.se/svenska/nationellt-prov-i-svenska-b-kursen/nationellt-prov/,other,svenska/nationellt-prov-i-svenska-b-kursen/nationellt-prov/index.html,
http://cwaste.skolbloggen.se/svenska/nationellt-prov-i-svenska-b-kursen/nationellt-prov/feed/,feed,200,text/xml,20120901130124,http://cwaste.skolbloggen.se:80/svenska/nationellt-prov-i-svenska-b-kursen/nationellt-prov/feed/,https://web.archive.org/web/20120901130124/http://cwaste.skolbloggen.se:80/svenska/nationellt-prov-i-svenska-b-kursen/nationellt-prov/feed/,https://web.archive.org/web/20120901130124id_/http://cwaste.skolbloggen.se:80/svenska/nationellt-prov-i-svenska-b-kursen/nationellt-prov/feed/,False,kind:feed,svenska/nationellt-prov-i-svenska-b-kursen/nationellt-prov/feed/index.html,False,False,False,,,,,
http://cwaste.skolbloggen.se/svenska/nationellt-prov-i-svenska-b-kursen/nationellt-prov/trackback/,other,302,text/html,20120902045911,http://cwaste.skolbloggen.se:80/svenska/nationellt-prov-i-svenska-b-kursen/nationellt-prov/trackback/,https://web.archive.org/web/20120902045911/http://cwaste.skolbloggen.se:80/svenska/nationellt-prov-i-svenska-b-kursen/nationellt-prov/trackback/,https://web.archive.org/web/20120902045911/http://cwaste.skolbloggen.se:80/svenska/nationellt-prov-i-svenska-b-kursen/nationellt-prov/trackback/,True,redirect:302,svenska/nationellt-prov-i-svenska-b-kursen/nationellt-prov/trackback/index.html,True,True,True,https://web.archive.org/web/20120902045911/http://cwaste.skolbloggen.se:80/svenska/nationellt-prov-i-svenska-b-kursen/nationellt-prov/trackback/,http://cwaste.skolbloggen.se/svenska/nationellt-prov-i-svenska-b-kursen/nationellt-prov/trackback/,other,svenska/nationellt-prov-i-svenska-b-kursen/nationellt-prov/trackback/index.html,
http://cwaste.skolbloggen.se/svenska/nationellt-prov-i-svenska-b-kursen/trackback/,other,302,text/html,20120902045250,http://cwaste.skolbloggen.se:80/svenska/nationellt-prov-i-svenska-b-kursen/trackback/,https://web.archive.org/web/20120902045250/http://cwaste.skolbloggen.se:80/svenska/nationellt-prov-i-svenska-b-kursen/trackback/,https://web.archive.org/web/20120902045250/http://cwaste.skolbloggen.se:80/svenska/nationellt-prov-i-svenska-b-kursen/trackback/,True,redirect:302,svenska/nationellt-prov-i-svenska-b-kursen/trackback/index.html,True,True,True,https://web.archive.org/web/20120902045250/http://cwaste.skolbloggen.se:80/svenska/nationellt-prov-i-svenska-b-kursen/trackback/,http://cwaste.skolbloggen.se/svenska/nationellt-prov-i-svenska-b-kursen/trackback/,other,svenska/nationellt-prov-i-svenska-b-kursen/trackback/index.html,
http://cwaste.skolbloggen.se/svenska/referera,other,301,text/html,20190823093210,http://cwaste.skolbloggen.se:80/svenska/referera,https://web.archive.org/web/20190823093210/http://cwaste.skolbloggen.se:80/svenska/referera,https://web.archive.org/web/20190823093210/http://cwaste.skolbloggen.se:80/svenska/referera,True,redirect:301,svenska/referera/index.html,True,True,True,https://web.archive.org/web/20180329124146/http://cwaste.skolbloggen.se/svenska/referera/,http://cwaste.skolbloggen.se/svenska/referera/,other,svenska/referera/index.html,
http://cwaste.skolbloggen.se/svenska/referera/,other,200,text/html,20180329124146,http://cwaste.skolbloggen.se:80/svenska/referera/,https://web.archive.org/web/20180329124146/http://cwaste.skolbloggen.se:80/svenska/referera/,https://web.archive.org/web/20180329124146id_/http://cwaste.skolbloggen.se:80/svenska/referera/,True,html-content,svenska/referera/index.html,False,True,True,https://web.archive.org/web/20180329124146id_/http://cwaste.skolbloggen.se:80/svenska/referera/,http://cwaste.skolbloggen.se/svenska/referera/,other,svenska/referera/index.html,
http://cwaste.skolbloggen.se/svenska/referera/bedomning-av-referat,other,301,text/html,20170808071328,http://cwaste.skolbloggen.se:80/svenska/referera/bedomning-av-referat,https://web.archive.org/web/20170808071328/http://cwaste.skolbloggen.se:80/svenska/referera/bedomning-av-referat,https://web.archive.org/web/20170808071328/http://cwaste.skolbloggen.se:80/svenska/referera/bedomning-av-referat,True,redirect:301,svenska/referera/bedomning-av-referat/index.html,True,True,True,https://web.archive.org/web/20170808071328/http://cwaste.skolbloggen.se:80/svenska/referera/bedomning-av-referat,http://cwaste.skolbloggen.se/svenska/referera/bedomning-av-referat,other,svenska/referera/bedomning-av-referat/index.html,
http://cwaste.skolbloggen.se/svenska/referera/bedomning-av-referat/,other,200,text/html,20180323075624,http://cwaste.skolbloggen.se:80/svenska/referera/bedomning-av-referat/,https://web.archive.org/web/20180323075624/http://cwaste.skolbloggen.se:80/svenska/referera/bedomning-av-referat/,https://web.archive.org/web/20180323075624id_/http://cwaste.skolbloggen.se:80/svenska/referera/bedomning-av-referat/,True,html-content,svenska/referera/bedomning-av-referat/index.html,False,True,True,https://web.archive.org/web/20180323075624id_/http://cwaste.skolbloggen.se:80/svenska/referera/bedomning-av-referat/,http://cwaste.skolbloggen.se/svenska/referera/bedomning-av-referat/,other,svenska/referera/bedomning-av-referat/index.html,
http://cwaste.skolbloggen.se/svenska/referera/ex-pa-kallhanvisning,other,301,text/html,20190823092943,http://cwaste.skolbloggen.se:80/svenska/referera/ex-pa-kallhanvisning,https://web.archive.org/web/20190823092943/http://cwaste.skolbloggen.se:80/svenska/referera/ex-pa-kallhanvisning,https://web.archive.org/web/20190823092943/http://cwaste.skolbloggen.se:80/svenska/referera/ex-pa-kallhanvisning,True,redirect:301,svenska/referera/ex-pa-kallhanvisning/index.html,True,True,True,https://web.archive.org/web/20180329122550/http://cwaste.skolbloggen.se/svenska/referera/ex-pa-kallhanvisning/,http://cwaste.skolbloggen.se/svenska/referera/ex-pa-kallhanvisning/,other,svenska/referera/ex-pa-kallhanvisning/index.html,
http://cwaste.skolbloggen.se/svenska/referera/ex-pa-kallhanvisning/,other,200,text/html,20180329122550,http://cwaste.skolbloggen.se:80/svenska/referera/ex-pa-kallhanvisning/,https://web.archive.org/web/20180329122550/http://cwaste.skolbloggen.se:80/svenska/referera/ex-pa-kallhanvisning/,https://web.archive.org/web/20180329122550id_/http://cwaste.skolbloggen.se:80/svenska/referera/ex-pa-kallhanvisning/,True,html-content,svenska/referera/ex-pa-kallhanvisning/index.html,False,True,True,https://web.archive.org/web/20180329122550id_/http://cwaste.skolbloggen.se:80/svenska/referera/ex-pa-kallhanvisning/,http://cwaste.skolbloggen.se/svenska/referera/ex-pa-kallhanvisning/,other,svenska/referera/ex-pa-kallhanvisning/index.html,
http://cwaste.skolbloggen.se/svenska/referera/ex-pa-kallhanvisning/feed/,feed,200,application/rss+xml,20180227185238,http://cwaste.skolbloggen.se:80/svenska/referera/ex-pa-kallhanvisning/feed/,https://web.archive.org/web/20180227185238/http://cwaste.skolbloggen.se:80/svenska/referera/ex-pa-kallhanvisning/feed/,https://web.archive.org/web/20180227185238id_/http://cwaste.skolbloggen.se:80/svenska/referera/ex-pa-kallhanvisning/feed/,False,kind:feed,svenska/referera/ex-pa-kallhanvisning/feed/index.html,False,False,False,,,,,
http://cwaste.skolbloggen.se/svenska/referera/ex-pa-referatmarkorer,other,301,text/html,20190826201836,http://cwaste.skolbloggen.se:80/svenska/referera/ex-pa-referatmarkorer,https://web.archive.org/web/20190826201836/http://cwaste.skolbloggen.se:80/svenska/referera/ex-pa-referatmarkorer,https://web.archive.org/web/20190826201836/http://cwaste.skolbloggen.se:80/svenska/referera/ex-pa-referatmarkorer,True,redirect:301,svenska/referera/ex-pa-referatmarkorer/index.html,True,True,True,https://web.archive.org/web/20180313065533/http://cwaste.skolbloggen.se/svenska/referera/ex-pa-referatmarkorer/,http://cwaste.skolbloggen.se/svenska/referera/ex-pa-referatmarkorer/,other,svenska/referera/ex-pa-referatmarkorer/index.html,
http://cwaste.skolbloggen.se/svenska/referera/ex-pa-referatmarkorer/,other,200,text/html,20180313065533,http://cwaste.skolbloggen.se:80/svenska/referera/ex-pa-referatmarkorer/,https://web.archive.org/web/20180313065533/http://cwaste.skolbloggen.se:80/svenska/referera/ex-pa-referatmarkorer/,https://web.archive.org/web/20180313065533id_/http://cwaste.skolbloggen.se:80/svenska/referera/ex-pa-referatmarkorer/,True,html-content,svenska/referera/ex-pa-referatmarkorer/index.html,False,True,True,https://web.archive.org/web/20180313065533id_/http://cwaste.skolbloggen.se:80/svenska/referera/ex-pa-referatmarkorer/,http://cwaste.skolbloggen.se/svenska/referera/ex-pa-referatmarkorer/,other,svenska/referera/ex-pa-referatmarkorer/index.html,
http://cwaste.skolbloggen.se/svenska/referera/ex-pa-referatmarkorer/feed/,feed,200,application/rss+xml,20160709203504,http://cwaste.skolbloggen.se:80/svenska/referera/ex-pa-referatmarkorer/feed/,https://web.archive.org/web/20160709203504/http://cwaste.skolbloggen.se:80/svenska/referera/ex-pa-referatmarkorer/feed/,https://web.archive.org/web/20160709203504id_/http://cwaste.skolbloggen.se:80/svenska/referera/ex-pa-referatmarkorer/feed/,False,kind:feed,svenska/referera/ex-pa-referatmarkorer/feed/index.html,False,False,False,,,,,
http://cwaste.skolbloggen.se/svenska/referera/ex-pa-referatmarkorer/trackback/,other,302,text/html,20120910085136,http://cwaste.skolbloggen.se:80/svenska/referera/ex-pa-referatmarkorer/trackback/,https://web.archive.org/web/20120910085136/http://cwaste.skolbloggen.se:80/svenska/referera/ex-pa-referatmarkorer/trackback/,https://web.archive.org/web/20120910085136/http://cwaste.skolbloggen.se:80/svenska/referera/ex-pa-referatmarkorer/trackback/,True,redirect:302,svenska/referera/ex-pa-referatmarkorer/trackback/index.html,True,True,True,https://web.archive.org/web/20120910085136/http://cwaste.skolbloggen.se:80/svenska/referera/ex-pa-referatmarkorer/trackback/,http://cwaste.skolbloggen.se/svenska/referera/ex-pa-referatmarkorer/trackback/,other,svenska/referera/ex-pa-referatmarkorer/trackback/index.html,
http://cwaste.skolbloggen.se/svenska/referera/feed/,feed,200,application/rss+xml,20180227113229,http://cwaste.skolbloggen.se:80/svenska/referera/feed/,https://web.archive.org/web/20180227113229/http://cwaste.skolbloggen.se:80/svenska/referera/feed/,https://web.archive.org/web/20180227113229id_/http://cwaste.skolbloggen.se:80/svenska/referera/feed/,False,kind:feed,svenska/referera/feed/index.html,False,False,False,,,,,
http://cwaste.skolbloggen.se/svenska/referera/fler-exempel,other,301,text/html,20190821233949,http://cwaste.skolbloggen.se:80/svenska/referera/fler-exempel,https://web.archive.org/web/20190821233949/http://cwaste.skolbloggen.se:80/svenska/referera/fler-exempel,https://web.archive.org/web/20190821233949/http://cwaste.skolbloggen.se:80/svenska/referera/fler-exempel,True,redirect:301,svenska/referera/fler-exempel/index.html,True,True,True,https://web.archive.org/web/20180329122040/http://cwaste.skolbloggen.se/svenska/referera/fler-exempel/,http://cwaste.skolbloggen.se/svenska/referera/fler-exempel/,other,svenska/referera/fler-exempel/index.html,
http://cwaste.skolbloggen.se/svenska/referera/fler-exempel/,other,200,text/html,20180329122040,http://cwaste.skolbloggen.se:80/svenska/referera/fler-exempel/,https://web.archive.org/web/20180329122040/http://cwaste.skolbloggen.se:80/svenska/referera/fler-exempel/,https://web.archive.org/web/20180329122040id_/http://cwaste.skolbloggen.se:80/svenska/referera/fler-exempel/,True,html-content,svenska/referera/fler-exempel/index.html,False,True,True,https://web.archive.org/web/20180329122040id_/http://cwaste.skolbloggen.se:80/svenska/referera/fler-exempel/,http://cwaste.skolbloggen.se/svenska/referera/fler-exempel/,other,svenska/referera/fler-exempel/index.html,
http://cwaste.skolbloggen.se/svenska/referera/fler-exempel/feed/,feed,200,application/rss+xml,20180227113234,http://cwaste.skolbloggen.se:80/svenska/referera/fler-exempel/feed/,https://web.archive.org/web/20180227113234/http://cwaste.skolbloggen.se:80/svenska/referera/fler-exempel/feed/,https://web.archive.org/web/20180227113234id_/http://cwaste.skolbloggen.se:80/svenska/referera/fler-exempel/feed/,False,kind:feed,svenska/referera/fler-exempel/feed/index.html,False,False,False,,,,,
http://cwaste.skolbloggen.se/svenska/referera/ova-referatskrivning-attityder-kring-sprak/,other,200,text/html,20180323111310,http://cwaste.skolbloggen.se:80/svenska/referera/ova-referatskrivning-attityder-kring-sprak/,https://web.archive.org/web/20180323111310/http://cwaste.skolbloggen.se:80/svenska/referera/ova-referatskrivning-attityder-kring-sprak/,https://web.archive.org/web/20180323111310id_/http://cwaste.skolbloggen.se:80/svenska/referera/ova-referatskrivning-attityder-kring-sprak/,True,html-content,svenska/referera/ova-referatskrivning-attityder-kring-sprak/index.html,False,True,True,https://web.archive.org/web/20180323111310id_/http://cwaste.skolbloggen.se:80/svenska/referera/ova-referatskrivning-attityder-kring-sprak/,http://cwaste.skolbloggen.se/svenska/referera/ova-referatskrivning-attityder-kring-sprak/,other,svenska/referera/ova-referatskrivning-attityder-kring-sprak/index.html,
http://cwaste.skolbloggen.se/svenska/referera/ova-referatskrivning-klass-o-sprak/,other,200,text/html,20180323111721,http://cwaste.skolbloggen.se:80/svenska/referera/ova-referatskrivning-klass-o-sprak/,https://web.archive.org/web/20180323111721/http://cwaste.skolbloggen.se:80/svenska/referera/ova-referatskrivning-klass-o-sprak/,https://web.archive.org/web/20180323111721id_/http://cwaste.skolbloggen.se:80/svenska/referera/ova-referatskrivning-klass-o-sprak/,True,html-content,svenska/referera/ova-referatskrivning-klass-o-sprak/index.html,False,True,True,https://web.archive.org/web/20180323111721id_/http://cwaste.skolbloggen.se:80/svenska/referera/ova-referatskrivning-klass-o-sprak/,http://cwaste.skolbloggen.se/svenska/referera/ova-referatskrivning-klass-o-sprak/,other,svenska/referera/ova-referatskrivning-klass-o-sprak/index.html,
http://cwaste.skolbloggen.se/svenska/referera/ova-referatskrivning-nathat-bland-unga,other,301,text/html,20190806190635,http://cwaste.skolbloggen.se:80/svenska/referera/ova-referatskrivning-nathat-bland-unga,https://web.archive.org/web/20190806190635/http://cwaste.skolbloggen.se:80/svenska/referera/ova-referatskrivning-nathat-bland-unga,https://web.archive.org/web/20190806190635/http://cwaste.skolbloggen.se:80/svenska/referera/ova-referatskrivning-nathat-bland-unga,True,redirect:301,svenska/referera/ova-referatskrivning-nathat-bland-unga/index.html,True,True,True,https://web.archive.org/web/20180323195355/http://cwaste.skolbloggen.se/svenska/referera/ova-referatskrivning-nathat-bland-unga/,http://cwaste.skolbloggen.se/svenska/referera/ova-referatskrivning-nathat-bland-unga/,other,svenska/referera/ova-referatskrivning-nathat-bland-unga/index.html,
http://cwaste.skolbloggen.se/svenska/referera/ova-referatskrivning-nathat-bland-unga/,other,200,text/html,20180323195355,http://cwaste.skolbloggen.se:80/svenska/referera/ova-referatskrivning-nathat-bland-unga/,https://web.archive.org/web/20180323195355/http://cwaste.skolbloggen.se:80/svenska/referera/ova-referatskrivning-nathat-bland-unga/,https://web.archive.org/web/20180323195355id_/http://cwaste.skolbloggen.se:80/svenska/referera/ova-referatskrivning-nathat-bland-unga/,True,html-content,svenska/referera/ova-referatskrivning-nathat-bland-unga/index.html,False,True,True,https://web.archive.org/web/20180323195355id_/http://cwaste.skolbloggen.se:80/svenska/referera/ova-referatskrivning-nathat-bland-unga/,http://cwaste.skolbloggen.se/svenska/referera/ova-referatskrivning-nathat-bland-unga/,other,svenska/referera/ova-referatskrivning-nathat-bland-unga/index.html,
http://cwaste.skolbloggen.se/svenska/referera/ova-referatskrivning-nathat-bland-unga/feed/,feed,200,text/xml,20110511202329,http://cwaste.skolbloggen.se:80/svenska/referera/ova-referatskrivning-nathat-bland-unga/feed/,https://web.archive.org/web/20110511202329/http://cwaste.skolbloggen.se:80/svenska/referera/ova-referatskrivning-nathat-bland-unga/feed/,https://web.archive.org/web/20110511202329id_/http://cwaste.skolbloggen.se:80/svenska/referera/ova-referatskrivning-nathat-bland-unga/feed/,False,kind:feed,svenska/referera/ova-referatskrivning-nathat-bland-unga/feed/index.html,False,False,False,,,,,
http://cwaste.skolbloggen.se/svenska/referera/skriva-referat,other,301,text/html,20180325144743,http://cwaste.skolbloggen.se:80/svenska/referera/skriva-referat,https://web.archive.org/web/20180325144743/http://cwaste.skolbloggen.se:80/svenska/referera/skriva-referat,https://web.archive.org/web/20180325144743/http://cwaste.skolbloggen.se:80/svenska/referera/skriva-referat,True,redirect:301,svenska/referera/skriva-referat/index.html,True,True,True,https://web.archive.org/web/20180325144743/http://cwaste.skolbloggen.se:80/svenska/referera/skriva-referat,http://cwaste.skolbloggen.se/svenska/referera/skriva-referat,other,svenska/referera/skriva-referat/index.html,
http://cwaste.skolbloggen.se/svenska/referera/skriva-referat/,other,200,text/html,20180331174956,http://cwaste.skolbloggen.se:80/svenska/referera/skriva-referat/,https://web.archive.org/web/20180331174956/http://cwaste.skolbloggen.se:80/svenska/referera/skriva-referat/,https://web.archive.org/web/20180331174956id_/http://cwaste.skolbloggen.se:80/svenska/referera/skriva-referat/,True,html-content,svenska/referera/skriva-referat/index.html,False,True,True,https://web.archive.org/web/20180331174956id_/http://cwaste.skolbloggen.se:80/svenska/referera/skriva-referat/,http://cwaste.skolbloggen.se/svenska/referera/skriva-referat/,other,svenska/referera/skriva-referat/index.html,
http://cwaste.skolbloggen.se/svenska/referera/skriva-referat/ex-pa-kallhanvisning/,other,301,text/html,20180227190503,http://cwaste.skolbloggen.se:80/svenska/referera/skriva-referat/ex-pa-kallhanvisning/,https://web.archive.org/web/20180227190503/http://cwaste.skolbloggen.se:80/svenska/referera/skriva-referat/ex-pa-kallhanvisning/,https://web.archive.org/web/20180227190503/http://cwaste.skolbloggen.se:80/svenska/referera/skriva-referat/ex-pa-kallhanvisning/,True,redirect:301,svenska/referera/skriva-referat/ex-pa-kallhanvisning/index.html,True,True,True,https://web.archive.org/web/20180227190503/http://cwaste.skolbloggen.se:80/svenska/referera/skriva-referat/ex-pa-kallhanvisning/,http://cwaste.skolbloggen.se/svenska/referera/skriva-referat/ex-pa-kallhanvisning/,other,svenska/referera/skriva-referat/ex-pa-kallhanvisning/index.html,
http://cwaste.skolbloggen.se/svenska/referera/skriva-referat/ex-pa-referatmarkorer/,other,301,text/html,20180227184909,http://cwaste.skolbloggen.se:80/svenska/referera/skriva-referat/ex-pa-referatmarkorer/,https://web.archive.org/web/20180227184909/http://cwaste.skolbloggen.se:80/svenska/referera/skriva-referat/ex-pa-referatmarkorer/,https://web.archive.org/web/20180227184909/http://cwaste.skolbloggen.se:80/svenska/referera/skriva-referat/ex-pa-referatmarkorer/,True,redirect:301,svenska/referera/skriva-referat/ex-pa-referatmarkorer/index.html,True,True,True,https://web.archive.org/web/20180227184909/http://cwaste.skolbloggen.se:80/svenska/referera/skriva-referat/ex-pa-referatmarkorer/,http://cwaste.skolbloggen.se/svenska/referera/skriva-referat/ex-pa-referatmarkorer/,other,svenska/referera/skriva-referat/ex-pa-referatmarkorer/index.html,
http://cwaste.skolbloggen.se/svenska/referera/skriva-referat/feed/,feed,200,application/rss+xml,20160129074530,http://cwaste.skolbloggen.se:80/svenska/referera/skriva-referat/feed/,https://web.archive.org/web/20160129074530/http://cwaste.skolbloggen.se:80/svenska/referera/skriva-referat/feed/,https://web.archive.org/web/20160129074530id_/http://cwaste.skolbloggen.se:80/svenska/referera/skriva-referat/feed/,False,kind:feed,svenska/referera/skriva-referat/feed/index.html,False,False,False,,,,,
http://cwaste.skolbloggen.se/svenska/referera/skriva-referat/fler-exempel/,other,301,text/html,20110513042911,http://cwaste.skolbloggen.se:80/svenska/referera/skriva-referat/fler-exempel/,https://web.archive.org/web/20110513042911/http://cwaste.skolbloggen.se:80/svenska/referera/skriva-referat/fler-exempel/,https://web.archive.org/web/20110513042911/http://cwaste.skolbloggen.se:80/svenska/referera/skriva-referat/fler-exempel/,True,redirect:301,svenska/referera/skriva-referat/fler-exempel/index.html,True,True,True,https://web.archive.org/web/20110513042911/http://cwaste.skolbloggen.se:80/svenska/referera/skriva-referat/fler-exempel/,http://cwaste.skolbloggen.se/svenska/referera/skriva-referat/fler-exempel/,other,svenska/referera/skriva-referat/fler-exempel/index.html,
http://cwaste.skolbloggen.se/svenska/referera/skriva-referat/ova-referatskrivning-klass-o-sprak/,other,301,text/html,20110513042915,http://cwaste.skolbloggen.se:80/svenska/referera/skriva-referat/ova-referatskrivning-klass-o-sprak/,https://web.archive.org/web/20110513042915/http://cwaste.skolbloggen.se:80/svenska/referera/skriva-referat/ova-referatskrivning-klass-o-sprak/,https://web.archive.org/web/20110513042915/http://cwaste.skolbloggen.se:80/svenska/referera/skriva-referat/ova-referatskrivning-klass-o-sprak/,True,redirect:301,svenska/referera/skriva-referat/ova-referatskrivning-klass-o-sprak/index.html,True,True,True,https://web.archive.org/web/20110513042915/http://cwaste.skolbloggen.se:80/svenska/referera/skriva-referat/ova-referatskrivning-klass-o-sprak/,http://cwaste.skolbloggen.se/svenska/referera/skriva-referat/ova-referatskrivning-klass-o-sprak/,other,svenska/referera/skriva-referat/ova-referatskrivning-klass-o-sprak/index.html,
http://cwaste.skolbloggen.se/svenska/referera/skriva-referat/ova-referatskrivning-nathat-bland-unga/,other,301,text/html,20110513042921,http://cwaste.skolbloggen.se:80/svenska/referera/skriva-referat/ova-referatskrivning-nathat-bland-unga/,https://web.archive.org/web/20110513042921/http://cwaste.skolbloggen.se:80/svenska/referera/skriva-referat/ova-referatskrivning-nathat-bland-unga/,https://web.archive.org/web/20110513042921/http://cwaste.skolbloggen.se:80/svenska/referera/skriva-referat/ova-referatskrivning-nathat-bland-unga/,True,redirect:301,svenska/referera/skriva-referat/ova-referatskrivning-nathat-bland-unga/index.html,True,True,True,https://web.archive.org/web/20110513042921/http://cwaste.skolbloggen.se:80/svenska/referera/skriva-referat/ova-referatskrivning-nathat-bland-unga/,http://cwaste.skolbloggen.se/svenska/referera/skriva-referat/ova-referatskrivning-nathat-bland-unga/,other,svenska/referera/skriva-referat/ova-referatskrivning-nathat-bland-unga/index.html,
http://cwaste.skolbloggen.se/svenska/referera/skriva-referat/trackback/,other,302,text/html,20120910085140,http://cwaste.skolbloggen.se:80/svenska/referera/skriva-referat/trackback/,https://web.archive.org/web/20120910085140/http://cwaste.skolbloggen.se:80/svenska/referera/skriva-referat/trackback/,https://web.archive.org/web/20120910085140/http://cwaste.skolbloggen.se:80/svenska/referera/skriva-referat/trackback/,True,redirect:302,svenska/referera/skriva-referat/trackback/index.html,True,True,True,https://web.archive.org/web/20120910085140/http://cwaste.skolbloggen.se:80/svenska/referera/skriva-referat/trackback/,http://cwaste.skolbloggen.se/svenska/referera/skriva-referat/trackback/,other,svenska/referera/skriva-referat/trackback/index.html,
http://cwaste.skolbloggen.se/svenska/retorik/,other,200,text/html,20180323111549,http://cwaste.skolbloggen.se:80/svenska/retorik/,https://web.archive.org/web/20180323111549/http://cwaste.skolbloggen.se:80/svenska/retorik/,https://web.archive.org/web/20180323111549id_/http://cwaste.skolbloggen.se:80/svenska/retorik/,True,html-content,svenska/retorik/index.html,False,True,True,https://web.archive.org/web/20180323111549id_/http://cwaste.skolbloggen.se:80/svenska/retorik/,http://cwaste.skolbloggen.se/svenska/retorik/,other,svenska/retorik/index.html,
http://cwaste.skolbloggen.se/svenska/retorik/ett-exempel-som-inspirerar-mig-vad-tycker-du/,other,200,text/html,20180323111013,http://cwaste.skolbloggen.se:80/svenska/retorik/ett-exempel-som-inspirerar-mig-vad-tycker-du/,https://web.archive.org/web/20180323111013/http://cwaste.skolbloggen.se:80/svenska/retorik/ett-exempel-som-inspirerar-mig-vad-tycker-du/,https://web.archive.org/web/20180323111013id_/http://cwaste.skolbloggen.se:80/svenska/retorik/ett-exempel-som-inspirerar-mig-vad-tycker-du/,True,html-content,svenska/retorik/ett-exempel-som-inspirerar-mig-vad-tycker-du/index.html,False,True,True,https://web.archive.org/web/20180323111013id_/http://cwaste.skolbloggen.se:80/svenska/retorik/ett-exempel-som-inspirerar-mig-vad-tycker-du/,http://cwaste.skolbloggen.se/svenska/retorik/ett-exempel-som-inspirerar-mig-vad-tycker-du/,other,svenska/retorik/ett-exempel-som-inspirerar-mig-vad-tycker-du/index.html,
http://cwaste.skolbloggen.se/svenska/samarbetsskrivande/,other,200,text/html,20180323111018,http://cwaste.skolbloggen.se:80/svenska/samarbetsskrivande/,https://web.archive.org/web/20180323111018/http://cwaste.skolbloggen.se:80/svenska/samarbetsskrivande/,https://web.archive.org/web/20180323111018id_/http://cwaste.skolbloggen.se:80/svenska/samarbetsskrivande/,True,html-content,svenska/samarbetsskrivande/index.html,False,True,True,https://web.archive.org/web/20180323111018id_/http://cwaste.skolbloggen.se:80/svenska/samarbetsskrivande/,http://cwaste.skolbloggen.se/svenska/samarbetsskrivande/,other,svenska/samarbetsskrivande/index.html,
http://cwaste.skolbloggen.se/svenska/skriva-referat/ex-pa-kallhanvisning/,other,301,text/html,20120910090114,http://cwaste.skolbloggen.se:80/svenska/skriva-referat/ex-pa-kallhanvisning/,https://web.archive.org/web/20120910090114/http://cwaste.skolbloggen.se:80/svenska/skriva-referat/ex-pa-kallhanvisning/,https://web.archive.org/web/20120910090114/http://cwaste.skolbloggen.se:80/svenska/skriva-referat/ex-pa-kallhanvisning/,True,redirect:301,svenska/skriva-referat/ex-pa-kallhanvisning/index.html,True,True,True,https://web.archive.org/web/20120910090114/http://cwaste.skolbloggen.se:80/svenska/skriva-referat/ex-pa-kallhanvisning/,http://cwaste.skolbloggen.se/svenska/skriva-referat/ex-pa-kallhanvisning/,other,svenska/skriva-referat/ex-pa-kallhanvisning/index.html,
http://cwaste.skolbloggen.se/svenska/skriva-referat/ex-pa-referatmarkorer/,other,301,text/html,20120902045049,http://cwaste.skolbloggen.se:80/svenska/skriva-referat/ex-pa-referatmarkorer/,https://web.archive.org/web/20120902045049/http://cwaste.skolbloggen.se:80/svenska/skriva-referat/ex-pa-referatmarkorer/,https://web.archive.org/web/20120902045049/http://cwaste.skolbloggen.se:80/svenska/skriva-referat/ex-pa-referatmarkorer/,True,redirect:301,svenska/skriva-referat/ex-pa-referatmarkorer/index.html,True,True,True,https://web.archive.org/web/20120902045049/http://cwaste.skolbloggen.se:80/svenska/skriva-referat/ex-pa-referatmarkorer/,http://cwaste.skolbloggen.se/svenska/skriva-referat/ex-pa-referatmarkorer/,other,svenska/skriva-referat/ex-pa-referatmarkorer/index.html,
http://cwaste.skolbloggen.se/svenska/skrivprocessen/,other,200,text/html,20180323111321,http://cwaste.skolbloggen.se:80/svenska/skrivprocessen/,https://web.archive.org/web/20180323111321/http://cwaste.skolbloggen.se:80/svenska/skrivprocessen/,https://web.archive.org/web/20180323111321id_/http://cwaste.skolbloggen.se:80/svenska/skrivprocessen/,True,html-content,svenska/skrivprocessen/index.html,False,True,True,https://web.archive.org/web/20180323111321id_/http://cwaste.skolbloggen.se:80/svenska/skrivprocessen/,http://cwaste.skolbloggen.se/svenska/skrivprocessen/,other,svenska/skrivprocessen/index.html,
http://cwaste.skolbloggen.se/svenska/skrivprocessen/kommentera-blogginlagg/,other,200,text/html,20180323111326,http://cwaste.skolbloggen.se:80/svenska/skrivprocessen/kommentera-blogginlagg/,https://web.archive.org/web/20180323111326/http://cwaste.skolbloggen.se:80/svenska/skrivprocessen/kommentera-blogginlagg/,https://web.archive.org/web/20180323111326id_/http://cwaste.skolbloggen.se:80/svenska/skrivprocessen/kommentera-blogginlagg/,True,html-content,svenska/skrivprocessen/kommentera-blogginlagg/index.html,False,True,True,https://web.archive.org/web/20180323111326id_/http://cwaste.skolbloggen.se:80/svenska/skrivprocessen/kommentera-blogginlagg/,http://cwaste.skolbloggen.se/svenska/skrivprocessen/kommentera-blogginlagg/,other,svenska/skrivprocessen/kommentera-blogginlagg/index.html,
http://cwaste.skolbloggen.se/svenska/skrivprocessen/responsgivning/,other,200,text/html,20180323111554,http://cwaste.skolbloggen.se:80/svenska/skrivprocessen/responsgivning/,https://web.archive.org/web/20180323111554/http://cwaste.skolbloggen.se:80/svenska/skrivprocessen/responsgivning/,https://web.archive.org/web/20180323111554id_/http://cwaste.skolbloggen.se:80/svenska/skrivprocessen/responsgivning/,True,html-content,svenska/skrivprocessen/responsgivning/index.html,False,True,True,https://web.archive.org/web/20180323111554id_/http://cwaste.skolbloggen.se:80/svenska/skrivprocessen/responsgivning/,http://cwaste.skolbloggen.se/svenska/skrivprocessen/responsgivning/,other,svenska/skrivprocessen/responsgivning/index.html,
http://cwaste.skolbloggen.se/svenska/skrivprocessen/responsgivning/skriva-kommentarer/,other,200,text/html,20180323111331,http://cwaste.skolbloggen.se:80/svenska/skrivprocessen/responsgivning/skriva-kommentarer/,https://web.archive.org/web/20180323111331/http://cwaste.skolbloggen.se:80/svenska/skrivprocessen/responsgivning/skriva-kommentarer/,https://web.archive.org/web/20180323111331id_/http://cwaste.skolbloggen.se:80/svenska/skrivprocessen/responsgivning/skriva-kommentarer/,True,html-content,svenska/skrivprocessen/responsgivning/skriva-kommentarer/index.html,False,True,True,https://web.archive.org/web/20180323111331id_/http://cwaste.skolbloggen.se:80/svenska/skrivprocessen/responsgivning/skriva-kommentarer/,http://cwaste.skolbloggen.se/svenska/skrivprocessen/responsgivning/skriva-kommentarer/,other,svenska/skrivprocessen/responsgivning/skriva-kommentarer/index.html,
http://cwaste.skolbloggen.se/svenska/skrivrad/,other,200,text/html,20180323111726,http://cwaste.skolbloggen.se:80/svenska/skrivrad/,https://web.archive.org/web/20180323111726/http://cwaste.skolbloggen.se:80/svenska/skrivrad/,https://web.archive.org/web/20180323111726id_/http://cwaste.skolbloggen.se:80/svenska/skrivrad/,True,html-content,svenska/skrivrad/index.html,False,True,True,https://web.archive.org/web/20180323111726id_/http://cwaste.skolbloggen.se:80/svenska/skrivrad/,http://cwaste.skolbloggen.se/svenska/skrivrad/,other,svenska/skrivrad/index.html,
http://cwaste.skolbloggen.se/svenska/skrivrad/nagra-vanliga-misstag,other,301,text/html,20160610190717,http://cwaste.skolbloggen.se:80/svenska/skrivrad/nagra-vanliga-misstag,https://web.archive.org/web/20160610190717/http://cwaste.skolbloggen.se:80/svenska/skrivrad/nagra-vanliga-misstag,https://web.archive.org/web/20160610190717/http://cwaste.skolbloggen.se:80/svenska/skrivrad/nagra-vanliga-misstag,True,redirect:301,svenska/skrivrad/nagra-vanliga-misstag/index.html,True,True,True,https://web.archive.org/web/20160610190717/http://cwaste.skolbloggen.se:80/svenska/skrivrad/nagra-vanliga-misstag,http://cwaste.skolbloggen.se/svenska/skrivrad/nagra-vanliga-misstag,other,svenska/skrivrad/nagra-vanliga-misstag/index.html,
http://cwaste.skolbloggen.se/svenska/skrivrad/nagra-vanliga-misstag/,other,200,text/html,20180323111732,http://cwaste.skolbloggen.se:80/svenska/skrivrad/nagra-vanliga-misstag/,https://web.archive.org/web/20180323111732/http://cwaste.skolbloggen.se:80/svenska/skrivrad/nagra-vanliga-misstag/,https://web.archive.org/web/20180323111732id_/http://cwaste.skolbloggen.se:80/svenska/skrivrad/nagra-vanliga-misstag/,True,html-content,svenska/skrivrad/nagra-vanliga-misstag/index.html,False,True,True,https://web.archive.org/web/20180323111732id_/http://cwaste.skolbloggen.se:80/svenska/skrivrad/nagra-vanliga-misstag/,http://cwaste.skolbloggen.se/svenska/skrivrad/nagra-vanliga-misstag/,other,svenska/skrivrad/nagra-vanliga-misstag/index.html,
http://cwaste.skolbloggen.se/svenska/skrivrad/nagra-vanliga-misstag/feed/,feed,200,application/rss+xml,20160412223232,http://cwaste.skolbloggen.se:80/svenska/skrivrad/nagra-vanliga-misstag/feed/,https://web.archive.org/web/20160412223232/http://cwaste.skolbloggen.se:80/svenska/skrivrad/nagra-vanliga-misstag/feed/,https://web.archive.org/web/20160412223232id_/http://cwaste.skolbloggen.se:80/svenska/skrivrad/nagra-vanliga-misstag/feed/,False,kind:feed,svenska/skrivrad/nagra-vanliga-misstag/feed/index.html,False,False,False,,,,,
http://cwaste.skolbloggen.se/svenska/soka-jobb/,other,200,text/html,20180323111336,http://cwaste.skolbloggen.se:80/svenska/soka-jobb/,https://web.archive.org/web/20180323111336/http://cwaste.skolbloggen.se:80/svenska/soka-jobb/,https://web.archive.org/web/20180323111336id_/http://cwaste.skolbloggen.se:80/svenska/soka-jobb/,True,html-content,svenska/soka-jobb/index.html,False,True,True,https://web.archive.org/web/20180323111336id_/http://cwaste.skolbloggen.se:80/svenska/soka-jobb/,http://cwaste.skolbloggen.se/svenska/soka-jobb/,other,svenska/soka-jobb/index.html,
http://cwaste.skolbloggen.se/svenska/sprakhistoria/,other,200,text/html,20180323111341,http://cwaste.skolbloggen.se:80/svenska/sprakhistoria/,https://web.archive.org/web/20180323111341/http://cwaste.skolbloggen.se:80/svenska/sprakhistoria/,https://web.archive.org/web/20180323111341id_/http://cwaste.skolbloggen.se:80/svenska/sprakhistoria/,True,html-content,svenska/sprakhistoria/index.html,False,True,True,https://web.archive.org/web/20180323111341id_/http://cwaste.skolbloggen.se:80/svenska/sprakhistoria/,http://cwaste.skolbloggen.se/svenska/sprakhistoria/,other,svenska/sprakhistoria/index.html,
http://cwaste.skolbloggen.se/svenska/talovningar,other,301,text/html,20170607021252,http://cwaste.skolbloggen.se:80/svenska/talovningar,https://web.archive.org/web/20170607021252/http://cwaste.skolbloggen.se:80/svenska/talovningar,https://web.archive.org/web/20170607021252/http://cwaste.skolbloggen.se:80/svenska/talovningar,True,redirect:301,svenska/talovningar/index.html,True,True,True,https://web.archive.org/web/20170607021252/http://cwaste.skolbloggen.se:80/svenska/talovningar,http://cwaste.skolbloggen.se/svenska/talovningar,other,svenska/talovningar/index.html,
http://cwaste.skolbloggen.se/svenska/talovningar/,other,200,text/html,20180323111737,http://cwaste.skolbloggen.se:80/svenska/talovningar/,https://web.archive.org/web/20180323111737/http://cwaste.skolbloggen.se:80/svenska/talovningar/,https://web.archive.org/web/20180323111737id_/http://cwaste.skolbloggen.se:80/svenska/talovningar/,True,html-content,svenska/talovningar/index.html,False,True,True,https://web.archive.org/web/20180323111737id_/http://cwaste.skolbloggen.se:80/svenska/talovningar/,http://cwaste.skolbloggen.se/svenska/talovningar/,other,svenska/talovningar/index.html,
http://cwaste.skolbloggen.se/svenska/talovningar/feed/,feed,200,application/rss+xml,20160402025703,http://cwaste.skolbloggen.se:80/svenska/talovningar/feed/,https://web.archive.org/web/20160402025703/http://cwaste.skolbloggen.se:80/svenska/talovningar/feed/,https://web.archive.org/web/20160402025703id_/http://cwaste.skolbloggen.se:80/svenska/talovningar/feed/,False,kind:feed,svenska/talovningar/feed/index.html,False,False,False,,,,,
http://cwaste.skolbloggen.se/svenska/talovningar/trackback/,other,302,text/html,20160402214914,http://cwaste.skolbloggen.se:80/svenska/talovningar/trackback/,https://web.archive.org/web/20160402214914/http://cwaste.skolbloggen.se:80/svenska/talovningar/trackback/,https://web.archive.org/web/20160402214914/http://cwaste.skolbloggen.se:80/svenska/talovningar/trackback/,True,redirect:302,svenska/talovningar/trackback/index.html,True,True,True,https://web.archive.org/web/20160402214914/http://cwaste.skolbloggen.se:80/svenska/talovningar/trackback/,http://cwaste.skolbloggen.se/svenska/talovningar/trackback/,other,svenska/talovningar/trackback/index.html,
http://cwaste.skolbloggen.se/tag/erfarenheter/,tag,200,text/html,20100227124738,http://cwaste.skolbloggen.se:80/tag/erfarenheter/,https://web.archive.org/web/20100227124738/http://cwaste.skolbloggen.se:80/tag/erfarenheter/,https://web.archive.org/web/20100227124738id_/http://cwaste.skolbloggen.se:80/tag/erfarenheter/,True,html-content,tag/erfarenheter/index.html,False,True,True,https://web.archive.org/web/20100227124738id_/http://cwaste.skolbloggen.se:80/tag/erfarenheter/,http://cwaste.skolbloggen.se/tag/erfarenheter/,tag,tag/erfarenheter/index.html,
http://cwaste.skolbloggen.se/tag/forvantningar/,tag,200,text/html,20100227124743,http://cwaste.skolbloggen.se:80/tag/forvantningar/,https://web.archive.org/web/20100227124743/http://cwaste.skolbloggen.se:80/tag/forvantningar/,https://web.archive.org/web/20100227124743id_/http://cwaste.skolbloggen.se:80/tag/forvantningar/,True,html-content,tag/forvantningar/index.html,False,True,True,https://web.archive.org/web/20100227124743id_/http://cwaste.skolbloggen.se:80/tag/forvantningar/,http://cwaste.skolbloggen.se/tag/forvantningar/,tag,tag/forvantningar/index.html,
http://cwaste.skolbloggen.se/tag/introduktion/,tag,200,text/html,20100227062439,http://cwaste.skolbloggen.se:80/tag/introduktion/,https://web.archive.org/web/20100227062439/http://cwaste.skolbloggen.se:80/tag/introduktion/,https://web.archive.org/web/20100227062439id_/http://cwaste.skolbloggen.se:80/tag/introduktion/,True,html-content,tag/introduktion/index.html,False,True,True,https://web.archive.org/web/20100227062439id_/http://cwaste.skolbloggen.se:80/tag/introduktion/,http://cwaste.skolbloggen.se/tag/introduktion/,tag,tag/introduktion/index.html,
http://cwaste.skolbloggen.se/tag/kursmal/,tag,200,text/html,20100227124748,http://cwaste.skolbloggen.se:80/tag/kursmal/,https://web.archive.org/web/20100227124748/http://cwaste.skolbloggen.se:80/tag/kursmal/,https://web.archive.org/web/20100227124748id_/http://cwaste.skolbloggen.se:80/tag/kursmal/,True,html-content,tag/kursmal/index.html,False,True,True,https://web.archive.org/web/20100227124748id_/http://cwaste.skolbloggen.se:80/tag/kursmal/,http://cwaste.skolbloggen.se/tag/kursmal/,tag,tag/kursmal/index.html,
http://cwaste.skolbloggen.se/tag/kursplan/,tag,200,text/html,20100227124753,http://cwaste.skolbloggen.se:80/tag/kursplan/,https://web.archive.org/web/20100227124753/http://cwaste.skolbloggen.se:80/tag/kursplan/,https://web.archive.org/web/20100227124753id_/http://cwaste.skolbloggen.se:80/tag/kursplan/,True,html-content,tag/kursplan/index.html,False,True,True,https://web.archive.org/web/20100227124753id_/http://cwaste.skolbloggen.se:80/tag/kursplan/,http://cwaste.skolbloggen.se/tag/kursplan/,tag,tag/kursplan/index.html,
http://cwaste.skolbloggen.se/tag/presentation/,tag,200,text/html,20100227124758,http://cwaste.skolbloggen.se:80/tag/presentation/,https://web.archive.org/web/20100227124758/http://cwaste.skolbloggen.se:80/tag/presentation/,https://web.archive.org/web/20100227124758id_/http://cwaste.skolbloggen.se:80/tag/presentation/,True,html-content,tag/presentation/index.html,False,True,True,https://web.archive.org/web/20100227124758id_/http://cwaste.skolbloggen.se:80/tag/presentation/,http://cwaste.skolbloggen.se/tag/presentation/,tag,tag/presentation/index.html,
http://cwaste.skolbloggen.se/tag/skolverket/,tag,200,text/html,20100227123332,http://cwaste.skolbloggen.se:80/tag/skolverket/,https://web.archive.org/web/20100227123332/http://cwaste.skolbloggen.se:80/tag/skolverket/,https://web.archive.org/web/20100227123332id_/http://cwaste.skolbloggen.se:80/tag/skolverket/,True,html-content,tag/skolverket/index.html,False,True,True,https://web.archive.org/web/20100227123332id_/http://cwaste.skolbloggen.se:80/tag/skolverket/,http://cwaste.skolbloggen.se/tag/skolverket/,tag,tag/skolverket/index.html,
http://cwaste.skolbloggen.se/tag/svenska-b/,tag,200,text/html,20100227124803,http://cwaste.skolbloggen.se:80/tag/svenska-b/,https://web.archive.org/web/20100227124803/http://cwaste.skolbloggen.se:80/tag/svenska-b/,https://web.archive.org/web/20100227124803id_/http://cwaste.skolbloggen.se:80/tag/svenska-b/,True,html-content,tag/svenska-b/index.html,False,True,True,https://web.archive.org/web/20100227124803id_/http://cwaste.skolbloggen.se:80/tag/svenska-b/,http://cwaste.skolbloggen.se/tag/svenska-b/,tag,tag/svenska-b/index.html,
http://cwaste.skolbloggen.se/tag/vecka-2/,tag,200,text/html,20100227123337,http://cwaste.skolbloggen.se:80/tag/vecka-2/,https://web.archive.org/web/20100227123337/http://cwaste.skolbloggen.se:80/tag/vecka-2/,https://web.archive.org/web/20100227123337id_/http://cwaste.skolbloggen.se:80/tag/vecka-2/,True,html-content,tag/vecka-2/index.html,False,True,True,https://web.archive.org/web/20100227123337id_/http://cwaste.skolbloggen.se:80/tag/vecka-2/,http://cwaste.skolbloggen.se/tag/vecka-2/,tag,tag/vecka-2/index.html,
http://cwaste.skolbloggen.se/tag/vecka-3/,tag,200,text/html,20100227123342,http://cwaste.skolbloggen.se:80/tag/vecka-3/,https://web.archive.org/web/20100227123342/http://cwaste.skolbloggen.se:80/tag/vecka-3/,https://web.archive.org/web/20100227123342id_/http://cwaste.skolbloggen.se:80/tag/vecka-3/,True,html-content,tag/vecka-3/index.html,False,True,True,https://web.archive.org/web/20100227123342id_/http://cwaste.skolbloggen.se:80/tag/vecka-3/,http://cwaste.skolbloggen.se/tag/vecka-3/,tag,tag/vecka-3/index.html,
http://cwaste.skolbloggen.se/wp-admin/,other,302,text/html,20100227124304,http://cwaste.skolbloggen.se:80/wp-admin/,https://web.archive.org/web/20100227124304/http://cwaste.skolbloggen.se:80/wp-admin/,https://web.archive.org/web/20100227124304/http://cwaste.skolbloggen.se:80/wp-admin/,False,noise-path,wp-admin/index.html,True,False,False,,,,,
http://cwaste.skolbloggen.se/wp-admin/admin-ajax.php,other,200,text/html,20160920044342,http://cwaste.skolbloggen.se:80/wp-admin/admin-ajax.php,https://web.archive.org/web/20160920044342/http://cwaste.skolbloggen.se:80/wp-admin/admin-ajax.php,https://web.archive.org/web/20160920044342id_/http://cwaste.skolbloggen.se:80/wp-admin/admin-ajax.php,False,noise-path,wp-admin/admin-ajax.html,False,False,False,,,,,
http://cwaste.skolbloggen.se/wp-comments-post.php,other,405,text/plain,20120830055516,http://cwaste.skolbloggen.se:80/wp-comments-post.php,https://web.archive.org/web/20120830055516/http://cwaste.skolbloggen.se:80/wp-comments-post.php,https://web.archive.org/web/20120830055516/http://cwaste.skolbloggen.se:80/wp-comments-post.php,False,mime:text/plain,wp-comments-post.html,False,False,False,,,,,
http://cwaste.skolbloggen.se/wp-content/mu-plugins/anarchy_media/anarchy_media_player.php?anarchy.js,other,200,text/javascript,20111025090224,http://cwaste.skolbloggen.se:80/wp-content/mu-plugins/anarchy_media/anarchy_media_player.php?anarchy.js,https://web.archive.org/web/20111025090224/http://cwaste.skolbloggen.se:80/wp-content/mu-plugins/anarchy_media/anarchy_media_player.php?anarchy.js,https://web.archive.org/web/20111025090224id_/http://cwaste.skolbloggen.se:80/wp-content/mu-plugins/anarchy_media/anarchy_media_player.php?anarchy.js,False,noise-path,wp-content/mu-plugins/anarchy_media/anarchy_media_player.html,False,False,False,,,,,
http://cwaste.skolbloggen.se/wp-content/mu-plugins/wp-recaptcha/recaptcha.css,other,200,text/css,20100824212222,http://cwaste.skolbloggen.se/wp-content/mu-plugins/wp-recaptcha/recaptcha.css,https://web.archive.org/web/20100824212222/http://cwaste.skolbloggen.se/wp-content/mu-plugins/wp-recaptcha/recaptcha.css,https://web.archive.org/web/20100824212222id_/http://cwaste.skolbloggen.se/wp-content/mu-plugins/wp-recaptcha/recaptcha.css,False,extension:.css,wp-content/mu-plugins/wp-recaptcha/recaptcha.html,False,False,False,,,,,
http://cwaste.skolbloggen.se/wp-content/plugins/admin-bar-login/admin-bar-login.css?ver=1.0.1,other,200,text/css,20180308034456,http://cwaste.skolbloggen.se/wp-content/plugins/admin-bar-login/admin-bar-login.css?ver=1.0.1,https://web.archive.org/web/20180308034456/http://cwaste.skolbloggen.se/wp-content/plugins/admin-bar-login/admin-bar-login.css?ver=1.0.1,https://web.archive.org/web/20180308034456id_/http://cwaste.skolbloggen.se/wp-content/plugins/admin-bar-login/admin-bar-login.css?ver=1.0.1,False,extension:.css,wp-content/plugins/admin-bar-login/admin-bar-login.html,False,False,False,,,,,
http://cwaste.skolbloggen.se/wp-content/plugins/admin-bar-login/admin-bar-login.css?ver=761af2ca77b52d7047b2224a7b120f13,other,200,text/css,20160624154624,http://cwaste.skolbloggen.se/wp-content/plugins/admin-bar-login/admin-bar-login.css?ver=761af2ca77b52d7047b2224a7b120f13,https://web.archive.org/web/20160624154624/http://cwaste.skolbloggen.se/wp-content/plugins/admin-bar-login/admin-bar-login.css?ver=761af2ca77b52d7047b2224a7b120f13,https://web.archive.org/web/20160624154624id_/http://cwaste.skolbloggen.se/wp-content/plugins/admin-bar-login/admin-bar-login.css?ver=761af2ca77b52d7047b2224a7b120f13,False,extension:.css,wp-content/plugins/admin-bar-login/admin-bar-login.html,False,False,False,,,,,
http://cwaste.skolbloggen.se/wp-content/plugins/buddypress/bp-core/css/buddybar.min.css?ver=2.5.1,other,200,text/css,20160804030822,http://cwaste.skolbloggen.se/wp-content/plugins/buddypress/bp-core/css/buddybar.min.css?ver=2.5.1,https://web.archive.org/web/20160804030822/http://cwaste.skolbloggen.se/wp-content/plugins/buddypress/bp-core/css/buddybar.min.css?ver=2.5.1,https://web.archive.org/web/20160804030822id_/http://cwaste.skolbloggen.se/wp-content/plugins/buddypress/bp-core/css/buddybar.min.css?ver=2.5.1,False,extension:.css,wp-content/plugins/buddypress/bp-core/css/buddybar.min.html,False,False,False,,,,,
http://cwaste.skolbloggen.se/wp-content/plugins/buddypress/bp-core/css/buddybar.min.css?ver=761af2ca77b52d7047b2224a7b120f13,other,200,text/css,20160624095644,http://cwaste.skolbloggen.se/wp-content/plugins/buddypress/bp-core/css/buddybar.min.css?ver=761af2ca77b52d7047b2224a7b120f13,https://web.archive.org/web/20160624095644/http://cwaste.skolbloggen.se/wp-content/plugins/buddypress/bp-core/css/buddybar.min.css?ver=761af2ca77b52d7047b2224a7b120f13,https://web.archive.org/web/20160624095644id_/http://cwaste.skolbloggen.se/wp-content/plugins/buddypress/bp-core/css/buddybar.min.css?ver=761af2ca77b52d7047b2224a7b120f13,False,extension:.css,wp-content/plugins/buddypress/bp-core/css/buddybar.min.html,False,False,False,,,,,
http://cwaste.skolbloggen.se/wp-content/plugins/buddypress/bp-core/images/60pc_black.png,media,200,image/png,20160803211003,http://cwaste.skolbloggen.se/wp-content/plugins/buddypress/bp-core/images/60pc_black.png,https://web.archive.org/web/20160803211003/http://cwaste.skolbloggen.se/wp-content/plugins/buddypress/bp-core/images/60pc_black.png,https://web.archive.org/web/20160803211003id_/http://cwaste.skolbloggen.se/wp-content/plugins/buddypress/bp-core/images/60pc_black.png,False,kind:media,wp-content/plugins/buddypress/bp-core/images/60pc_black.html,False,False,False,,,,,
http://cwaste.skolbloggen.se/wp-content/plugins/buddypress/bp-core/images/admin-menu-arrow.gif,media,200,image/gif,20160803210007,http://cwaste.skolbloggen.se/wp-content/plugins/buddypress/bp-core/images/admin-menu-arrow.gif,https://web.archive.org/web/20160803210007/http://cwaste.skolbloggen.se/wp-content/plugins/buddypress/bp-core/images/admin-menu-arrow.gif,https://web.archive.org/web/20160803210007id_/http://cwaste.skolbloggen.se/wp-content/plugins/buddypress/bp-core/images/admin-menu-arrow.gif,False,kind:media,wp-content/plugins/buddypress/bp-core/images/admin-menu-arrow.html,False,False,False,,,,,
http://cwaste.skolbloggen.se/wp-content/plugins/buddypress/bp-core/js/confirm.min.js?ver=2.5.1,other,200,application/javascript,20160804025312,http://cwaste.skolbloggen.se/wp-content/plugins/buddypress/bp-core/js/confirm.min.js?ver=2.5.1,https://web.archive.org/web/20160804025312/http://cwaste.skolbloggen.se/wp-content/plugins/buddypress/bp-core/js/confirm.min.js?ver=2.5.1,https://web.archive.org/web/20160804025312id_/http://cwaste.skolbloggen.se/wp-content/plugins/buddypress/bp-core/js/confirm.min.js?ver=2.5.1,False,extension:.js,wp-content/plugins/buddypress/bp-core/js/confirm.min.html,False,False,False,,,,,
http://cwaste.skolbloggen.se/wp-content/plugins/buddypress/bp-core/js/confirm.min.js?ver=761af2ca77b52d7047b2224a7b120f13,other,200,application/javascript,20160624093831,http://cwaste.skolbloggen.se/wp-content/plugins/buddypress/bp-core/js/confirm.min.js?ver=761af2ca77b52d7047b2224a7b120f13,https://web.archive.org/web/20160624093831/http://cwaste.skolbloggen.se/wp-content/plugins/buddypress/bp-core/js/confirm.min.js?ver=761af2ca77b52d7047b2224a7b120f13,https://web.archive.org/web/20160624093831id_/http://cwaste.skolbloggen.se/wp-content/plugins/buddypress/bp-core/js/confirm.min.js?ver=761af2ca77b52d7047b2224a7b120f13,False,extension:.js,wp-content/plugins/buddypress/bp-core/js/confirm.min.html,False,False,False,,,,,
http://cwaste.skolbloggen.se/wp-content/plugins/buddypress/bp-core/js/jquery-cookie.min.js?ver=761af2ca77b52d7047b2224a7b120f13,other,200,application/javascript,20160624160202,http://cwaste.skolbloggen.se/wp-content/plugins/buddypress/bp-core/js/jquery-cookie.min.js?ver=761af2ca77b52d7047b2224a7b120f13,https://web.archive.org/web/20160624160202/http://cwaste.skolbloggen.se/wp-content/plugins/buddypress/bp-core/js/jquery-cookie.min.js?ver=761af2ca77b52d7047b2224a7b120f13,https://web.archive.org/web/20160624160202id_/http://cwaste.skolbloggen.se/wp-content/plugins/buddypress/bp-core/js/jquery-cookie.min.js?ver=761af2ca77b52d7047b2224a7b120f13,False,extension:.js,wp-content/plugins/buddypress/bp-core/js/jquery-cookie.min.html,False,False,False,,,,,
http://cwaste.skolbloggen.se/wp-content/plugins/buddypress/bp-core/js/jquery-query.min.js?ver=2.5.1,other,200,application/javascript,20160804030736,http://cwaste.skolbloggen.se/wp-content/plugins/buddypress/bp-core/js/jquery-query.min.js?ver=2.5.1,https://web.archive.org/web/20160804030736/http://cwaste.skolbloggen.se/wp-content/plugins/buddypress/bp-core/js/jquery-query.min.js?ver=2.5.1,https://web.archive.org/web/20160804030736id_/http://cwaste.skolbloggen.se/wp-content/plugins/buddypress/bp-core/js/jquery-query.min.js?ver=2.5.1,False,extension:.js,wp-content/plugins/buddypress/bp-core/js/jquery-query.min.html,False,False,False,,,,,
http://cwaste.skolbloggen.se/wp-content/plugins/buddypress/bp-core/js/jquery-query.min.js?ver=761af2ca77b52d7047b2224a7b120f13,other,200,application/javascript,20160624094154,http://cwaste.skolbloggen.se/wp-content/plugins/buddypress/bp-core/js/jquery-query.min.js?ver=761af2ca77b52d7047b2224a7b120f13,https://web.archive.org/web/20160624094154/http://cwaste.skolbloggen.se/wp-content/plugins/buddypress/bp-core/js/jquery-query.min.js?ver=761af2ca77b52d7047b2224a7b120f13,https://web.archive.org/web/20160624094154id_/http://cwaste.skolbloggen.se/wp-content/plugins/buddypress/bp-core/js/jquery-query.min.js?ver=761af2ca77b52d7047b2224a7b120f13,False,extension:.js,wp-content/plugins/buddypress/bp-core/js/jquery-query.min.html,False,False,False,,,,,
http://cwaste.skolbloggen.se/wp-content/plugins/buddypress/bp-core/js/jquery-scroll-to.min.js?ver=761af2ca77b52d7047b2224a7b120f13,other,200,application/javascript,20160624094938,http://cwaste.skolbloggen.se/wp-content/plugins/buddypress/bp-core/js/jquery-scroll-to.min.js?ver=761af2ca77b52d7047b2224a7b120f13,https://web.archive.org/web/20160624094938/http://cwaste.skolbloggen.se/wp-content/plugins/buddypress/bp-core/js/jquery-scroll-to.min.js?ver=761af2ca77b52d7047b2224a7b120f13,https://web.archive.org/web/20160624094938id_/http://cwaste.skolbloggen.se/wp-content/plugins/buddypress/bp-core/js/jquery-scroll-to.min.js?ver=761af2ca77b52d7047b2224a7b120f13,False,extension:.js,wp-content/plugins/buddypress/bp-core/js/jquery-scroll-to.min.html,False,False,False,,,,,
http://cwaste.skolbloggen.se/wp-content/plugins/buddypress/bp-core/js/widget-members.min.js?ver=2.5.1,other,200,application/javascript,20160804030819,http://cwaste.skolbloggen.se/wp-content/plugins/buddypress/bp-core/js/widget-members.min.js?ver=2.5.1,https://web.archive.org/web/20160804030819/http://cwaste.skolbloggen.se/wp-content/plugins/buddypress/bp-core/js/widget-members.min.js?ver=2.5.1,https://web.archive.org/web/20160804030819id_/http://cwaste.skolbloggen.se/wp-content/plugins/buddypress/bp-core/js/widget-members.min.js?ver=2.5.1,False,extension:.js,wp-content/plugins/buddypress/bp-core/js/widget-members.min.html,False,False,False,,,,,
http://cwaste.skolbloggen.se/wp-content/plugins/buddypress/bp-core/js/widget-members.min.js?ver=761af2ca77b52d7047b2224a7b120f13,other,200,application/javascript,20160624154045,http://cwaste.skolbloggen.se/wp-content/plugins/buddypress/bp-core/js/widget-members.min.js?ver=761af2ca77b52d7047b2224a7b120f13,https://web.archive.org/web/20160624154045/http://cwaste.skolbloggen.se/wp-content/plugins/buddypress/bp-core/js/widget-members.min.js?ver=761af2ca77b52d7047b2224a7b120f13,https://web.archive.org/web/20160624154045id_/http://cwaste.skolbloggen.se/wp-content/plugins/buddypress/bp-core/js/widget-members.min.js?ver=761af2ca77b52d7047b2224a7b120f13,False,extension:.js,wp-content/plugins/buddypress/bp-core/js/widget-members.min.html,False,False,False,,,,,
http://cwaste.skolbloggen.se/wp-content/plugins/buddypress/bp-templates/bp-legacy/js/buddypress.min.js?ver=2.5.1,other,200,application/javascript,20160804030815,http://cwaste.skolbloggen.se/wp-content/plugins/buddypress/bp-templates/bp-legacy/js/buddypress.min.js?ver=2.5.1,https://web.archive.org/web/20160804030815/http://cwaste.skolbloggen.se/wp-content/plugins/buddypress/bp-templates/bp-legacy/js/buddypress.min.js?ver=2.5.1,https://web.archive.org/web/20160804030815id_/http://cwaste.skolbloggen.se/wp-content/plugins/buddypress/bp-templates/bp-legacy/js/buddypress.min.js?ver=2.5.1,False,extension:.js,wp-content/plugins/buddypress/bp-templates/bp-legacy/js/buddypress.min.html,False,False,False,,,,,
http://cwaste.skolbloggen.se/wp-content/plugins/buddypress/bp-templates/bp-legacy/js/buddypress.min.js?ver=761af2ca77b52d7047b2224a7b120f13,other,200,application/javascript,20160624093932,http://cwaste.skolbloggen.se/wp-content/plugins/buddypress/bp-templates/bp-legacy/js/buddypress.min.js?ver=761af2ca77b52d7047b2224a7b120f13,https://web.archive.org/web/20160624093932/http://cwaste.skolbloggen.se/wp-content/plugins/buddypress/bp-templates/bp-legacy/js/buddypress.min.js?ver=761af2ca77b52d7047b2224a7b120f13,https://web.archive.org/web/20160624093932id_/http://cwaste.skolbloggen.se/wp-content/plugins/buddypress/bp-templates/bp-legacy/js/buddypress.min.js?ver=761af2ca77b52d7047b2224a7b120f13,False,extension:.js,wp-content/plugins/buddypress/bp-templates/bp-legacy/js/buddypress.min.html,False,False,False,,,,,
http://cwaste.skolbloggen.se/wp-content/plugins/buddypress/bp-themes/bp-default/_inc/css/adminbar.css?ver=2.9.2,other,200,text/css,20100824212104,http://cwaste.skolbloggen.se/wp-content/plugins/buddypress/bp-themes/bp-default/_inc/css/adminbar.css?ver=2.9.2,https://web.archive.org/web/20100824212104/http://cwaste.skolbloggen.se/wp-content/plugins/buddypress/bp-themes/bp-default/_inc/css/adminbar.css?ver=2.9.2,https://web.archive.org/web/20100824212104id_/http://cwaste.skolbloggen.se/wp-content/plugins/buddypress/bp-themes/bp-default/_inc/css/adminbar.css?ver=2.9.2,False,extension:.css,wp-content/plugins/buddypress/bp-themes/bp-default/_inc/css/adminbar.html,False,False,False,,,,,
http://cwaste.skolbloggen.se/wp-content/plugins/pro-sites/pro-sites-files/js/tax.js?ver=3.5.2,other,200,application/javascript,20160804030812,http://cwaste.skolbloggen.se/wp-content/plugins/pro-sites/pro-sites-files/js/tax.js?ver=3.5.2,https://web.archive.org/web/20160804030812/http://cwaste.skolbloggen.se/wp-content/plugins/pro-sites/pro-sites-files/js/tax.js?ver=3.5.2,https://web.archive.org/web/20160804030812id_/http://cwaste.skolbloggen.se/wp-content/plugins/pro-sites/pro-sites-files/js/tax.js?ver=3.5.2,False,extension:.js,wp-content/plugins/pro-sites/pro-sites-files/js/tax.html,False,False,False,,,,,
http://cwaste.skolbloggen.se/wp-content/plugins/pro-sites/pro-sites-files/js/tax.js?ver=3.5.8,other,200,application/javascript,20180308084401,http://cwaste.skolbloggen.se/wp-content/plugins/pro-sites/pro-sites-files/js/tax.js?ver=3.5.8,https://web.archive.org/web/20180308084401/http://cwaste.skolbloggen.se/wp-content/plugins/pro-sites/pro-sites-files/js/tax.js?ver=3.5.8,https://web.archive.org/web/20180308084401id_/http://cwaste.skolbloggen.se/wp-content/plugins/pro-sites/pro-sites-files/js/tax.js?ver=3.5.8,False,extension:.js,wp-content/plugins/pro-sites/pro-sites-files/js/tax.html,False,False,False,,,,,
http://cwaste.skolbloggen.se/wp-content/plugins/pro-sites/pro-sites-files/js/tax.js?ver=761af2ca77b52d7047b2224a7b120f13,other,200,application/javascript,20160624154102,http://cwaste.skolbloggen.se/wp-content/plugins/pro-sites/pro-sites-files/js/tax.js?ver=761af2ca77b52d7047b2224a7b120f13,https://web.archive.org/web/20160624154102/http://cwaste.skolbloggen.se/wp-content/plugins/pro-sites/pro-sites-files/js/tax.js?ver=761af2ca77b52d7047b2224a7b120f13,https://web.archive.org/web/20160624154102id_/http://cwaste.skolbloggen.se/wp-content/plugins/pro-sites/pro-sites-files/js/tax.js?ver=761af2ca77b52d7047b2224a7b120f13,False,extension:.js,wp-content/plugins/pro-sites/pro-sites-files/js/tax.html,False,False,False,,,,,
http://cwaste.skolbloggen.se/wp-content/themes/carrington-blog.2.0/carrington-blog/carrington-core/lightbox/css/thickbox.css,other,200,text/css,20160629091722,http://cwaste.skolbloggen.se/wp-content/themes/carrington-blog.2.0/carrington-blog/carrington-core/lightbox/css/thickbox.css,https://web.archive.org/web/20160629091722/http://cwaste.skolbloggen.se/wp-content/themes/carrington-blog.2.0/carrington-blog/carrington-core/lightbox/css/thickbox.css,https://web.archive.org/web/20160629091722id_/http://cwaste.skolbloggen.se/wp-content/themes/carrington-blog.2.0/carrington-blog/carrington-core/lightbox/css/thickbox.css,False,extension:.css,wp-content/themes/carrington-blog.2.0/carrington-blog/carrington-core/lightbox/css/thickbox.html,False,False,False,,,,,
http://cwaste.skolbloggen.se/wp-content/themes/carrington-blog.2.0/carrington-blog/carrington-core/lightbox/img/blank.gif,media,200,image/gif,20160804025319,http://cwaste.skolbloggen.se/wp-content/themes/carrington-blog.2.0/carrington-blog/carrington-core/lightbox/img/blank.gif,https://web.archive.org/web/20160804025319/http://cwaste.skolbloggen.se/wp-content/themes/carrington-blog.2.0/carrington-blog/carrington-core/lightbox/img/blank.gif,https://web.archive.org/web/20160804025319id_/http://cwaste.skolbloggen.se/wp-content/themes/carrington-blog.2.0/carrington-blog/carrington-core/lightbox/img/blank.gif,False,kind:media,wp-content/themes/carrington-blog.2.0/carrington-blog/carrington-core/lightbox/img/blank.html,False,False,False,,,,,
http://cwaste.skolbloggen.se/wp-content/themes/carrington-blog.2.0/carrington-blog/carrington-core/lightbox/img/loadingAnimation.gif,media,200,image/gif,20100824212252,http://cwaste.skolbloggen.se/wp-content/themes/carrington-blog.2.0/carrington-blog/carrington-core/lightbox/img/loadingAnimation.gif,https://web.archive.org/web/20100824212252/http://cwaste.skolbloggen.se/wp-content/themes/carrington-blog.2.0/carrington-blog/carrington-core/lightbox/img/loadingAnimation.gif,https://web.archive.org/web/20100824212252id_/http://cwaste.skolbloggen.se/wp-content/themes/carrington-blog.2.0/carrington-blog/carrington-core/lightbox/img/loadingAnimation.gif,False,kind:media,wp-content/themes/carrington-blog.2.0/carrington-blog/carrington-core/lightbox/img/loadingAnimation.html,False,False,False,,,,,
http://cwaste.skolbloggen.se/wp-content/themes/carrington-blog.2.0/carrington-blog/carrington-core/lightbox/img/macFFBgHack.png,media,200,image/png,20160804025410,http://cwaste.skolbloggen.se/wp-content/themes/carrington-blog.2.0/carrington-blog/carrington-core/lightbox/img/macFFBgHack.png,https://web.archive.org/web/20160804025410/http://cwaste.skolbloggen.se/wp-content/themes/carrington-blog.2.0/carrington-blog/carrington-core/lightbox/img/macFFBgHack.png,https://web.archive.org/web/20160804025410id_/http://cwaste.skolbloggen.se/wp-content/themes/carrington-blog.2.0/carrington-blog/carrington-core/lightbox/img/macFFBgHack.png,False,kind:media,wp-content/themes/carrington-blog.2.0/carrington-blog/carrington-core/lightbox/img/macFFBgHack.html,False,False,False,,,,,
http://cwaste.skolbloggen.se/wp-content/themes/carrington-blog.2.0/carrington-blog/carrington-core/lightbox/thickbox.js?ver=1.0,other,200,application/javascript,20100824212135,http://cwaste.skolbloggen.se/wp-content/themes/carrington-blog.2.0/carrington-blog/carrington-core/lightbox/thickbox.js?ver=1.0,https://web.archive.org/web/20100824212135/http://cwaste.skolbloggen.se/wp-content/themes/carrington-blog.2.0/carrington-blog/carrington-core/lightbox/thickbox.js?ver=1.0,https://web.archive.org/web/20100824212135id_/http://cwaste.skolbloggen.se/wp-content/themes/carrington-blog.2.0/carrington-blog/carrington-core/lightbox/thickbox.js?ver=1.0,False,extension:.js,wp-content/themes/carrington-blog.2.0/carrington-blog/carrington-core/lightbox/thickbox.html,False,False,False,,,,,
http://cwaste.skolbloggen.se/wp-content/themes/carrington-blog.2.0/carrington-blog/carrington-core/lightbox/thickbox.js?ver=761af2ca77b52d7047b2224a7b120f13,other,200,application/javascript,20160624100451,http://cwaste.skolbloggen.se/wp-content/themes/carrington-blog.2.0/carrington-blog/carrington-core/lightbox/thickbox.js?ver=761af2ca77b52d7047b2224a7b120f13,https://web.archive.org/web/20160624100451/http://cwaste.skolbloggen.se/wp-content/themes/carrington-blog.2.0/carrington-blog/carrington-core/lightbox/thickbox.js?ver=761af2ca77b52d7047b2224a7b120f13,https://web.archive.org/web/20160624100451id_/http://cwaste.skolbloggen.se/wp-content/themes/carrington-blog.2.0/carrington-blog/carrington-core/lightbox/thickbox.js?ver=761af2ca77b52d7047b2224a7b120f13,False,extension:.js,wp-content/themes/carrington-blog.2.0/carrington-blog/carrington-core/lightbox/thickbox.html,False,False,False,,,,,
http://cwaste.skolbloggen.se/wp-content/themes/carrington-blog.2.0/carrington-blog/css/css.php,other,200,text/css,20160624093856,http://cwaste.skolbloggen.se/wp-content/themes/carrington-blog.2.0/carrington-blog/css/css.php,https://web.archive.org/web/20160624093856/http://cwaste.skolbloggen.se/wp-content/themes/carrington-blog.2.0/carrington-blog/css/css.php,https://web.archive.org/web/20160624093856id_/http://cwaste.skolbloggen.se/wp-content/themes/carrington-blog.2.0/carrington-blog/css/css.php,False,noise-path,wp-content/themes/carrington-blog.2.0/carrington-blog/css/css.html,False,False,False,,,,,
http://cwaste.skolbloggen.se/wp-content/themes/carrington-blog.2.0/carrington-blog/css/ie.css,other,200,text/css,20160624095406,http://cwaste.skolbloggen.se/wp-content/themes/carrington-blog.2.0/carrington-blog/css/ie.css,https://web.archive.org/web/20160624095406/http://cwaste.skolbloggen.se/wp-content/themes/carrington-blog.2.0/carrington-blog/css/ie.css,https://web.archive.org/web/20160624095406id_/http://cwaste.skolbloggen.se/wp-content/themes/carrington-blog.2.0/carrington-blog/css/ie.css,False,extension:.css,wp-content/themes/carrington-blog.2.0/carrington-blog/css/ie.html,False,False,False,,,,,
http://cwaste.skolbloggen.se/wp-content/themes/carrington-blog.2.0/carrington-blog/css/ie6.css,other,200,text/css,20160624095741,http://cwaste.skolbloggen.se/wp-content/themes/carrington-blog.2.0/carrington-blog/css/ie6.css,https://web.archive.org/web/20160624095741/http://cwaste.skolbloggen.se/wp-content/themes/carrington-blog.2.0/carrington-blog/css/ie6.css,https://web.archive.org/web/20160624095741id_/http://cwaste.skolbloggen.se/wp-content/themes/carrington-blog.2.0/carrington-blog/css/ie6.css,False,extension:.css,wp-content/themes/carrington-blog.2.0/carrington-blog/css/ie6.html,False,False,False,,,,,
http://cwaste.skolbloggen.se/wp-content/themes/carrington-blog.2.0/carrington-blog/css/iepngfix.htc,other,200,text/x-component,20160629091937,http://cwaste.skolbloggen.se/wp-content/themes/carrington-blog.2.0/carrington-blog/css/iepngfix.htc,https://web.archive.org/web/20160629091937/http://cwaste.skolbloggen.se/wp-content/themes/carrington-blog.2.0/carrington-blog/css/iepngfix.htc,https://web.archive.org/web/20160629091937id_/http://cwaste.skolbloggen.se/wp-content/themes/carrington-blog.2.0/carrington-blog/css/iepngfix.htc,False,noise-path,wp-content/themes/carrington-blog.2.0/carrington-blog/css/iepngfix.html,False,False,False,,,,,
http://cwaste.skolbloggen.se/wp-content/themes/carrington-blog.2.0/carrington-blog/img/arrow-bullet.gif,media,200,image/gif,20160803210925,http://cwaste.skolbloggen.se/wp-content/themes/carrington-blog.2.0/carrington-blog/img/arrow-bullet.gif,https://web.archive.org/web/20160803210925/http://cwaste.skolbloggen.se/wp-content/themes/carrington-blog.2.0/carrington-blog/img/arrow-bullet.gif,https://web.archive.org/web/20160803210925id_/http://cwaste.skolbloggen.se/wp-content/themes/carrington-blog.2.0/carrington-blog/img/arrow-bullet.gif,False,kind:media,wp-content/themes/carrington-blog.2.0/carrington-blog/img/arrow-bullet.html,False,False,False,,,,,
http://cwaste.skolbloggen.se/wp-content/themes/carrington-blog.2.0/carrington-blog/img/attachment/150px-flourish-left-dark.png,media,200,image/png,20160803205511,http://cwaste.skolbloggen.se/wp-content/themes/carrington-blog.2.0/carrington-blog/img/attachment/150px-flourish-left-dark.png,https://web.archive.org/web/20160803205511/http://cwaste.skolbloggen.se/wp-content/themes/carrington-blog.2.0/carrington-blog/img/attachment/150px-flourish-left-dark.png,https://web.archive.org/web/20160803205511id_/http://cwaste.skolbloggen.se/wp-content/themes/carrington-blog.2.0/carrington-blog/img/attachment/150px-flourish-left-dark.png,False,kind:media,wp-content/themes/carrington-blog.2.0/carrington-blog/img/attachment/150px-flourish-left-dark.html,False,False,False,,,,,
http://cwaste.skolbloggen.se/wp-content/themes/carrington-blog.2.0/carrington-blog/img/attachment/150px-flourish-right-dark.png,media,200,image/png,20160803205332,http://cwaste.skolbloggen.se/wp-content/themes/carrington-blog.2.0/carrington-blog/img/attachment/150px-flourish-right-dark.png,https://web.archive.org/web/20160803205332/http://cwaste.skolbloggen.se/wp-content/themes/carrington-blog.2.0/carrington-blog/img/attachment/150px-flourish-right-dark.png,https://web.archive.org/web/20160803205332id_/http://cwaste.skolbloggen.se/wp-content/themes/carrington-blog.2.0/carrington-blog/img/attachment/150px-flourish-right-dark.png,False,kind:media,wp-content/themes/carrington-blog.2.0/carrington-blog/img/attachment/150px-flourish-right-dark.html,False,False,False,,,,,
http://cwaste.skolbloggen.se/wp-content/themes/carrington-blog.2.0/carrington-blog/img/comment-thread.gif,media,200,image/gif,20160803205407,http://cwaste.skolbloggen.se/wp-content/themes/carrington-blog.2.0/carrington-blog/img/comment-thread.gif,https://web.archive.org/web/20160803205407/http://cwaste.skolbloggen.se/wp-content/themes/carrington-blog.2.0/carrington-blog/img/comment-thread.gif,https://web.archive.org/web/20160803205407id_/http://cwaste.skolbloggen.se/wp-content/themes/carrington-blog.2.0/carrington-blog/img/comment-thread.gif,False,kind:media,wp-content/themes/carrington-blog.2.0/carrington-blog/img/comment-thread.html,False,False,False,,,,,
http://cwaste.skolbloggen.se/wp-content/themes/carrington-blog.2.0/carrington-blog/img/comment.gif,media,200,image/gif,20160803210813,http://cwaste.skolbloggen.se/wp-content/themes/carrington-blog.2.0/carrington-blog/img/comment.gif,https://web.archive.org/web/20160803210813/http://cwaste.skolbloggen.se/wp-content/themes/carrington-blog.2.0/carrington-blog/img/comment.gif,https://web.archive.org/web/20160803210813id_/http://cwaste.skolbloggen.se/wp-content/themes/carrington-blog.2.0/carrington-blog/img/comment.gif,False,kind:media,wp-content/themes/carrington-blog.2.0/carrington-blog/img/comment.html,False,False,False,,,,,
http://cwaste.skolbloggen.se/wp-content/themes/carrington-blog.2.0/carrington-blog/img/comments-divider.gif,media,200,image/gif,20160803205519,http://cwaste.skolbloggen.se/wp-content/themes/carrington-blog.2.0/carrington-blog/img/comments-divider.gif,https://web.archive.org/web/20160803205519/http://cwaste.skolbloggen.se/wp-content/themes/carrington-blog.2.0/carrington-blog/img/comments-divider.gif,https://web.archive.org/web/20160803205519id_/http://cwaste.skolbloggen.se/wp-content/themes/carrington-blog.2.0/carrington-blog/img/comments-divider.gif,False,kind:media,wp-content/themes/carrington-blog.2.0/carrington-blog/img/comments-divider.html,False,False,False,,,,,
http://cwaste.skolbloggen.se/wp-content/themes/carrington-blog.2.0/carrington-blog/img/divider-ornament-wide-dark.png,media,200,image/png,20160803210713,http://cwaste.skolbloggen.se/wp-content/themes/carrington-blog.2.0/carrington-blog/img/divider-ornament-wide-dark.png,https://web.archive.org/web/20160803210713/http://cwaste.skolbloggen.se/wp-content/themes/carrington-blog.2.0/carrington-blog/img/divider-ornament-wide-dark.png,https://web.archive.org/web/20160803210713id_/http://cwaste.skolbloggen.se/wp-content/themes/carrington-blog.2.0/carrington-blog/img/divider-ornament-wide-dark.png,False,kind:media,wp-content/themes/carrington-blog.2.0/carrington-blog/img/divider-ornament-wide-dark.html,False,False,False,,,,,
http://cwaste.skolbloggen.se/wp-content/themes/carrington-blog.2.0/carrington-blog/img/divider-ornament.gif,media,200,image/gif,20160803211423,http://cwaste.skolbloggen.se/wp-content/themes/carrington-blog.2.0/carrington-blog/img/divider-ornament.gif,https://web.archive.org/web/20160803211423/http://cwaste.skolbloggen.se/wp-content/themes/carrington-blog.2.0/carrington-blog/img/divider-ornament.gif,https://web.archive.org/web/20160803211423id_/http://cwaste.skolbloggen.se/wp-content/themes/carrington-blog.2.0/carrington-blog/img/divider-ornament.gif,False,kind:media,wp-content/themes/carrington-blog.2.0/carrington-blog/img/divider-ornament.html,False,False,False,,,,,
http://cwaste.skolbloggen.se/wp-content/themes/carrington-blog.2.0/carrington-blog/img/dropdown-divider.gif,media,200,image/gif,20160803205742,http://cwaste.skolbloggen.se/wp-content/themes/carrington-blog.2.0/carrington-blog/img/dropdown-divider.gif,https://web.archive.org/web/20160803205742/http://cwaste.skolbloggen.se/wp-content/themes/carrington-blog.2.0/carrington-blog/img/dropdown-divider.gif,https://web.archive.org/web/20160803205742id_/http://cwaste.skolbloggen.se/wp-content/themes/carrington-blog.2.0/carrington-blog/img/dropdown-divider.gif,False,kind:media,wp-content/themes/carrington-blog.2.0/carrington-blog/img/dropdown-divider.html,False,False,False,,,,,
http://cwaste.skolbloggen.se/wp-content/themes/carrington-blog.2.0/carrington-blog/img/footer/by-crowd-favorite-light.png,media,200,image/png,20160803211404,http://cwaste.skolbloggen.se/wp-content/themes/carrington-blog.2.0/carrington-blog/img/footer/by-crowd-favorite-light.png,https://web.archive.org/web/20160803211404/http://cwaste.skolbloggen.se/wp-content/themes/carrington-blog.2.0/carrington-blog/img/footer/by-crowd-favorite-light.png,https://web.archive.org/web/20160803211404id_/http://cwaste.skolbloggen.se/wp-content/themes/carrington-blog.2.0/carrington-blog/img/footer/by-crowd-favorite-light.png,False,kind:media,wp-content/themes/carrington-blog.2.0/carrington-blog/img/footer/by-crowd-favorite-light.html,False,False,False,,,,,
http://cwaste.skolbloggen.se/wp-content/themes/carrington-blog.2.0/carrington-blog/img/footer/divider-ornament-wide-light.png,media,200,image/png,20160803211451,http://cwaste.skolbloggen.se/wp-content/themes/carrington-blog.2.0/carrington-blog/img/footer/divider-ornament-wide-light.png,https://web.archive.org/web/20160803211451/http://cwaste.skolbloggen.se/wp-content/themes/carrington-blog.2.0/carrington-blog/img/footer/divider-ornament-wide-light.png,https://web.archive.org/web/20160803211451id_/http://cwaste.skolbloggen.se/wp-content/themes/carrington-blog.2.0/carrington-blog/img/footer/divider-ornament-wide-light.png,False,kind:media,wp-content/themes/carrington-blog.2.0/carrington-blog/img/footer/divider-ornament-wide-light.html,False,False,False,,,,,
http://cwaste.skolbloggen.se/wp-content/themes/carrington-blog.2.0/carrington-blog/img/footer/gradient-dark.png,media,200,image/png,20160803205601,http://cwaste.skolbloggen.se/wp-content/themes/carrington-blog.2.0/carrington-blog/img/footer/gradient-dark.png,https://web.archive.org/web/20160803205601/http://cwaste.skolbloggen.se/wp-content/themes/carrington-blog.2.0/carrington-blog/img/footer/gradient-dark.png,https://web.archive.org/web/20160803205601id_/http://cwaste.skolbloggen.se/wp-content/themes/carrington-blog.2.0/carrington-blog/img/footer/gradient-dark.png,False,kind:media,wp-content/themes/carrington-blog.2.0/carrington-blog/img/footer/gradient-dark.html,False,False,False,,,,,
http://cwaste.skolbloggen.se/wp-content/themes/carrington-blog.2.0/carrington-blog/img/grey-to-white-gradient.png,media,200,image/png,20160803205607,http://cwaste.skolbloggen.se/wp-content/themes/carrington-blog.2.0/carrington-blog/img/grey-to-white-gradient.png,https://web.archive.org/web/20160803205607/http://cwaste.skolbloggen.se/wp-content/themes/carrington-blog.2.0/carrington-blog/img/grey-to-white-gradient.png,https://web.archive.org/web/20160803205607id_/http://cwaste.skolbloggen.se/wp-content/themes/carrington-blog.2.0/carrington-blog/img/grey-to-white-gradient.png,False,kind:media,wp-content/themes/carrington-blog.2.0/carrington-blog/img/grey-to-white-gradient.html,False,False,False,,,,,
http://cwaste.skolbloggen.se/wp-content/themes/carrington-blog.2.0/carrington-blog/img/header/gradient-dark.png,media,200,image/png,20160803205929,http://cwaste.skolbloggen.se/wp-content/themes/carrington-blog.2.0/carrington-blog/img/header/gradient-dark.png,https://web.archive.org/web/20160803205929/http://cwaste.skolbloggen.se/wp-content/themes/carrington-blog.2.0/carrington-blog/img/header/gradient-dark.png,https://web.archive.org/web/20160803205929id_/http://cwaste.skolbloggen.se/wp-content/themes/carrington-blog.2.0/carrington-blog/img/header/gradient-dark.png,False,kind:media,wp-content/themes/carrington-blog.2.0/carrington-blog/img/header/gradient-dark.html,False,False,False,,,,,
http://cwaste.skolbloggen.se/wp-content/themes/carrington-blog.2.0/carrington-blog/img/header/texture-dark.png,media,200,image/png,20160803211439,http://cwaste.skolbloggen.se/wp-content/themes/carrington-blog.2.0/carrington-blog/img/header/texture-dark.png,https://web.archive.org/web/20160803211439/http://cwaste.skolbloggen.se/wp-content/themes/carrington-blog.2.0/carrington-blog/img/header/texture-dark.png,https://web.archive.org/web/20160803211439id_/http://cwaste.skolbloggen.se/wp-content/themes/carrington-blog.2.0/carrington-blog/img/header/texture-dark.png,False,kind:media,wp-content/themes/carrington-blog.2.0/carrington-blog/img/header/texture-dark.html,False,False,False,,,,,
http://cwaste.skolbloggen.se/wp-content/themes/carrington-blog.2.0/carrington-blog/img/header/texture-light.png,media,200,image/png,20160803211528,http://cwaste.skolbloggen.se/wp-content/themes/carrington-blog.2.0/carrington-blog/img/header/texture-light.png,https://web.archive.org/web/20160803211528/http://cwaste.skolbloggen.se/wp-content/themes/carrington-blog.2.0/carrington-blog/img/header/texture-light.png,https://web.archive.org/web/20160803211528id_/http://cwaste.skolbloggen.se/wp-content/themes/carrington-blog.2.0/carrington-blog/img/header/texture-light.png,False,kind:media,wp-content/themes/carrington-blog.2.0/carrington-blog/img/header/texture-light.html,False,False,False,,,,,
http://cwaste.skolbloggen.se/wp-content/themes/carrington-blog.2.0/carrington-blog/img/ie/by-crowd-favorite.gif,media,200,image/gif,20160803205506,http://cwaste.skolbloggen.se/wp-content/themes/carrington-blog.2.0/carrington-blog/img/ie/by-crowd-favorite.gif,https://web.archive.org/web/20160803205506/http://cwaste.skolbloggen.se/wp-content/themes/carrington-blog.2.0/carrington-blog/img/ie/by-crowd-favorite.gif,https://web.archive.org/web/20160803205506id_/http://cwaste.skolbloggen.se/wp-content/themes/carrington-blog.2.0/carrington-blog/img/ie/by-crowd-favorite.gif,False,kind:media,wp-content/themes/carrington-blog.2.0/carrington-blog/img/ie/by-crowd-favorite.html,False,False,False,,,,,
http://cwaste.skolbloggen.se/wp-content/themes/carrington-blog.2.0/carrington-blog/img/lightbox/nextlabel.gif,media,200,image/gif,20160803210042,http://cwaste.skolbloggen.se/wp-content/themes/carrington-blog.2.0/carrington-blog/img/lightbox/nextlabel.gif,https://web.archive.org/web/20160803210042/http://cwaste.skolbloggen.se/wp-content/themes/carrington-blog.2.0/carrington-blog/img/lightbox/nextlabel.gif,https://web.archive.org/web/20160803210042id_/http://cwaste.skolbloggen.se/wp-content/themes/carrington-blog.2.0/carrington-blog/img/lightbox/nextlabel.gif,False,kind:media,wp-content/themes/carrington-blog.2.0/carrington-blog/img/lightbox/nextlabel.html,False,False,False,,,,,
http://cwaste.skolbloggen.se/wp-content/themes/carrington-blog.2.0/carrington-blog/img/lightbox/prevlabel.gif,media,200,image/gif,20160803211155,http://cwaste.skolbloggen.se/wp-content/themes/carrington-blog.2.0/carrington-blog/img/lightbox/prevlabel.gif,https://web.archive.org/web/20160803211155/http://cwaste.skolbloggen.se/wp-content/themes/carrington-blog.2.0/carrington-blog/img/lightbox/prevlabel.gif,https://web.archive.org/web/20160803211155id_/http://cwaste.skolbloggen.se/wp-content/themes/carrington-blog.2.0/carrington-blog/img/lightbox/prevlabel.gif,False,kind:media,wp-content/themes/carrington-blog.2.0/carrington-blog/img/lightbox/prevlabel.html,False,False,False,,,,,
http://cwaste.skolbloggen.se/wp-content/themes/carrington-blog.2.0/carrington-blog/img/rss-button.gif,media,200,image/gif,20160624095838,http://cwaste.skolbloggen.se/wp-content/themes/carrington-blog.2.0/carrington-blog/img/rss-button.gif,https://web.archive.org/web/20160624095838/http://cwaste.skolbloggen.se/wp-content/themes/carrington-blog.2.0/carrington-blog/img/rss-button.gif,https://web.archive.org/web/20160624095838id_/http://cwaste.skolbloggen.se/wp-content/themes/carrington-blog.2.0/carrington-blog/img/rss-button.gif,False,kind:media,wp-content/themes/carrington-blog.2.0/carrington-blog/img/rss-button.html,False,False,False,,,,,
http://cwaste.skolbloggen.se/wp-content/themes/carrington-blog.2.0/carrington-blog/img/sidebar-background.gif,media,200,image/gif,20160803205021,http://cwaste.skolbloggen.se/wp-content/themes/carrington-blog.2.0/carrington-blog/img/sidebar-background.gif,https://web.archive.org/web/20160803205021/http://cwaste.skolbloggen.se/wp-content/themes/carrington-blog.2.0/carrington-blog/img/sidebar-background.gif,https://web.archive.org/web/20160803205021id_/http://cwaste.skolbloggen.se/wp-content/themes/carrington-blog.2.0/carrington-blog/img/sidebar-background.gif,False,kind:media,wp-content/themes/carrington-blog.2.0/carrington-blog/img/sidebar-background.html,False,False,False,,,,,
http://cwaste.skolbloggen.se/wp-content/themes/carrington-blog.2.0/carrington-blog/img/spinner.gif,media,200,image/gif,20160803210753,http://cwaste.skolbloggen.se/wp-content/themes/carrington-blog.2.0/carrington-blog/img/spinner.gif,https://web.archive.org/web/20160803210753/http://cwaste.skolbloggen.se/wp-content/themes/carrington-blog.2.0/carrington-blog/img/spinner.gif,https://web.archive.org/web/20160803210753id_/http://cwaste.skolbloggen.se/wp-content/themes/carrington-blog.2.0/carrington-blog/img/spinner.gif,False,kind:media,wp-content/themes/carrington-blog.2.0/carrington-blog/img/spinner.html,False,False,False,,,,,
http://cwaste.skolbloggen.se/wp-content/themes/carrington-blog.2.0/carrington-blog/img/sub-header-border-bottom.gif,media,200,image/gif,20160803205142,http://cwaste.skolbloggen.se/wp-content/themes/carrington-blog.2.0/carrington-blog/img/sub-header-border-bottom.gif,https://web.archive.org/web/20160803205142/http://cwaste.skolbloggen.se/wp-content/themes/carrington-blog.2.0/carrington-blog/img/sub-header-border-bottom.gif,https://web.archive.org/web/20160803205142id_/http://cwaste.skolbloggen.se/wp-content/themes/carrington-blog.2.0/carrington-blog/img/sub-header-border-bottom.gif,False,kind:media,wp-content/themes/carrington-blog.2.0/carrington-blog/img/sub-header-border-bottom.html,False,False,False,,,,,
http://cwaste.skolbloggen.se/wp-content/themes/carrington-blog.2.0/carrington-blog/img/watermark-light.gif,media,200,image/gif,20160803205814,http://cwaste.skolbloggen.se/wp-content/themes/carrington-blog.2.0/carrington-blog/img/watermark-light.gif,https://web.archive.org/web/20160803205814/http://cwaste.skolbloggen.se/wp-content/themes/carrington-blog.2.0/carrington-blog/img/watermark-light.gif,https://web.archive.org/web/20160803205814id_/http://cwaste.skolbloggen.se/wp-content/themes/carrington-blog.2.0/carrington-blog/img/watermark-light.gif,False,kind:media,wp-content/themes/carrington-blog.2.0/carrington-blog/img/watermark-light.html,False,False,False,,,,,
http://cwaste.skolbloggen.se/wp-content/themes/carrington-blog.2.0/carrington-blog/js/carrington.js?ver=1.0,other,200,application/javascript,20100824212125,http://cwaste.skolbloggen.se/wp-content/themes/carrington-blog.2.0/carrington-blog/js/carrington.js?ver=1.0,https://web.archive.org/web/20100824212125/http://cwaste.skolbloggen.se/wp-content/themes/carrington-blog.2.0/carrington-blog/js/carrington.js?ver=1.0,https://web.archive.org/web/20100824212125id_/http://cwaste.skolbloggen.se/wp-content/themes/carrington-blog.2.0/carrington-blog/js/carrington.js?ver=1.0,False,extension:.js,wp-content/themes/carrington-blog.2.0/carrington-blog/js/carrington.html,False,False,False,,,,,
http://cwaste.skolbloggen.se/wp-content/themes/carrington-blog.2.0/carrington-blog/js/carrington.js?ver=761af2ca77b52d7047b2224a7b120f13,other,200,application/javascript,20160624094636,http://cwaste.skolbloggen.se/wp-content/themes/carrington-blog.2.0/carrington-blog/js/carrington.js?ver=761af2ca77b52d7047b2224a7b120f13,https://web.archive.org/web/20160624094636/http://cwaste.skolbloggen.se/wp-content/themes/carrington-blog.2.0/carrington-blog/js/carrington.js?ver=761af2ca77b52d7047b2224a7b120f13,https://web.archive.org/web/20160624094636id_/http://cwaste.skolbloggen.se/wp-content/themes/carrington-blog.2.0/carrington-blog/js/carrington.js?ver=761af2ca77b52d7047b2224a7b120f13,False,extension:.js,wp-content/themes/carrington-blog.2.0/carrington-blog/js/carrington.html,False,False,False,,,,,
http://cwaste.skolbloggen.se/wp-content/themes/carrington-blog.2.0/carrington-blog/js/iepngfix_tilebg.js,other,200,application/javascript,20160624154114,http://cwaste.skolbloggen.se/wp-content/themes/carrington-blog.2.0/carrington-blog/js/iepngfix_tilebg.js,https://web.archive.org/web/20160624154114/http://cwaste.skolbloggen.se/wp-content/themes/carrington-blog.2.0/carrington-blog/js/iepngfix_tilebg.js,https://web.archive.org/web/20160624154114id_/http://cwaste.skolbloggen.se/wp-content/themes/carrington-blog.2.0/carrington-blog/js/iepngfix_tilebg.js,False,extension:.js,wp-content/themes/carrington-blog.2.0/carrington-blog/js/iepngfix_tilebg.html,False,False,False,,,,,
http://cwaste.skolbloggen.se/wp-includes/css/admin-bar.min.css?ver=61a4cb4f392d662a87866245baf7a704,other,200,text/css,20160804025407,http://cwaste.skolbloggen.se/wp-includes/css/admin-bar.min.css?ver=61a4cb4f392d662a87866245baf7a704,https://web.archive.org/web/20160804025407/http://cwaste.skolbloggen.se/wp-includes/css/admin-bar.min.css?ver=61a4cb4f392d662a87866245baf7a704,https://web.archive.org/web/20160804025407id_/http://cwaste.skolbloggen.se/wp-includes/css/admin-bar.min.css?ver=61a4cb4f392d662a87866245baf7a704,False,extension:.css,wp-includes/css/admin-bar.min.html,False,False,False,,,,,
http://cwaste.skolbloggen.se/wp-includes/css/admin-bar.min.css?ver=63a1754c5b1d2ffcae81f9988ee0db8c,other,200,text/css,20180308084522,http://cwaste.skolbloggen.se/wp-includes/css/admin-bar.min.css?ver=63a1754c5b1d2ffcae81f9988ee0db8c,https://web.archive.org/web/20180308084522/http://cwaste.skolbloggen.se/wp-includes/css/admin-bar.min.css?ver=63a1754c5b1d2ffcae81f9988ee0db8c,https://web.archive.org/web/20180308084522id_/http://cwaste.skolbloggen.se/wp-includes/css/admin-bar.min.css?ver=63a1754c5b1d2ffcae81f9988ee0db8c,False,extension:.css,wp-includes/css/admin-bar.min.html,False,False,False,,,,,
http://cwaste.skolbloggen.se/wp-includes/css/admin-bar.min.css?ver=761af2ca77b52d7047b2224a7b120f13,other,200,text/css,20160624154627,http://cwaste.skolbloggen.se/wp-includes/css/admin-bar.min.css?ver=761af2ca77b52d7047b2224a7b120f13,https://web.archive.org/web/20160624154627/http://cwaste.skolbloggen.se/wp-includes/css/admin-bar.min.css?ver=761af2ca77b52d7047b2224a7b120f13,https://web.archive.org/web/20160624154627id_/http://cwaste.skolbloggen.se/wp-includes/css/admin-bar.min.css?ver=761af2ca77b52d7047b2224a7b120f13,False,extension:.css,wp-includes/css/admin-bar.min.html,False,False,False,,,,,
http://cwaste.skolbloggen.se/wp-includes/css/dashicons.min.css?ver=61a4cb4f392d662a87866245baf7a704,other,200,text/css,20160804025403,http://cwaste.skolbloggen.se/wp-includes/css/dashicons.min.css?ver=61a4cb4f392d662a87866245baf7a704,https://web.archive.org/web/20160804025403/http://cwaste.skolbloggen.se/wp-includes/css/dashicons.min.css?ver=61a4cb4f392d662a87866245baf7a704,https://web.archive.org/web/20160804025403id_/http://cwaste.skolbloggen.se/wp-includes/css/dashicons.min.css?ver=61a4cb4f392d662a87866245baf7a704,False,extension:.css,wp-includes/css/dashicons.min.html,False,False,False,,,,,
http://cwaste.skolbloggen.se/wp-includes/css/dashicons.min.css?ver=63a1754c5b1d2ffcae81f9988ee0db8c,other,200,text/css,20180308064152,http://cwaste.skolbloggen.se/wp-includes/css/dashicons.min.css?ver=63a1754c5b1d2ffcae81f9988ee0db8c,https://web.archive.org/web/20180308064152/http://cwaste.skolbloggen.se/wp-includes/css/dashicons.min.css?ver=63a1754c5b1d2ffcae81f9988ee0db8c,https://web.archive.org/web/20180308064152id_/http://cwaste.skolbloggen.se/wp-includes/css/dashicons.min.css?ver=63a1754c5b1d2ffcae81f9988ee0db8c,False,extension:.css,wp-includes/css/dashicons.min.html,False,False,False,,,,,
http://cwaste.skolbloggen.se/wp-includes/fonts/dashicons.eot,other,200,application/vnd.ms-fontobject,20180315121950,http://cwaste.skolbloggen.se/wp-includes/fonts/dashicons.eot,https://web.archive.org/web/20180315121950/http://cwaste.skolbloggen.se/wp-includes/fonts/dashicons.eot,https://web.archive.org/web/20180315121950id_/http://cwaste.skolbloggen.se/wp-includes/fonts/dashicons.eot,False,noise-path,wp-includes/fonts/dashicons.html,False,False,False,,,,,
http://cwaste.skolbloggen.se/wp-includes/fonts/dashicons.svg,media,200,image/svg+xml,20180315151502,http://cwaste.skolbloggen.se/wp-includes/fonts/dashicons.svg,https://web.archive.org/web/20180315151502/http://cwaste.skolbloggen.se/wp-includes/fonts/dashicons.svg,https://web.archive.org/web/20180315151502id_/http://cwaste.skolbloggen.se/wp-includes/fonts/dashicons.svg,False,kind:media,wp-includes/fonts/dashicons.html,False,False,False,,,,,
http://cwaste.skolbloggen.se/wp-includes/fonts/dashicons.ttf,other,403,text/html,20180315124329,http://cwaste.skolbloggen.se/wp-includes/fonts/dashicons.ttf,https://web.archive.org/web/20180315124329/http://cwaste.skolbloggen.se/wp-includes/fonts/dashicons.ttf,https://web.archive.org/web/20180315124329/http://cwaste.skolbloggen.se/wp-includes/fonts/dashicons.ttf,False,noise-path,wp-includes/fonts/dashicons.html,False,False,False,,,,,
http://cwaste.skolbloggen.se/wp-includes/js/admin-bar.min.js?ver=61a4cb4f392d662a87866245baf7a704,other,200,application/javascript,20160804025315,http://cwaste.skolbloggen.se/wp-includes/js/admin-bar.min.js?ver=61a4cb4f392d662a87866245baf7a704,https://web.archive.org/web/20160804025315/http://cwaste.skolbloggen.se/wp-includes/js/admin-bar.min.js?ver=61a4cb4f392d662a87866245baf7a704,https://web.archive.org/web/20160804025315id_/http://cwaste.skolbloggen.se/wp-includes/js/admin-bar.min.js?ver=61a4cb4f392d662a87866245baf7a704,False,extension:.js,wp-includes/js/admin-bar.min.html,False,False,False,,,,,
http://cwaste.skolbloggen.se/wp-includes/js/admin-bar.min.js?ver=63a1754c5b1d2ffcae81f9988ee0db8c,other,200,application/javascript,20180308031743,http://cwaste.skolbloggen.se/wp-includes/js/admin-bar.min.js?ver=63a1754c5b1d2ffcae81f9988ee0db8c,https://web.archive.org/web/20180308031743/http://cwaste.skolbloggen.se/wp-includes/js/admin-bar.min.js?ver=63a1754c5b1d2ffcae81f9988ee0db8c,https://web.archive.org/web/20180308031743id_/http://cwaste.skolbloggen.se/wp-includes/js/admin-bar.min.js?ver=63a1754c5b1d2ffcae81f9988ee0db8c,False,extension:.js,wp-includes/js/admin-bar.min.html,False,False,False,,,,,
http://cwaste.skolbloggen.se/wp-includes/js/admin-bar.min.js?ver=761af2ca77b52d7047b2224a7b120f13,other,200,application/javascript,20160624095008,http://cwaste.skolbloggen.se/wp-includes/js/admin-bar.min.js?ver=761af2ca77b52d7047b2224a7b120f13,https://web.archive.org/web/20160624095008/http://cwaste.skolbloggen.se/wp-includes/js/admin-bar.min.js?ver=761af2ca77b52d7047b2224a7b120f13,https://web.archive.org/web/20160624095008id_/http://cwaste.skolbloggen.se/wp-includes/js/admin-bar.min.js?ver=761af2ca77b52d7047b2224a7b120f13,False,extension:.js,wp-includes/js/admin-bar.min.html,False,False,False,,,,,
http://cwaste.skolbloggen.se/wp-includes/js/jquery/jquery-migrate.min.js?ver=1.4.1,other,200,application/javascript,20160804030733,http://cwaste.skolbloggen.se/wp-includes/js/jquery/jquery-migrate.min.js?ver=1.4.1,https://web.archive.org/web/20160804030733/http://cwaste.skolbloggen.se/wp-includes/js/jquery/jquery-migrate.min.js?ver=1.4.1,https://web.archive.org/web/20160804030733id_/http://cwaste.skolbloggen.se/wp-includes/js/jquery/jquery-migrate.min.js?ver=1.4.1,False,extension:.js,wp-includes/js/jquery/jquery-migrate.min.html,False,False,False,,,,,
http://cwaste.skolbloggen.se/wp-includes/js/jquery/jquery-migrate.min.js?ver=761af2ca77b52d7047b2224a7b120f13,other,200,application/javascript,20160624154631,http://cwaste.skolbloggen.se/wp-includes/js/jquery/jquery-migrate.min.js?ver=761af2ca77b52d7047b2224a7b120f13,https://web.archive.org/web/20160624154631/http://cwaste.skolbloggen.se/wp-includes/js/jquery/jquery-migrate.min.js?ver=761af2ca77b52d7047b2224a7b120f13,https://web.archive.org/web/20160624154631id_/http://cwaste.skolbloggen.se/wp-includes/js/jquery/jquery-migrate.min.js?ver=761af2ca77b52d7047b2224a7b120f13,False,extension:.js,wp-includes/js/jquery/jquery-migrate.min.html,False,False,False,,,,,
http://cwaste.skolbloggen.se/wp-includes/js/jquery/jquery.js?ver=1.12.4,other,200,application/javascript,20180308030644,http://cwaste.skolbloggen.se/wp-includes/js/jquery/jquery.js?ver=1.12.4,https://web.archive.org/web/20180308030644/http://cwaste.skolbloggen.se/wp-includes/js/jquery/jquery.js?ver=1.12.4,https://web.archive.org/web/20180308030644id_/http://cwaste.skolbloggen.se/wp-includes/js/jquery/jquery.js?ver=1.12.4,False,extension:.js,wp-includes/js/jquery/jquery.html,False,False,False,,,,,
http://cwaste.skolbloggen.se/wp-includes/js/jquery/jquery.js?ver=1.3.2,other,200,application/javascript,20100824212114,http://cwaste.skolbloggen.se/wp-includes/js/jquery/jquery.js?ver=1.3.2,https://web.archive.org/web/20100824212114/http://cwaste.skolbloggen.se/wp-includes/js/jquery/jquery.js?ver=1.3.2,https://web.archive.org/web/20100824212114id_/http://cwaste.skolbloggen.se/wp-includes/js/jquery/jquery.js?ver=1.3.2,False,extension:.js,wp-includes/js/jquery/jquery.html,False,False,False,,,,,
http://cwaste.skolbloggen.se/wp-includes/js/wp-embed.min.js?ver=63a1754c5b1d2ffcae81f9988ee0db8c,other,200,application/javascript,20180308053832,http://cwaste.skolbloggen.se/wp-includes/js/wp-embed.min.js?ver=63a1754c5b1d2ffcae81f9988ee0db8c,https://web.archive.org/web/20180308053832/http://cwaste.skolbloggen.se/wp-includes/js/wp-embed.min.js?ver=63a1754c5b1d2ffcae81f9988ee0db8c,https://web.archive.org/web/20180308053832id_/http://cwaste.skolbloggen.se/wp-includes/js/wp-embed.min.js?ver=63a1754c5b1d2ffcae81f9988ee0db8c,False,extension:.js,wp-includes/js/wp-embed.min.html,False,False,False,,,,,
http://cwaste.skolbloggen.se/wp-includes/js/wp-embed.min.js?ver=761af2ca77b52d7047b2224a7b120f13,other,200,application/javascript,20160624100448,http://cwaste.skolbloggen.se/wp-includes/js/wp-embed.min.js?ver=761af2ca77b52d7047b2224a7b120f13,https://web.archive.org/web/20160624100448/http://cwaste.skolbloggen.se/wp-includes/js/wp-embed.min.js?ver=761af2ca77b52d7047b2224a7b120f13,https://web.archive.org/web/20160624100448id_/http://cwaste.skolbloggen.se/wp-includes/js/wp-embed.min.js?ver=761af2ca77b52d7047b2224a7b120f13,False,extension:.js,wp-includes/js/wp-embed.min.html,False,False,False,,,,,
http://cwaste.skolbloggen.se/wp-includes/wlwmanifest.xml,other,200,application/xml,20180323111741,http://cwaste.skolbloggen.se:80/wp-includes/wlwmanifest.xml,https://web.archive.org/web/20180323111741/http://cwaste.skolbloggen.se:80/wp-includes/wlwmanifest.xml,https://web.archive.org/web/20180323111741id_/http://cwaste.skolbloggen.se:80/wp-includes/wlwmanifest.xml,False,extension:.xml,wp-includes/wlwmanifest.html,False,False,False,,,,,
http://cwaste.skolbloggen.se/wp-json/,other,404,text/html,20180323111022,http://cwaste.skolbloggen.se:80/wp-json/,https://web.archive.org/web/20180323111022/http://cwaste.skolbloggen.se:80/wp-json/,https://web.archive.org/web/20180323111022/http://cwaste.skolbloggen.se:80/wp-json/,False,noise-path,wp-json/index.html,False,False,False,,,,,
http://cwaste.skolbloggen.se/wp-json/oembed/1.0/embed?url=http%3A%2F%2Fcwaste.skolbloggen.se%2F,other,404,text/html,20180308073238,http://cwaste.skolbloggen.se/wp-json/oembed/1.0/embed?url=http%3A%2F%2Fcwaste.skolbloggen.se%2F,https://web.archive.org/web/20180308073238/http://cwaste.skolbloggen.se/wp-json/oembed/1.0/embed?url=http%3A%2F%2Fcwaste.skolbloggen.se%2F,https://web.archive.org/web/20180308073238/http://cwaste.skolbloggen.se/wp-json/oembed/1.0/embed?url=http%3A%2F%2Fcwaste.skolbloggen.se%2F,False,noise-path,wp-json/oembed/1.0/embed/index.html,False,False,False,,,,,
http://cwaste.skolbloggen.se/wp-json/oembed/1.0/embed?url=http%3A%2F%2Fcwaste.skolbloggen.se%2F&format=xml,other,404,text/html,20180308080535,http://cwaste.skolbloggen.se/wp-json/oembed/1.0/embed?url=http%3A%2F%2Fcwaste.skolbloggen.se%2F&format=xml,https://web.archive.org/web/20180308080535/http://cwaste.skolbloggen.se/wp-json/oembed/1.0/embed?url=http%3A%2F%2Fcwaste.skolbloggen.se%2F&format=xml,https://web.archive.org/web/20180308080535/http://cwaste.skolbloggen.se/wp-json/oembed/1.0/embed?url=http%3A%2F%2Fcwaste.skolbloggen.se%2F&format=xml,False,noise-path,wp-json/oembed/1.0/embed/index.html,False,False,False,,,,,
http://cwaste.skolbloggen.se/wp-json/oembed/1.0/embed?url=http%3A%2F%2Fcwaste.skolbloggen.se%2Fsvenska%2Flitteraturanalys-och-lasloggar%2Fforfattarportratt%2F,other,404,text/html,20160417021748,http://cwaste.skolbloggen.se:80/wp-json/oembed/1.0/embed?url=http%3A%2F%2Fcwaste.skolbloggen.se%2Fsvenska%2Flitteraturanalys-och-lasloggar%2Fforfattarportratt%2F,https://web.archive.org/web/20160417021748/http://cwaste.skolbloggen.se:80/wp-json/oembed/1.0/embed?url=http%3A%2F%2Fcwaste.skolbloggen.se%2Fsvenska%2Flitteraturanalys-och-lasloggar%2Fforfattarportratt%2F,https://web.archive.org/web/20160417021748/http://cwaste.skolbloggen.se:80/wp-json/oembed/1.0/embed?url=http%3A%2F%2Fcwaste.skolbloggen.se%2Fsvenska%2Flitteraturanalys-och-lasloggar%2Fforfattarportratt%2F,False,noise-path,wp-json/oembed/1.0/embed/index.html,False,False,False,,,,,
http://cwaste.skolbloggen.se/wp-json/oembed/1.0/embed?url=http%3A%2F%2Fcwaste.skolbloggen.se%2Fsvenska%2Flitteraturanalys-och-lasloggar%2Fforfattarportratt%2F&format=xml,other,404,text/html,20160416114437,http://cwaste.skolbloggen.se:80/wp-json/oembed/1.0/embed?url=http%3A%2F%2Fcwaste.skolbloggen.se%2Fsvenska%2Flitteraturanalys-och-lasloggar%2Fforfattarportratt%2F&format=xml,https://web.archive.org/web/20160416114437/http://cwaste.skolbloggen.se:80/wp-json/oembed/1.0/embed?url=http%3A%2F%2Fcwaste.skolbloggen.se%2Fsvenska%2Flitteraturanalys-och-lasloggar%2Fforfattarportratt%2F&format=xml,https://web.archive.org/web/20160416114437/http://cwaste.skolbloggen.se:80/wp-json/oembed/1.0/embed?url=http%3A%2F%2Fcwaste.skolbloggen.se%2Fsvenska%2Flitteraturanalys-och-lasloggar%2Fforfattarportratt%2F&format=xml,False,noise-path,wp-json/oembed/1.0/embed/index.html,False,False,False,,,,,
http://cwaste.skolbloggen.se/wp-json/oembed/1.0/embed?url=http%3A%2F%2Fcwaste.skolbloggen.se%2Fsvenska%2Ftalovningar%2F,other,404,text/html,20160402213535,http://cwaste.skolbloggen.se:80/wp-json/oembed/1.0/embed?url=http%3A%2F%2Fcwaste.skolbloggen.se%2Fsvenska%2Ftalovningar%2F,https://web.archive.org/web/20160402213535/http://cwaste.skolbloggen.se:80/wp-json/oembed/1.0/embed?url=http%3A%2F%2Fcwaste.skolbloggen.se%2Fsvenska%2Ftalovningar%2F,https://web.archive.org/web/20160402213535/http://cwaste.skolbloggen.se:80/wp-json/oembed/1.0/embed?url=http%3A%2F%2Fcwaste.skolbloggen.se%2Fsvenska%2Ftalovningar%2F,False,noise-path,wp-json/oembed/1.0/embed/index.html,False,False,False,,,,,
http://cwaste.skolbloggen.se/wp-json/oembed/1.0/embed?url=http%3A%2F%2Fcwaste.skolbloggen.se%2Fsvenska%2Ftalovningar%2F&format=xml,other,404,text/html,20160402213942,http://cwaste.skolbloggen.se:80/wp-json/oembed/1.0/embed?url=http%3A%2F%2Fcwaste.skolbloggen.se%2Fsvenska%2Ftalovningar%2F&format=xml,https://web.archive.org/web/20160402213942/http://cwaste.skolbloggen.se:80/wp-json/oembed/1.0/embed?url=http%3A%2F%2Fcwaste.skolbloggen.se%2Fsvenska%2Ftalovningar%2F&format=xml,https://web.archive.org/web/20160402213942/http://cwaste.skolbloggen.se:80/wp-json/oembed/1.0/embed?url=http%3A%2F%2Fcwaste.skolbloggen.se%2Fsvenska%2Ftalovningar%2F&format=xml,False,noise-path,wp-json/oembed/1.0/embed/index.html,False,False,False,,,,,
http://cwaste.skolbloggen.se/wp-json/oembed/1.0/embed?url=http://cwaste.skolbloggen.se/presentation/din-presentation/,other,404,text/html,20180119211858,http://cwaste.skolbloggen.se:80/wp-json/oembed/1.0/embed?url=http://cwaste.skolbloggen.se/presentation/din-presentation/,https://web.archive.org/web/20180119211858/http://cwaste.skolbloggen.se:80/wp-json/oembed/1.0/embed?url=http://cwaste.skolbloggen.se/presentation/din-presentation/,https://web.archive.org/web/20180119211858/http://cwaste.skolbloggen.se:80/wp-json/oembed/1.0/embed?url=http://cwaste.skolbloggen.se/presentation/din-presentation/,False,noise-path,wp-json/oembed/1.0/embed/index.html,False,False,False,,,,,
http://cwaste.skolbloggen.se/wp-json/oembed/1.0/embed?url=http://cwaste.skolbloggen.se/presentation/din-presentation/&format=xml,other,404,text/html,20180119211427,http://cwaste.skolbloggen.se:80/wp-json/oembed/1.0/embed?url=http://cwaste.skolbloggen.se/presentation/din-presentation/&format=xml,https://web.archive.org/web/20180119211427/http://cwaste.skolbloggen.se:80/wp-json/oembed/1.0/embed?url=http://cwaste.skolbloggen.se/presentation/din-presentation/&format=xml,https://web.archive.org/web/20180119211427/http://cwaste.skolbloggen.se:80/wp-json/oembed/1.0/embed?url=http://cwaste.skolbloggen.se/presentation/din-presentation/&format=xml,False,noise-path,wp-json/oembed/1.0/embed/index.html,False,False,False,,,,,
http://cwaste.skolbloggen.se/wp-json/oembed/1.0/embed?url=http://cwaste.skolbloggen.se/studieteknik/kallkritik/de-kallkritiska-principerna/,other,404,text/html,20180301023836,http://cwaste.skolbloggen.se:80/wp-json/oembed/1.0/embed?url=http://cwaste.skolbloggen.se/studieteknik/kallkritik/de-kallkritiska-principerna/,https://web.archive.org/web/20180301023836/http://cwaste.skolbloggen.se:80/wp-json/oembed/1.0/embed?url=http://cwaste.skolbloggen.se/studieteknik/kallkritik/de-kallkritiska-principerna/,https://web.archive.org/web/20180301023836/http://cwaste.skolbloggen.se:80/wp-json/oembed/1.0/embed?url=http://cwaste.skolbloggen.se/studieteknik/kallkritik/de-kallkritiska-principerna/,False,noise-path,wp-json/oembed/1.0/embed/index.html,False,False,False,,,,,
http://cwaste.skolbloggen.se/wp-json/oembed/1.0/embed?url=http://cwaste.skolbloggen.se/studieteknik/kallkritik/de-kallkritiska-principerna/&format=xml,other,404,text/html,20180228161533,http://cwaste.skolbloggen.se:80/wp-json/oembed/1.0/embed?url=http://cwaste.skolbloggen.se/studieteknik/kallkritik/de-kallkritiska-principerna/&format=xml,https://web.archive.org/web/20180228161533/http://cwaste.skolbloggen.se:80/wp-json/oembed/1.0/embed?url=http://cwaste.skolbloggen.se/studieteknik/kallkritik/de-kallkritiska-principerna/&format=xml,https://web.archive.org/web/20180228161533/http://cwaste.skolbloggen.se:80/wp-json/oembed/1.0/embed?url=http://cwaste.skolbloggen.se/studieteknik/kallkritik/de-kallkritiska-principerna/&format=xml,False,noise-path,wp-json/oembed/1.0/embed/index.html,False,False,False,,,,,
http://cwaste.skolbloggen.se/wp-json/oembed/1.0/embed?url=http://cwaste.skolbloggen.se/studieteknik/uppgift/,other,404,text/html,20180228161439,http://cwaste.skolbloggen.se:80/wp-json/oembed/1.0/embed?url=http://cwaste.skolbloggen.se/studieteknik/uppgift/,https://web.archive.org/web/20180228161439/http://cwaste.skolbloggen.se:80/wp-json/oembed/1.0/embed?url=http://cwaste.skolbloggen.se/studieteknik/uppgift/,https://web.archive.org/web/20180228161439/http://cwaste.skolbloggen.se:80/wp-json/oembed/1.0/embed?url=http://cwaste.skolbloggen.se/studieteknik/uppgift/,False,noise-path,wp-json/oembed/1.0/embed/index.html,False,False,False,,,,,
http://cwaste.skolbloggen.se/wp-json/oembed/1.0/embed?url=http://cwaste.skolbloggen.se/studieteknik/uppgift/&format=xml,other,404,text/html,20180301023841,http://cwaste.skolbloggen.se:80/wp-json/oembed/1.0/embed?url=http://cwaste.skolbloggen.se/studieteknik/uppgift/&format=xml,https://web.archive.org/web/20180301023841/http://cwaste.skolbloggen.se:80/wp-json/oembed/1.0/embed?url=http://cwaste.skolbloggen.se/studieteknik/uppgift/&format=xml,https://web.archive.org/web/20180301023841/http://cwaste.skolbloggen.se:80/wp-json/oembed/1.0/embed?url=http://cwaste.skolbloggen.se/studieteknik/uppgift/&format=xml,False,noise-path,wp-json/oembed/1.0/embed/index.html,False,False,False,,,,,
http://cwaste.skolbloggen.se/wp-json/oembed/1.0/embed?url=http://cwaste.skolbloggen.se/svenska/referera/,other,404,text/html,20180227184820,http://cwaste.skolbloggen.se:80/wp-json/oembed/1.0/embed?url=http://cwaste.skolbloggen.se/svenska/referera/,https://web.archive.org/web/20180227184820/http://cwaste.skolbloggen.se:80/wp-json/oembed/1.0/embed?url=http://cwaste.skolbloggen.se/svenska/referera/,https://web.archive.org/web/20180227184820/http://cwaste.skolbloggen.se:80/wp-json/oembed/1.0/embed?url=http://cwaste.skolbloggen.se/svenska/referera/,False,noise-path,wp-json/oembed/1.0/embed/index.html,False,False,False,,,,,
http://cwaste.skolbloggen.se/wp-json/oembed/1.0/embed?url=http://cwaste.skolbloggen.se/svenska/referera/&format=xml,other,404,text/html,20180227185228,http://cwaste.skolbloggen.se:80/wp-json/oembed/1.0/embed?url=http://cwaste.skolbloggen.se/svenska/referera/&format=xml,https://web.archive.org/web/20180227185228/http://cwaste.skolbloggen.se:80/wp-json/oembed/1.0/embed?url=http://cwaste.skolbloggen.se/svenska/referera/&format=xml,https://web.archive.org/web/20180227185228/http://cwaste.skolbloggen.se:80/wp-json/oembed/1.0/embed?url=http://cwaste.skolbloggen.se/svenska/referera/&format=xml,False,noise-path,wp-json/oembed/1.0/embed/index.html,False,False,False,,,,,
http://cwaste.skolbloggen.se/wp-json/oembed/1.0/embed?url=http://cwaste.skolbloggen.se/svenska/referera/ex-pa-kallhanvisning/,other,404,text/html,20180228155155,http://cwaste.skolbloggen.se:80/wp-json/oembed/1.0/embed?url=http://cwaste.skolbloggen.se/svenska/referera/ex-pa-kallhanvisning/,https://web.archive.org/web/20180228155155/http://cwaste.skolbloggen.se:80/wp-json/oembed/1.0/embed?url=http://cwaste.skolbloggen.se/svenska/referera/ex-pa-kallhanvisning/,https://web.archive.org/web/20180228155155/http://cwaste.skolbloggen.se:80/wp-json/oembed/1.0/embed?url=http://cwaste.skolbloggen.se/svenska/referera/ex-pa-kallhanvisning/,False,noise-path,wp-json/oembed/1.0/embed/index.html,False,False,False,,,,,
http://cwaste.skolbloggen.se/wp-json/oembed/1.0/embed?url=http://cwaste.skolbloggen.se/svenska/referera/ex-pa-kallhanvisning/&format=xml,other,404,text/html,20180228155322,http://cwaste.skolbloggen.se:80/wp-json/oembed/1.0/embed?url=http://cwaste.skolbloggen.se/svenska/referera/ex-pa-kallhanvisning/&format=xml,https://web.archive.org/web/20180228155322/http://cwaste.skolbloggen.se:80/wp-json/oembed/1.0/embed?url=http://cwaste.skolbloggen.se/svenska/referera/ex-pa-kallhanvisning/&format=xml,https://web.archive.org/web/20180228155322/http://cwaste.skolbloggen.se:80/wp-json/oembed/1.0/embed?url=http://cwaste.skolbloggen.se/svenska/referera/ex-pa-kallhanvisning/&format=xml,False,noise-path,wp-json/oembed/1.0/embed/index.html,False,False,False,,,,,
http://cwaste.skolbloggen.se/wp-json/oembed/1.0/embed?url=http://cwaste.skolbloggen.se/svenska/referera/fler-exempel/,other,404,text/html,20180227190522,http://cwaste.skolbloggen.se:80/wp-json/oembed/1.0/embed?url=http://cwaste.skolbloggen.se/svenska/referera/fler-exempel/,https://web.archive.org/web/20180227190522/http://cwaste.skolbloggen.se:80/wp-json/oembed/1.0/embed?url=http://cwaste.skolbloggen.se/svenska/referera/fler-exempel/,https://web.archive.org/web/20180227190522/http://cwaste.skolbloggen.se:80/wp-json/oembed/1.0/embed?url=http://cwaste.skolbloggen.se/svenska/referera/fler-exempel/,False,noise-path,wp-json/oembed/1.0/embed/index.html,False,False,False,,,,,
http://cwaste.skolbloggen.se/wp-json/oembed/1.0/embed?url=http://cwaste.skolbloggen.se/svenska/referera/fler-exempel/&format=xml,other,404,text/html,20180227185233,http://cwaste.skolbloggen.se:80/wp-json/oembed/1.0/embed?url=http://cwaste.skolbloggen.se/svenska/referera/fler-exempel/&format=xml,https://web.archive.org/web/20180227185233/http://cwaste.skolbloggen.se:80/wp-json/oembed/1.0/embed?url=http://cwaste.skolbloggen.se/svenska/referera/fler-exempel/&format=xml,https://web.archive.org/web/20180227185233/http://cwaste.skolbloggen.se:80/wp-json/oembed/1.0/embed?url=http://cwaste.skolbloggen.se/svenska/referera/fler-exempel/&format=xml,False,noise-path,wp-json/oembed/1.0/embed/index.html,False,False,False,,,,,
http://cwaste.skolbloggen.se/wp-load.php,other,200,text/html,20111025090235,http://cwaste.skolbloggen.se:80/wp-load.php,https://web.archive.org/web/20111025090235/http://cwaste.skolbloggen.se:80/wp-load.php,https://web.archive.org/web/20111025090235id_/http://cwaste.skolbloggen.se:80/wp-load.php,True,html-content,wp-load.html,False,True,True,https://web.archive.org/web/20111025090235id_/http://cwaste.skolbloggen.se:80/wp-load.php,http://cwaste.skolbloggen.se/wp-load.php,other,wp-load.html,
http://cwaste.skolbloggen.se/wp-login.php,other,200,text/html,20180323111559,http://cwaste.skolbloggen.se:80/wp-login.php,https://web.archive.org/web/20180323111559/http://cwaste.skolbloggen.se:80/wp-login.php,https://web.archive.org/web/20180323111559id_/http://cwaste.skolbloggen.se:80/wp-login.php,False,noise-path,wp-login.html,False,False,False,,,,,
http://cwaste.skolbloggen.se/wp-login.php?action=register,other,302,text/html,20180321030025,http://cwaste.skolbloggen.se:80/wp-login.php?action=register,https://web.archive.org/web/20180321030025/http://cwaste.skolbloggen.se:80/wp-login.php?action=register,https://web.archive.org/web/20180321030025/http://cwaste.skolbloggen.se:80/wp-login.php?action=register,False,noise-path,wp-login.html,True,False,False,,,,,
http://cwaste.skolbloggen.se/wp-login.php?redirect_to=http%3A%2F%2Fcwaste.skolbloggen.se%2Fwp-admin%2F,other,200,text/html,20100227124304,http://cwaste.skolbloggen.se:80/wp-login.php?redirect_to=http%3A%2F%2Fcwaste.skolbloggen.se%2Fwp-admin%2F,https://web.archive.org/web/20100227124304/http://cwaste.skolbloggen.se:80/wp-login.php?redirect_to=http%3A%2F%2Fcwaste.skolbloggen.se%2Fwp-admin%2F,https://web.archive.org/web/20100227124304id_/http://cwaste.skolbloggen.se:80/wp-login.php?redirect_to=http%3A%2F%2Fcwaste.skolbloggen.se%2Fwp-admin%2F,False,noise-path,wp-login.html,False,False,False,,,,,
http://cwaste.skolbloggen.se/wp-login.php?redirect_to=http://cwaste.skolbloggen.se/presentation/din-presentation/,other,200,text/html,20180119211233,http://cwaste.skolbloggen.se:80/wp-login.php?redirect_to=http://cwaste.skolbloggen.se/presentation/din-presentation/,https://web.archive.org/web/20180119211233/http://cwaste.skolbloggen.se:80/wp-login.php?redirect_to=http://cwaste.skolbloggen.se/presentation/din-presentation/,https://web.archive.org/web/20180119211233id_/http://cwaste.skolbloggen.se:80/wp-login.php?redirect_to=http://cwaste.skolbloggen.se/presentation/din-presentation/,False,noise-path,wp-login.html,False,False,False,,,,,
http://cwaste.skolbloggen.se/wp-login.php?redirect_to=http://cwaste.skolbloggen.se/studieteknik/kallkritik/de-kallkritiska-principerna/,other,200,text/html,20180301025336,http://cwaste.skolbloggen.se:80/wp-login.php?redirect_to=http://cwaste.skolbloggen.se/studieteknik/kallkritik/de-kallkritiska-principerna/,https://web.archive.org/web/20180301025336/http://cwaste.skolbloggen.se:80/wp-login.php?redirect_to=http://cwaste.skolbloggen.se/studieteknik/kallkritik/de-kallkritiska-principerna/,https://web.archive.org/web/20180301025336id_/http://cwaste.skolbloggen.se:80/wp-login.php?redirect_to=http://cwaste.skolbloggen.se/studieteknik/kallkritik/de-kallkritiska-principerna/,False,noise-path,wp-login.html,False,False,False,,,,,
http://cwaste.skolbloggen.se/wp-login.php?redirect_to=http://cwaste.skolbloggen.se/studieteknik/uppgift/,other,200,text/html,20180228161620,http://cwaste.skolbloggen.se:80/wp-login.php?redirect_to=http://cwaste.skolbloggen.se/studieteknik/uppgift/,https://web.archive.org/web/20180228161620/http://cwaste.skolbloggen.se:80/wp-login.php?redirect_to=http://cwaste.skolbloggen.se/studieteknik/uppgift/,https://web.archive.org/web/20180228161620id_/http://cwaste.skolbloggen.se:80/wp-login.php?redirect_to=http://cwaste.skolbloggen.se/studieteknik/uppgift/,False,noise-path,wp-login.html,False,False,False,,,,,
http://cwaste.skolbloggen.se/wp-login.php?redirect_to=http://cwaste.skolbloggen.se/svenska/referera/,other,200,text/html,20180227184749,http://cwaste.skolbloggen.se:80/wp-login.php?redirect_to=http://cwaste.skolbloggen.se/svenska/referera/,https://web.archive.org/web/20180227184749/http://cwaste.skolbloggen.se:80/wp-login.php?redirect_to=http://cwaste.skolbloggen.se/svenska/referera/,https://web.archive.org/web/20180227184749id_/http://cwaste.skolbloggen.se:80/wp-login.php?redirect_to=http://cwaste.skolbloggen.se/svenska/referera/,False,noise-path,wp-login.html,False,False,False,,,,,
http://cwaste.skolbloggen.se/wp-login.php?redirect_to=http://cwaste.skolbloggen.se/svenska/referera/ex-pa-kallhanvisning/,other,200,text/html,20180228161331,http://cwaste.skolbloggen.se:80/wp-login.php?redirect_to=http://cwaste.skolbloggen.se/svenska/referera/ex-pa-kallhanvisning/,https://web.archive.org/web/20180228161331/http://cwaste.skolbloggen.se:80/wp-login.php?redirect_to=http://cwaste.skolbloggen.se/svenska/referera/ex-pa-kallhanvisning/,https://web.archive.org/web/20180228161331id_/http://cwaste.skolbloggen.se:80/wp-login.php?redirect_to=http://cwaste.skolbloggen.se/svenska/referera/ex-pa-kallhanvisning/,False,noise-path,wp-login.html,False,False,False,,,,,
http://cwaste.skolbloggen.se/wp-login.php?redirect_to=http://cwaste.skolbloggen.se/svenska/referera/fler-exempel/,other,200,text/html,20180227190815,http://cwaste.skolbloggen.se:80/wp-login.php?redirect_to=http://cwaste.skolbloggen.se/svenska/referera/fler-exempel/,https://web.archive.org/web/20180227190815/http://cwaste.skolbloggen.se:80/wp-login.php?redirect_to=http://cwaste.skolbloggen.se/svenska/referera/fler-exempel/,https://web.archive.org/web/20180227190815id_/http://cwaste.skolbloggen.se:80/wp-login.php?redirect_to=http://cwaste.skolbloggen.se/svenska/referera/fler-exempel/,False,noise-path,wp-login.html,False,False,False,,,,,
http://cwaste.skolbloggen.se/wp-signup.php,other,302,text/html,20100227124314,http://cwaste.skolbloggen.se:80/wp-signup.php,https://web.archive.org/web/20100227124314/http://cwaste.skolbloggen.se:80/wp-signup.php,https://web.archive.org/web/20100227124314/http://cwaste.skolbloggen.se:80/wp-signup.php,True,redirect:302,wp-signup.html,True,True,True,https://web.archive.org/web/20100227124314/http://cwaste.skolbloggen.se:80/wp-signup.php,http://cwaste.skolbloggen.se/wp-signup.php,other,wp-signup.html,
http://cwaste.skolbloggen.se/xmlrpc.php,other,200,text/plain,20120830055527,http://cwaste.skolbloggen.se:80/xmlrpc.php,https://web.archive.org/web/20120830055527/http://cwaste.skolbloggen.se:80/xmlrpc.php,https://web.archive.org/web/20120830055527id_/http://cwaste.skolbloggen.se:80/xmlrpc.php,False,noise-path,xmlrpc.html,False,False,False,,,,,
http://cwaste.skolbloggen.se/xmlrpc.php?rsd,other,200,text/xml,20180323111027,http://cwaste.skolbloggen.se:80/xmlrpc.php?rsd,https://web.archive.org/web/20180323111027/http://cwaste.skolbloggen.se:80/xmlrpc.php?rsd,https://web.archive.org/web/20180323111027id_/http://cwaste.skolbloggen.se:80/xmlrpc.php?rsd,False,noise-path,xmlrpc.html,False,False,False,,,,,
http://www.cwaste.skolbloggen.se/robots.txt,other,200,text/plain,20130506051858,http://www.cwaste.skolbloggen.se/robots.txt,https://web.archive.org/web/20130506051858/http://www.cwaste.skolbloggen.se/robots.txt,https://web.archive.org/web/20130506051858id_/http://www.cwaste.skolbloggen.se/robots.txt,False,noise-path,robots.html,False,False,False,,,,,
https://cwaste.skolbloggen.se/,homepage,200,text/html,20190822221227,https://cwaste.skolbloggen.se/,https://web.archive.org/web/20190822221227/https://cwaste.skolbloggen.se/,https://web.archive.org/web/20190822221227id_/https://cwaste.skolbloggen.se/,True,html-content,index.html,False,True,True,https://web.archive.org/web/20190822221227id_/https://cwaste.skolbloggen.se/,https://cwaste.skolbloggen.se/,homepage,index.html,
https://cwaste.skolbloggen.se/2013/08/,other,200,text/html,20181205010233,https://cwaste.skolbloggen.se/2013/08/,https://web.archive.org/web/20181205010233/https://cwaste.skolbloggen.se/2013/08/,https://web.archive.org/web/20181205010233id_/https://cwaste.skolbloggen.se/2013/08/,True,html-content,2013/08/index.html,False,True,True,https://web.archive.org/web/20181205010233id_/https://cwaste.skolbloggen.se/2013/08/,https://cwaste.skolbloggen.se/2013/08/,other,2013/08/index.html,
https://cwaste.skolbloggen.se/comments/feed/,feed,200,application/rss+xml,20181205144909,https://cwaste.skolbloggen.se/comments/feed/,https://web.archive.org/web/20181205144909/https://cwaste.skolbloggen.se/comments/feed/,https://web.archive.org/web/20181205144909id_/https://cwaste.skolbloggen.se/comments/feed/,False,kind:feed,comments/feed/index.html,False,False,False,,,,,
https://cwaste.skolbloggen.se/favicon.ico,media,-,warc/revisit,20181120032008,https://cwaste.skolbloggen.se/favicon.ico,https://web.archive.org/web/20181120032008/https://cwaste.skolbloggen.se/favicon.ico,https://web.archive.org/web/20181120032008/https://cwaste.skolbloggen.se/favicon.ico,False,kind:media,favicon.html,False,False,False,,,,,
https://cwaste.skolbloggen.se/feed/,feed,200,application/rss+xml,20181208223443,https://cwaste.skolbloggen.se/feed/,https://web.archive.org/web/20181208223443/https://cwaste.skolbloggen.se/feed/,https://web.archive.org/web/20181208223443id_/https://cwaste.skolbloggen.se/feed/,False,kind:feed,feed/index.html,False,False,False,,,,,
https://cwaste.skolbloggen.se/files/2010/05/lankskafferiet_logga.gif,media,200,image/gif,20190103082531,https://cwaste.skolbloggen.se/files/2010/05/lankskafferiet_logga.gif,https://web.archive.org/web/20190103082531/https://cwaste.skolbloggen.se/files/2010/05/lankskafferiet_logga.gif,https://web.archive.org/web/20190103082531id_/https://cwaste.skolbloggen.se/files/2010/05/lankskafferiet_logga.gif,False,kind:media,files/2010/05/lankskafferiet_logga.html,False,False,False,,,,,
https://cwaste.skolbloggen.se/files/2010/05/logga_forskning_se.gif,media,200,image/gif,20190102184359,https://cwaste.skolbloggen.se/files/2010/05/logga_forskning_se.gif,https://web.archive.org/web/20190102184359/https://cwaste.skolbloggen.se/files/2010/05/logga_forskning_se.gif,https://web.archive.org/web/20190102184359id_/https://cwaste.skolbloggen.se/files/2010/05/logga_forskning_se.gif,False,kind:media,files/2010/05/logga_forskning_se.html,False,False,False,,,,,
https://cwaste.skolbloggen.se/files/2010/05/logga_multimediabyran.jpg,media,200,image/jpeg,20190103012218,https://cwaste.skolbloggen.se/files/2010/05/logga_multimediabyran.jpg,https://web.archive.org/web/20190103012218/https://cwaste.skolbloggen.se/files/2010/05/logga_multimediabyran.jpg,https://web.archive.org/web/20190103012218id_/https://cwaste.skolbloggen.se/files/2010/05/logga_multimediabyran.jpg,False,kind:media,files/2010/05/logga_multimediabyran.html,False,False,False,,,,,
https://cwaste.skolbloggen.se/files/2010/05/logga_pim.gif,media,200,image/gif,20190105195825,https://cwaste.skolbloggen.se/files/2010/05/logga_pim.gif,https://web.archive.org/web/20190105195825/https://cwaste.skolbloggen.se/files/2010/05/logga_pim.gif,https://web.archive.org/web/20190105195825id_/https://cwaste.skolbloggen.se/files/2010/05/logga_pim.gif,False,kind:media,files/2010/05/logga_pim.html,False,False,False,,,,,
https://cwaste.skolbloggen.se/files/2010/05/logo-jamendo.jpg,media,200,image/jpeg,20181231070743,https://cwaste.skolbloggen.se/files/2010/05/logo-jamendo.jpg,https://web.archive.org/web/20181231070743/https://cwaste.skolbloggen.se/files/2010/05/logo-jamendo.jpg,https://web.archive.org/web/20181231070743id_/https://cwaste.skolbloggen.se/files/2010/05/logo-jamendo.jpg,False,kind:media,files/2010/05/logo-jamendo.html,False,False,False,,,,,
https://cwaste.skolbloggen.se/files/2010/05/logotype-mediekompass.jpg,media,200,image/jpeg,20190107060353,https://cwaste.skolbloggen.se/files/2010/05/logotype-mediekompass.jpg,https://web.archive.org/web/20190107060353/https://cwaste.skolbloggen.se/files/2010/05/logotype-mediekompass.jpg,https://web.archive.org/web/20190107060353id_/https://cwaste.skolbloggen.se/files/2010/05/logotype-mediekompass.jpg,False,kind:media,files/2010/05/logotype-mediekompass.html,False,False,False,,,,,
https://cwaste.skolbloggen.se/files/2010/05/logotype.gif,media,200,image/gif,20181229035606,https://cwaste.skolbloggen.se/files/2010/05/logotype.gif,https://web.archive.org/web/20181229035606/https://cwaste.skolbloggen.se/files/2010/05/logotype.gif,https://web.archive.org/web/20181229035606id_/https://cwaste.skolbloggen.se/files/2010/05/logotype.gif,False,kind:media,files/2010/05/logotype.html,False,False,False,,,,,
https://cwaste.skolbloggen.se/robots.txt,other,200,text/html,20190127164713,https://cwaste.skolbloggen.se/robots.txt,https://web.archive.org/web/20190127164713/https://cwaste.skolbloggen.se/robots.txt,https://web.archive.org/web/20190127164713id_/https://cwaste.skolbloggen.se/robots.txt,False,noise-path,robots.html,False,False,False,,,,,
https://cwaste.skolbloggen.se/wp-content/plugins/admin-bar-login/admin-bar-login.css?ver=1.0.1,other,-,warc/revisit,20181206052344,https://cwaste.skolbloggen.se/wp-content/plugins/admin-bar-login/admin-bar-login.css?ver=1.0.1,https://web.archive.org/web/20181206052344/https://cwaste.skolbloggen.se/wp-content/plugins/admin-bar-login/admin-bar-login.css?ver=1.0.1,https://web.archive.org/web/20181206052344/https://cwaste.skolbloggen.se/wp-content/plugins/admin-bar-login/admin-bar-login.css?ver=1.0.1,False,extension:.css,wp-content/plugins/admin-bar-login/admin-bar-login.html,False,False,False,,,,,
https://cwaste.skolbloggen.se/wp-content/themes/carrington-blog.2.0/carrington-blog/carrington-core/lightbox/css/thickbox.css,other,-,warc/revisit,20181205001334,https://cwaste.skolbloggen.se/wp-content/themes/carrington-blog.2.0/carrington-blog/carrington-core/lightbox/css/thickbox.css,https://web.archive.org/web/20181205001334/https://cwaste.skolbloggen.se/wp-content/themes/carrington-blog.2.0/carrington-blog/carrington-core/lightbox/css/thickbox.css,https://web.archive.org/web/20181205001334/https://cwaste.skolbloggen.se/wp-content/themes/carrington-blog.2.0/carrington-blog/carrington-core/lightbox/css/thickbox.css,False,extension:.css,wp-content/themes/carrington-blog.2.0/carrington-blog/carrington-core/lightbox/css/thickbox.html,False,False,False,,,,,
https://cwaste.skolbloggen.se/wp-content/themes/carrington-blog.2.0/carrington-blog/carrington-core/lightbox/img/blank.gif,media,-,warc/revisit,20190106030741,https://cwaste.skolbloggen.se/wp-content/themes/carrington-blog.2.0/carrington-blog/carrington-core/lightbox/img/blank.gif,https://web.archive.org/web/20190106030741/https://cwaste.skolbloggen.se/wp-content/themes/carrington-blog.2.0/carrington-blog/carrington-core/lightbox/img/blank.gif,https://web.archive.org/web/20190106030741/https://cwaste.skolbloggen.se/wp-content/themes/carrington-blog.2.0/carrington-blog/carrington-core/lightbox/img/blank.gif,False,kind:media,wp-content/themes/carrington-blog.2.0/carrington-blog/carrington-core/lightbox/img/blank.html,False,False,False,,,,,
https://cwaste.skolbloggen.se/wp-content/themes/carrington-blog.2.0/carrington-blog/carrington-core/lightbox/img/macFFBgHack.png,media,-,warc/revisit,20190107040604,https://cwaste.skolbloggen.se/wp-content/themes/carrington-blog.2.0/carrington-blog/carrington-core/lightbox/img/macFFBgHack.png,https://web.archive.org/web/20190107040604/https://cwaste.skolbloggen.se/wp-content/themes/carrington-blog.2.0/carrington-blog/carrington-core/lightbox/img/macFFBgHack.png,https://web.archive.org/web/20190107040604/https://cwaste.skolbloggen.se/wp-content/themes/carrington-blog.2.0/carrington-blog/carrington-core/lightbox/img/macFFBgHack.png,False,kind:media,wp-content/themes/carrington-blog.2.0/carrington-blog/carrington-core/lightbox/img/macFFBgHack.html,False,False,False,,,,,
https://cwaste.skolbloggen.se/wp-content/themes/carrington-blog.2.0/carrington-blog/carrington-core/lightbox/thickbox.js?ver=1.0,other,-,warc/revisit,20181212190059,https://cwaste.skolbloggen.se/wp-content/themes/carrington-blog.2.0/carrington-blog/carrington-core/lightbox/thickbox.js?ver=1.0,https://web.archive.org/web/20181212190059/https://cwaste.skolbloggen.se/wp-content/themes/carrington-blog.2.0/carrington-blog/carrington-core/lightbox/thickbox.js?ver=1.0,https://web.archive.org/web/20181212190059/https://cwaste.skolbloggen.se/wp-content/themes/carrington-blog.2.0/carrington-blog/carrington-core/lightbox/thickbox.js?ver=1.0,False,extension:.js,wp-content/themes/carrington-blog.2.0/carrington-blog/carrington-core/lightbox/thickbox.html,False,False,False,,,,,
https://cwaste.skolbloggen.se/wp-content/themes/carrington-blog.2.0/carrington-blog/css/css.php,other,-,warc/revisit,20181206052447,https://cwaste.skolbloggen.se/wp-content/themes/carrington-blog.2.0/carrington-blog/css/css.php,https://web.archive.org/web/20181206052447/https://cwaste.skolbloggen.se/wp-content/themes/carrington-blog.2.0/carrington-blog/css/css.php,https://web.archive.org/web/20181206052447/https://cwaste.skolbloggen.se/wp-content/themes/carrington-blog.2.0/carrington-blog/css/css.php,False,noise-path,wp-content/themes/carrington-blog.2.0/carrington-blog/css/css.html,False,False,False,,,,,
https://cwaste.skolbloggen.se/wp-content/themes/carrington-blog.2.0/carrington-blog/css/ie.css,other,-,warc/revisit,20181205034808,https://cwaste.skolbloggen.se/wp-content/themes/carrington-blog.2.0/carrington-blog/css/ie.css,https://web.archive.org/web/20181205034808/https://cwaste.skolbloggen.se/wp-content/themes/carrington-blog.2.0/carrington-blog/css/ie.css,https://web.archive.org/web/20181205034808/https://cwaste.skolbloggen.se/wp-content/themes/carrington-blog.2.0/carrington-blog/css/ie.css,False,extension:.css,wp-content/themes/carrington-blog.2.0/carrington-blog/css/ie.html,False,False,False,,,,,
https://cwaste.skolbloggen.se/wp-content/themes/carrington-blog.2.0/carrington-blog/css/ie6.css,other,-,warc/revisit,20181205171651,https://cwaste.skolbloggen.se/wp-content/themes/carrington-blog.2.0/carrington-blog/css/ie6.css,https://web.archive.org/web/20181205171651/https://cwaste.skolbloggen.se/wp-content/themes/carrington-blog.2.0/carrington-blog/css/ie6.css,https://web.archive.org/web/20181205171651/https://cwaste.skolbloggen.se/wp-content/themes/carrington-blog.2.0/carrington-blog/css/ie6.css,False,extension:.css,wp-content/themes/carrington-blog.2.0/carrington-blog/css/ie6.html,False,False,False,,,,,
https://cwaste.skolbloggen.se/wp-content/themes/carrington-blog.2.0/carrington-blog/css/iepngfix.htc,other,-,warc/revisit,20181207074446,https://cwaste.skolbloggen.se/wp-content/themes/carrington-blog.2.0/carrington-blog/css/iepngfix.htc,https://web.archive.org/web/20181207074446/https://cwaste.skolbloggen.se/wp-content/themes/carrington-blog.2.0/carrington-blog/css/iepngfix.htc,https://web.archive.org/web/20181207074446/https://cwaste.skolbloggen.se/wp-content/themes/carrington-blog.2.0/carrington-blog/css/iepngfix.htc,False,noise-path,wp-content/themes/carrington-blog.2.0/carrington-blog/css/iepngfix.html,False,False,False,,,,,
https://cwaste.skolbloggen.se/wp-content/themes/carrington-blog.2.0/carrington-blog/img/arrow-bullet.gif,media,-,warc/revisit,20190109014529,https://cwaste.skolbloggen.se/wp-content/themes/carrington-blog.2.0/carrington-blog/img/arrow-bullet.gif,https://web.archive.org/web/20190109014529/https://cwaste.skolbloggen.se/wp-content/themes/carrington-blog.2.0/carrington-blog/img/arrow-bullet.gif,https://web.archive.org/web/20190109014529/https://cwaste.skolbloggen.se/wp-content/themes/carrington-blog.2.0/carrington-blog/img/arrow-bullet.gif,False,kind:media,wp-content/themes/carrington-blog.2.0/carrington-blog/img/arrow-bullet.html,False,False,False,,,,,
https://cwaste.skolbloggen.se/wp-content/themes/carrington-blog.2.0/carrington-blog/img/attachment/150px-flourish-left-dark.png,media,-,warc/revisit,20190109210158,https://cwaste.skolbloggen.se/wp-content/themes/carrington-blog.2.0/carrington-blog/img/attachment/150px-flourish-left-dark.png,https://web.archive.org/web/20190109210158/https://cwaste.skolbloggen.se/wp-content/themes/carrington-blog.2.0/carrington-blog/img/attachment/150px-flourish-left-dark.png,https://web.archive.org/web/20190109210158/https://cwaste.skolbloggen.se/wp-content/themes/carrington-blog.2.0/carrington-blog/img/attachment/150px-flourish-left-dark.png,False,kind:media,wp-content/themes/carrington-blog.2.0/carrington-blog/img/attachment/150px-flourish-left-dark.html,False,False,False,,,,,
https://cwaste.skolbloggen.se/wp-content/themes/carrington-blog.2.0/carrington-blog/img/attachment/150px-flourish-right-dark.png,media,-,warc/revisit,20190102033315,https://cwaste.skolbloggen.se/wp-content/themes/carrington-blog.2.0/carrington-blog/img/attachment/150px-flourish-right-dark.png,https://web.archive.org/web/20190102033315/https://cwaste.skolbloggen.se/wp-content/themes/carrington-blog.2.0/carrington-blog/img/attachment/150px-flourish-right-dark.png,https://web.archive.org/web/20190102033315/https://cwaste.skolbloggen.se/wp-content/themes/carrington-blog.2.0/carrington-blog/img/attachment/150px-flourish-right-dark.png,False,kind:media,wp-content/themes/carrington-blog.2.0/carrington-blog/img/attachment/150px-flourish-right-dark.html,False,False,False,,,,,
https://cwaste.skolbloggen.se/wp-content/themes/carrington-blog.2.0/carrington-blog/img/comment-thread.gif,media,-,warc/revisit,20190103000553,https://cwaste.skolbloggen.se/wp-content/themes/carrington-blog.2.0/carrington-blog/img/comment-thread.gif,https://web.archive.org/web/20190103000553/https://cwaste.skolbloggen.se/wp-content/themes/carrington-blog.2.0/carrington-blog/img/comment-thread.gif,https://web.archive.org/web/20190103000553/https://cwaste.skolbloggen.se/wp-content/themes/carrington-blog.2.0/carrington-blog/img/comment-thread.gif,False,kind:media,wp-content/themes/carrington-blog.2.0/carrington-blog/img/comment-thread.html,False,False,False,,,,,
https://cwaste.skolbloggen.se/wp-content/themes/carrington-blog.2.0/carrington-blog/img/comment.gif,media,-,warc/revisit,20181228045139,https://cwaste.skolbloggen.se/wp-content/themes/carrington-blog.2.0/carrington-blog/img/comment.gif,https://web.archive.org/web/20181228045139/https://cwaste.skolbloggen.se/wp-content/themes/carrington-blog.2.0/carrington-blog/img/comment.gif,https://web.archive.org/web/20181228045139/https://cwaste.skolbloggen.se/wp-content/themes/carrington-blog.2.0/carrington-blog/img/comment.gif,False,kind:media,wp-content/themes/carrington-blog.2.0/carrington-blog/img/comment.html,False,False,False,,,,,
https://cwaste.skolbloggen.se/wp-content/themes/carrington-blog.2.0/carrington-blog/img/comments-divider.gif,media,-,warc/revisit,20190101101739,https://cwaste.skolbloggen.se/wp-content/themes/carrington-blog.2.0/carrington-blog/img/comments-divider.gif,https://web.archive.org/web/20190101101739/https://cwaste.skolbloggen.se/wp-content/themes/carrington-blog.2.0/carrington-blog/img/comments-divider.gif,https://web.archive.org/web/20190101101739/https://cwaste.skolbloggen.se/wp-content/themes/carrington-blog.2.0/carrington-blog/img/comments-divider.gif,False,kind:media,wp-content/themes/carrington-blog.2.0/carrington-blog/img/comments-divider.html,False,False,False,,,,,
https://cwaste.skolbloggen.se/wp-content/themes/carrington-blog.2.0/carrington-blog/img/divider-ornament-wide-dark.png,media,-,warc/revisit,20190103061843,https://cwaste.skolbloggen.se/wp-content/themes/carrington-blog.2.0/carrington-blog/img/divider-ornament-wide-dark.png,https://web.archive.org/web/20190103061843/https://cwaste.skolbloggen.se/wp-content/themes/carrington-blog.2.0/carrington-blog/img/divider-ornament-wide-dark.png,https://web.archive.org/web/20190103061843/https://cwaste.skolbloggen.se/wp-content/themes/carrington-blog.2.0/carrington-blog/img/divider-ornament-wide-dark.png,False,kind:media,wp-content/themes/carrington-blog.2.0/carrington-blog/img/divider-ornament-wide-dark.html,False,False,False,,,,,
https://cwaste.skolbloggen.se/wp-content/themes/carrington-blog.2.0/carrington-blog/img/divider-ornament.gif,media,-,warc/revisit,20190103051921,https://cwaste.skolbloggen.se/wp-content/themes/carrington-blog.2.0/carrington-blog/img/divider-ornament.gif,https://web.archive.org/web/20190103051921/https://cwaste.skolbloggen.se/wp-content/themes/carrington-blog.2.0/carrington-blog/img/divider-ornament.gif,https://web.archive.org/web/20190103051921/https://cwaste.skolbloggen.se/wp-content/themes/carrington-blog.2.0/carrington-blog/img/divider-ornament.gif,False,kind:media,wp-content/themes/carrington-blog.2.0/carrington-blog/img/divider-ornament.html,False,False,False,,,,,
https://cwaste.skolbloggen.se/wp-content/themes/carrington-blog.2.0/carrington-blog/img/dropdown-divider.gif,media,-,warc/revisit,20181225093758,https://cwaste.skolbloggen.se/wp-content/themes/carrington-blog.2.0/carrington-blog/img/dropdown-divider.gif,https://web.archive.org/web/20181225093758/https://cwaste.skolbloggen.se/wp-content/themes/carrington-blog.2.0/carrington-blog/img/dropdown-divider.gif,https://web.archive.org/web/20181225093758/https://cwaste.skolbloggen.se/wp-content/themes/carrington-blog.2.0/carrington-blog/img/dropdown-divider.gif,False,kind:media,wp-content/themes/carrington-blog.2.0/carrington-blog/img/dropdown-divider.html,False,False,False,,,,,
https://cwaste.skolbloggen.se/wp-content/themes/carrington-blog.2.0/carrington-blog/img/footer/by-crowd-favorite-light.png,media,-,warc/revisit,20190102222000,https://cwaste.skolbloggen.se/wp-content/themes/carrington-blog.2.0/carrington-blog/img/footer/by-crowd-favorite-light.png,https://web.archive.org/web/20190102222000/https://cwaste.skolbloggen.se/wp-content/themes/carrington-blog.2.0/carrington-blog/img/footer/by-crowd-favorite-light.png,https://web.archive.org/web/20190102222000/https://cwaste.skolbloggen.se/wp-content/themes/carrington-blog.2.0/carrington-blog/img/footer/by-crowd-favorite-light.png,False,kind:media,wp-content/themes/carrington-blog.2.0/carrington-blog/img/footer/by-crowd-favorite-light.html,False,False,False,,,,,
https://cwaste.skolbloggen.se/wp-content/themes/carrington-blog.2.0/carrington-blog/img/footer/divider-ornament-wide-light.png,media,-,warc/revisit,20190101131931,https://cwaste.skolbloggen.se/wp-content/themes/carrington-blog.2.0/carrington-blog/img/footer/divider-ornament-wide-light.png,https://web.archive.org/web/20190101131931/https://cwaste.skolbloggen.se/wp-content/themes/carrington-blog.2.0/carrington-blog/img/footer/divider-ornament-wide-light.png,https://web.archive.org/web/20190101131931/https://cwaste.skolbloggen.se/wp-content/themes/carrington-blog.2.0/carrington-blog/img/footer/divider-ornament-wide-light.png,False,kind:media,wp-content/themes/carrington-blog.2.0/carrington-blog/img/footer/divider-ornament-wide-light.html,False,False,False,,,,,
https://cwaste.skolbloggen.se/wp-content/themes/carrington-blog.2.0/carrington-blog/img/footer/gradient-dark.png,media,-,warc/revisit,20181227025108,https://cwaste.skolbloggen.se/wp-content/themes/carrington-blog.2.0/carrington-blog/img/footer/gradient-dark.png,https://web.archive.org/web/20181227025108/https://cwaste.skolbloggen.se/wp-content/themes/carrington-blog.2.0/carrington-blog/img/footer/gradient-dark.png,https://web.archive.org/web/20181227025108/https://cwaste.skolbloggen.se/wp-content/themes/carrington-blog.2.0/carrington-blog/img/footer/gradient-dark.png,False,kind:media,wp-content/themes/carrington-blog.2.0/carrington-blog/img/footer/gradient-dark.html,False,False,False,,,,,
https://cwaste.skolbloggen.se/wp-content/themes/carrington-blog.2.0/carrington-blog/img/grey-to-white-gradient.png,media,-,warc/revisit,20190104111718,https://cwaste.skolbloggen.se/wp-content/themes/carrington-blog.2.0/carrington-blog/img/grey-to-white-gradient.png,https://web.archive.org/web/20190104111718/https://cwaste.skolbloggen.se/wp-content/themes/carrington-blog.2.0/carrington-blog/img/grey-to-white-gradient.png,https://web.archive.org/web/20190104111718/https://cwaste.skolbloggen.se/wp-content/themes/carrington-blog.2.0/carrington-blog/img/grey-to-white-gradient.png,False,kind:media,wp-content/themes/carrington-blog.2.0/carrington-blog/img/grey-to-white-gradient.html,False,False,False,,,,,
https://cwaste.skolbloggen.se/wp-content/themes/carrington-blog.2.0/carrington-blog/img/header/gradient-dark.png,media,-,warc/revisit,20181225123233,https://cwaste.skolbloggen.se/wp-content/themes/carrington-blog.2.0/carrington-blog/img/header/gradient-dark.png,https://web.archive.org/web/20181225123233/https://cwaste.skolbloggen.se/wp-content/themes/carrington-blog.2.0/carrington-blog/img/header/gradient-dark.png,https://web.archive.org/web/20181225123233/https://cwaste.skolbloggen.se/wp-content/themes/carrington-blog.2.0/carrington-blog/img/header/gradient-dark.png,False,kind:media,wp-content/themes/carrington-blog.2.0/carrington-blog/img/header/gradient-dark.html,False,False,False,,,,,
https://cwaste.skolbloggen.se/wp-content/themes/carrington-blog.2.0/carrington-blog/img/header/texture-dark.png,media,-,warc/revisit,20181229035610,https://cwaste.skolbloggen.se/wp-content/themes/carrington-blog.2.0/carrington-blog/img/header/texture-dark.png,https://web.archive.org/web/20181229035610/https://cwaste.skolbloggen.se/wp-content/themes/carrington-blog.2.0/carrington-blog/img/header/texture-dark.png,https://web.archive.org/web/20181229035610/https://cwaste.skolbloggen.se/wp-content/themes/carrington-blog.2.0/carrington-blog/img/header/texture-dark.png,False,kind:media,wp-content/themes/carrington-blog.2.0/carrington-blog/img/header/texture-dark.html,False,False,False,,,,,
https://cwaste.skolbloggen.se/wp-content/themes/carrington-blog.2.0/carrington-blog/img/header/texture-light.png,media,-,warc/revisit,20190106004322,https://cwaste.skolbloggen.se/wp-content/themes/carrington-blog.2.0/carrington-blog/img/header/texture-light.png,https://web.archive.org/web/20190106004322/https://cwaste.skolbloggen.se/wp-content/themes/carrington-blog.2.0/carrington-blog/img/header/texture-light.png,https://web.archive.org/web/20190106004322/https://cwaste.skolbloggen.se/wp-content/themes/carrington-blog.2.0/carrington-blog/img/header/texture-light.png,False,kind:media,wp-content/themes/carrington-blog.2.0/carrington-blog/img/header/texture-light.html,False,False,False,,,,,
https://cwaste.skolbloggen.se/wp-content/themes/carrington-blog.2.0/carrington-blog/img/ie/by-crowd-favorite.gif,media,-,warc/revisit,20181226211602,https://cwaste.skolbloggen.se/wp-content/themes/carrington-blog.2.0/carrington-blog/img/ie/by-crowd-favorite.gif,https://web.archive.org/web/20181226211602/https://cwaste.skolbloggen.se/wp-content/themes/carrington-blog.2.0/carrington-blog/img/ie/by-crowd-favorite.gif,https://web.archive.org/web/20181226211602/https://cwaste.skolbloggen.se/wp-content/themes/carrington-blog.2.0/carrington-blog/img/ie/by-crowd-favorite.gif,False,kind:media,wp-content/themes/carrington-blog.2.0/carrington-blog/img/ie/by-crowd-favorite.html,False,False,False,,,,,
https://cwaste.skolbloggen.se/wp-content/themes/carrington-blog.2.0/carrington-blog/img/lightbox/nextlabel.gif,media,-,warc/revisit,20190105114350,https://cwaste.skolbloggen.se/wp-content/themes/carrington-blog.2.0/carrington-blog/img/lightbox/nextlabel.gif,https://web.archive.org/web/20190105114350/https://cwaste.skolbloggen.se/wp-content/themes/carrington-blog.2.0/carrington-blog/img/lightbox/nextlabel.gif,https://web.archive.org/web/20190105114350/https://cwaste.skolbloggen.se/wp-content/themes/carrington-blog.2.0/carrington-blog/img/lightbox/nextlabel.gif,False,kind:media,wp-content/themes/carrington-blog.2.0/carrington-blog/img/lightbox/nextlabel.html,False,False,False,,,,,
https://cwaste.skolbloggen.se/wp-content/themes/carrington-blog.2.0/carrington-blog/img/lightbox/prevlabel.gif,media,-,warc/revisit,20181227025103,https://cwaste.skolbloggen.se/wp-content/themes/carrington-blog.2.0/carrington-blog/img/lightbox/prevlabel.gif,https://web.archive.org/web/20181227025103/https://cwaste.skolbloggen.se/wp-content/themes/carrington-blog.2.0/carrington-blog/img/lightbox/prevlabel.gif,https://web.archive.org/web/20181227025103/https://cwaste.skolbloggen.se/wp-content/themes/carrington-blog.2.0/carrington-blog/img/lightbox/prevlabel.gif,False,kind:media,wp-content/themes/carrington-blog.2.0/carrington-blog/img/lightbox/prevlabel.html,False,False,False,,,,,
https://cwaste.skolbloggen.se/wp-content/themes/carrington-blog.2.0/carrington-blog/img/rss-button.gif,media,-,warc/revisit,20181207153816,https://cwaste.skolbloggen.se/wp-content/themes/carrington-blog.2.0/carrington-blog/img/rss-button.gif,https://web.archive.org/web/20181207153816/https://cwaste.skolbloggen.se/wp-content/themes/carrington-blog.2.0/carrington-blog/img/rss-button.gif,https://web.archive.org/web/20181207153816/https://cwaste.skolbloggen.se/wp-content/themes/carrington-blog.2.0/carrington-blog/img/rss-button.gif,False,kind:media,wp-content/themes/carrington-blog.2.0/carrington-blog/img/rss-button.html,False,False,False,,,,,
https://cwaste.skolbloggen.se/wp-content/themes/carrington-blog.2.0/carrington-blog/img/sidebar-background.gif,media,-,warc/revisit,20181228014039,https://cwaste.skolbloggen.se/wp-content/themes/carrington-blog.2.0/carrington-blog/img/sidebar-background.gif,https://web.archive.org/web/20181228014039/https://cwaste.skolbloggen.se/wp-content/themes/carrington-blog.2.0/carrington-blog/img/sidebar-background.gif,https://web.archive.org/web/20181228014039/https://cwaste.skolbloggen.se/wp-content/themes/carrington-blog.2.0/carrington-blog/img/sidebar-background.gif,False,kind:media,wp-content/themes/carrington-blog.2.0/carrington-blog/img/sidebar-background.html,False,False,False,,,,,
https://cwaste.skolbloggen.se/wp-content/themes/carrington-blog.2.0/carrington-blog/img/spinner.gif,media,-,warc/revisit,20190109141455,https://cwaste.skolbloggen.se/wp-content/themes/carrington-blog.2.0/carrington-blog/img/spinner.gif,https://web.archive.org/web/20190109141455/https://cwaste.skolbloggen.se/wp-content/themes/carrington-blog.2.0/carrington-blog/img/spinner.gif,https://web.archive.org/web/20190109141455/https://cwaste.skolbloggen.se/wp-content/themes/carrington-blog.2.0/carrington-blog/img/spinner.gif,False,kind:media,wp-content/themes/carrington-blog.2.0/carrington-blog/img/spinner.html,False,False,False,,,,,
https://cwaste.skolbloggen.se/wp-content/themes/carrington-blog.2.0/carrington-blog/img/sub-header-border-bottom.gif,media,-,warc/revisit,20190103014238,https://cwaste.skolbloggen.se/wp-content/themes/carrington-blog.2.0/carrington-blog/img/sub-header-border-bottom.gif,https://web.archive.org/web/20190103014238/https://cwaste.skolbloggen.se/wp-content/themes/carrington-blog.2.0/carrington-blog/img/sub-header-border-bottom.gif,https://web.archive.org/web/20190103014238/https://cwaste.skolbloggen.se/wp-content/themes/carrington-blog.2.0/carrington-blog/img/sub-header-border-bottom.gif,False,kind:media,wp-content/themes/carrington-blog.2.0/carrington-blog/img/sub-header-border-bottom.html,False,False,False,,,,,
https://cwaste.skolbloggen.se/wp-content/themes/carrington-blog.2.0/carrington-blog/img/watermark-light.gif,media,-,warc/revisit,20190103014720,https://cwaste.skolbloggen.se/wp-content/themes/carrington-blog.2.0/carrington-blog/img/watermark-light.gif,https://web.archive.org/web/20190103014720/https://cwaste.skolbloggen.se/wp-content/themes/carrington-blog.2.0/carrington-blog/img/watermark-light.gif,https://web.archive.org/web/20190103014720/https://cwaste.skolbloggen.se/wp-content/themes/carrington-blog.2.0/carrington-blog/img/watermark-light.gif,False,kind:media,wp-content/themes/carrington-blog.2.0/carrington-blog/img/watermark-light.html,False,False,False,,,,,
https://cwaste.skolbloggen.se/wp-content/themes/carrington-blog.2.0/carrington-blog/js/carrington.js?ver=1.0,other,-,warc/revisit,20181210142325,https://cwaste.skolbloggen.se/wp-content/themes/carrington-blog.2.0/carrington-blog/js/carrington.js?ver=1.0,https://web.archive.org/web/20181210142325/https://cwaste.skolbloggen.se/wp-content/themes/carrington-blog.2.0/carrington-blog/js/carrington.js?ver=1.0,https://web.archive.org/web/20181210142325/https://cwaste.skolbloggen.se/wp-content/themes/carrington-blog.2.0/carrington-blog/js/carrington.js?ver=1.0,False,extension:.js,wp-content/themes/carrington-blog.2.0/carrington-blog/js/carrington.html,False,False,False,,,,,
https://cwaste.skolbloggen.se/wp-content/themes/carrington-blog.2.0/carrington-blog/js/iepngfix_tilebg.js,other,-,warc/revisit,20181209115303,https://cwaste.skolbloggen.se/wp-content/themes/carrington-blog.2.0/carrington-blog/js/iepngfix_tilebg.js,https://web.archive.org/web/20181209115303/https://cwaste.skolbloggen.se/wp-content/themes/carrington-blog.2.0/carrington-blog/js/iepngfix_tilebg.js,https://web.archive.org/web/20181209115303/https://cwaste.skolbloggen.se/wp-content/themes/carrington-blog.2.0/carrington-blog/js/iepngfix_tilebg.js,False,extension:.js,wp-content/themes/carrington-blog.2.0/carrington-blog/js/iepngfix_tilebg.html,False,False,False,,,,,
https://cwaste.skolbloggen.se/wp-includes/css/admin-bar.min.css?ver=4.9.8,other,200,text/css,20181208211340,https://cwaste.skolbloggen.se/wp-includes/css/admin-bar.min.css?ver=4.9.8,https://web.archive.org/web/20181208211340/https://cwaste.skolbloggen.se/wp-includes/css/admin-bar.min.css?ver=4.9.8,https://web.archive.org/web/20181208211340id_/https://cwaste.skolbloggen.se/wp-includes/css/admin-bar.min.css?ver=4.9.8,False,extension:.css,wp-includes/css/admin-bar.min.html,False,False,False,,,,,
https://cwaste.skolbloggen.se/wp-includes/css/dashicons.min.css?ver=4.9.8,other,200,text/css,20181212024819,https://cwaste.skolbloggen.se/wp-includes/css/dashicons.min.css?ver=4.9.8,https://web.archive.org/web/20181212024819/https://cwaste.skolbloggen.se/wp-includes/css/dashicons.min.css?ver=4.9.8,https://web.archive.org/web/20181212024819id_/https://cwaste.skolbloggen.se/wp-includes/css/dashicons.min.css?ver=4.9.8,False,extension:.css,wp-includes/css/dashicons.min.html,False,False,False,,,,,
https://cwaste.skolbloggen.se/wp-includes/fonts/dashicons.eot,other,-,warc/revisit,20190103091604,https://cwaste.skolbloggen.se/wp-includes/fonts/dashicons.eot,https://web.archive.org/web/20190103091604/https://cwaste.skolbloggen.se/wp-includes/fonts/dashicons.eot,https://web.archive.org/web/20190103091604/https://cwaste.skolbloggen.se/wp-includes/fonts/dashicons.eot,False,noise-path,wp-includes/fonts/dashicons.html,False,False,False,,,,,
https://cwaste.skolbloggen.se/wp-includes/fonts/dashicons.svg,media,-,warc/revisit,20181227111059,https://cwaste.skolbloggen.se/wp-includes/fonts/dashicons.svg,https://web.archive.org/web/20181227111059/https://cwaste.skolbloggen.se/wp-includes/fonts/dashicons.svg,https://web.archive.org/web/20181227111059/https://cwaste.skolbloggen.se/wp-includes/fonts/dashicons.svg,False,kind:media,wp-includes/fonts/dashicons.html,False,False,False,,,,,
https://cwaste.skolbloggen.se/wp-includes/fonts/dashicons.ttf,other,200,unk,20190103104317,https://cwaste.skolbloggen.se/wp-includes/fonts/dashicons.ttf,https://web.archive.org/web/20190103104317/https://cwaste.skolbloggen.se/wp-includes/fonts/dashicons.ttf,https://web.archive.org/web/20190103104317id_/https://cwaste.skolbloggen.se/wp-includes/fonts/dashicons.ttf,False,noise-path,wp-includes/fonts/dashicons.html,False,False,False,,,,,
https://cwaste.skolbloggen.se/wp-includes/js/admin-bar.min.js?ver=4.9.8,other,200,application/javascript,20181207015233,https://cwaste.skolbloggen.se/wp-includes/js/admin-bar.min.js?ver=4.9.8,https://web.archive.org/web/20181207015233/https://cwaste.skolbloggen.se/wp-includes/js/admin-bar.min.js?ver=4.9.8,https://web.archive.org/web/20181207015233id_/https://cwaste.skolbloggen.se/wp-includes/js/admin-bar.min.js?ver=4.9.8,False,extension:.js,wp-includes/js/admin-bar.min.html,False,False,False,,,,,
https://cwaste.skolbloggen.se/wp-includes/js/jquery/jquery-migrate.min.js?ver=1.4.1,other,-,warc/revisit,20181205010250,https://cwaste.skolbloggen.se/wp-includes/js/jquery/jquery-migrate.min.js?ver=1.4.1,https://web.archive.org/web/20181205010250/https://cwaste.skolbloggen.se/wp-includes/js/jquery/jquery-migrate.min.js?ver=1.4.1,https://web.archive.org/web/20181205010250/https://cwaste.skolbloggen.se/wp-includes/js/jquery/jquery-migrate.min.js?ver=1.4.1,False,extension:.js,wp-includes/js/jquery/jquery-migrate.min.html,False,False,False,,,,,
https://cwaste.skolbloggen.se/wp-includes/js/jquery/jquery.js?ver=1.12.4,other,-,warc/revisit,20181208110623,https://cwaste.skolbloggen.se/wp-includes/js/jquery/jquery.js?ver=1.12.4,https://web.archive.org/web/20181208110623/https://cwaste.skolbloggen.se/wp-includes/js/jquery/jquery.js?ver=1.12.4,https://web.archive.org/web/20181208110623/https://cwaste.skolbloggen.se/wp-includes/js/jquery/jquery.js?ver=1.12.4,False,extension:.js,wp-includes/js/jquery/jquery.html,False,False,False,,,,,
https://cwaste.skolbloggen.se/wp-includes/js/wp-embed.min.js?ver=4.9.8,other,200,application/javascript,20181210142329,https://cwaste.skolbloggen.se/wp-includes/js/wp-embed.min.js?ver=4.9.8,https://web.archive.org/web/20181210142329/https://cwaste.skolbloggen.se/wp-includes/js/wp-embed.min.js?ver=4.9.8,https://web.archive.org/web/20181210142329id_/https://cwaste.skolbloggen.se/wp-includes/js/wp-embed.min.js?ver=4.9.8,False,extension:.js,wp-includes/js/wp-embed.min.html,False,False,False,,,,,
https://cwaste.skolbloggen.se/wp-includes/wlwmanifest.xml,other,-,warc/revisit,20181209135451,https://cwaste.skolbloggen.se/wp-includes/wlwmanifest.xml,https://web.archive.org/web/20181209135451/https://cwaste.skolbloggen.se/wp-includes/wlwmanifest.xml,https://web.archive.org/web/20181209135451/https://cwaste.skolbloggen.se/wp-includes/wlwmanifest.xml,False,extension:.xml,wp-includes/wlwmanifest.html,False,False,False,,,,,
https://cwaste.skolbloggen.se/wp-json/,other,404,text/html,20181207035505,https://cwaste.skolbloggen.se/wp-json/,https://web.archive.org/web/20181207035505/https://cwaste.skolbloggen.se/wp-json/,https://web.archive.org/web/20181207035505/https://cwaste.skolbloggen.se/wp-json/,False,noise-path,wp-json/index.html,False,False,False,,,,,
https://cwaste.skolbloggen.se/wp-json/oembed/1.0/embed?url=https%3A%2F%2Fcwaste.skolbloggen.se%2F,other,404,text/html,20181206061709,https://cwaste.skolbloggen.se/wp-json/oembed/1.0/embed?url=https%3A%2F%2Fcwaste.skolbloggen.se%2F,https://web.archive.org/web/20181206061709/https://cwaste.skolbloggen.se/wp-json/oembed/1.0/embed?url=https%3A%2F%2Fcwaste.skolbloggen.se%2F,https://web.archive.org/web/20181206061709/https://cwaste.skolbloggen.se/wp-json/oembed/1.0/embed?url=https%3A%2F%2Fcwaste.skolbloggen.se%2F,False,noise-path,wp-json/oembed/1.0/embed/index.html,False,False,False,,,,,
https://cwaste.skolbloggen.se/wp-json/oembed/1.0/embed?url=https%3A%2F%2Fcwaste.skolbloggen.se%2F&format=xml,other,404,text/html,20181206170653,https://cwaste.skolbloggen.se/wp-json/oembed/1.0/embed?url=https%3A%2F%2Fcwaste.skolbloggen.se%2F&format=xml,https://web.archive.org/web/20181206170653/https://cwaste.skolbloggen.se/wp-json/oembed/1.0/embed?url=https%3A%2F%2Fcwaste.skolbloggen.se%2F&format=xml,https://web.archive.org/web/20181206170653/https://cwaste.skolbloggen.se/wp-json/oembed/1.0/embed?url=https%3A%2F%2Fcwaste.skolbloggen.se%2F&format=xml,False,noise-path,wp-json/oembed/1.0/embed/index.html,False,False,False,,,,,
https://cwaste.skolbloggen.se/xmlrpc.php,other,-,warc/revisit,20181205015642,https://cwaste.skolbloggen.se/xmlrpc.php,https://web.archive.org/web/20181205015642/https://cwaste.skolbloggen.se/xmlrpc.php,https://web.archive.org/web/20181205015642/https://cwaste.skolbloggen.se/xmlrpc.php,False,noise-path,xmlrpc.html,False,False,False,,,,,
https://cwaste.skolbloggen.se/xmlrpc.php?rsd,other,200,text/xml,20181209135437,https://cwaste.skolbloggen.se/xmlrpc.php?rsd,https://web.archive.org/web/20181209135437/https://cwaste.skolbloggen.se/xmlrpc.php?rsd,https://web.archive.org/web/20181209135437id_/https://cwaste.skolbloggen.se/xmlrpc.php?rsd,False,noise-path,xmlrpc.html,False,False,False,,,,,
