query_id,timestamp,original,statuscode,mimetype,wayback_url
html_200_root,20100225154500,http://cwaste.skolbloggen.se:80/,200,text/html,https://web.archive.org/web/20100225154500/http://cwaste.skolbloggen.se:80/
html_200_root,20100227011113,http://cwaste.skolbloggen.se:80/author/cwaste/,200,text/html,https://web.archive.org/web/20100227011113/http://cwaste.skolbloggen.se:80/author/cwaste/
html_200_root,20100227025312,http://cwaste.skolbloggen.se:80/2010/02/19/nu-fyller-jag-inte-pa-mer-har/,200,text/html,https://web.archive.org/web/20100227025312/http://cwaste.skolbloggen.se:80/2010/02/19/nu-fyller-jag-inte-pa-mer-har/
html_200_root,20100227025321,http://cwaste.skolbloggen.se:80/category/planering/,200,text/html,https://web.archive.org/web/20100227025321/http://cwaste.skolbloggen.se:80/category/planering/
html_200_root,20100227040927,http://cwaste.skolbloggen.se:80/2010/01/05/valkommen-till-sv-b/,200,text/html,https://web.archive.org/web/20100227040927/http://cwaste.skolbloggen.se:80/2010/01/05/valkommen-till-sv-b/
html_200_root,20100227040931,http://cwaste.skolbloggen.se:80/2010/01/10/vilka-ar-dina-tankar-kring-kursplanen-for-svenska-b/,200,text/html,https://web.archive.org/web/20100227040931/http://cwaste.skolbloggen.se:80/2010/01/10/vilka-ar-dina-tankar-kring-kursplanen-for-svenska-b/
html_200_root,20100227040936,http://cwaste.skolbloggen.se:80/2010/01/17/vecka-3/,200,text/html,https://web.archive.org/web/20100227040936/http://cwaste.skolbloggen.se:80/2010/01/17/vecka-3/
html_200_root,20100227040941,http://cwaste.skolbloggen.se:80/2010/01/29/vecka-5/,200,text/html,https://web.archive.org/web/20100227040941/http://cwaste.skolbloggen.se:80/2010/01/29/vecka-5/
html_200_root,20100227041141,http://cwaste.skolbloggen.se:80/2010/01/22/vecka-4/,200,text/html,https://web.archive.org/web/20100227041141/http://cwaste.skolbloggen.se:80/2010/01/22/vecka-4/
html_200_root,20100227041147,http://cwaste.skolbloggen.se:80/category/introduktion/,200,text/html,https://web.archive.org/web/20100227041147/http://cwaste.skolbloggen.se:80/category/introduktion/
html_200_root,20100227062135,http://cwaste.skolbloggen.se:80/2010/01/,200,text/html,https://web.archive.org/web/20100227062135/http://cwaste.skolbloggen.se:80/2010/01/
html_200_root,20100227062140,http://cwaste.skolbloggen.se:80/2010/02/,200,text/html,https://web.archive.org/web/20100227062140/http://cwaste.skolbloggen.se:80/2010/02/
html_200_root,20100227062421,http://cwaste.skolbloggen.se:80/category/okategoriserad/,200,text/html,https://web.archive.org/web/20100227062421/http://cwaste.skolbloggen.se:80/category/okategoriserad/
raw_http_prefix,20100227062428,http://cwaste.skolbloggen.se:80/feed/,200,text/xml,https://web.archive.org/web/20100227062428/http://cwaste.skolbloggen.se:80/feed/
html_200_root,20100227062433,http://cwaste.skolbloggen.se:80/om-froken-waste/,200,text/html,https://web.archive.org/web/20100227062433/http://cwaste.skolbloggen.se:80/om-froken-waste/
html_200_root,20100227062439,http://cwaste.skolbloggen.se:80/tag/introduktion/,200,text/html,https://web.archive.org/web/20100227062439/http://cwaste.skolbloggen.se:80/tag/introduktion/
raw_http_prefix,20100227123323,http://cwaste.skolbloggen.se:80/comments/feed/,404,text/xml,https://web.archive.org/web/20100227123323/http://cwaste.skolbloggen.se:80/comments/feed/
raw_http_prefix,20100227123328,http://cwaste.skolbloggen.se:80/feed/atom/,200,application/atom+xml,https://web.archive.org/web/20100227123328/http://cwaste.skolbloggen.se:80/feed/atom/
html_200_root,20100227123332,http://cwaste.skolbloggen.se:80/tag/skolverket/,200,text/html,https://web.archive.org/web/20100227123332/http://cwaste.skolbloggen.se:80/tag/skolverket/
html_200_root,20100227123337,http://cwaste.skolbloggen.se:80/tag/vecka-2/,200,text/html,https://web.archive.org/web/20100227123337/http://cwaste.skolbloggen.se:80/tag/vecka-2/
html_200_root,20100227123342,http://cwaste.skolbloggen.se:80/tag/vecka-3/,200,text/html,https://web.archive.org/web/20100227123342/http://cwaste.skolbloggen.se:80/tag/vecka-3/
raw_http_prefix,20100227124304,http://cwaste.skolbloggen.se:80/wp-admin/,302,text/html,https://web.archive.org/web/20100227124304/http://cwaste.skolbloggen.se:80/wp-admin/
html_200_root,20100227124304,http://cwaste.skolbloggen.se:80/wp-login.php?redirect_to=http%3A%2F%2Fcwaste.skolbloggen.se%2Fwp-admin%2F,200,text/html,https://web.archive.org/web/20100227124304/http://cwaste.skolbloggen.se:80/wp-login.php?redirect_to=http%3A%2F%2Fcwaste.skolbloggen.se%2Fwp-admin%2F
raw_http_prefix,20100227124308,http://cwaste.skolbloggen.se:80/wp-content/mu-plugins/anarchy_media/anarchy_media_player.php?anarchy.js,200,text/javascript,https://web.archive.org/web/20100227124308/http://cwaste.skolbloggen.se:80/wp-content/mu-plugins/anarchy_media/anarchy_media_player.php?anarchy.js
raw_http_prefix,20100227124314,http://cwaste.skolbloggen.se:80/wp-login.php?action=register,302,text/html,https://web.archive.org/web/20100227124314/http://cwaste.skolbloggen.se:80/wp-login.php?action=register
raw_http_prefix,20100227124314,http://cwaste.skolbloggen.se:80/wp-signup.php,302,text/html,https://web.archive.org/web/20100227124314/http://cwaste.skolbloggen.se:80/wp-signup.php
raw_http_prefix,20100227124318,http://cwaste.skolbloggen.se:80/xmlrpc.php,200,text/plain,https://web.archive.org/web/20100227124318/http://cwaste.skolbloggen.se:80/xmlrpc.php
raw_http_prefix,20100227124732,http://cwaste.skolbloggen.se:80/feed/rss/,200,text/xml,https://web.archive.org/web/20100227124732/http://cwaste.skolbloggen.se:80/feed/rss/
html_200_root,20100227124738,http://cwaste.skolbloggen.se:80/tag/erfarenheter/,200,text/html,https://web.archive.org/web/20100227124738/http://cwaste.skolbloggen.se:80/tag/erfarenheter/
html_200_root,20100227124743,http://cwaste.skolbloggen.se:80/tag/forvantningar/,200,text/html,https://web.archive.org/web/20100227124743/http://cwaste.skolbloggen.se:80/tag/forvantningar/
html_200_root,20100227124748,http://cwaste.skolbloggen.se:80/tag/kursmal/,200,text/html,https://web.archive.org/web/20100227124748/http://cwaste.skolbloggen.se:80/tag/kursmal/
html_200_root,20100227124753,http://cwaste.skolbloggen.se:80/tag/kursplan/,200,text/html,https://web.archive.org/web/20100227124753/http://cwaste.skolbloggen.se:80/tag/kursplan/
html_200_root,20100227124758,http://cwaste.skolbloggen.se:80/tag/presentation/,200,text/html,https://web.archive.org/web/20100227124758/http://cwaste.skolbloggen.se:80/tag/presentation/
html_200_root,20100227124803,http://cwaste.skolbloggen.se:80/tag/svenska-b/,200,text/html,https://web.archive.org/web/20100227124803/http://cwaste.skolbloggen.se:80/tag/svenska-b/
raw_http_prefix,20100227124807,http://cwaste.skolbloggen.se:80/wp-includes/wlwmanifest.xml,200,application/xml,https://web.archive.org/web/20100227124807/http://cwaste.skolbloggen.se:80/wp-includes/wlwmanifest.xml
html_200_root,20100227124813,http://cwaste.skolbloggen.se:80/wp-login.php,200,text/html,https://web.archive.org/web/20100227124813/http://cwaste.skolbloggen.se:80/wp-login.php
raw_http_prefix,20100227124818,http://cwaste.skolbloggen.se:80/xmlrpc.php?rsd,200,text/xml,https://web.archive.org/web/20100227124818/http://cwaste.skolbloggen.se:80/xmlrpc.php?rsd
html_200_root,20100328204239,http://cwaste.skolbloggen.se:80/,200,text/html,https://web.archive.org/web/20100328204239/http://cwaste.skolbloggen.se:80/
html_200_root,20100329235931,http://cwaste.skolbloggen.se:80/,200,text/html,https://web.archive.org/web/20100329235931/http://cwaste.skolbloggen.se:80/
html_200_root,20100506014353,http://cwaste.skolbloggen.se:80/,200,text/html,https://web.archive.org/web/20100506014353/http://cwaste.skolbloggen.se:80/
raw_http_prefix,20100824211950,http://cwaste.skolbloggen.se/robots.txt,404,text/html,https://web.archive.org/web/20100824211950/http://cwaste.skolbloggen.se/robots.txt
html_200_root,20100824212005,http://cwaste.skolbloggen.se/,200,text/html,https://web.archive.org/web/20100824212005/http://cwaste.skolbloggen.se/
raw_http_prefix,20100824212018,http://cwaste.skolbloggen.se/favicon.ico,200,image/x-icon,https://web.archive.org/web/20100824212018/http://cwaste.skolbloggen.se/favicon.ico
raw_http_prefix,20100824212027,http://cwaste.skolbloggen.se/feed/,404,text/xml,https://web.archive.org/web/20100824212027/http://cwaste.skolbloggen.se/feed/
raw_http_prefix,20100824212038,http://cwaste.skolbloggen.se/comments/feed/,404,text/xml,https://web.archive.org/web/20100824212038/http://cwaste.skolbloggen.se/comments/feed/
raw_http_prefix,20100824212046,http://cwaste.skolbloggen.se/xmlrpc.php,200,text/plain,https://web.archive.org/web/20100824212046/http://cwaste.skolbloggen.se/xmlrpc.php
raw_http_prefix,20100824212056,http://cwaste.skolbloggen.se/wp-content/themes/carrington-blog.2.0/carrington-blog/css/css.php,200,text/css,https://web.archive.org/web/20100824212056/http://cwaste.skolbloggen.se/wp-content/themes/carrington-blog.2.0/carrington-blog/css/css.php
raw_http_prefix,20100824212104,http://cwaste.skolbloggen.se/wp-content/plugins/buddypress/bp-themes/bp-default/_inc/css/adminbar.css?ver=2.9.2,200,text/css,https://web.archive.org/web/20100824212104/http://cwaste.skolbloggen.se/wp-content/plugins/buddypress/bp-themes/bp-default/_inc/css/adminbar.css?ver=2.9.2
raw_http_prefix,20100824212114,http://cwaste.skolbloggen.se/wp-includes/js/jquery/jquery.js?ver=1.3.2,200,application/javascript,https://web.archive.org/web/20100824212114/http://cwaste.skolbloggen.se/wp-includes/js/jquery/jquery.js?ver=1.3.2
raw_http_prefix,20100824212125,http://cwaste.skolbloggen.se/wp-content/themes/carrington-blog.2.0/carrington-blog/js/carrington.js?ver=1.0,200,application/javascript,https://web.archive.org/web/20100824212125/http://cwaste.skolbloggen.se/wp-content/themes/carrington-blog.2.0/carrington-blog/js/carrington.js?ver=1.0
raw_http_prefix,20100824212135,http://cwaste.skolbloggen.se/wp-content/themes/carrington-blog.2.0/carrington-blog/carrington-core/lightbox/thickbox.js?ver=1.0,200,application/javascript,https://web.archive.org/web/20100824212135/http://cwaste.skolbloggen.se/wp-content/themes/carrington-blog.2.0/carrington-blog/carrington-core/lightbox/thickbox.js?ver=1.0
raw_http_prefix,20100824212146,http://cwaste.skolbloggen.se/xmlrpc.php?rsd,200,text/xml,https://web.archive.org/web/20100824212146/http://cwaste.skolbloggen.se/xmlrpc.php?rsd
raw_http_prefix,20100824212159,http://cwaste.skolbloggen.se/wp-includes/wlwmanifest.xml,200,application/xml,https://web.archive.org/web/20100824212159/http://cwaste.skolbloggen.se/wp-includes/wlwmanifest.xml
raw_http_prefix,20100824212206,http://cwaste.skolbloggen.se/wp-content/mu-plugins/anarchy_media/anarchy_media_player.php?anarchy.js,200,text/javascript,https://web.archive.org/web/20100824212206/http://cwaste.skolbloggen.se/wp-content/mu-plugins/anarchy_media/anarchy_media_player.php?anarchy.js
raw_http_prefix,20100824212222,http://cwaste.skolbloggen.se/wp-content/mu-plugins/wp-recaptcha/recaptcha.css,200,text/css,https://web.archive.org/web/20100824212222/http://cwaste.skolbloggen.se/wp-content/mu-plugins/wp-recaptcha/recaptcha.css
html_200_root,20100824212232,http://cwaste.skolbloggen.se/wp-load.php,200,text/html,https://web.archive.org/web/20100824212232/http://cwaste.skolbloggen.se/wp-load.php
raw_http_prefix,20100824212243,http://cwaste.skolbloggen.se/wp-content/themes/carrington-blog.2.0/carrington-blog/carrington-core/lightbox/css/thickbox.css,200,text/css,https://web.archive.org/web/20100824212243/http://cwaste.skolbloggen.se/wp-content/themes/carrington-blog.2.0/carrington-blog/carrington-core/lightbox/css/thickbox.css
raw_http_prefix,20100824212252,http://cwaste.skolbloggen.se/wp-content/themes/carrington-blog.2.0/carrington-blog/carrington-core/lightbox/img/loadingAnimation.gif,200,image/gif,https://web.archive.org/web/20100824212252/http://cwaste.skolbloggen.se/wp-content/themes/carrington-blog.2.0/carrington-blog/carrington-core/lightbox/img/loadingAnimation.gif
raw_http_prefix,20100824212302,http://cwaste.skolbloggen.se/a.thickbox,404,text/html,https://web.archive.org/web/20100824212302/http://cwaste.skolbloggen.se/a.thickbox
raw_http_prefix,20100824212315,http://cwaste.skolbloggen.se/div.post,404,text/html,https://web.archive.org/web/20100824212315/http://cwaste.skolbloggen.se/div.post
raw_http_prefix,20100824212327,http://cwaste.skolbloggen.se/wp-content/themes/carrington-blog.2.0/carrington-blog/img/rss-button.gif,200,image/gif,https://web.archive.org/web/20100824212327/http://cwaste.skolbloggen.se/wp-content/themes/carrington-blog.2.0/carrington-blog/img/rss-button.gif
raw_http_prefix,20100824212339,http://cwaste.skolbloggen.se/files/2010/05/logotype.gif,200,image/gif,https://web.archive.org/web/20100824212339/http://cwaste.skolbloggen.se/files/2010/05/logotype.gif
raw_http_prefix,20100824212348,http://cwaste.skolbloggen.se/files/2010/05/logga_forskning_se.gif,200,image/gif,https://web.archive.org/web/20100824212348/http://cwaste.skolbloggen.se/files/2010/05/logga_forskning_se.gif
raw_http_prefix,20100824212359,http://cwaste.skolbloggen.se/files/2010/05/lankskafferiet_logga.gif,200,image/gif,https://web.archive.org/web/20100824212359/http://cwaste.skolbloggen.se/files/2010/05/lankskafferiet_logga.gif
raw_http_prefix,20100824212409,http://cwaste.skolbloggen.se/files/2010/05/logga_multimediabyran.jpg,200,image/jpeg,https://web.archive.org/web/20100824212409/http://cwaste.skolbloggen.se/files/2010/05/logga_multimediabyran.jpg
raw_http_prefix,20100824212419,http://cwaste.skolbloggen.se/files/2010/05/logga_pim.gif,200,image/gif,https://web.archive.org/web/20100824212419/http://cwaste.skolbloggen.se/files/2010/05/logga_pim.gif
raw_http_prefix,20100824212429,http://cwaste.skolbloggen.se/files/2010/05/logo-jamendo.jpg,200,image/jpeg,https://web.archive.org/web/20100824212429/http://cwaste.skolbloggen.se/files/2010/05/logo-jamendo.jpg
raw_http_prefix,20100824212438,http://cwaste.skolbloggen.se/files/2010/05/logotype-mediekompass.jpg,200,image/jpeg,https://web.archive.org/web/20100824212438/http://cwaste.skolbloggen.se/files/2010/05/logotype-mediekompass.jpg
raw_http_prefix,20110507080907,http://cwaste.skolbloggen.se:80/svenska/bedomning/bedomning-av-skriftliga-uppgifter,301,text/html,https://web.archive.org/web/20110507080907/http://cwaste.skolbloggen.se:80/svenska/bedomning/bedomning-av-skriftliga-uppgifter
html_200_root,20110507080907,http://cwaste.skolbloggen.se:80/svenska/bedomning/bedomning-av-skriftliga-uppgifter/,200,text/html,https://web.archive.org/web/20110507080907/http://cwaste.skolbloggen.se:80/svenska/bedomning/bedomning-av-skriftliga-uppgifter/
html_200_root,20110508113148,http://cwaste.skolbloggen.se:80/,200,text/html,https://web.archive.org/web/20110508113148/http://cwaste.skolbloggen.se:80/
html_200_root,20110509001107,http://cwaste.skolbloggen.se:80/svenska/bedomning/,200,text/html,https://web.archive.org/web/20110509001107/http://cwaste.skolbloggen.se:80/svenska/bedomning/
raw_http_prefix,20110510015225,http://cwaste.skolbloggen.se:80/svenska/referera/ova-referatskrivning-nathat-bland-unga,301,text/html,https://web.archive.org/web/20110510015225/http://cwaste.skolbloggen.se:80/svenska/referera/ova-referatskrivning-nathat-bland-unga
html_200_root,20110510015225,http://cwaste.skolbloggen.se:80/svenska/referera/ova-referatskrivning-nathat-bland-unga/,200,text/html,https://web.archive.org/web/20110510015225/http://cwaste.skolbloggen.se:80/svenska/referera/ova-referatskrivning-nathat-bland-unga/
raw_http_prefix,20110510211714,http://cwaste.skolbloggen.se:80/svenska/bedomning/bedomning-av-skriftliga-uppgifter/feed/,200,text/xml,https://web.archive.org/web/20110510211714/http://cwaste.skolbloggen.se:80/svenska/bedomning/bedomning-av-skriftliga-uppgifter/feed/
html_200_root,20110510212127,http://cwaste.skolbloggen.se:80/svenska/instruktioner/,200,text/html,https://web.archive.org/web/20110510212127/http://cwaste.skolbloggen.se:80/svenska/instruktioner/
raw_http_prefix,20110510212324,http://cwaste.skolbloggen.se:80/feed/,404,text/xml,https://web.archive.org/web/20110510212324/http://cwaste.skolbloggen.se:80/feed/
html_200_root,20110510213322,http://cwaste.skolbloggen.se:80/svenska/bedomning/bedomning-av-skriftliga-uppgifter/matris-bedomning-av-skriftliga-uppgifter/,200,text/html,https://web.archive.org/web/20110510213322/http://cwaste.skolbloggen.se:80/svenska/bedomning/bedomning-av-skriftliga-uppgifter/matris-bedomning-av-skriftliga-uppgifter/
html_200_root,20110511032159,http://cwaste.skolbloggen.se:80/svenska/referera/skriva-referat/,200,text/html,https://web.archive.org/web/20110511032159/http://cwaste.skolbloggen.se:80/svenska/referera/skriva-referat/
html_200_root,20110511054031,http://cwaste.skolbloggen.se:80/oppna-larresurser/ne-skola/,200,text/html,https://web.archive.org/web/20110511054031/http://cwaste.skolbloggen.se:80/oppna-larresurser/ne-skola/
html_200_root,20110511054036,http://cwaste.skolbloggen.se:80/svenska/referera/fler-exempel/,200,text/html,https://web.archive.org/web/20110511054036/http://cwaste.skolbloggen.se:80/svenska/referera/fler-exempel/
html_200_root,20110511054042,http://cwaste.skolbloggen.se:80/svenska/referera/ex-pa-referatmarkorer/,200,text/html,https://web.archive.org/web/20110511054042/http://cwaste.skolbloggen.se:80/svenska/referera/ex-pa-referatmarkorer/
raw_http_prefix,20110511054042,http://cwaste.skolbloggen.se:80/svenska/referera/skriva-referat/ex-pa-referatmarkorer/,301,text/html,https://web.archive.org/web/20110511054042/http://cwaste.skolbloggen.se:80/svenska/referera/skriva-referat/ex-pa-referatmarkorer/
html_200_root,20110511054046,http://cwaste.skolbloggen.se:80/svenska/skrivrad/,200,text/html,https://web.archive.org/web/20110511054046/http://cwaste.skolbloggen.se:80/svenska/skrivrad/
html_200_root,20110511054202,http://cwaste.skolbloggen.se:80/redovisning/hur-du-hanterar-powerpoint/,200,text/html,https://web.archive.org/web/20110511054202/http://cwaste.skolbloggen.se:80/redovisning/hur-du-hanterar-powerpoint/
html_200_root,20110511054207,http://cwaste.skolbloggen.se:80/svenska/referera/,200,text/html,https://web.archive.org/web/20110511054207/http://cwaste.skolbloggen.se:80/svenska/referera/
html_200_root,20110511054213,http://cwaste.skolbloggen.se:80/svenska/referera/ex-pa-kallhanvisning/,200,text/html,https://web.archive.org/web/20110511054213/http://cwaste.skolbloggen.se:80/svenska/referera/ex-pa-kallhanvisning/
raw_http_prefix,20110511054213,http://cwaste.skolbloggen.se:80/svenska/referera/skriva-referat/ex-pa-kallhanvisning/,301,text/html,https://web.archive.org/web/20110511054213/http://cwaste.skolbloggen.se:80/svenska/referera/skriva-referat/ex-pa-kallhanvisning/
html_200_root,20110511154416,http://cwaste.skolbloggen.se:80/svenska/referera/ova-referatskrivning-nathat-bland-unga/,200,text/html,https://web.archive.org/web/20110511154416/http://cwaste.skolbloggen.se:80/svenska/referera/ova-referatskrivning-nathat-bland-unga/
html_200_root,20110511201819,http://cwaste.skolbloggen.se:80/presentation/,200,text/html,https://web.archive.org/web/20110511201819/http://cwaste.skolbloggen.se:80/presentation/
html_200_root,20110511201823,http://cwaste.skolbloggen.se:80/redovisning/tankekartor/,200,text/html,https://web.archive.org/web/20110511201823/http://cwaste.skolbloggen.se:80/redovisning/tankekartor/
html_200_root,20110511201828,http://cwaste.skolbloggen.se:80/studieteknik/,200,text/html,https://web.archive.org/web/20110511201828/http://cwaste.skolbloggen.se:80/studieteknik/
html_200_root,20110511201833,http://cwaste.skolbloggen.se:80/svenska/argumenterande-texter/,200,text/html,https://web.archive.org/web/20110511201833/http://cwaste.skolbloggen.se:80/svenska/argumenterande-texter/
html_200_root,20110511201838,http://cwaste.skolbloggen.se:80/svenska/berattelser/,200,text/html,https://web.archive.org/web/20110511201838/http://cwaste.skolbloggen.se:80/svenska/berattelser/
html_200_root,20110511201843,http://cwaste.skolbloggen.se:80/svenska/berattelser/berattarkne/,200,text/html,https://web.archive.org/web/20110511201843/http://cwaste.skolbloggen.se:80/svenska/berattelser/berattarkne/
html_200_root,20110511201848,http://cwaste.skolbloggen.se:80/svenska/bild-och-film/,200,text/html,https://web.archive.org/web/20110511201848/http://cwaste.skolbloggen.se:80/svenska/bild-och-film/
html_200_root,20110511201853,http://cwaste.skolbloggen.se:80/svenska/bild-och-film/hur-d-hanterar-bilder/,200,text/html,https://web.archive.org/web/20110511201853/http://cwaste.skolbloggen.se:80/svenska/bild-och-film/hur-d-hanterar-bilder/
html_200_root,20110511201858,http://cwaste.skolbloggen.se:80/svenska/dikter/,200,text/html,https://web.archive.org/web/20110511201858/http://cwaste.skolbloggen.se:80/svenska/dikter/
html_200_root,20110511201903,http://cwaste.skolbloggen.se:80/svenska/dikter/diktanalys/,200,text/html,https://web.archive.org/web/20110511201903/http://cwaste.skolbloggen.se:80/svenska/dikter/diktanalys/
html_200_root,20110511201908,http://cwaste.skolbloggen.se:80/svenska/dikter/skriva-dikter-ovning-i/,200,text/html,https://web.archive.org/web/20110511201908/http://cwaste.skolbloggen.se:80/svenska/dikter/skriva-dikter-ovning-i/
html_200_root,20110511201913,http://cwaste.skolbloggen.se:80/svenska/litteraturhistoria/,200,text/html,https://web.archive.org/web/20110511201913/http://cwaste.skolbloggen.se:80/svenska/litteraturhistoria/
html_200_root,20110511201918,http://cwaste.skolbloggen.se:80/svenska/referera/bedomning-av-referat/,200,text/html,https://web.archive.org/web/20110511201918/http://cwaste.skolbloggen.se:80/svenska/referera/bedomning-av-referat/
html_200_root,20110511201923,http://cwaste.skolbloggen.se:80/svenska/referera/ova-referatskrivning-klass-o-sprak/,200,text/html,https://web.archive.org/web/20110511201923/http://cwaste.skolbloggen.se:80/svenska/referera/ova-referatskrivning-klass-o-sprak/
html_200_root,20110511201933,http://cwaste.skolbloggen.se:80/svenska/retorik/,200,text/html,https://web.archive.org/web/20110511201933/http://cwaste.skolbloggen.se:80/svenska/retorik/
html_200_root,20110511201936,http://cwaste.skolbloggen.se:80/svenska/samarbetsskrivande/,200,text/html,https://web.archive.org/web/20110511201936/http://cwaste.skolbloggen.se:80/svenska/samarbetsskrivande/
html_200_root,20110511201941,http://cwaste.skolbloggen.se:80/svenska/skrivprocessen/,200,text/html,https://web.archive.org/web/20110511201941/http://cwaste.skolbloggen.se:80/svenska/skrivprocessen/
html_200_root,20110511201944,http://cwaste.skolbloggen.se:80/wp-login.php,200,text/html,https://web.archive.org/web/20110511201944/http://cwaste.skolbloggen.se:80/wp-login.php
raw_http_prefix,20110511202156,http://cwaste.skolbloggen.se:80/comments/feed/,200,text/xml,https://web.archive.org/web/20110511202156/http://cwaste.skolbloggen.se:80/comments/feed/
html_200_root,20110511202203,http://cwaste.skolbloggen.se:80/om-tavlingsbidraget/,200,text/html,https://web.archive.org/web/20110511202203/http://cwaste.skolbloggen.se:80/om-tavlingsbidraget/
html_200_root,20110511202208,http://cwaste.skolbloggen.se:80/oppna-larresurser/,200,text/html,https://web.archive.org/web/20110511202208/http://cwaste.skolbloggen.se:80/oppna-larresurser/
html_200_root,20110511202213,http://cwaste.skolbloggen.se:80/oppna-larresurser/csu-affordable-learning-solutions/,200,text/html,https://web.archive.org/web/20110511202213/http://cwaste.skolbloggen.se:80/oppna-larresurser/csu-affordable-learning-solutions/
html_200_root,20110511202219,http://cwaste.skolbloggen.se:80/oppna-larresurser/itunes-u/,200,text/html,https://web.archive.org/web/20110511202219/http://cwaste.skolbloggen.se:80/oppna-larresurser/itunes-u/
html_200_root,20110511202223,http://cwaste.skolbloggen.se:80/oppna-larresurser/wikiversity/,200,text/html,https://web.archive.org/web/20110511202223/http://cwaste.skolbloggen.se:80/oppna-larresurser/wikiversity/
html_200_root,20110511202228,http://cwaste.skolbloggen.se:80/redovisning/akademisk-hederlighet/,200,text/html,https://web.archive.org/web/20110511202228/http://cwaste.skolbloggen.se:80/redovisning/akademisk-hederlighet/
html_200_root,20110511202238,http://cwaste.skolbloggen.se:80/redovisning/overkurs/,200,text/html,https://web.archive.org/web/20110511202238/http://cwaste.skolbloggen.se:80/redovisning/overkurs/
html_200_root,20110511202241,http://cwaste.skolbloggen.se:80/redovisning/publicering/,200,text/html,https://web.archive.org/web/20110511202241/http://cwaste.skolbloggen.se:80/redovisning/publicering/
html_200_root,20110511202247,http://cwaste.skolbloggen.se:80/redovisning/textformatering/,200,text/html,https://web.archive.org/web/20110511202247/http://cwaste.skolbloggen.se:80/redovisning/textformatering/
html_200_root,20110511202251,http://cwaste.skolbloggen.se:80/studieteknik/att-vardera-information/,200,text/html,https://web.archive.org/web/20110511202251/http://cwaste.skolbloggen.se:80/studieteknik/att-vardera-information/
html_200_root,20110511202256,http://cwaste.skolbloggen.se:80/studieteknik/kallkritik/arkiv-och-samlingar-i-din-narhet/,200,text/html,https://web.archive.org/web/20110511202256/http://cwaste.skolbloggen.se:80/studieteknik/kallkritik/arkiv-och-samlingar-i-din-narhet/
html_200_root,20110511202301,http://cwaste.skolbloggen.se:80/studieteknik/kallkritik/ovningar-i-kallkritik/,200,text/html,https://web.archive.org/web/20110511202301/http://cwaste.skolbloggen.se:80/studieteknik/kallkritik/ovningar-i-kallkritik/
html_200_root,20110511202306,http://cwaste.skolbloggen.se:80/studieteknik/sjalvskattning-av-studievanor/,200,text/html,https://web.archive.org/web/20110511202306/http://cwaste.skolbloggen.se:80/studieteknik/sjalvskattning-av-studievanor/
html_200_root,20110511202311,http://cwaste.skolbloggen.se:80/svenska/,200,text/html,https://web.archive.org/web/20110511202311/http://cwaste.skolbloggen.se:80/svenska/
html_200_root,20110511202316,http://cwaste.skolbloggen.se:80/svenska/berattelser/skriva-berattelser/,200,text/html,https://web.archive.org/web/20110511202316/http://cwaste.skolbloggen.se:80/svenska/berattelser/skriva-berattelser/
html_200_root,20110511202321,http://cwaste.skolbloggen.se:80/svenska/bild-och-film/regler-vid-fotografering-pa-allmanna-platser/,200,text/html,https://web.archive.org/web/20110511202321/http://cwaste.skolbloggen.se:80/svenska/bild-och-film/regler-vid-fotografering-pa-allmanna-platser/
html_200_root,20110511202326,http://cwaste.skolbloggen.se:80/svenska/referera/ova-referatskrivning-attityder-kring-sprak/,200,text/html,https://web.archive.org/web/20110511202326/http://cwaste.skolbloggen.se:80/svenska/referera/ova-referatskrivning-attityder-kring-sprak/
raw_http_prefix,20110511202329,http://cwaste.skolbloggen.se:80/svenska/referera/ova-referatskrivning-nathat-bland-unga/feed/,200,text/xml,https://web.archive.org/web/20110511202329/http://cwaste.skolbloggen.se:80/svenska/referera/ova-referatskrivning-nathat-bland-unga/feed/
html_200_root,20110511202336,http://cwaste.skolbloggen.se:80/svenska/skrivprocessen/responsgivning/,200,text/html,https://web.archive.org/web/20110511202336/http://cwaste.skolbloggen.se:80/svenska/skrivprocessen/responsgivning/
html_200_root,20110511202341,http://cwaste.skolbloggen.se:80/svenska/skrivprocessen/responsgivning/skriva-kommentarer/,200,text/html,https://web.archive.org/web/20110511202341/http://cwaste.skolbloggen.se:80/svenska/skrivprocessen/responsgivning/skriva-kommentarer/
html_200_root,20110511202346,http://cwaste.skolbloggen.se:80/svenska/soka-jobb/,200,text/html,https://web.archive.org/web/20110511202346/http://cwaste.skolbloggen.se:80/svenska/soka-jobb/
raw_http_prefix,20110511202350,http://cwaste.skolbloggen.se:80/wp-content/mu-plugins/anarchy_media/anarchy_media_player.php?anarchy.js,200,text/javascript,https://web.archive.org/web/20110511202350/http://cwaste.skolbloggen.se:80/wp-content/mu-plugins/anarchy_media/anarchy_media_player.php?anarchy.js
html_200_root,20110511202613,http://cwaste.skolbloggen.se:80/oppna-larresurser/youtube-edu/,200,text/html,https://web.archive.org/web/20110511202613/http://cwaste.skolbloggen.se:80/oppna-larresurser/youtube-edu/
html_200_root,20110511202618,http://cwaste.skolbloggen.se:80/redovisning/,200,text/html,https://web.archive.org/web/20110511202618/http://cwaste.skolbloggen.se:80/redovisning/
html_200_root,20110511202623,http://cwaste.skolbloggen.se:80/redovisning/akademisk-hederlighet/upphovsratt-och-creative-commons/,200,text/html,https://web.archive.org/web/20110511202623/http://cwaste.skolbloggen.se:80/redovisning/akademisk-hederlighet/upphovsratt-och-creative-commons/
html_200_root,20110511202628,http://cwaste.skolbloggen.se:80/studieteknik/att-hitta-information/,200,text/html,https://web.archive.org/web/20110511202628/http://cwaste.skolbloggen.se:80/studieteknik/att-hitta-information/
html_200_root,20110511202633,http://cwaste.skolbloggen.se:80/studieteknik/kallkritik/de-kallkritiska-principerna/,200,text/html,https://web.archive.org/web/20110511202633/http://cwaste.skolbloggen.se:80/studieteknik/kallkritik/de-kallkritiska-principerna/
html_200_root,20110511202640,http://cwaste.skolbloggen.se:80/svenska/bedomning/bedomning-av-muntliga-uppgifter/,200,text/html,https://web.archive.org/web/20110511202640/http://cwaste.skolbloggen.se:80/svenska/bedomning/bedomning-av-muntliga-uppgifter/
html_200_root,20110511202645,http://cwaste.skolbloggen.se:80/svenska/dikter/skriva-dikter-ovning-ii/,200,text/html,https://web.archive.org/web/20110511202645/http://cwaste.skolbloggen.se:80/svenska/dikter/skriva-dikter-ovning-ii/
html_200_root,20110511202650,http://cwaste.skolbloggen.se:80/svenska/litteraturhistoria/1830-realismen/,200,text/html,https://web.archive.org/web/20110511202650/http://cwaste.skolbloggen.se:80/svenska/litteraturhistoria/1830-realismen/
html_200_root,20110511202655,http://cwaste.skolbloggen.se:80/svenska/skrivprocessen/kommentera-blogginlagg/,200,text/html,https://web.archive.org/web/20110511202655/http://cwaste.skolbloggen.se:80/svenska/skrivprocessen/kommentera-blogginlagg/
raw_http_prefix,20110511202704,http://cwaste.skolbloggen.se:80/xmlrpc.php,200,text/plain,https://web.archive.org/web/20110511202704/http://cwaste.skolbloggen.se:80/xmlrpc.php
raw_http_prefix,20110511202709,http://cwaste.skolbloggen.se:80/xmlrpc.php?rsd,200,text/xml,https://web.archive.org/web/20110511202709/http://cwaste.skolbloggen.se:80/xmlrpc.php?rsd
html_200_root,20110511203914,http://cwaste.skolbloggen.se:80/oppna-larresurser/wikibooks/,200,text/html,https://web.archive.org/web/20110511203914/http://cwaste.skolbloggen.se:80/oppna-larresurser/wikibooks/
html_200_root,20110511203920,http://cwaste.skolbloggen.se:80/presentation/din-presentation/,200,text/html,https://web.archive.org/web/20110511203920/http://cwaste.skolbloggen.se:80/presentation/din-presentation/
html_200_root,20110511203924,http://cwaste.skolbloggen.se:80/presentation/om-froken-waste/,200,text/html,https://web.archive.org/web/20110511203924/http://cwaste.skolbloggen.se:80/presentation/om-froken-waste/
html_200_root,20110511203929,http://cwaste.skolbloggen.se:80/studieteknik/kallkritik/,200,text/html,https://web.archive.org/web/20110511203929/http://cwaste.skolbloggen.se:80/studieteknik/kallkritik/
html_200_root,20110511203934,http://cwaste.skolbloggen.se:80/studieteknik/uppgift/,200,text/html,https://web.archive.org/web/20110511203934/http://cwaste.skolbloggen.se:80/studieteknik/uppgift/
html_200_root,20110511203939,http://cwaste.skolbloggen.se:80/svenska/argumenterande-texter/skriva-insandaredebattartikel/arbetsgang-vid-respons-och-bearbetning/,200,text/html,https://web.archive.org/web/20110511203939/http://cwaste.skolbloggen.se:80/svenska/argumenterande-texter/skriva-insandaredebattartikel/arbetsgang-vid-respons-och-bearbetning/
html_200_root,20110511203946,http://cwaste.skolbloggen.se:80/svenska/argumenterande-texter/skriva-insandaredebattartikel/vad-man-ska-tanka-pa-nar-man-skriver-argumenterande-texter/,200,text/html,https://web.archive.org/web/20110511203946/http://cwaste.skolbloggen.se:80/svenska/argumenterande-texter/skriva-insandaredebattartikel/vad-man-ska-tanka-pa-nar-man-skriver-argumenterande-texter/
html_200_root,20110511203950,http://cwaste.skolbloggen.se:80/svenska/dikter/ovning-i-diktanalys/,200,text/html,https://web.archive.org/web/20110511203950/http://cwaste.skolbloggen.se:80/svenska/dikter/ovning-i-diktanalys/
html_200_root,20110511203956,http://cwaste.skolbloggen.se:80/svenska/litteraturhistoria/1790-romantiken/,200,text/html,https://web.archive.org/web/20110511203956/http://cwaste.skolbloggen.se:80/svenska/litteraturhistoria/1790-romantiken/
html_200_root,20110511204001,http://cwaste.skolbloggen.se:80/svenska/sprakhistoria/,200,text/html,https://web.archive.org/web/20110511204001/http://cwaste.skolbloggen.se:80/svenska/sprakhistoria/
html_200_root,20110511204006,http://cwaste.skolbloggen.se:80/svenska/talovningar/,200,text/html,https://web.archive.org/web/20110511204006/http://cwaste.skolbloggen.se:80/svenska/talovningar/
raw_http_prefix,20110511204008,http://cwaste.skolbloggen.se:80/wp-comments-post.php,405,text/plain,https://web.archive.org/web/20110511204008/http://cwaste.skolbloggen.se:80/wp-comments-post.php
raw_http_prefix,20110511204013,http://cwaste.skolbloggen.se:80/wp-includes/wlwmanifest.xml,200,application/xml,https://web.archive.org/web/20110511204013/http://cwaste.skolbloggen.se:80/wp-includes/wlwmanifest.xml
html_200_root,20110511204019,http://cwaste.skolbloggen.se:80/wp-load.php,200,text/html,https://web.archive.org/web/20110511204019/http://cwaste.skolbloggen.se:80/wp-load.php
raw_http_prefix,20110511204024,http://cwaste.skolbloggen.se:80/wp-login.php?action=register,302,text/html,https://web.archive.org/web/20110511204024/http://cwaste.skolbloggen.se:80/wp-login.php?action=register
html_200_root,20110513042911,http://cwaste.skolbloggen.se:80/svenska/referera/fler-exempel/,200,text/html,https://web.archive.org/web/20110513042911/http://cwaste.skolbloggen.se:80/svenska/referera/fler-exempel/
raw_http_prefix,20110513042911,http://cwaste.skolbloggen.se:80/svenska/referera/skriva-referat/fler-exempel/,301,text/html,https://web.archive.org/web/20110513042911/http://cwaste.skolbloggen.se:80/svenska/referera/skriva-referat/fler-exempel/
html_200_root,20110513042915,http://cwaste.skolbloggen.se:80/svenska/referera/ova-referatskrivning-klass-o-sprak/,200,text/html,https://web.archive.org/web/20110513042915/http://cwaste.skolbloggen.se:80/svenska/referera/ova-referatskrivning-klass-o-sprak/
raw_http_prefix,20110513042915,http://cwaste.skolbloggen.se:80/svenska/referera/skriva-referat/ova-referatskrivning-klass-o-sprak/,301,text/html,https://web.archive.org/web/20110513042915/http://cwaste.skolbloggen.se:80/svenska/referera/skriva-referat/ova-referatskrivning-klass-o-sprak/
html_200_root,20110513042921,http://cwaste.skolbloggen.se:80/svenska/referera/ova-referatskrivning-nathat-bland-unga/,200,text/html,https://web.archive.org/web/20110513042921/http://cwaste.skolbloggen.se:80/svenska/referera/ova-referatskrivning-nathat-bland-unga/
raw_http_prefix,20110513042921,http://cwaste.skolbloggen.se:80/svenska/referera/skriva-referat/ova-referatskrivning-nathat-bland-unga/,301,text/html,https://web.archive.org/web/20110513042921/http://cwaste.skolbloggen.se:80/svenska/referera/skriva-referat/ova-referatskrivning-nathat-bland-unga/
raw_http_prefix,20110630180211,http://cwaste.skolbloggen.se/robots.txt,200,text/plain,https://web.archive.org/web/20110630180211/http://cwaste.skolbloggen.se/robots.txt
raw_http_prefix,20110825091334,http://cwaste.skolbloggen.se:80/svenska/referera/ova-referatskrivning-nathat-bland-unga,301,text/html,https://web.archive.org/web/20110825091334/http://cwaste.skolbloggen.se:80/svenska/referera/ova-referatskrivning-nathat-bland-unga
html_200_root,20110825091334,http://cwaste.skolbloggen.se:80/svenska/referera/ova-referatskrivning-nathat-bland-unga/,200,text/html,https://web.archive.org/web/20110825091334/http://cwaste.skolbloggen.se:80/svenska/referera/ova-referatskrivning-nathat-bland-unga/
raw_http_prefix,20110825091738,http://cwaste.skolbloggen.se:80/svenska/bedomning/bedomning-av-skriftliga-uppgifter,301,text/html,https://web.archive.org/web/20110825091738/http://cwaste.skolbloggen.se:80/svenska/bedomning/bedomning-av-skriftliga-uppgifter
html_200_root,20110825091738,http://cwaste.skolbloggen.se:80/svenska/bedomning/bedomning-av-skriftliga-uppgifter/,200,text/html,https://web.archive.org/web/20110825091738/http://cwaste.skolbloggen.se:80/svenska/bedomning/bedomning-av-skriftliga-uppgifter/
raw_http_prefix,20111024142733,http://cwaste.skolbloggen.se:80/svenska/argumenterande-texter/skriva-insandaredebattartikel,301,text/html,https://web.archive.org/web/20111024142733/http://cwaste.skolbloggen.se:80/svenska/argumenterande-texter/skriva-insandaredebattartikel
html_200_root,20111024142733,http://cwaste.skolbloggen.se:80/svenska/argumenterande-texter/skriva-insandaredebattartikel/,200,text/html,https://web.archive.org/web/20111024142733/http://cwaste.skolbloggen.se:80/svenska/argumenterande-texter/skriva-insandaredebattartikel/
html_200_root,20111025043217,http://cwaste.skolbloggen.se:80/,200,text/html,https://web.archive.org/web/20111025043217/http://cwaste.skolbloggen.se:80/
raw_http_prefix,20111025072140,http://cwaste.skolbloggen.se:80/feed/,404,text/xml,https://web.archive.org/web/20111025072140/http://cwaste.skolbloggen.se:80/feed/
raw_http_prefix,20111025072144,http://cwaste.skolbloggen.se:80/svenska/argumenterande-texter/skriva-insandaredebattartikel/feed/,200,text/xml,https://web.archive.org/web/20111025072144/http://cwaste.skolbloggen.se:80/svenska/argumenterande-texter/skriva-insandaredebattartikel/feed/
html_200_root,20111025085354,http://cwaste.skolbloggen.se:80/oppna-larresurser/,200,text/html,https://web.archive.org/web/20111025085354/http://cwaste.skolbloggen.se:80/oppna-larresurser/
html_200_root,20111025085359,http://cwaste.skolbloggen.se:80/oppna-larresurser/ne-skola/,200,text/html,https://web.archive.org/web/20111025085359/http://cwaste.skolbloggen.se:80/oppna-larresurser/ne-skola/
html_200_root,20111025085404,http://cwaste.skolbloggen.se:80/presentation/,200,text/html,https://web.archive.org/web/20111025085404/http://cwaste.skolbloggen.se:80/presentation/
html_200_root,20111025085409,http://cwaste.skolbloggen.se:80/redovisning/,200,text/html,https://web.archive.org/web/20111025085409/http://cwaste.skolbloggen.se:80/redovisning/
html_200_root,20111025085415,http://cwaste.skolbloggen.se:80/redovisning/akademisk-hederlighet/,200,text/html,https://web.archive.org/web/20111025085415/http://cwaste.skolbloggen.se:80/redovisning/akademisk-hederlighet/
html_200_root,20111025085419,http://cwaste.skolbloggen.se:80/redovisning/bilder-som-du-far-anvanda-till-dina-redovisningar/,200,text/html,https://web.archive.org/web/20111025085419/http://cwaste.skolbloggen.se:80/redovisning/bilder-som-du-far-anvanda-till-dina-redovisningar/
html_200_root,20111025085425,http://cwaste.skolbloggen.se:80/redovisning/hur-du-hanterar-powerpoint/,200,text/html,https://web.archive.org/web/20111025085425/http://cwaste.skolbloggen.se:80/redovisning/hur-du-hanterar-powerpoint/
html_200_root,20111025085430,http://cwaste.skolbloggen.se:80/redovisning/tankekartor/,200,text/html,https://web.archive.org/web/20111025085430/http://cwaste.skolbloggen.se:80/redovisning/tankekartor/
html_200_root,20111025085435,http://cwaste.skolbloggen.se:80/studieteknik/att-vardera-information/,200,text/html,https://web.archive.org/web/20111025085435/http://cwaste.skolbloggen.se:80/studieteknik/att-vardera-information/
html_200_root,20111025085440,http://cwaste.skolbloggen.se:80/studieteknik/kallkritik/,200,text/html,https://web.archive.org/web/20111025085440/http://cwaste.skolbloggen.se:80/studieteknik/kallkritik/
html_200_root,20111025085445,http://cwaste.skolbloggen.se:80/studieteknik/kallkritik/arkiv-och-samlingar-i-din-narhet/,200,text/html,https://web.archive.org/web/20111025085445/http://cwaste.skolbloggen.se:80/studieteknik/kallkritik/arkiv-och-samlingar-i-din-narhet/
html_200_root,20111025085450,http://cwaste.skolbloggen.se:80/studieteknik/kallkritik/ovningar-i-kallkritik/,200,text/html,https://web.archive.org/web/20111025085450/http://cwaste.skolbloggen.se:80/studieteknik/kallkritik/ovningar-i-kallkritik/
html_200_root,20111025085455,http://cwaste.skolbloggen.se:80/svenska/,200,text/html,https://web.archive.org/web/20111025085455/http://cwaste.skolbloggen.se:80/svenska/
html_200_root,20111025085501,http://cwaste.skolbloggen.se:80/svenska/argumenterande-texter/argumentation-ett-exempel/,200,text/html,https://web.archive.org/web/20111025085501/http://cwaste.skolbloggen.se:80/svenska/argumenterande-texter/argumentation-ett-exempel/
html_200_root,20111025085505,http://cwaste.skolbloggen.se:80/svenska/argumenterande-texter/skriva-insandaredebattartikel/vad-man-ska-tanka-pa-nar-man-skriver-argumenterande-texter/,200,text/html,https://web.archive.org/web/20111025085505/http://cwaste.skolbloggen.se:80/svenska/argumenterande-texter/skriva-insandaredebattartikel/vad-man-ska-tanka-pa-nar-man-skriver-argumenterande-texter/
html_200_root,20111025085510,http://cwaste.skolbloggen.se:80/svenska/bedomning/bedomning-av-muntliga-uppgifter/,200,text/html,https://web.archive.org/web/20111025085510/http://cwaste.skolbloggen.se:80/svenska/bedomning/bedomning-av-muntliga-uppgifter/
html_200_root,20111025085516,http://cwaste.skolbloggen.se:80/svenska/bedomning/bedomning-av-skriftliga-uppgifter/matris-bedomning-av-skriftliga-uppgifter/,200,text/html,https://web.archive.org/web/20111025085516/http://cwaste.skolbloggen.se:80/svenska/bedomning/bedomning-av-skriftliga-uppgifter/matris-bedomning-av-skriftliga-uppgifter/
html_200_root,20111025085521,http://cwaste.skolbloggen.se:80/svenska/berattelser/,200,text/html,https://web.archive.org/web/20111025085521/http://cwaste.skolbloggen.se:80/svenska/berattelser/
html_200_root,20111025085525,http://cwaste.skolbloggen.se:80/svenska/litteraturhistoria/1790-romantiken/,200,text/html,https://web.archive.org/web/20111025085525/http://cwaste.skolbloggen.se:80/svenska/litteraturhistoria/1790-romantiken/
html_200_root,20111025085532,http://cwaste.skolbloggen.se:80/svenska/litteraturhistoria/1830-realismen/,200,text/html,https://web.archive.org/web/20111025085532/http://cwaste.skolbloggen.se:80/svenska/litteraturhistoria/1830-realismen/
html_200_root,20111025085537,http://cwaste.skolbloggen.se:80/svenska/nationellt-prov-i-svenska-b-kursen/,200,text/html,https://web.archive.org/web/20111025085537/http://cwaste.skolbloggen.se:80/svenska/nationellt-prov-i-svenska-b-kursen/
html_200_root,20111025085542,http://cwaste.skolbloggen.se:80/svenska/referera/,200,text/html,https://web.archive.org/web/20111025085542/http://cwaste.skolbloggen.se:80/svenska/referera/
html_200_root,20111025085547,http://cwaste.skolbloggen.se:80/svenska/referera/fler-exempel/,200,text/html,https://web.archive.org/web/20111025085547/http://cwaste.skolbloggen.se:80/svenska/referera/fler-exempel/
html_200_root,20111025085553,http://cwaste.skolbloggen.se:80/svenska/referera/ova-referatskrivning-klass-o-sprak/,200,text/html,https://web.archive.org/web/20111025085553/http://cwaste.skolbloggen.se:80/svenska/referera/ova-referatskrivning-klass-o-sprak/
html_200_root,20111025085558,http://cwaste.skolbloggen.se:80/svenska/skrivrad/nagra-vanliga-misstag/,200,text/html,https://web.archive.org/web/20111025085558/http://cwaste.skolbloggen.se:80/svenska/skrivrad/nagra-vanliga-misstag/
html_200_root,20111025085603,http://cwaste.skolbloggen.se:80/svenska/soka-jobb/,200,text/html,https://web.archive.org/web/20111025085603/http://cwaste.skolbloggen.se:80/svenska/soka-jobb/
raw_http_prefix,20111025085613,http://cwaste.skolbloggen.se:80/comments/feed/,200,text/xml,https://web.archive.org/web/20111025085613/http://cwaste.skolbloggen.se:80/comments/feed/
html_200_root,20111025085618,http://cwaste.skolbloggen.se:80/oppna-larresurser/csu-affordable-learning-solutions/,200,text/html,https://web.archive.org/web/20111025085618/http://cwaste.skolbloggen.se:80/oppna-larresurser/csu-affordable-learning-solutions/
html_200_root,20111025085624,http://cwaste.skolbloggen.se:80/oppna-larresurser/youtube-edu/,200,text/html,https://web.archive.org/web/20111025085624/http://cwaste.skolbloggen.se:80/oppna-larresurser/youtube-edu/
html_200_root,20111025085628,http://cwaste.skolbloggen.se:80/redovisning/bilder-och-bildtexter/,200,text/html,https://web.archive.org/web/20111025085628/http://cwaste.skolbloggen.se:80/redovisning/bilder-och-bildtexter/
html_200_root,20111025085633,http://cwaste.skolbloggen.se:80/studieteknik/,200,text/html,https://web.archive.org/web/20111025085633/http://cwaste.skolbloggen.se:80/studieteknik/
html_200_root,20111025085638,http://cwaste.skolbloggen.se:80/studieteknik/att-hitta-information/,200,text/html,https://web.archive.org/web/20111025085638/http://cwaste.skolbloggen.se:80/studieteknik/att-hitta-information/
raw_http_prefix,20111025085643,http://cwaste.skolbloggen.se:80/svenska/argumenterande-texter/skriva-insandaredebattartikel/trackback/,302,text/html,https://web.archive.org/web/20111025085643/http://cwaste.skolbloggen.se:80/svenska/argumenterande-texter/skriva-insandaredebattartikel/trackback/
html_200_root,20111025085648,http://cwaste.skolbloggen.se:80/svenska/berattelser/berattarkne/,200,text/html,https://web.archive.org/web/20111025085648/http://cwaste.skolbloggen.se:80/svenska/berattelser/berattarkne/
html_200_root,20111025085654,http://cwaste.skolbloggen.se:80/svenska/bild-och-film/,200,text/html,https://web.archive.org/web/20111025085654/http://cwaste.skolbloggen.se:80/svenska/bild-och-film/
html_200_root,20111025085659,http://cwaste.skolbloggen.se:80/svenska/bild-och-film/hur-d-hanterar-bilder/,200,text/html,https://web.archive.org/web/20111025085659/http://cwaste.skolbloggen.se:80/svenska/bild-och-film/hur-d-hanterar-bilder/
html_200_root,20111025085705,http://cwaste.skolbloggen.se:80/svenska/dikter/skriva-dikter-ovning-i/,200,text/html,https://web.archive.org/web/20111025085705/http://cwaste.skolbloggen.se:80/svenska/dikter/skriva-dikter-ovning-i/
html_200_root,20111025085710,http://cwaste.skolbloggen.se:80/svenska/dikter/skriva-dikter-ovning-ii/,200,text/html,https://web.archive.org/web/20111025085710/http://cwaste.skolbloggen.se:80/svenska/dikter/skriva-dikter-ovning-ii/
html_200_root,20111025085715,http://cwaste.skolbloggen.se:80/svenska/litteraturanalys-och-lasloggar/laslogg-1-presentation-bokens-inledning-berattarteknik/,200,text/html,https://web.archive.org/web/20111025085715/http://cwaste.skolbloggen.se:80/svenska/litteraturanalys-och-lasloggar/laslogg-1-presentation-bokens-inledning-berattarteknik/
html_200_root,20111025085720,http://cwaste.skolbloggen.se:80/svenska/litteraturanalys-och-lasloggar/laslogg-2-miljo-personbeskrivn-huvudkonflikt/,200,text/html,https://web.archive.org/web/20111025085720/http://cwaste.skolbloggen.se:80/svenska/litteraturanalys-och-lasloggar/laslogg-2-miljo-personbeskrivn-huvudkonflikt/
html_200_root,20111025085726,http://cwaste.skolbloggen.se:80/svenska/litteraturhistoria/,200,text/html,https://web.archive.org/web/20111025085726/http://cwaste.skolbloggen.se:80/svenska/litteraturhistoria/
html_200_root,20111025085730,http://cwaste.skolbloggen.se:80/svenska/nationellt-prov-i-svenska-b-kursen/nationellt-prov/,200,text/html,https://web.archive.org/web/20111025085730/http://cwaste.skolbloggen.se:80/svenska/nationellt-prov-i-svenska-b-kursen/nationellt-prov/
html_200_root,20111025085837,http://cwaste.skolbloggen.se:80/svenska/referera/bedomning-av-referat/,200,text/html,https://web.archive.org/web/20111025085837/http://cwaste.skolbloggen.se:80/svenska/referera/bedomning-av-referat/
html_200_root,20111025085842,http://cwaste.skolbloggen.se:80/svenska/referera/ova-referatskrivning-nathat-bland-unga/,200,text/html,https://web.archive.org/web/20111025085842/http://cwaste.skolbloggen.se:80/svenska/referera/ova-referatskrivning-nathat-bland-unga/
html_200_root,20111025085847,http://cwaste.skolbloggen.se:80/svenska/referera/skriva-referat/,200,text/html,https://web.archive.org/web/20111025085847/http://cwaste.skolbloggen.se:80/svenska/referera/skriva-referat/
html_200_root,20111025085852,http://cwaste.skolbloggen.se:80/svenska/samarbetsskrivande/,200,text/html,https://web.archive.org/web/20111025085852/http://cwaste.skolbloggen.se:80/svenska/samarbetsskrivande/
html_200_root,20111025085857,http://cwaste.skolbloggen.se:80/svenska/skrivprocessen/,200,text/html,https://web.archive.org/web/20111025085857/http://cwaste.skolbloggen.se:80/svenska/skrivprocessen/
html_200_root,20111025085902,http://cwaste.skolbloggen.se:80/svenska/skrivprocessen/responsgivning/skriva-kommentarer/,200,text/html,https://web.archive.org/web/20111025085902/http://cwaste.skolbloggen.se:80/svenska/skrivprocessen/responsgivning/skriva-kommentarer/
raw_http_prefix,20111025085907,http://cwaste.skolbloggen.se:80/xmlrpc.php?rsd,200,text/xml,https://web.archive.org/web/20111025085907/http://cwaste.skolbloggen.se:80/xmlrpc.php?rsd
html_200_root,20111025085912,http://cwaste.skolbloggen.se:80/oppna-larresurser/wikiversity/,200,text/html,https://web.archive.org/web/20111025085912/http://cwaste.skolbloggen.se:80/oppna-larresurser/wikiversity/
html_200_root,20111025085917,http://cwaste.skolbloggen.se:80/redovisning/overkurs/,200,text/html,https://web.archive.org/web/20111025085917/http://cwaste.skolbloggen.se:80/redovisning/overkurs/
html_200_root,20111025085922,http://cwaste.skolbloggen.se:80/redovisning/publicering/,200,text/html,https://web.archive.org/web/20111025085922/http://cwaste.skolbloggen.se:80/redovisning/publicering/
html_200_root,20111025085927,http://cwaste.skolbloggen.se:80/studieteknik/sjalvskattning-av-studievanor/,200,text/html,https://web.archive.org/web/20111025085927/http://cwaste.skolbloggen.se:80/studieteknik/sjalvskattning-av-studievanor/
html_200_root,20111025085933,http://cwaste.skolbloggen.se:80/studieteknik/uppgift/,200,text/html,https://web.archive.org/web/20111025085933/http://cwaste.skolbloggen.se:80/studieteknik/uppgift/
html_200_root,20111025085939,http://cwaste.skolbloggen.se:80/svenska/argumenterande-texter/skriva-insandaredebattartikel/arbetsgang-vid-respons-och-bearbetning/,200,text/html,https://web.archive.org/web/20111025085939/http://cwaste.skolbloggen.se:80/svenska/argumenterande-texter/skriva-insandaredebattartikel/arbetsgang-vid-respons-och-bearbetning/
html_200_root,20111025085944,http://cwaste.skolbloggen.se:80/svenska/bild-och-film/regler-vid-fotografering-pa-allmanna-platser/,200,text/html,https://web.archive.org/web/20111025085944/http://cwaste.skolbloggen.se:80/svenska/bild-och-film/regler-vid-fotografering-pa-allmanna-platser/
html_200_root,20111025085949,http://cwaste.skolbloggen.se:80/svenska/dikter/diktanalys/,200,text/html,https://web.archive.org/web/20111025085949/http://cwaste.skolbloggen.se:80/svenska/dikter/diktanalys/
html_200_root,20111025085954,http://cwaste.skolbloggen.se:80/svenska/litteraturanalys-och-lasloggar/,200,text/html,https://web.archive.org/web/20111025085954/http://cwaste.skolbloggen.se:80/svenska/litteraturanalys-och-lasloggar/
html_200_root,20111025090000,http://cwaste.skolbloggen.se:80/svenska/litteraturanalys-och-lasloggar/laslogg-3-titel-form-dramaturgi-budskap/,200,text/html,https://web.archive.org/web/20111025090000/http://cwaste.skolbloggen.se:80/svenska/litteraturanalys-och-lasloggar/laslogg-3-titel-form-dramaturgi-budskap/
html_200_root,20111025090005,http://cwaste.skolbloggen.se:80/svenska/litteraturhistoria/1720-upplysningen/,200,text/html,https://web.archive.org/web/20111025090005/http://cwaste.skolbloggen.se:80/svenska/litteraturhistoria/1720-upplysningen/
html_200_root,20111025090009,http://cwaste.skolbloggen.se:80/svenska/referera/ex-pa-referatmarkorer/,200,text/html,https://web.archive.org/web/20111025090009/http://cwaste.skolbloggen.se:80/svenska/referera/ex-pa-referatmarkorer/
html_200_root,20111025090015,http://cwaste.skolbloggen.se:80/svenska/referera/ova-referatskrivning-attityder-kring-sprak/,200,text/html,https://web.archive.org/web/20111025090015/http://cwaste.skolbloggen.se:80/svenska/referera/ova-referatskrivning-attityder-kring-sprak/
html_200_root,20111025090020,http://cwaste.skolbloggen.se:80/svenska/retorik/,200,text/html,https://web.archive.org/web/20111025090020/http://cwaste.skolbloggen.se:80/svenska/retorik/
raw_http_prefix,20111025090024,http://cwaste.skolbloggen.se:80/wp-comments-post.php,405,text/plain,https://web.archive.org/web/20111025090024/http://cwaste.skolbloggen.se:80/wp-comments-post.php
raw_http_prefix,20111025090030,http://cwaste.skolbloggen.se:80/xmlrpc.php,200,text/plain,https://web.archive.org/web/20111025090030/http://cwaste.skolbloggen.se:80/xmlrpc.php
html_200_root,20111025090035,http://cwaste.skolbloggen.se:80/om-tavlingsbidraget/,200,text/html,https://web.archive.org/web/20111025090035/http://cwaste.skolbloggen.se:80/om-tavlingsbidraget/
html_200_root,20111025090040,http://cwaste.skolbloggen.se:80/oppna-larresurser/itunes-u/,200,text/html,https://web.archive.org/web/20111025090040/http://cwaste.skolbloggen.se:80/oppna-larresurser/itunes-u/
html_200_root,20111025090045,http://cwaste.skolbloggen.se:80/oppna-larresurser/wikibooks/,200,text/html,https://web.archive.org/web/20111025090045/http://cwaste.skolbloggen.se:80/oppna-larresurser/wikibooks/
html_200_root,20111025090050,http://cwaste.skolbloggen.se:80/presentation/din-presentation/,200,text/html,https://web.archive.org/web/20111025090050/http://cwaste.skolbloggen.se:80/presentation/din-presentation/
html_200_root,20111025090055,http://cwaste.skolbloggen.se:80/presentation/om-froken-waste/,200,text/html,https://web.archive.org/web/20111025090055/http://cwaste.skolbloggen.se:80/presentation/om-froken-waste/
html_200_root,20111025090100,http://cwaste.skolbloggen.se:80/redovisning/akademisk-hederlighet/upphovsratt-och-creative-commons/,200,text/html,https://web.archive.org/web/20111025090100/http://cwaste.skolbloggen.se:80/redovisning/akademisk-hederlighet/upphovsratt-och-creative-commons/
html_200_root,20111025090105,http://cwaste.skolbloggen.se:80/redovisning/textformatering/,200,text/html,https://web.archive.org/web/20111025090105/http://cwaste.skolbloggen.se:80/redovisning/textformatering/
html_200_root,20111025090110,http://cwaste.skolbloggen.se:80/studieteknik/kallkritik/de-kallkritiska-principerna/,200,text/html,https://web.archive.org/web/20111025090110/http://cwaste.skolbloggen.se:80/studieteknik/kallkritik/de-kallkritiska-principerna/
html_200_root,20111025090115,http://cwaste.skolbloggen.se:80/svenska/bedomning/,200,text/html,https://web.archive.org/web/20111025090115/http://cwaste.skolbloggen.se:80/svenska/bedomning/
html_200_root,20111025090122,http://cwaste.skolbloggen.se:80/svenska/bedomning/bedomning-av-skriftliga-uppgifter/,200,text/html,https://web.archive.org/web/20111025090122/http://cwaste.skolbloggen.se:80/svenska/bedomning/bedomning-av-skriftliga-uppgifter/
html_200_root,20111025090128,http://cwaste.skolbloggen.se:80/svenska/dikter/,200,text/html,https://web.archive.org/web/20111025090128/http://cwaste.skolbloggen.se:80/svenska/dikter/
html_200_root,20111025090133,http://cwaste.skolbloggen.se:80/svenska/dikter/ovning-i-diktanalys/,200,text/html,https://web.archive.org/web/20111025090133/http://cwaste.skolbloggen.se:80/svenska/dikter/ovning-i-diktanalys/
html_200_root,20111025090139,http://cwaste.skolbloggen.se:80/svenska/instruktioner/,200,text/html,https://web.archive.org/web/20111025090139/http://cwaste.skolbloggen.se:80/svenska/instruktioner/
html_200_root,20111025090144,http://cwaste.skolbloggen.se:80/svenska/litteraturanalys-och-lasloggar/forfattarportratt/,200,text/html,https://web.archive.org/web/20111025090144/http://cwaste.skolbloggen.se:80/svenska/litteraturanalys-och-lasloggar/forfattarportratt/
html_200_root,20111025090149,http://cwaste.skolbloggen.se:80/svenska/litteraturhistoria/1910-modernismen/,200,text/html,https://web.archive.org/web/20111025090149/http://cwaste.skolbloggen.se:80/svenska/litteraturhistoria/1910-modernismen/
html_200_root,20111025090155,http://cwaste.skolbloggen.se:80/svenska/referera/ex-pa-kallhanvisning/,200,text/html,https://web.archive.org/web/20111025090155/http://cwaste.skolbloggen.se:80/svenska/referera/ex-pa-kallhanvisning/
html_200_root,20111025090159,http://cwaste.skolbloggen.se:80/svenska/skrivprocessen/kommentera-blogginlagg/,200,text/html,https://web.archive.org/web/20111025090159/http://cwaste.skolbloggen.se:80/svenska/skrivprocessen/kommentera-blogginlagg/
html_200_root,20111025090204,http://cwaste.skolbloggen.se:80/svenska/skrivprocessen/responsgivning/,200,text/html,https://web.archive.org/web/20111025090204/http://cwaste.skolbloggen.se:80/svenska/skrivprocessen/responsgivning/
html_200_root,20111025090209,http://cwaste.skolbloggen.se:80/svenska/skrivrad/,200,text/html,https://web.archive.org/web/20111025090209/http://cwaste.skolbloggen.se:80/svenska/skrivrad/
html_200_root,20111025090214,http://cwaste.skolbloggen.se:80/svenska/sprakhistoria/,200,text/html,https://web.archive.org/web/20111025090214/http://cwaste.skolbloggen.se:80/svenska/sprakhistoria/
html_200_root,20111025090219,http://cwaste.skolbloggen.se:80/svenska/talovningar/,200,text/html,https://web.archive.org/web/20111025090219/http://cwaste.skolbloggen.se:80/svenska/talovningar/
raw_http_prefix,20111025090224,http://cwaste.skolbloggen.se:80/wp-content/mu-plugins/anarchy_media/anarchy_media_player.php?anarchy.js,200,text/javascript,https://web.archive.org/web/20111025090224/http://cwaste.skolbloggen.se:80/wp-content/mu-plugins/anarchy_media/anarchy_media_player.php?anarchy.js
raw_http_prefix,20111025090229,http://cwaste.skolbloggen.se:80/wp-includes/wlwmanifest.xml,200,application/xml,https://web.archive.org/web/20111025090229/http://cwaste.skolbloggen.se:80/wp-includes/wlwmanifest.xml
html_200_root,20111025090235,http://cwaste.skolbloggen.se:80/wp-load.php,200,text/html,https://web.archive.org/web/20111025090235/http://cwaste.skolbloggen.se:80/wp-load.php
html_200_root,20111025090240,http://cwaste.skolbloggen.se:80/wp-login.php,200,text/html,https://web.archive.org/web/20111025090240/http://cwaste.skolbloggen.se:80/wp-login.php
raw_http_prefix,20111025090248,http://cwaste.skolbloggen.se:80/wp-login.php?action=register,302,text/html,https://web.archive.org/web/20111025090248/http://cwaste.skolbloggen.se:80/wp-login.php?action=register
html_200_root,20111026013503,http://cwaste.skolbloggen.se:80/svenska/argumenterande-texter/,200,text/html,https://web.archive.org/web/20111026013503/http://cwaste.skolbloggen.se:80/svenska/argumenterande-texter/
html_200_root,20111026013506,http://cwaste.skolbloggen.se:80/svenska/argumenterande-texter/skriva-insandaredebattartikel/,200,text/html,https://web.archive.org/web/20111026013506/http://cwaste.skolbloggen.se:80/svenska/argumenterande-texter/skriva-insandaredebattartikel/
html_200_root,20111026013516,http://cwaste.skolbloggen.se:80/svenska/argumenterande-texter/skriva-insandaredebattartikel/bedomning-av-skrivuppgift-skriva-insandaredebattartikel/,200,text/html,https://web.archive.org/web/20111026013516/http://cwaste.skolbloggen.se:80/svenska/argumenterande-texter/skriva-insandaredebattartikel/bedomning-av-skrivuppgift-skriva-insandaredebattartikel/
html_200_root,20111026013537,http://cwaste.skolbloggen.se:80/svenska/berattelser/skriva-berattelser/,200,text/html,https://web.archive.org/web/20111026013537/http://cwaste.skolbloggen.se:80/svenska/berattelser/skriva-berattelser/
raw_http_prefix,20111124035537,http://cwaste.skolbloggen.se:80/svenska/argumenterande-texter/skriva-insandaredebattartikel,301,text/html,https://web.archive.org/web/20111124035537/http://cwaste.skolbloggen.se:80/svenska/argumenterande-texter/skriva-insandaredebattartikel
html_200_root,20111124035537,http://cwaste.skolbloggen.se:80/svenska/argumenterande-texter/skriva-insandaredebattartikel/,200,text/html,https://web.archive.org/web/20111124035537/http://cwaste.skolbloggen.se:80/svenska/argumenterande-texter/skriva-insandaredebattartikel/
raw_http_prefix,20111205113755,http://cwaste.skolbloggen.se/robots.txt,200,text/plain,https://web.archive.org/web/20111205113755/http://cwaste.skolbloggen.se/robots.txt
raw_http_prefix,20111224172321,http://cwaste.skolbloggen.se:80/svenska/argumenterande-texter/skriva-insandaredebattartikel,301,text/html,https://web.archive.org/web/20111224172321/http://cwaste.skolbloggen.se:80/svenska/argumenterande-texter/skriva-insandaredebattartikel
html_200_root,20111224172321,http://cwaste.skolbloggen.se:80/svenska/argumenterande-texter/skriva-insandaredebattartikel/,200,text/html,https://web.archive.org/web/20111224172321/http://cwaste.skolbloggen.se:80/svenska/argumenterande-texter/skriva-insandaredebattartikel/
html_200_root,20111224212956,http://cwaste.skolbloggen.se:80/,200,text/html,https://web.archive.org/web/20111224212956/http://cwaste.skolbloggen.se:80/
html_200_root,20111229174210,http://cwaste.skolbloggen.se:80/svenska/argumenterande-texter/skriva-insandaredebattartikel/bedomning-av-skrivuppgift-skriva-insandaredebattartikel/,200,text/html,https://web.archive.org/web/20111229174210/http://cwaste.skolbloggen.se:80/svenska/argumenterande-texter/skriva-insandaredebattartikel/bedomning-av-skrivuppgift-skriva-insandaredebattartikel/
html_200_root,20111229174330,http://cwaste.skolbloggen.se:80/svenska/argumenterande-texter/skriva-insandaredebattartikel/,200,text/html,https://web.archive.org/web/20111229174330/http://cwaste.skolbloggen.se:80/svenska/argumenterande-texter/skriva-insandaredebattartikel/
html_200_root,20111229174353,http://cwaste.skolbloggen.se:80/svenska/berattelser/skriva-berattelser/,200,text/html,https://web.archive.org/web/20111229174353/http://cwaste.skolbloggen.se:80/svenska/berattelser/skriva-berattelser/
html_200_root,20111229182359,http://cwaste.skolbloggen.se:80/svenska/argumenterande-texter/,200,text/html,https://web.archive.org/web/20111229182359/http://cwaste.skolbloggen.se:80/svenska/argumenterande-texter/
raw_http_prefix,20120124220205,http://cwaste.skolbloggen.se:80/svenska/argumenterande-texter/skriva-insandaredebattartikel,301,text/html,https://web.archive.org/web/20120124220205/http://cwaste.skolbloggen.se:80/svenska/argumenterande-texter/skriva-insandaredebattartikel
html_200_root,20120124220205,http://cwaste.skolbloggen.se:80/svenska/argumenterande-texter/skriva-insandaredebattartikel/,200,text/html,https://web.archive.org/web/20120124220205/http://cwaste.skolbloggen.se:80/svenska/argumenterande-texter/skriva-insandaredebattartikel/
raw_http_prefix,20120313143734,http://www.cwaste.skolbloggen.se/robots.txt,200,text/plain,https://web.archive.org/web/20120313143734/http://www.cwaste.skolbloggen.se/robots.txt
raw_http_prefix,20120326100447,http://www.cwaste.skolbloggen.se/robots.txt,200,text/plain,https://web.archive.org/web/20120326100447/http://www.cwaste.skolbloggen.se/robots.txt
raw_http_prefix,20120515212130,http://cwaste.skolbloggen.se/robots.txt,200,text/plain,https://web.archive.org/web/20120515212130/http://cwaste.skolbloggen.se/robots.txt
raw_http_prefix,20120515212138,http://cwaste.skolbloggen.se/2010/01/22/vecka-4/,404,text/html,https://web.archive.org/web/20120515212138/http://cwaste.skolbloggen.se/2010/01/22/vecka-4/
html_200_root,20120515212311,http://cwaste.skolbloggen.se/,200,text/html,https://web.archive.org/web/20120515212311/http://cwaste.skolbloggen.se/
raw_http_prefix,20120516021214,http://cwaste.skolbloggen.se/2010/01/22/vecka-4/,404,text/html,https://web.archive.org/web/20120516021214/http://cwaste.skolbloggen.se/2010/01/22/vecka-4/
html_200_root,20120516021402,http://cwaste.skolbloggen.se/,200,text/html,https://web.archive.org/web/20120516021402/http://cwaste.skolbloggen.se/
raw_http_prefix,20120609152017,http://www.cwaste.skolbloggen.se/robots.txt,200,text/plain,https://web.archive.org/web/20120609152017/http://www.cwaste.skolbloggen.se/robots.txt
raw_http_prefix,20120626110454,http://www.cwaste.skolbloggen.se/robots.txt,200,text/plain,https://web.archive.org/web/20120626110454/http://www.cwaste.skolbloggen.se/robots.txt
raw_http_prefix,20120823171844,http://www.cwaste.skolbloggen.se/robots.txt,200,text/plain,https://web.archive.org/web/20120823171844/http://www.cwaste.skolbloggen.se/robots.txt
raw_http_prefix,20120829005101,http://cwaste.skolbloggen.se:80/svenska/bild-och-film/regler-vid-fotografering-pa-allmanna-platser,301,text/html,https://web.archive.org/web/20120829005101/http://cwaste.skolbloggen.se:80/svenska/bild-och-film/regler-vid-fotografering-pa-allmanna-platser
html_200_root,20120829005101,http://cwaste.skolbloggen.se:80/svenska/bild-och-film/regler-vid-fotografering-pa-allmanna-platser/,200,text/html,https://web.archive.org/web/20120829005101/http://cwaste.skolbloggen.se:80/svenska/bild-och-film/regler-vid-fotografering-pa-allmanna-platser/
html_200_root,20120830004539,http://cwaste.skolbloggen.se:80/,200,text/html,https://web.archive.org/web/20120830004539/http://cwaste.skolbloggen.se:80/
html_200_root,20120830014259,http://cwaste.skolbloggen.se:80/wp-login.php,200,text/html,https://web.archive.org/web/20120830014259/http://cwaste.skolbloggen.se:80/wp-login.php
raw_http_prefix,20120830032540,http://cwaste.skolbloggen.se:80/feed/,404,text/xml,https://web.archive.org/web/20120830032540/http://cwaste.skolbloggen.se:80/feed/
html_200_root,20120830032543,http://cwaste.skolbloggen.se:80/redovisning/tankekartor/,200,text/html,https://web.archive.org/web/20120830032543/http://cwaste.skolbloggen.se:80/redovisning/tankekartor/
html_200_root,20120830032548,http://cwaste.skolbloggen.se:80/svenska/bedomning/bedomning-av-muntliga-uppgifter/,200,text/html,https://web.archive.org/web/20120830032548/http://cwaste.skolbloggen.se:80/svenska/bedomning/bedomning-av-muntliga-uppgifter/
raw_http_prefix,20120830032552,http://cwaste.skolbloggen.se:80/svenska/bild-och-film/regler-vid-fotografering-pa-allmanna-platser/feed/,200,text/xml,https://web.archive.org/web/20120830032552/http://cwaste.skolbloggen.se:80/svenska/bild-och-film/regler-vid-fotografering-pa-allmanna-platser/feed/
raw_http_prefix,20120830032617,http://cwaste.skolbloggen.se:80/wp-login.php?action=register,302,text/html,https://web.archive.org/web/20120830032617/http://cwaste.skolbloggen.se:80/wp-login.php?action=register
html_200_root,20120830053903,http://cwaste.skolbloggen.se:80/det-utvidgade-textbegreppet/,200,text/html,https://web.archive.org/web/20120830053903/http://cwaste.skolbloggen.se:80/det-utvidgade-textbegreppet/
html_200_root,20120830053905,http://cwaste.skolbloggen.se:80/det-utvidgade-textbegreppet/bildanalys-ett-exempel/,200,text/html,https://web.archive.org/web/20120830053905/http://cwaste.skolbloggen.se:80/det-utvidgade-textbegreppet/bildanalys-ett-exempel/
html_200_root,20120830053910,http://cwaste.skolbloggen.se:80/oppna-larresurser/,200,text/html,https://web.archive.org/web/20120830053910/http://cwaste.skolbloggen.se:80/oppna-larresurser/
html_200_root,20120830053915,http://cwaste.skolbloggen.se:80/oppna-larresurser/ne-skola/,200,text/html,https://web.archive.org/web/20120830053915/http://cwaste.skolbloggen.se:80/oppna-larresurser/ne-skola/
html_200_root,20120830053920,http://cwaste.skolbloggen.se:80/oppna-larresurser/wikiversity/,200,text/html,https://web.archive.org/web/20120830053920/http://cwaste.skolbloggen.se:80/oppna-larresurser/wikiversity/
html_200_root,20120830053925,http://cwaste.skolbloggen.se:80/oppna-larresurser/youtube-edu/,200,text/html,https://web.archive.org/web/20120830053925/http://cwaste.skolbloggen.se:80/oppna-larresurser/youtube-edu/
html_200_root,20120830053930,http://cwaste.skolbloggen.se:80/presentation/,200,text/html,https://web.archive.org/web/20120830053930/http://cwaste.skolbloggen.se:80/presentation/
html_200_root,20120830053935,http://cwaste.skolbloggen.se:80/presentation/om-froken-waste/,200,text/html,https://web.archive.org/web/20120830053935/http://cwaste.skolbloggen.se:80/presentation/om-froken-waste/
html_200_root,20120830054549,http://cwaste.skolbloggen.se:80/redovisning/,200,text/html,https://web.archive.org/web/20120830054549/http://cwaste.skolbloggen.se:80/redovisning/
html_200_root,20120830054554,http://cwaste.skolbloggen.se:80/redovisning/bilder-som-du-far-anvanda-till-dina-redovisningar/,200,text/html,https://web.archive.org/web/20120830054554/http://cwaste.skolbloggen.se:80/redovisning/bilder-som-du-far-anvanda-till-dina-redovisningar/
html_200_root,20120830054559,http://cwaste.skolbloggen.se:80/redovisning/overkurs/,200,text/html,https://web.archive.org/web/20120830054559/http://cwaste.skolbloggen.se:80/redovisning/overkurs/
html_200_root,20120830054605,http://cwaste.skolbloggen.se:80/redovisning/textformatering/,200,text/html,https://web.archive.org/web/20120830054605/http://cwaste.skolbloggen.se:80/redovisning/textformatering/
html_200_root,20120830054610,http://cwaste.skolbloggen.se:80/studieteknik/att-hitta-information/,200,text/html,https://web.archive.org/web/20120830054610/http://cwaste.skolbloggen.se:80/studieteknik/att-hitta-information/
html_200_root,20120830054614,http://cwaste.skolbloggen.se:80/studieteknik/att-vardera-information/,200,text/html,https://web.archive.org/web/20120830054614/http://cwaste.skolbloggen.se:80/studieteknik/att-vardera-information/
html_200_root,20120830054620,http://cwaste.skolbloggen.se:80/studieteknik/kallkritik/,200,text/html,https://web.archive.org/web/20120830054620/http://cwaste.skolbloggen.se:80/studieteknik/kallkritik/
html_200_root,20120830054625,http://cwaste.skolbloggen.se:80/studieteknik/kallkritik/arkiv-och-samlingar-i-din-narhet/,200,text/html,https://web.archive.org/web/20120830054625/http://cwaste.skolbloggen.se:80/studieteknik/kallkritik/arkiv-och-samlingar-i-din-narhet/
html_200_root,20120830054630,http://cwaste.skolbloggen.se:80/studieteknik/kallkritik/de-kallkritiska-principerna/,200,text/html,https://web.archive.org/web/20120830054630/http://cwaste.skolbloggen.se:80/studieteknik/kallkritik/de-kallkritiska-principerna/
html_200_root,20120830054637,http://cwaste.skolbloggen.se:80/studieteknik/sjalvskattning-av-studievanor/,200,text/html,https://web.archive.org/web/20120830054637/http://cwaste.skolbloggen.se:80/studieteknik/sjalvskattning-av-studievanor/
html_200_root,20120830054746,http://cwaste.skolbloggen.se:80/studieteknik/uppgift/,200,text/html,https://web.archive.org/web/20120830054746/http://cwaste.skolbloggen.se:80/studieteknik/uppgift/
html_200_root,20120830054751,http://cwaste.skolbloggen.se:80/svenska/argumenterande-texter/argumenterande-tal/,200,text/html,https://web.archive.org/web/20120830054751/http://cwaste.skolbloggen.se:80/svenska/argumenterande-texter/argumenterande-tal/
html_200_root,20120830054756,http://cwaste.skolbloggen.se:80/svenska/argumenterande-texter/skriva-insandaredebattartikel/vad-man-ska-tanka-pa-nar-man-skriver-argumenterande-texter/,200,text/html,https://web.archive.org/web/20120830054756/http://cwaste.skolbloggen.se:80/svenska/argumenterande-texter/skriva-insandaredebattartikel/vad-man-ska-tanka-pa-nar-man-skriver-argumenterande-texter/
html_200_root,20120830054801,http://cwaste.skolbloggen.se:80/svenska/bedomning/,200,text/html,https://web.archive.org/web/20120830054801/http://cwaste.skolbloggen.se:80/svenska/bedomning/
html_200_root,20120830054806,http://cwaste.skolbloggen.se:80/svenska/bedomning/bedomning-av-skriftliga-uppgifter/,200,text/html,https://web.archive.org/web/20120830054806/http://cwaste.skolbloggen.se:80/svenska/bedomning/bedomning-av-skriftliga-uppgifter/
html_200_root,20120830054811,http://cwaste.skolbloggen.se:80/svenska/bedomning/bedomning-av-skriftliga-uppgifter/matris-bedomning-av-skriftliga-uppgifter/,200,text/html,https://web.archive.org/web/20120830054811/http://cwaste.skolbloggen.se:80/svenska/bedomning/bedomning-av-skriftliga-uppgifter/matris-bedomning-av-skriftliga-uppgifter/
html_200_root,20120830054816,http://cwaste.skolbloggen.se:80/svenska/berattelser/berattarkne/,200,text/html,https://web.archive.org/web/20120830054816/http://cwaste.skolbloggen.se:80/svenska/berattelser/berattarkne/
html_200_root,20120830054821,http://cwaste.skolbloggen.se:80/svenska/bild-och-film/,200,text/html,https://web.archive.org/web/20120830054821/http://cwaste.skolbloggen.se:80/svenska/bild-och-film/
html_200_root,20120830054826,http://cwaste.skolbloggen.se:80/svenska/dikter/ovning-i-diktanalys/,200,text/html,https://web.archive.org/web/20120830054826/http://cwaste.skolbloggen.se:80/svenska/dikter/ovning-i-diktanalys/
html_200_root,20120830054831,http://cwaste.skolbloggen.se:80/svenska/litteraturanalys-och-lasloggar/,200,text/html,https://web.archive.org/web/20120830054831/http://cwaste.skolbloggen.se:80/svenska/litteraturanalys-och-lasloggar/
html_200_root,20120830054836,http://cwaste.skolbloggen.se:80/svenska/litteraturanalys-och-lasloggar/forfattarportratt/,200,text/html,https://web.archive.org/web/20120830054836/http://cwaste.skolbloggen.se:80/svenska/litteraturanalys-och-lasloggar/forfattarportratt/
html_200_root,20120830054841,http://cwaste.skolbloggen.se:80/svenska/litteraturanalys-och-lasloggar/laslogg-1-presentation-bokens-inledning-berattarteknik/,200,text/html,https://web.archive.org/web/20120830054841/http://cwaste.skolbloggen.se:80/svenska/litteraturanalys-och-lasloggar/laslogg-1-presentation-bokens-inledning-berattarteknik/
html_200_root,20120830054847,http://cwaste.skolbloggen.se:80/svenska/litteraturanalys-och-lasloggar/laslogg-2-miljo-personbeskrivn-huvudkonflikt/,200,text/html,https://web.archive.org/web/20120830054847/http://cwaste.skolbloggen.se:80/svenska/litteraturanalys-och-lasloggar/laslogg-2-miljo-personbeskrivn-huvudkonflikt/
html_200_root,20120830054855,http://cwaste.skolbloggen.se:80/svenska/litteraturanalys-och-lasloggar/laslogg-3-titel-form-dramaturgi-budskap/,200,text/html,https://web.archive.org/web/20120830054855/http://cwaste.skolbloggen.se:80/svenska/litteraturanalys-och-lasloggar/laslogg-3-titel-form-dramaturgi-budskap/
html_200_root,20120830054900,http://cwaste.skolbloggen.se:80/svenska/litteraturhistoria/1720-upplysningen/,200,text/html,https://web.archive.org/web/20120830054900/http://cwaste.skolbloggen.se:80/svenska/litteraturhistoria/1720-upplysningen/
html_200_root,20120830054905,http://cwaste.skolbloggen.se:80/svenska/litteraturhistoria/1790-romantiken/,200,text/html,https://web.archive.org/web/20120830054905/http://cwaste.skolbloggen.se:80/svenska/litteraturhistoria/1790-romantiken/
html_200_root,20120830054911,http://cwaste.skolbloggen.se:80/svenska/litteraturhistoria/1910-modernismen/,200,text/html,https://web.archive.org/web/20120830054911/http://cwaste.skolbloggen.se:80/svenska/litteraturhistoria/1910-modernismen/
html_200_root,20120830054916,http://cwaste.skolbloggen.se:80/svenska/nationellt-prov-i-svenska-b-kursen/,200,text/html,https://web.archive.org/web/20120830054916/http://cwaste.skolbloggen.se:80/svenska/nationellt-prov-i-svenska-b-kursen/
html_200_root,20120830055022,http://cwaste.skolbloggen.se:80/svenska/referera/,200,text/html,https://web.archive.org/web/20120830055022/http://cwaste.skolbloggen.se:80/svenska/referera/
html_200_root,20120830055027,http://cwaste.skolbloggen.se:80/svenska/referera/ex-pa-referatmarkorer/,200,text/html,https://web.archive.org/web/20120830055027/http://cwaste.skolbloggen.se:80/svenska/referera/ex-pa-referatmarkorer/
html_200_root,20120830055032,http://cwaste.skolbloggen.se:80/svenska/referera/ova-referatskrivning-attityder-kring-sprak/,200,text/html,https://web.archive.org/web/20120830055032/http://cwaste.skolbloggen.se:80/svenska/referera/ova-referatskrivning-attityder-kring-sprak/
html_200_root,20120830055037,http://cwaste.skolbloggen.se:80/svenska/retorik/ett-exempel-som-inspirerar-mig-vad-tycker-du/,200,text/html,https://web.archive.org/web/20120830055037/http://cwaste.skolbloggen.se:80/svenska/retorik/ett-exempel-som-inspirerar-mig-vad-tycker-du/
html_200_root,20120830055042,http://cwaste.skolbloggen.se:80/svenska/skrivprocessen/,200,text/html,https://web.archive.org/web/20120830055042/http://cwaste.skolbloggen.se:80/svenska/skrivprocessen/
html_200_root,20120830055047,http://cwaste.skolbloggen.se:80/svenska/skrivprocessen/responsgivning/skriva-kommentarer/,200,text/html,https://web.archive.org/web/20120830055047/http://cwaste.skolbloggen.se:80/svenska/skrivprocessen/responsgivning/skriva-kommentarer/
html_200_root,20120830055052,http://cwaste.skolbloggen.se:80/svenska/sprakhistoria/,200,text/html,https://web.archive.org/web/20120830055052/http://cwaste.skolbloggen.se:80/svenska/sprakhistoria/
html_200_root,20120830055057,http://cwaste.skolbloggen.se:80/svenska/talovningar/,200,text/html,https://web.archive.org/web/20120830055057/http://cwaste.skolbloggen.se:80/svenska/talovningar/
raw_http_prefix,20120830055105,http://cwaste.skolbloggen.se:80/xmlrpc.php?rsd,200,text/xml,https://web.archive.org/web/20120830055105/http://cwaste.skolbloggen.se:80/xmlrpc.php?rsd
html_200_root,20120830055118,http://cwaste.skolbloggen.se:80/author/cwaste/,200,text/html,https://web.archive.org/web/20120830055118/http://cwaste.skolbloggen.se:80/author/cwaste/
raw_http_prefix,20120830055123,http://cwaste.skolbloggen.se:80/comments/feed/,200,text/xml,https://web.archive.org/web/20120830055123/http://cwaste.skolbloggen.se:80/comments/feed/
html_200_root,20120830055128,http://cwaste.skolbloggen.se:80/om-tavlingsbidraget/,200,text/html,https://web.archive.org/web/20120830055128/http://cwaste.skolbloggen.se:80/om-tavlingsbidraget/
html_200_root,20120830055133,http://cwaste.skolbloggen.se:80/oppna-larresurser/csu-affordable-learning-solutions/,200,text/html,https://web.archive.org/web/20120830055133/http://cwaste.skolbloggen.se:80/oppna-larresurser/csu-affordable-learning-solutions/
html_200_root,20120830055139,http://cwaste.skolbloggen.se:80/oppna-larresurser/itunes-u/,200,text/html,https://web.archive.org/web/20120830055139/http://cwaste.skolbloggen.se:80/oppna-larresurser/itunes-u/
html_200_root,20120830055144,http://cwaste.skolbloggen.se:80/oppna-larresurser/wikibooks/,200,text/html,https://web.archive.org/web/20120830055144/http://cwaste.skolbloggen.se:80/oppna-larresurser/wikibooks/
html_200_root,20120830055148,http://cwaste.skolbloggen.se:80/presentation/din-presentation/,200,text/html,https://web.archive.org/web/20120830055148/http://cwaste.skolbloggen.se:80/presentation/din-presentation/
html_200_root,20120830055154,http://cwaste.skolbloggen.se:80/redovisning/akademisk-hederlighet/,200,text/html,https://web.archive.org/web/20120830055154/http://cwaste.skolbloggen.se:80/redovisning/akademisk-hederlighet/
html_200_root,20120830055158,http://cwaste.skolbloggen.se:80/redovisning/akademisk-hederlighet/upphovsratt-och-creative-commons/,200,text/html,https://web.archive.org/web/20120830055158/http://cwaste.skolbloggen.se:80/redovisning/akademisk-hederlighet/upphovsratt-och-creative-commons/
html_200_root,20120830055204,http://cwaste.skolbloggen.se:80/redovisning/bilder-och-bildtexter/,200,text/html,https://web.archive.org/web/20120830055204/http://cwaste.skolbloggen.se:80/redovisning/bilder-och-bildtexter/
html_200_root,20120830055209,http://cwaste.skolbloggen.se:80/redovisning/hur-du-hanterar-powerpoint/,200,text/html,https://web.archive.org/web/20120830055209/http://cwaste.skolbloggen.se:80/redovisning/hur-du-hanterar-powerpoint/
html_200_root,20120830055214,http://cwaste.skolbloggen.se:80/redovisning/publicering/,200,text/html,https://web.archive.org/web/20120830055214/http://cwaste.skolbloggen.se:80/redovisning/publicering/
html_200_root,20120830055219,http://cwaste.skolbloggen.se:80/studieteknik/,200,text/html,https://web.archive.org/web/20120830055219/http://cwaste.skolbloggen.se:80/studieteknik/
html_200_root,20120830055225,http://cwaste.skolbloggen.se:80/studieteknik/kallkritik/ovningar-i-kallkritik/,200,text/html,https://web.archive.org/web/20120830055225/http://cwaste.skolbloggen.se:80/studieteknik/kallkritik/ovningar-i-kallkritik/
html_200_root,20120830055229,http://cwaste.skolbloggen.se:80/svenska/,200,text/html,https://web.archive.org/web/20120830055229/http://cwaste.skolbloggen.se:80/svenska/
html_200_root,20120830055235,http://cwaste.skolbloggen.se:80/svenska/argumenterande-texter/,200,text/html,https://web.archive.org/web/20120830055235/http://cwaste.skolbloggen.se:80/svenska/argumenterande-texter/
html_200_root,20120830055240,http://cwaste.skolbloggen.se:80/svenska/argumenterande-texter/argumentation-ett-exempel/,200,text/html,https://web.archive.org/web/20120830055240/http://cwaste.skolbloggen.se:80/svenska/argumenterande-texter/argumentation-ett-exempel/
html_200_root,20120830055245,http://cwaste.skolbloggen.se:80/svenska/argumenterande-texter/skriva-insandaredebattartikel/,200,text/html,https://web.archive.org/web/20120830055245/http://cwaste.skolbloggen.se:80/svenska/argumenterande-texter/skriva-insandaredebattartikel/
html_200_root,20120830055252,http://cwaste.skolbloggen.se:80/svenska/argumenterande-texter/skriva-insandaredebattartikel/arbetsgang-vid-respons-och-bearbetning/,200,text/html,https://web.archive.org/web/20120830055252/http://cwaste.skolbloggen.se:80/svenska/argumenterande-texter/skriva-insandaredebattartikel/arbetsgang-vid-respons-och-bearbetning/
html_200_root,20120830055256,http://cwaste.skolbloggen.se:80/svenska/argumenterande-texter/skriva-insandaredebattartikel/bedomning-av-skrivuppgift-skriva-insandaredebattartikel/,200,text/html,https://web.archive.org/web/20120830055256/http://cwaste.skolbloggen.se:80/svenska/argumenterande-texter/skriva-insandaredebattartikel/bedomning-av-skrivuppgift-skriva-insandaredebattartikel/
html_200_root,20120830055301,http://cwaste.skolbloggen.se:80/svenska/berattelser/,200,text/html,https://web.archive.org/web/20120830055301/http://cwaste.skolbloggen.se:80/svenska/berattelser/
html_200_root,20120830055306,http://cwaste.skolbloggen.se:80/svenska/berattelser/skriva-berattelser/,200,text/html,https://web.archive.org/web/20120830055306/http://cwaste.skolbloggen.se:80/svenska/berattelser/skriva-berattelser/
html_200_root,20120830055314,http://cwaste.skolbloggen.se:80/svenska/berattelser/skriva-berattelser/huset/,200,text/html,https://web.archive.org/web/20120830055314/http://cwaste.skolbloggen.se:80/svenska/berattelser/skriva-berattelser/huset/
html_200_root,20120830055317,http://cwaste.skolbloggen.se:80/svenska/bild-och-film/hur-d-hanterar-bilder/,200,text/html,https://web.archive.org/web/20120830055317/http://cwaste.skolbloggen.se:80/svenska/bild-och-film/hur-d-hanterar-bilder/
html_200_root,20120830055323,http://cwaste.skolbloggen.se:80/svenska/bild-och-film/regler-vid-fotografering-pa-allmanna-platser/,200,text/html,https://web.archive.org/web/20120830055323/http://cwaste.skolbloggen.se:80/svenska/bild-och-film/regler-vid-fotografering-pa-allmanna-platser/
raw_http_prefix,20120830055323,http://cwaste.skolbloggen.se:80/svenska/bild-och-film/regler-vid-fotografering-pa-allmanna-platser/trackback/,302,text/html,https://web.archive.org/web/20120830055323/http://cwaste.skolbloggen.se:80/svenska/bild-och-film/regler-vid-fotografering-pa-allmanna-platser/trackback/
html_200_root,20120830055328,http://cwaste.skolbloggen.se:80/svenska/dikter/,200,text/html,https://web.archive.org/web/20120830055328/http://cwaste.skolbloggen.se:80/svenska/dikter/
html_200_root,20120830055333,http://cwaste.skolbloggen.se:80/svenska/dikter/diktanalys/,200,text/html,https://web.archive.org/web/20120830055333/http://cwaste.skolbloggen.se:80/svenska/dikter/diktanalys/
html_200_root,20120830055338,http://cwaste.skolbloggen.se:80/svenska/dikter/skriva-dikter-ovning-i/,200,text/html,https://web.archive.org/web/20120830055338/http://cwaste.skolbloggen.se:80/svenska/dikter/skriva-dikter-ovning-i/
html_200_root,20120830055343,http://cwaste.skolbloggen.se:80/svenska/dikter/skriva-dikter-ovning-ii/,200,text/html,https://web.archive.org/web/20120830055343/http://cwaste.skolbloggen.se:80/svenska/dikter/skriva-dikter-ovning-ii/
html_200_root,20120830055348,http://cwaste.skolbloggen.se:80/svenska/instruktioner/,200,text/html,https://web.archive.org/web/20120830055348/http://cwaste.skolbloggen.se:80/svenska/instruktioner/
html_200_root,20120830055353,http://cwaste.skolbloggen.se:80/svenska/litteraturhistoria/,200,text/html,https://web.archive.org/web/20120830055353/http://cwaste.skolbloggen.se:80/svenska/litteraturhistoria/
html_200_root,20120830055358,http://cwaste.skolbloggen.se:80/svenska/litteraturhistoria/1830-realismen/,200,text/html,https://web.archive.org/web/20120830055358/http://cwaste.skolbloggen.se:80/svenska/litteraturhistoria/1830-realismen/
html_200_root,20120830055404,http://cwaste.skolbloggen.se:80/svenska/nationellt-prov-i-svenska-b-kursen/nationellt-prov/,200,text/html,https://web.archive.org/web/20120830055404/http://cwaste.skolbloggen.se:80/svenska/nationellt-prov-i-svenska-b-kursen/nationellt-prov/
html_200_root,20120830055408,http://cwaste.skolbloggen.se:80/svenska/referera/bedomning-av-referat/,200,text/html,https://web.archive.org/web/20120830055408/http://cwaste.skolbloggen.se:80/svenska/referera/bedomning-av-referat/
html_200_root,20120830055413,http://cwaste.skolbloggen.se:80/svenska/referera/ex-pa-kallhanvisning/,200,text/html,https://web.archive.org/web/20120830055413/http://cwaste.skolbloggen.se:80/svenska/referera/ex-pa-kallhanvisning/
html_200_root,20120830055418,http://cwaste.skolbloggen.se:80/svenska/referera/fler-exempel/,200,text/html,https://web.archive.org/web/20120830055418/http://cwaste.skolbloggen.se:80/svenska/referera/fler-exempel/
html_200_root,20120830055425,http://cwaste.skolbloggen.se:80/svenska/referera/ova-referatskrivning-klass-o-sprak/,200,text/html,https://web.archive.org/web/20120830055425/http://cwaste.skolbloggen.se:80/svenska/referera/ova-referatskrivning-klass-o-sprak/
html_200_root,20120830055429,http://cwaste.skolbloggen.se:80/svenska/referera/ova-referatskrivning-nathat-bland-unga/,200,text/html,https://web.archive.org/web/20120830055429/http://cwaste.skolbloggen.se:80/svenska/referera/ova-referatskrivning-nathat-bland-unga/
html_200_root,20120830055437,http://cwaste.skolbloggen.se:80/svenska/referera/skriva-referat/,200,text/html,https://web.archive.org/web/20120830055437/http://cwaste.skolbloggen.se:80/svenska/referera/skriva-referat/
html_200_root,20120830055441,http://cwaste.skolbloggen.se:80/svenska/retorik/,200,text/html,https://web.archive.org/web/20120830055441/http://cwaste.skolbloggen.se:80/svenska/retorik/
html_200_root,20120830055446,http://cwaste.skolbloggen.se:80/svenska/samarbetsskrivande/,200,text/html,https://web.archive.org/web/20120830055446/http://cwaste.skolbloggen.se:80/svenska/samarbetsskrivande/
html_200_root,20120830055451,http://cwaste.skolbloggen.se:80/svenska/skrivprocessen/kommentera-blogginlagg/,200,text/html,https://web.archive.org/web/20120830055451/http://cwaste.skolbloggen.se:80/svenska/skrivprocessen/kommentera-blogginlagg/
html_200_root,20120830055456,http://cwaste.skolbloggen.se:80/svenska/skrivprocessen/responsgivning/,200,text/html,https://web.archive.org/web/20120830055456/http://cwaste.skolbloggen.se:80/svenska/skrivprocessen/responsgivning/
html_200_root,20120830055501,http://cwaste.skolbloggen.se:80/svenska/skrivrad/,200,text/html,https://web.archive.org/web/20120830055501/http://cwaste.skolbloggen.se:80/svenska/skrivrad/
html_200_root,20120830055507,http://cwaste.skolbloggen.se:80/svenska/skrivrad/nagra-vanliga-misstag/,200,text/html,https://web.archive.org/web/20120830055507/http://cwaste.skolbloggen.se:80/svenska/skrivrad/nagra-vanliga-misstag/
html_200_root,20120830055512,http://cwaste.skolbloggen.se:80/svenska/soka-jobb/,200,text/html,https://web.archive.org/web/20120830055512/http://cwaste.skolbloggen.se:80/svenska/soka-jobb/
raw_http_prefix,20120830055516,http://cwaste.skolbloggen.se:80/wp-comments-post.php,405,text/plain,https://web.archive.org/web/20120830055516/http://cwaste.skolbloggen.se:80/wp-comments-post.php
raw_http_prefix,20120830055527,http://cwaste.skolbloggen.se:80/xmlrpc.php,200,text/plain,https://web.archive.org/web/20120830055527/http://cwaste.skolbloggen.se:80/xmlrpc.php
raw_http_prefix,20120830181941,http://cwaste.skolbloggen.se:80/svenska/nationellt-prov-i-svenska-b-kursen,301,text/html,https://web.archive.org/web/20120830181941/http://cwaste.skolbloggen.se:80/svenska/nationellt-prov-i-svenska-b-kursen
html_200_root,20120830181941,http://cwaste.skolbloggen.se:80/svenska/nationellt-prov-i-svenska-b-kursen/,200,text/html,https://web.archive.org/web/20120830181941/http://cwaste.skolbloggen.se:80/svenska/nationellt-prov-i-svenska-b-kursen/
raw_http_prefix,20120830182053,http://cwaste.skolbloggen.se:80/svenska/nationellt-prov-i-svenska-b-kursen/nationellt-prov,301,text/html,https://web.archive.org/web/20120830182053/http://cwaste.skolbloggen.se:80/svenska/nationellt-prov-i-svenska-b-kursen/nationellt-prov
html_200_root,20120830182053,http://cwaste.skolbloggen.se:80/svenska/nationellt-prov-i-svenska-b-kursen/nationellt-prov/,200,text/html,https://web.archive.org/web/20120830182053/http://cwaste.skolbloggen.se:80/svenska/nationellt-prov-i-svenska-b-kursen/nationellt-prov/
raw_http_prefix,20120901075653,http://cwaste.skolbloggen.se:80/svenska/nationellt-prov-i-svenska-b-kursen/feed/,200,text/xml,https://web.archive.org/web/20120901075653/http://cwaste.skolbloggen.se:80/svenska/nationellt-prov-i-svenska-b-kursen/feed/
raw_http_prefix,20120901130124,http://cwaste.skolbloggen.se:80/svenska/nationellt-prov-i-svenska-b-kursen/nationellt-prov/feed/,200,text/xml,https://web.archive.org/web/20120901130124/http://cwaste.skolbloggen.se:80/svenska/nationellt-prov-i-svenska-b-kursen/nationellt-prov/feed/
html_200_root,20120902045049,http://cwaste.skolbloggen.se:80/svenska/referera/ex-pa-referatmarkorer/,200,text/html,https://web.archive.org/web/20120902045049/http://cwaste.skolbloggen.se:80/svenska/referera/ex-pa-referatmarkorer/
raw_http_prefix,20120902045049,http://cwaste.skolbloggen.se:80/svenska/skriva-referat/ex-pa-referatmarkorer/,301,text/html,https://web.archive.org/web/20120902045049/http://cwaste.skolbloggen.se:80/svenska/skriva-referat/ex-pa-referatmarkorer/
html_200_root,20120902045250,http://cwaste.skolbloggen.se:80/svenska/nationellt-prov-i-svenska-b-kursen/,200,text/html,https://web.archive.org/web/20120902045250/http://cwaste.skolbloggen.se:80/svenska/nationellt-prov-i-svenska-b-kursen/
raw_http_prefix,20120902045250,http://cwaste.skolbloggen.se:80/svenska/nationellt-prov-i-svenska-b-kursen/trackback/,302,text/html,https://web.archive.org/web/20120902045250/http://cwaste.skolbloggen.se:80/svenska/nationellt-prov-i-svenska-b-kursen/trackback/
html_200_root,20120902045911,http://cwaste.skolbloggen.se:80/svenska/nationellt-prov-i-svenska-b-kursen/nationellt-prov/,200,text/html,https://web.archive.org/web/20120902045911/http://cwaste.skolbloggen.se:80/svenska/nationellt-prov-i-svenska-b-kursen/nationellt-prov/
raw_http_prefix,20120902045911,http://cwaste.skolbloggen.se:80/svenska/nationellt-prov-i-svenska-b-kursen/nationellt-prov/trackback/,302,text/html,https://web.archive.org/web/20120902045911/http://cwaste.skolbloggen.se:80/svenska/nationellt-prov-i-svenska-b-kursen/nationellt-prov/trackback/
raw_http_prefix,20120905181408,http://cwaste.skolbloggen.se:80/svenska/referera/ex-pa-referatmarkorer,301,text/html,https://web.archive.org/web/20120905181408/http://cwaste.skolbloggen.se:80/svenska/referera/ex-pa-referatmarkorer
html_200_root,20120905181408,http://cwaste.skolbloggen.se:80/svenska/referera/ex-pa-referatmarkorer/,200,text/html,https://web.archive.org/web/20120905181408/http://cwaste.skolbloggen.se:80/svenska/referera/ex-pa-referatmarkorer/
raw_http_prefix,20120905181545,http://cwaste.skolbloggen.se:80/svenska/referera/skriva-referat,301,text/html,https://web.archive.org/web/20120905181545/http://cwaste.skolbloggen.se:80/svenska/referera/skriva-referat
html_200_root,20120905181545,http://cwaste.skolbloggen.se:80/svenska/referera/skriva-referat/,200,text/html,https://web.archive.org/web/20120905181545/http://cwaste.skolbloggen.se:80/svenska/referera/skriva-referat/
raw_http_prefix,20120906070552,http://www.cwaste.skolbloggen.se/robots.txt,200,text/plain,https://web.archive.org/web/20120906070552/http://www.cwaste.skolbloggen.se/robots.txt
raw_http_prefix,20120909012208,http://cwaste.skolbloggen.se:80/svenska/referera/skriva-referat/feed/,200,text/xml,https://web.archive.org/web/20120909012208/http://cwaste.skolbloggen.se:80/svenska/referera/skriva-referat/feed/
raw_http_prefix,20120909012422,http://cwaste.skolbloggen.se:80/svenska/referera/ex-pa-referatmarkorer/feed/,200,text/xml,https://web.archive.org/web/20120909012422/http://cwaste.skolbloggen.se:80/svenska/referera/ex-pa-referatmarkorer/feed/
html_200_root,20120910085136,http://cwaste.skolbloggen.se:80/svenska/referera/ex-pa-referatmarkorer/,200,text/html,https://web.archive.org/web/20120910085136/http://cwaste.skolbloggen.se:80/svenska/referera/ex-pa-referatmarkorer/
raw_http_prefix,20120910085136,http://cwaste.skolbloggen.se:80/svenska/referera/ex-pa-referatmarkorer/trackback/,302,text/html,https://web.archive.org/web/20120910085136/http://cwaste.skolbloggen.se:80/svenska/referera/ex-pa-referatmarkorer/trackback/
html_200_root,20120910085140,http://cwaste.skolbloggen.se:80/svenska/referera/skriva-referat/,200,text/html,https://web.archive.org/web/20120910085140/http://cwaste.skolbloggen.se:80/svenska/referera/skriva-referat/
raw_http_prefix,20120910085140,http://cwaste.skolbloggen.se:80/svenska/referera/skriva-referat/trackback/,302,text/html,https://web.archive.org/web/20120910085140/http://cwaste.skolbloggen.se:80/svenska/referera/skriva-referat/trackback/
html_200_root,20120910090114,http://cwaste.skolbloggen.se:80/svenska/referera/ex-pa-kallhanvisning/,200,text/html,https://web.archive.org/web/20120910090114/http://cwaste.skolbloggen.se:80/svenska/referera/ex-pa-kallhanvisning/
raw_http_prefix,20120910090114,http://cwaste.skolbloggen.se:80/svenska/skriva-referat/ex-pa-kallhanvisning/,301,text/html,https://web.archive.org/web/20120910090114/http://cwaste.skolbloggen.se:80/svenska/skriva-referat/ex-pa-kallhanvisning/
raw_http_prefix,20120912070600,http://www.cwaste.skolbloggen.se/robots.txt,200,text/plain,https://web.archive.org/web/20120912070600/http://www.cwaste.skolbloggen.se/robots.txt
raw_http_prefix,20120925073155,http://www.cwaste.skolbloggen.se/robots.txt,200,text/plain,https://web.archive.org/web/20120925073155/http://www.cwaste.skolbloggen.se/robots.txt
raw_http_prefix,20121208010424,http://www.cwaste.skolbloggen.se/robots.txt,200,text/plain,https://web.archive.org/web/20121208010424/http://www.cwaste.skolbloggen.se/robots.txt
raw_http_prefix,20130106094423,http://www.cwaste.skolbloggen.se/robots.txt,200,text/plain,https://web.archive.org/web/20130106094423/http://www.cwaste.skolbloggen.se/robots.txt
raw_http_prefix,20130124182804,http://www.cwaste.skolbloggen.se/robots.txt,200,text/plain,https://web.archive.org/web/20130124182804/http://www.cwaste.skolbloggen.se/robots.txt
raw_http_prefix,20130303161145,http://www.cwaste.skolbloggen.se/robots.txt,200,text/plain,https://web.archive.org/web/20130303161145/http://www.cwaste.skolbloggen.se/robots.txt
raw_http_prefix,20130330024405,http://cwaste.skolbloggen.se/robots.txt,-,warc/revisit,https://web.archive.org/web/20130330024405/http://cwaste.skolbloggen.se/robots.txt
raw_http_prefix,20130330024411,http://cwaste.skolbloggen.se/2010/01/22/vecka-4/,404,text/html,https://web.archive.org/web/20130330024411/http://cwaste.skolbloggen.se/2010/01/22/vecka-4/
html_200_root,20130330031438,http://cwaste.skolbloggen.se/,200,text/html,https://web.archive.org/web/20130330031438/http://cwaste.skolbloggen.se/
raw_http_prefix,20130402090450,http://cwaste.skolbloggen.se/robots.txt,-,warc/revisit,https://web.archive.org/web/20130402090450/http://cwaste.skolbloggen.se/robots.txt
raw_http_prefix,20130402090457,http://cwaste.skolbloggen.se/2010/01/22/vecka-4/,404,text/html,https://web.archive.org/web/20130402090457/http://cwaste.skolbloggen.se/2010/01/22/vecka-4/
html_200_root,20130402125823,http://cwaste.skolbloggen.se/,200,text/html,https://web.archive.org/web/20130402125823/http://cwaste.skolbloggen.se/
raw_http_prefix,20130506051858,http://www.cwaste.skolbloggen.se/robots.txt,200,text/plain,https://web.archive.org/web/20130506051858/http://www.cwaste.skolbloggen.se/robots.txt
raw_http_prefix,20130525114405,http://cwaste.skolbloggen.se/robots.txt,200,text/plain,https://web.archive.org/web/20130525114405/http://cwaste.skolbloggen.se/robots.txt
raw_http_prefix,20130611210529,http://cwaste.skolbloggen.se:80/svenska/argumenterande-texter/skriva-insandaredebattartikel/bedomning-av-skrivuppgift-skriva-insandaredebattartikel,301,text/html,https://web.archive.org/web/20130611210529/http://cwaste.skolbloggen.se:80/svenska/argumenterande-texter/skriva-insandaredebattartikel/bedomning-av-skrivuppgift-skriva-insandaredebattartikel
html_200_root,20130611210529,http://cwaste.skolbloggen.se:80/svenska/argumenterande-texter/skriva-insandaredebattartikel/bedomning-av-skrivuppgift-skriva-insandaredebattartikel/,200,text/html,https://web.archive.org/web/20130611210529/http://cwaste.skolbloggen.se:80/svenska/argumenterande-texter/skriva-insandaredebattartikel/bedomning-av-skrivuppgift-skriva-insandaredebattartikel/
raw_http_prefix,20130628045724,http://cwaste.skolbloggen.se/robots.txt,200,text/plain,https://web.archive.org/web/20130628045724/http://cwaste.skolbloggen.se/robots.txt
raw_http_prefix,20130816230448,http://cwaste.skolbloggen.se/robots.txt,200,text/plain,https://web.archive.org/web/20130816230448/http://cwaste.skolbloggen.se/robots.txt
raw_http_prefix,20141113055817,http://cwaste.skolbloggen.se:80/svenska/referera/ex-pa-referatmarkorer,301,text/html,https://web.archive.org/web/20141113055817/http://cwaste.skolbloggen.se:80/svenska/referera/ex-pa-referatmarkorer
html_200_root,20141113055817,http://cwaste.skolbloggen.se:80/svenska/referera/ex-pa-referatmarkorer/,200,text/html,https://web.archive.org/web/20141113055817/http://cwaste.skolbloggen.se:80/svenska/referera/ex-pa-referatmarkorer/
raw_http_prefix,20150211195105,http://cwaste.skolbloggen.se:80/svenska/argumenterande-texter/argumentation-ett-exempel,301,text/html,https://web.archive.org/web/20150211195105/http://cwaste.skolbloggen.se:80/svenska/argumenterande-texter/argumentation-ett-exempel
html_200_root,20150211195105,http://cwaste.skolbloggen.se:80/svenska/argumenterande-texter/argumentation-ett-exempel/,200,text/html,https://web.archive.org/web/20150211195105/http://cwaste.skolbloggen.se:80/svenska/argumenterande-texter/argumentation-ett-exempel/
raw_http_prefix,20150313233213,http://cwaste.skolbloggen.se:80/svenska/argumenterande-texter/argumentation-ett-exempel,301,text/html,https://web.archive.org/web/20150313233213/http://cwaste.skolbloggen.se:80/svenska/argumenterande-texter/argumentation-ett-exempel
html_200_root,20150313233213,http://cwaste.skolbloggen.se:80/svenska/argumenterande-texter/argumentation-ett-exempel/,200,text/html,https://web.archive.org/web/20150313233213/http://cwaste.skolbloggen.se:80/svenska/argumenterande-texter/argumentation-ett-exempel/
raw_http_prefix,20150415063357,http://cwaste.skolbloggen.se:80/svenska/argumenterande-texter/argumentation-ett-exempel,301,text/html,https://web.archive.org/web/20150415063357/http://cwaste.skolbloggen.se:80/svenska/argumenterande-texter/argumentation-ett-exempel
html_200_root,20150415063357,http://cwaste.skolbloggen.se:80/svenska/argumenterande-texter/argumentation-ett-exempel/,200,text/html,https://web.archive.org/web/20150415063357/http://cwaste.skolbloggen.se:80/svenska/argumenterande-texter/argumentation-ett-exempel/
raw_http_prefix,20150515162250,http://cwaste.skolbloggen.se:80/svenska/argumenterande-texter/argumentation-ett-exempel,301,text/html,https://web.archive.org/web/20150515162250/http://cwaste.skolbloggen.se:80/svenska/argumenterande-texter/argumentation-ett-exempel
html_200_root,20150515162250,http://cwaste.skolbloggen.se:80/svenska/argumenterande-texter/argumentation-ett-exempel/,200,text/html,https://web.archive.org/web/20150515162250/http://cwaste.skolbloggen.se:80/svenska/argumenterande-texter/argumentation-ett-exempel/
raw_http_prefix,20150625011307,http://cwaste.skolbloggen.se:80/svenska/argumenterande-texter/argumentation-ett-exempel,301,text/html,https://web.archive.org/web/20150625011307/http://cwaste.skolbloggen.se:80/svenska/argumenterande-texter/argumentation-ett-exempel
html_200_root,20150625011307,http://cwaste.skolbloggen.se:80/svenska/argumenterande-texter/argumentation-ett-exempel/,200,text/html,https://web.archive.org/web/20150625011307/http://cwaste.skolbloggen.se:80/svenska/argumenterande-texter/argumentation-ett-exempel/
raw_http_prefix,20151121031543,http://cwaste.skolbloggen.se:80/svenska/referera/ex-pa-referatmarkorer,301,text/html,https://web.archive.org/web/20151121031543/http://cwaste.skolbloggen.se:80/svenska/referera/ex-pa-referatmarkorer
html_200_root,20151121031543,http://cwaste.skolbloggen.se:80/svenska/referera/ex-pa-referatmarkorer/,200,text/html,https://web.archive.org/web/20151121031543/http://cwaste.skolbloggen.se:80/svenska/referera/ex-pa-referatmarkorer/
html_200_root,20151122221318,http://cwaste.skolbloggen.se:80/,200,text/html,https://web.archive.org/web/20151122221318/http://cwaste.skolbloggen.se:80/
raw_http_prefix,20151221132534,http://cwaste.skolbloggen.se:80/svenska/referera/ex-pa-referatmarkorer,301,text/html,https://web.archive.org/web/20151221132534/http://cwaste.skolbloggen.se:80/svenska/referera/ex-pa-referatmarkorer
html_200_root,20151221132534,http://cwaste.skolbloggen.se:80/svenska/referera/ex-pa-referatmarkorer/,200,text/html,https://web.archive.org/web/20151221132534/http://cwaste.skolbloggen.se:80/svenska/referera/ex-pa-referatmarkorer/
raw_http_prefix,20160121041903,http://cwaste.skolbloggen.se:80/svenska/referera/ex-pa-referatmarkorer,301,text/html,https://web.archive.org/web/20160121041903/http://cwaste.skolbloggen.se:80/svenska/referera/ex-pa-referatmarkorer
html_200_root,20160121041903,http://cwaste.skolbloggen.se:80/svenska/referera/ex-pa-referatmarkorer/,200,text/html,https://web.archive.org/web/20160121041903/http://cwaste.skolbloggen.se:80/svenska/referera/ex-pa-referatmarkorer/
raw_http_prefix,20160127020442,http://cwaste.skolbloggen.se:80/svenska/referera/fler-exempel,301,text/html,https://web.archive.org/web/20160127020442/http://cwaste.skolbloggen.se:80/svenska/referera/fler-exempel
html_200_root,20160127020442,http://cwaste.skolbloggen.se:80/svenska/referera/fler-exempel/,200,text/html,https://web.archive.org/web/20160127020442/http://cwaste.skolbloggen.se:80/svenska/referera/fler-exempel/
raw_http_prefix,20160127020448,http://cwaste.skolbloggen.se:80/svenska/referera/skriva-referat,301,text/html,https://web.archive.org/web/20160127020448/http://cwaste.skolbloggen.se:80/svenska/referera/skriva-referat
html_200_root,20160127020448,http://cwaste.skolbloggen.se:80/svenska/referera/skriva-referat/,200,text/html,https://web.archive.org/web/20160127020448/http://cwaste.skolbloggen.se:80/svenska/referera/skriva-referat/
html_200_root,20160128022933,http://cwaste.skolbloggen.se:80/,200,text/html,https://web.archive.org/web/20160128022933/http://cwaste.skolbloggen.se:80/
html_200_root,20160128054935,http://cwaste.skolbloggen.se:80/wp-login.php,200,text/html,https://web.archive.org/web/20160128054935/http://cwaste.skolbloggen.se:80/wp-login.php
raw_http_prefix,20160128061052,http://cwaste.skolbloggen.se:80/feed/,200,application/rss+xml,https://web.archive.org/web/20160128061052/http://cwaste.skolbloggen.se:80/feed/
html_200_root,20160128153101,http://cwaste.skolbloggen.se:80/2013/08/,200,text/html,https://web.archive.org/web/20160128153101/http://cwaste.skolbloggen.se:80/2013/08/
html_200_root,20160128153107,http://cwaste.skolbloggen.se:80/oppna-larresurser/wikiversity/,200,text/html,https://web.archive.org/web/20160128153107/http://cwaste.skolbloggen.se:80/oppna-larresurser/wikiversity/
html_200_root,20160128153111,http://cwaste.skolbloggen.se:80/redovisning/bilder-och-bildtexter/,200,text/html,https://web.archive.org/web/20160128153111/http://cwaste.skolbloggen.se:80/redovisning/bilder-och-bildtexter/
html_200_root,20160128153116,http://cwaste.skolbloggen.se:80/studieteknik/,200,text/html,https://web.archive.org/web/20160128153116/http://cwaste.skolbloggen.se:80/studieteknik/
html_200_root,20160128155900,http://cwaste.skolbloggen.se:80/svenska/argumenterande-texter/,200,text/html,https://web.archive.org/web/20160128155900/http://cwaste.skolbloggen.se:80/svenska/argumenterande-texter/
html_200_root,20160128155906,http://cwaste.skolbloggen.se:80/svenska/argumenterande-texter/argumenterande-tal/,200,text/html,https://web.archive.org/web/20160128155906/http://cwaste.skolbloggen.se:80/svenska/argumenterande-texter/argumenterande-tal/
html_200_root,20160128155911,http://cwaste.skolbloggen.se:80/svenska/dikter/skriva-dikter-ovning-ii/,200,text/html,https://web.archive.org/web/20160128155911/http://cwaste.skolbloggen.se:80/svenska/dikter/skriva-dikter-ovning-ii/
html_200_root,20160128155915,http://cwaste.skolbloggen.se:80/wp-admin/admin-ajax.php,200,text/html,https://web.archive.org/web/20160128155915/http://cwaste.skolbloggen.se:80/wp-admin/admin-ajax.php
html_200_root,20160128160303,http://cwaste.skolbloggen.se:80/om-tavlingsbidraget/,200,text/html,https://web.archive.org/web/20160128160303/http://cwaste.skolbloggen.se:80/om-tavlingsbidraget/
html_200_root,20160128160307,http://cwaste.skolbloggen.se:80/oppna-larresurser/,200,text/html,https://web.archive.org/web/20160128160307/http://cwaste.skolbloggen.se:80/oppna-larresurser/
html_200_root,20160128160312,http://cwaste.skolbloggen.se:80/oppna-larresurser/csu-affordable-learning-solutions/,200,text/html,https://web.archive.org/web/20160128160312/http://cwaste.skolbloggen.se:80/oppna-larresurser/csu-affordable-learning-solutions/
html_200_root,20160128160319,http://cwaste.skolbloggen.se:80/presentation/din-presentation/,200,text/html,https://web.archive.org/web/20160128160319/http://cwaste.skolbloggen.se:80/presentation/din-presentation/
html_200_root,20160128160322,http://cwaste.skolbloggen.se:80/redovisning/,200,text/html,https://web.archive.org/web/20160128160322/http://cwaste.skolbloggen.se:80/redovisning/
html_200_root,20160128160327,http://cwaste.skolbloggen.se:80/studieteknik/kallkritik/ovningar-i-kallkritik/,200,text/html,https://web.archive.org/web/20160128160327/http://cwaste.skolbloggen.se:80/studieteknik/kallkritik/ovningar-i-kallkritik/
html_200_root,20160128160332,http://cwaste.skolbloggen.se:80/studieteknik/sjalvskattning-av-studievanor/,200,text/html,https://web.archive.org/web/20160128160332/http://cwaste.skolbloggen.se:80/studieteknik/sjalvskattning-av-studievanor/
html_200_root,20160128160338,http://cwaste.skolbloggen.se:80/svenska/litteraturanalys-och-lasloggar/laslogg-2-miljo-personbeskrivn-huvudkonflikt/,200,text/html,https://web.archive.org/web/20160128160338/http://cwaste.skolbloggen.se:80/svenska/litteraturanalys-och-lasloggar/laslogg-2-miljo-personbeskrivn-huvudkonflikt/
html_200_root,20160128160343,http://cwaste.skolbloggen.se:80/svenska/litteraturhistoria/1720-upplysningen/,200,text/html,https://web.archive.org/web/20160128160343/http://cwaste.skolbloggen.se:80/svenska/litteraturhistoria/1720-upplysningen/
html_200_root,20160128160348,http://cwaste.skolbloggen.se:80/svenska/referera/ova-referatskrivning-klass-o-sprak/,200,text/html,https://web.archive.org/web/20160128160348/http://cwaste.skolbloggen.se:80/svenska/referera/ova-referatskrivning-klass-o-sprak/
html_200_root,20160128160356,http://cwaste.skolbloggen.se:80/svenska/referera/ova-referatskrivning-nathat-bland-unga/,200,text/html,https://web.archive.org/web/20160128160356/http://cwaste.skolbloggen.se:80/svenska/referera/ova-referatskrivning-nathat-bland-unga/
html_200_root,20160128160402,http://cwaste.skolbloggen.se:80/svenska/skrivprocessen/responsgivning/skriva-kommentarer/,200,text/html,https://web.archive.org/web/20160128160402/http://cwaste.skolbloggen.se:80/svenska/skrivprocessen/responsgivning/skriva-kommentarer/
html_200_root,20160128160437,http://cwaste.skolbloggen.se:80/redovisning/akademisk-hederlighet/upphovsratt-och-creative-commons/,200,text/html,https://web.archive.org/web/20160128160437/http://cwaste.skolbloggen.se:80/redovisning/akademisk-hederlighet/upphovsratt-och-creative-commons/
html_200_root,20160128160442,http://cwaste.skolbloggen.se:80/svenska/argumenterande-texter/argumentation-ett-exempel/,200,text/html,https://web.archive.org/web/20160128160442/http://cwaste.skolbloggen.se:80/svenska/argumenterande-texter/argumentation-ett-exempel/
html_200_root,20160128160447,http://cwaste.skolbloggen.se:80/svenska/bild-och-film/regler-vid-fotografering-pa-allmanna-platser/,200,text/html,https://web.archive.org/web/20160128160447/http://cwaste.skolbloggen.se:80/svenska/bild-och-film/regler-vid-fotografering-pa-allmanna-platser/
html_200_root,20160128160452,http://cwaste.skolbloggen.se:80/svenska/dikter/,200,text/html,https://web.archive.org/web/20160128160452/http://cwaste.skolbloggen.se:80/svenska/dikter/
html_200_root,20160128160457,http://cwaste.skolbloggen.se:80/svenska/dikter/diktanalys/,200,text/html,https://web.archive.org/web/20160128160457/http://cwaste.skolbloggen.se:80/svenska/dikter/diktanalys/
html_200_root,20160128160502,http://cwaste.skolbloggen.se:80/svenska/litteraturanalys-och-lasloggar/laslogg-3-titel-form-dramaturgi-budskap/,200,text/html,https://web.archive.org/web/20160128160502/http://cwaste.skolbloggen.se:80/svenska/litteraturanalys-och-lasloggar/laslogg-3-titel-form-dramaturgi-budskap/
html_200_root,20160128160508,http://cwaste.skolbloggen.se:80/svenska/referera/bedomning-av-referat/,200,text/html,https://web.archive.org/web/20160128160508/http://cwaste.skolbloggen.se:80/svenska/referera/bedomning-av-referat/
raw_http_prefix,20160128160513,http://cwaste.skolbloggen.se:80/wp-includes/wlwmanifest.xml,200,application/xml,https://web.archive.org/web/20160128160513/http://cwaste.skolbloggen.se:80/wp-includes/wlwmanifest.xml
raw_http_prefix,20160128160519,http://cwaste.skolbloggen.se:80/xmlrpc.php,405,text/plain,https://web.archive.org/web/20160128160519/http://cwaste.skolbloggen.se:80/xmlrpc.php
html_200_root,20160128161108,http://cwaste.skolbloggen.se:80/oppna-larresurser/wikibooks/,200,text/html,https://web.archive.org/web/20160128161108/http://cwaste.skolbloggen.se:80/oppna-larresurser/wikibooks/
html_200_root,20160128161115,http://cwaste.skolbloggen.se:80/oppna-larresurser/youtube-edu/,200,text/html,https://web.archive.org/web/20160128161115/http://cwaste.skolbloggen.se:80/oppna-larresurser/youtube-edu/
html_200_root,20160128161121,http://cwaste.skolbloggen.se:80/redovisning/hur-du-hanterar-powerpoint/,200,text/html,https://web.archive.org/web/20160128161121/http://cwaste.skolbloggen.se:80/redovisning/hur-du-hanterar-powerpoint/
html_200_root,20160128161126,http://cwaste.skolbloggen.se:80/redovisning/overkurs/,200,text/html,https://web.archive.org/web/20160128161126/http://cwaste.skolbloggen.se:80/redovisning/overkurs/
html_200_root,20160128161131,http://cwaste.skolbloggen.se:80/studieteknik/uppgift/,200,text/html,https://web.archive.org/web/20160128161131/http://cwaste.skolbloggen.se:80/studieteknik/uppgift/
html_200_root,20160128161136,http://cwaste.skolbloggen.se:80/svenska/bedomning/bedomning-av-skriftliga-uppgifter/,200,text/html,https://web.archive.org/web/20160128161136/http://cwaste.skolbloggen.se:80/svenska/bedomning/bedomning-av-skriftliga-uppgifter/
html_200_root,20160128161141,http://cwaste.skolbloggen.se:80/svenska/berattelser/skriva-berattelser/huset/,200,text/html,https://web.archive.org/web/20160128161141/http://cwaste.skolbloggen.se:80/svenska/berattelser/skriva-berattelser/huset/
html_200_root,20160128161146,http://cwaste.skolbloggen.se:80/svenska/litteraturhistoria/,200,text/html,https://web.archive.org/web/20160128161146/http://cwaste.skolbloggen.se:80/svenska/litteraturhistoria/
html_200_root,20160128161152,http://cwaste.skolbloggen.se:80/svenska/litteraturhistoria/1790-romantiken/,200,text/html,https://web.archive.org/web/20160128161152/http://cwaste.skolbloggen.se:80/svenska/litteraturhistoria/1790-romantiken/
html_200_root,20160128161156,http://cwaste.skolbloggen.se:80/svenska/referera/ova-referatskrivning-attityder-kring-sprak/,200,text/html,https://web.archive.org/web/20160128161156/http://cwaste.skolbloggen.se:80/svenska/referera/ova-referatskrivning-attityder-kring-sprak/
html_200_root,20160128161201,http://cwaste.skolbloggen.se:80/svenska/samarbetsskrivande/,200,text/html,https://web.archive.org/web/20160128161201/http://cwaste.skolbloggen.se:80/svenska/samarbetsskrivande/
html_200_root,20160128161207,http://cwaste.skolbloggen.se:80/svenska/skrivprocessen/,200,text/html,https://web.archive.org/web/20160128161207/http://cwaste.skolbloggen.se:80/svenska/skrivprocessen/
html_200_root,20160128161212,http://cwaste.skolbloggen.se:80/svenska/soka-jobb/,200,text/html,https://web.archive.org/web/20160128161212/http://cwaste.skolbloggen.se:80/svenska/soka-jobb/
html_200_root,20160128164905,http://cwaste.skolbloggen.se:80/svenska/talovningar/,200,text/html,https://web.archive.org/web/20160128164905/http://cwaste.skolbloggen.se:80/svenska/talovningar/
raw_http_prefix,20160128165047,http://cwaste.skolbloggen.se:80/comments/feed/,200,application/rss+xml,https://web.archive.org/web/20160128165047/http://cwaste.skolbloggen.se:80/comments/feed/
html_200_root,20160128165052,http://cwaste.skolbloggen.se:80/det-utvidgade-textbegreppet/,200,text/html,https://web.archive.org/web/20160128165052/http://cwaste.skolbloggen.se:80/det-utvidgade-textbegreppet/
html_200_root,20160128165057,http://cwaste.skolbloggen.se:80/oppna-larresurser/itunes-u/,200,text/html,https://web.archive.org/web/20160128165057/http://cwaste.skolbloggen.se:80/oppna-larresurser/itunes-u/
html_200_root,20160128165102,http://cwaste.skolbloggen.se:80/presentation/,200,text/html,https://web.archive.org/web/20160128165102/http://cwaste.skolbloggen.se:80/presentation/
html_200_root,20160128165107,http://cwaste.skolbloggen.se:80/svenska/argumenterande-texter/skriva-insandaredebattartikel/arbetsgang-vid-respons-och-bearbetning/,200,text/html,https://web.archive.org/web/20160128165107/http://cwaste.skolbloggen.se:80/svenska/argumenterande-texter/skriva-insandaredebattartikel/arbetsgang-vid-respons-och-bearbetning/
html_200_root,20160128165114,http://cwaste.skolbloggen.se:80/svenska/argumenterande-texter/skriva-insandaredebattartikel/vad-man-ska-tanka-pa-nar-man-skriver-argumenterande-texter/,200,text/html,https://web.archive.org/web/20160128165114/http://cwaste.skolbloggen.se:80/svenska/argumenterande-texter/skriva-insandaredebattartikel/vad-man-ska-tanka-pa-nar-man-skriver-argumenterande-texter/
html_200_root,20160128165118,http://cwaste.skolbloggen.se:80/svenska/bedomning/bedomning-av-muntliga-uppgifter/,200,text/html,https://web.archive.org/web/20160128165118/http://cwaste.skolbloggen.se:80/svenska/bedomning/bedomning-av-muntliga-uppgifter/
html_200_root,20160128165123,http://cwaste.skolbloggen.se:80/svenska/bedomning/bedomning-av-skriftliga-uppgifter/matris-bedomning-av-skriftliga-uppgifter/,200,text/html,https://web.archive.org/web/20160128165123/http://cwaste.skolbloggen.se:80/svenska/bedomning/bedomning-av-skriftliga-uppgifter/matris-bedomning-av-skriftliga-uppgifter/
html_200_root,20160128165128,http://cwaste.skolbloggen.se:80/svenska/berattelser/berattarkne/,200,text/html,https://web.archive.org/web/20160128165128/http://cwaste.skolbloggen.se:80/svenska/berattelser/berattarkne/
html_200_root,20160128165133,http://cwaste.skolbloggen.se:80/svenska/berattelser/skriva-berattelser/,200,text/html,https://web.archive.org/web/20160128165133/http://cwaste.skolbloggen.se:80/svenska/berattelser/skriva-berattelser/
html_200_root,20160128165139,http://cwaste.skolbloggen.se:80/svenska/litteraturanalys-och-lasloggar/laslogg-1-presentation-bokens-inledning-berattarteknik/,200,text/html,https://web.archive.org/web/20160128165139/http://cwaste.skolbloggen.se:80/svenska/litteraturanalys-och-lasloggar/laslogg-1-presentation-bokens-inledning-berattarteknik/
raw_http_prefix,20160128165143,http://cwaste.skolbloggen.se:80/svenska/referera/fler-exempel/feed/,200,application/rss+xml,https://web.archive.org/web/20160128165143/http://cwaste.skolbloggen.se:80/svenska/referera/fler-exempel/feed/
html_200_root,20160128165150,http://cwaste.skolbloggen.se:80/svenska/retorik/,200,text/html,https://web.archive.org/web/20160128165150/http://cwaste.skolbloggen.se:80/svenska/retorik/
html_200_root,20160128165153,http://cwaste.skolbloggen.se:80/svenska/skrivprocessen/responsgivning/,200,text/html,https://web.archive.org/web/20160128165153/http://cwaste.skolbloggen.se:80/svenska/skrivprocessen/responsgivning/
html_200_root,20160128165200,http://cwaste.skolbloggen.se:80/svenska/skrivrad/,200,text/html,https://web.archive.org/web/20160128165200/http://cwaste.skolbloggen.se:80/svenska/skrivrad/
html_200_root,20160128165206,http://cwaste.skolbloggen.se:80/svenska/sprakhistoria/,200,text/html,https://web.archive.org/web/20160128165206/http://cwaste.skolbloggen.se:80/svenska/sprakhistoria/
raw_http_prefix,20160128165239,http://cwaste.skolbloggen.se:80/wp-login.php?action=register,302,text/html,https://web.archive.org/web/20160128165239/http://cwaste.skolbloggen.se:80/wp-login.php?action=register
html_200_root,20160128170856,http://cwaste.skolbloggen.se:80/2013/08/14/vi-bloggar/,200,text/html,https://web.archive.org/web/20160128170856/http://cwaste.skolbloggen.se:80/2013/08/14/vi-bloggar/
html_200_root,20160128170901,http://cwaste.skolbloggen.se:80/det-utvidgade-textbegreppet/bildanalys-ett-exempel/,200,text/html,https://web.archive.org/web/20160128170901/http://cwaste.skolbloggen.se:80/det-utvidgade-textbegreppet/bildanalys-ett-exempel/
html_200_root,20160128170906,http://cwaste.skolbloggen.se:80/presentation/om-froken-waste/,200,text/html,https://web.archive.org/web/20160128170906/http://cwaste.skolbloggen.se:80/presentation/om-froken-waste/
html_200_root,20160128170911,http://cwaste.skolbloggen.se:80/redovisning/bilder-som-du-far-anvanda-till-dina-redovisningar/,200,text/html,https://web.archive.org/web/20160128170911/http://cwaste.skolbloggen.se:80/redovisning/bilder-som-du-far-anvanda-till-dina-redovisningar/
html_200_root,20160128170917,http://cwaste.skolbloggen.se:80/redovisning/publicering/,200,text/html,https://web.archive.org/web/20160128170917/http://cwaste.skolbloggen.se:80/redovisning/publicering/
html_200_root,20160128170921,http://cwaste.skolbloggen.se:80/redovisning/tankekartor/,200,text/html,https://web.archive.org/web/20160128170921/http://cwaste.skolbloggen.se:80/redovisning/tankekartor/
html_200_root,20160128170926,http://cwaste.skolbloggen.se:80/redovisning/textformatering/,200,text/html,https://web.archive.org/web/20160128170926/http://cwaste.skolbloggen.se:80/redovisning/textformatering/
html_200_root,20160128170932,http://cwaste.skolbloggen.se:80/studieteknik/kallkritik/arkiv-och-samlingar-i-din-narhet/,200,text/html,https://web.archive.org/web/20160128170932/http://cwaste.skolbloggen.se:80/studieteknik/kallkritik/arkiv-och-samlingar-i-din-narhet/
html_200_root,20160128170937,http://cwaste.skolbloggen.se:80/studieteknik/kallkritik/de-kallkritiska-principerna/,200,text/html,https://web.archive.org/web/20160128170937/http://cwaste.skolbloggen.se:80/studieteknik/kallkritik/de-kallkritiska-principerna/
html_200_root,20160128170942,http://cwaste.skolbloggen.se:80/svenska/argumenterande-texter/skriva-insandaredebattartikel/,200,text/html,https://web.archive.org/web/20160128170942/http://cwaste.skolbloggen.se:80/svenska/argumenterande-texter/skriva-insandaredebattartikel/
html_200_root,20160128170947,http://cwaste.skolbloggen.se:80/svenska/argumenterande-texter/skriva-insandaredebattartikel/bedomning-av-skrivuppgift-skriva-insandaredebattartikel/,200,text/html,https://web.archive.org/web/20160128170947/http://cwaste.skolbloggen.se:80/svenska/argumenterande-texter/skriva-insandaredebattartikel/bedomning-av-skrivuppgift-skriva-insandaredebattartikel/
html_200_root,20160128170954,http://cwaste.skolbloggen.se:80/svenska/bedomning/,200,text/html,https://web.archive.org/web/20160128170954/http://cwaste.skolbloggen.se:80/svenska/bedomning/
html_200_root,20160128171000,http://cwaste.skolbloggen.se:80/svenska/bild-och-film/,200,text/html,https://web.archive.org/web/20160128171000/http://cwaste.skolbloggen.se:80/svenska/bild-och-film/
html_200_root,20160128171005,http://cwaste.skolbloggen.se:80/svenska/bild-och-film/hur-d-hanterar-bilder/,200,text/html,https://web.archive.org/web/20160128171005/http://cwaste.skolbloggen.se:80/svenska/bild-och-film/hur-d-hanterar-bilder/
html_200_root,20160128171010,http://cwaste.skolbloggen.se:80/svenska/dikter/skriva-dikter-ovning-i/,200,text/html,https://web.archive.org/web/20160128171010/http://cwaste.skolbloggen.se:80/svenska/dikter/skriva-dikter-ovning-i/
html_200_root,20160128171015,http://cwaste.skolbloggen.se:80/svenska/instruktioner/,200,text/html,https://web.archive.org/web/20160128171015/http://cwaste.skolbloggen.se:80/svenska/instruktioner/
html_200_root,20160128171021,http://cwaste.skolbloggen.se:80/svenska/nationellt-prov-i-svenska-b-kursen/,200,text/html,https://web.archive.org/web/20160128171021/http://cwaste.skolbloggen.se:80/svenska/nationellt-prov-i-svenska-b-kursen/
html_200_root,20160128171026,http://cwaste.skolbloggen.se:80/svenska/skrivrad/nagra-vanliga-misstag/,200,text/html,https://web.archive.org/web/20160128171026/http://cwaste.skolbloggen.se:80/svenska/skrivrad/nagra-vanliga-misstag/
html_200_root,20160128171033,http://cwaste.skolbloggen.se:80/category/okategoriserad/,200,text/html,https://web.archive.org/web/20160128171033/http://cwaste.skolbloggen.se:80/category/okategoriserad/
html_200_root,20160128171036,http://cwaste.skolbloggen.se:80/oppna-larresurser/ne-skola/,200,text/html,https://web.archive.org/web/20160128171036/http://cwaste.skolbloggen.se:80/oppna-larresurser/ne-skola/
html_200_root,20160128171041,http://cwaste.skolbloggen.se:80/studieteknik/att-hitta-information/,200,text/html,https://web.archive.org/web/20160128171041/http://cwaste.skolbloggen.se:80/studieteknik/att-hitta-information/
html_200_root,20160128171046,http://cwaste.skolbloggen.se:80/studieteknik/att-vardera-information/,200,text/html,https://web.archive.org/web/20160128171046/http://cwaste.skolbloggen.se:80/studieteknik/att-vardera-information/
html_200_root,20160128171051,http://cwaste.skolbloggen.se:80/studieteknik/kallkritik/,200,text/html,https://web.archive.org/web/20160128171051/http://cwaste.skolbloggen.se:80/studieteknik/kallkritik/
html_200_root,20160128171056,http://cwaste.skolbloggen.se:80/svenska/,200,text/html,https://web.archive.org/web/20160128171056/http://cwaste.skolbloggen.se:80/svenska/
html_200_root,20160128171102,http://cwaste.skolbloggen.se:80/svenska/berattelser/,200,text/html,https://web.archive.org/web/20160128171102/http://cwaste.skolbloggen.se:80/svenska/berattelser/
html_200_root,20160128171107,http://cwaste.skolbloggen.se:80/svenska/litteraturanalys-och-lasloggar/,200,text/html,https://web.archive.org/web/20160128171107/http://cwaste.skolbloggen.se:80/svenska/litteraturanalys-och-lasloggar/
html_200_root,20160128171112,http://cwaste.skolbloggen.se:80/svenska/litteraturanalys-och-lasloggar/forfattarportratt/,200,text/html,https://web.archive.org/web/20160128171112/http://cwaste.skolbloggen.se:80/svenska/litteraturanalys-och-lasloggar/forfattarportratt/
html_200_root,20160128171117,http://cwaste.skolbloggen.se:80/svenska/referera/,200,text/html,https://web.archive.org/web/20160128171117/http://cwaste.skolbloggen.se:80/svenska/referera/
html_200_root,20160128171122,http://cwaste.skolbloggen.se:80/svenska/skrivprocessen/kommentera-blogginlagg/,200,text/html,https://web.archive.org/web/20160128171122/http://cwaste.skolbloggen.se:80/svenska/skrivprocessen/kommentera-blogginlagg/
raw_http_prefix,20160128171127,http://cwaste.skolbloggen.se:80/xmlrpc.php?rsd,200,text/xml,https://web.archive.org/web/20160128171127/http://cwaste.skolbloggen.se:80/xmlrpc.php?rsd
html_200_root,20160128191938,http://cwaste.skolbloggen.se:80/author/cwaste/,200,text/html,https://web.archive.org/web/20160128191938/http://cwaste.skolbloggen.se:80/author/cwaste/
html_200_root,20160128191943,http://cwaste.skolbloggen.se:80/redovisning/akademisk-hederlighet/,200,text/html,https://web.archive.org/web/20160128191943/http://cwaste.skolbloggen.se:80/redovisning/akademisk-hederlighet/
html_200_root,20160128191948,http://cwaste.skolbloggen.se:80/svenska/dikter/ovning-i-diktanalys/,200,text/html,https://web.archive.org/web/20160128191948/http://cwaste.skolbloggen.se:80/svenska/dikter/ovning-i-diktanalys/
html_200_root,20160128191953,http://cwaste.skolbloggen.se:80/svenska/litteraturhistoria/1830-realismen/,200,text/html,https://web.archive.org/web/20160128191953/http://cwaste.skolbloggen.se:80/svenska/litteraturhistoria/1830-realismen/
html_200_root,20160128191958,http://cwaste.skolbloggen.se:80/svenska/litteraturhistoria/1910-modernismen/,200,text/html,https://web.archive.org/web/20160128191958/http://cwaste.skolbloggen.se:80/svenska/litteraturhistoria/1910-modernismen/
html_200_root,20160128192004,http://cwaste.skolbloggen.se:80/svenska/nationellt-prov-i-svenska-b-kursen/nationellt-prov/,200,text/html,https://web.archive.org/web/20160128192004/http://cwaste.skolbloggen.se:80/svenska/nationellt-prov-i-svenska-b-kursen/nationellt-prov/
html_200_root,20160128192014,http://cwaste.skolbloggen.se:80/svenska/referera/ex-pa-kallhanvisning/,200,text/html,https://web.archive.org/web/20160128192014/http://cwaste.skolbloggen.se:80/svenska/referera/ex-pa-kallhanvisning/
raw_http_prefix,20160128192038,http://cwaste.skolbloggen.se:80/svenska/referera/skriva-referat/feed/,200,application/rss+xml,https://web.archive.org/web/20160128192038/http://cwaste.skolbloggen.se:80/svenska/referera/skriva-referat/feed/
html_200_root,20160128192101,http://cwaste.skolbloggen.se:80/svenska/retorik/ett-exempel-som-inspirerar-mig-vad-tycker-du/,200,text/html,https://web.archive.org/web/20160128192101/http://cwaste.skolbloggen.se:80/svenska/retorik/ett-exempel-som-inspirerar-mig-vad-tycker-du/
html_200_root,20160129072740,http://cwaste.skolbloggen.se:80/svenska/litteraturhistoria/1830-realismen/,200,text/html,https://web.archive.org/web/20160129072740/http://cwaste.skolbloggen.se:80/svenska/litteraturhistoria/1830-realismen/
html_200_root,20160129072744,http://cwaste.skolbloggen.se:80/svenska/litteraturhistoria/1910-modernismen/,200,text/html,https://web.archive.org/web/20160129072744/http://cwaste.skolbloggen.se:80/svenska/litteraturhistoria/1910-modernismen/
html_200_root,20160129072758,http://cwaste.skolbloggen.se:80/svenska/nationellt-prov-i-svenska-b-kursen/nationellt-prov/,200,text/html,https://web.archive.org/web/20160129072758/http://cwaste.skolbloggen.se:80/svenska/nationellt-prov-i-svenska-b-kursen/nationellt-prov/
html_200_root,20160129072844,http://cwaste.skolbloggen.se:80/svenska/dikter/ovning-i-diktanalys/,200,text/html,https://web.archive.org/web/20160129072844/http://cwaste.skolbloggen.se:80/svenska/dikter/ovning-i-diktanalys/
html_200_root,20160129072848,http://cwaste.skolbloggen.se:80/svenska/referera/ex-pa-kallhanvisning/,200,text/html,https://web.archive.org/web/20160129072848/http://cwaste.skolbloggen.se:80/svenska/referera/ex-pa-kallhanvisning/
html_200_root,20160129072959,http://cwaste.skolbloggen.se:80/author/cwaste/,200,text/html,https://web.archive.org/web/20160129072959/http://cwaste.skolbloggen.se:80/author/cwaste/
html_200_root,20160129074525,http://cwaste.skolbloggen.se:80/redovisning/akademisk-hederlighet/,200,text/html,https://web.archive.org/web/20160129074525/http://cwaste.skolbloggen.se:80/redovisning/akademisk-hederlighet/
raw_http_prefix,20160129074530,http://cwaste.skolbloggen.se:80/svenska/referera/skriva-referat/feed/,200,application/rss+xml,https://web.archive.org/web/20160129074530/http://cwaste.skolbloggen.se:80/svenska/referera/skriva-referat/feed/
html_200_root,20160129074556,http://cwaste.skolbloggen.se:80/svenska/retorik/ett-exempel-som-inspirerar-mig-vad-tycker-du/,200,text/html,https://web.archive.org/web/20160129074556/http://cwaste.skolbloggen.se:80/svenska/retorik/ett-exempel-som-inspirerar-mig-vad-tycker-du/
raw_http_prefix,20160226174446,http://cwaste.skolbloggen.se:80/svenska/referera/skriva-referat,301,text/html,https://web.archive.org/web/20160226174446/http://cwaste.skolbloggen.se:80/svenska/referera/skriva-referat
html_200_root,20160226174446,http://cwaste.skolbloggen.se:80/svenska/referera/skriva-referat/,200,text/html,https://web.archive.org/web/20160226174446/http://cwaste.skolbloggen.se:80/svenska/referera/skriva-referat/
raw_http_prefix,20160226193151,http://cwaste.skolbloggen.se:80/svenska/referera/fler-exempel,301,text/html,https://web.archive.org/web/20160226193151/http://cwaste.skolbloggen.se:80/svenska/referera/fler-exempel
html_200_root,20160226193151,http://cwaste.skolbloggen.se:80/svenska/referera/fler-exempel/,200,text/html,https://web.archive.org/web/20160226193151/http://cwaste.skolbloggen.se:80/svenska/referera/fler-exempel/
raw_http_prefix,20160329132629,http://cwaste.skolbloggen.se:80/svenska/referera/fler-exempel,301,text/html,https://web.archive.org/web/20160329132629/http://cwaste.skolbloggen.se:80/svenska/referera/fler-exempel
html_200_root,20160329132629,http://cwaste.skolbloggen.se:80/svenska/referera/fler-exempel/,200,text/html,https://web.archive.org/web/20160329132629/http://cwaste.skolbloggen.se:80/svenska/referera/fler-exempel/
raw_http_prefix,20160329132651,http://cwaste.skolbloggen.se:80/svenska/referera/skriva-referat,301,text/html,https://web.archive.org/web/20160329132651/http://cwaste.skolbloggen.se:80/svenska/referera/skriva-referat
html_200_root,20160329132651,http://cwaste.skolbloggen.se:80/svenska/referera/skriva-referat/,200,text/html,https://web.archive.org/web/20160329132651/http://cwaste.skolbloggen.se:80/svenska/referera/skriva-referat/
raw_http_prefix,20160331090008,http://cwaste.skolbloggen.se:80/svenska/talovningar,301,text/html,https://web.archive.org/web/20160331090008/http://cwaste.skolbloggen.se:80/svenska/talovningar
html_200_root,20160331090008,http://cwaste.skolbloggen.se:80/svenska/talovningar/,200,text/html,https://web.archive.org/web/20160331090008/http://cwaste.skolbloggen.se:80/svenska/talovningar/
html_200_root,20160401200618,http://cwaste.skolbloggen.se:80/,200,text/html,https://web.archive.org/web/20160401200618/http://cwaste.skolbloggen.se:80/
html_200_root,20160402024344,http://cwaste.skolbloggen.se:80/wp-login.php,200,text/html,https://web.archive.org/web/20160402024344/http://cwaste.skolbloggen.se:80/wp-login.php
raw_http_prefix,20160402025703,http://cwaste.skolbloggen.se:80/svenska/talovningar/feed/,200,application/rss+xml,https://web.archive.org/web/20160402025703/http://cwaste.skolbloggen.se:80/svenska/talovningar/feed/
raw_http_prefix,20160402030555,http://cwaste.skolbloggen.se:80/feed/,200,application/rss+xml,https://web.archive.org/web/20160402030555/http://cwaste.skolbloggen.se:80/feed/
raw_http_prefix,20160402212300,http://cwaste.skolbloggen.se:80/?wordfence_logHuman=1&hid=90A5558022A5FD8FDFBDA2C8A37BDF8E,200,text/javascript,https://web.archive.org/web/20160402212300/http://cwaste.skolbloggen.se:80/?wordfence_logHuman=1&hid=90A5558022A5FD8FDFBDA2C8A37BDF8E
html_200_root,20160402212305,http://cwaste.skolbloggen.se:80/oppna-larresurser/,200,text/html,https://web.archive.org/web/20160402212305/http://cwaste.skolbloggen.se:80/oppna-larresurser/
html_200_root,20160402212310,http://cwaste.skolbloggen.se:80/oppna-larresurser/ne-skola/,200,text/html,https://web.archive.org/web/20160402212310/http://cwaste.skolbloggen.se:80/oppna-larresurser/ne-skola/
html_200_root,20160402212315,http://cwaste.skolbloggen.se:80/presentation/din-presentation/,200,text/html,https://web.archive.org/web/20160402212315/http://cwaste.skolbloggen.se:80/presentation/din-presentation/
html_200_root,20160402212320,http://cwaste.skolbloggen.se:80/redovisning/,200,text/html,https://web.archive.org/web/20160402212320/http://cwaste.skolbloggen.se:80/redovisning/
html_200_root,20160402212325,http://cwaste.skolbloggen.se:80/redovisning/bilder-som-du-far-anvanda-till-dina-redovisningar/,200,text/html,https://web.archive.org/web/20160402212325/http://cwaste.skolbloggen.se:80/redovisning/bilder-som-du-far-anvanda-till-dina-redovisningar/
html_200_root,20160402212331,http://cwaste.skolbloggen.se:80/studieteknik/kallkritik/de-kallkritiska-principerna/,200,text/html,https://web.archive.org/web/20160402212331/http://cwaste.skolbloggen.se:80/studieteknik/kallkritik/de-kallkritiska-principerna/
html_200_root,20160402212336,http://cwaste.skolbloggen.se:80/svenska/berattelser/skriva-berattelser/,200,text/html,https://web.archive.org/web/20160402212336/http://cwaste.skolbloggen.se:80/svenska/berattelser/skriva-berattelser/
html_200_root,20160402212342,http://cwaste.skolbloggen.se:80/svenska/instruktioner/,200,text/html,https://web.archive.org/web/20160402212342/http://cwaste.skolbloggen.se:80/svenska/instruktioner/
html_200_root,20160402212346,http://cwaste.skolbloggen.se:80/svenska/litteraturanalys-och-lasloggar/laslogg-2-miljo-personbeskrivn-huvudkonflikt/,200,text/html,https://web.archive.org/web/20160402212346/http://cwaste.skolbloggen.se:80/svenska/litteraturanalys-och-lasloggar/laslogg-2-miljo-personbeskrivn-huvudkonflikt/
html_200_root,20160402212351,http://cwaste.skolbloggen.se:80/svenska/litteraturhistoria/1720-upplysningen/,200,text/html,https://web.archive.org/web/20160402212351/http://cwaste.skolbloggen.se:80/svenska/litteraturhistoria/1720-upplysningen/
html_200_root,20160402212358,http://cwaste.skolbloggen.se:80/svenska/litteraturhistoria/1910-modernismen/,200,text/html,https://web.archive.org/web/20160402212358/http://cwaste.skolbloggen.se:80/svenska/litteraturhistoria/1910-modernismen/
html_200_root,20160402212403,http://cwaste.skolbloggen.se:80/svenska/nationellt-prov-i-svenska-b-kursen/nationellt-prov/,200,text/html,https://web.archive.org/web/20160402212403/http://cwaste.skolbloggen.se:80/svenska/nationellt-prov-i-svenska-b-kursen/nationellt-prov/
html_200_root,20160402212410,http://cwaste.skolbloggen.se:80/svenska/referera/,200,text/html,https://web.archive.org/web/20160402212410/http://cwaste.skolbloggen.se:80/svenska/referera/
html_200_root,20160402212414,http://cwaste.skolbloggen.se:80/svenska/referera/ex-pa-kallhanvisning/,200,text/html,https://web.archive.org/web/20160402212414/http://cwaste.skolbloggen.se:80/svenska/referera/ex-pa-kallhanvisning/
raw_http_prefix,20160402212419,http://cwaste.skolbloggen.se:80/wp-includes/wlwmanifest.xml,200,application/xml,https://web.archive.org/web/20160402212419/http://cwaste.skolbloggen.se:80/wp-includes/wlwmanifest.xml
html_200_root,20160402212602,http://cwaste.skolbloggen.se:80/redovisning/akademisk-hederlighet/upphovsratt-och-creative-commons/,200,text/html,https://web.archive.org/web/20160402212602/http://cwaste.skolbloggen.se:80/redovisning/akademisk-hederlighet/upphovsratt-och-creative-commons/
html_200_root,20160402212607,http://cwaste.skolbloggen.se:80/studieteknik/att-hitta-information/,200,text/html,https://web.archive.org/web/20160402212607/http://cwaste.skolbloggen.se:80/studieteknik/att-hitta-information/
html_200_root,20160402212612,http://cwaste.skolbloggen.se:80/studieteknik/att-vardera-information/,200,text/html,https://web.archive.org/web/20160402212612/http://cwaste.skolbloggen.se:80/studieteknik/att-vardera-information/
html_200_root,20160402212617,http://cwaste.skolbloggen.se:80/studieteknik/uppgift/,200,text/html,https://web.archive.org/web/20160402212617/http://cwaste.skolbloggen.se:80/studieteknik/uppgift/
html_200_root,20160402212622,http://cwaste.skolbloggen.se:80/svenska/argumenterande-texter/skriva-insandaredebattartikel/bedomning-av-skrivuppgift-skriva-insandaredebattartikel/,200,text/html,https://web.archive.org/web/20160402212622/http://cwaste.skolbloggen.se:80/svenska/argumenterande-texter/skriva-insandaredebattartikel/bedomning-av-skrivuppgift-skriva-insandaredebattartikel/
html_200_root,20160402212627,http://cwaste.skolbloggen.se:80/svenska/dikter/diktanalys/,200,text/html,https://web.archive.org/web/20160402212627/http://cwaste.skolbloggen.se:80/svenska/dikter/diktanalys/
html_200_root,20160402212632,http://cwaste.skolbloggen.se:80/svenska/dikter/ovning-i-diktanalys/,200,text/html,https://web.archive.org/web/20160402212632/http://cwaste.skolbloggen.se:80/svenska/dikter/ovning-i-diktanalys/
html_200_root,20160402212640,http://cwaste.skolbloggen.se:80/svenska/referera/ova-referatskrivning-nathat-bland-unga/,200,text/html,https://web.archive.org/web/20160402212640/http://cwaste.skolbloggen.se:80/svenska/referera/ova-referatskrivning-nathat-bland-unga/
html_200_root,20160402212645,http://cwaste.skolbloggen.se:80/svenska/skrivprocessen/,200,text/html,https://web.archive.org/web/20160402212645/http://cwaste.skolbloggen.se:80/svenska/skrivprocessen/
html_200_root,20160402212650,http://cwaste.skolbloggen.se:80/svenska/skrivrad/nagra-vanliga-misstag/,200,text/html,https://web.archive.org/web/20160402212650/http://cwaste.skolbloggen.se:80/svenska/skrivrad/nagra-vanliga-misstag/
html_200_root,20160402212655,http://cwaste.skolbloggen.se:80/svenska/soka-jobb/,200,text/html,https://web.archive.org/web/20160402212655/http://cwaste.skolbloggen.se:80/svenska/soka-jobb/
html_200_root,20160402212700,http://cwaste.skolbloggen.se:80/wp-admin/admin-ajax.php,200,text/html,https://web.archive.org/web/20160402212700/http://cwaste.skolbloggen.se:80/wp-admin/admin-ajax.php
raw_http_prefix,20160402212708,http://cwaste.skolbloggen.se:80/xmlrpc.php?rsd,200,text/xml,https://web.archive.org/web/20160402212708/http://cwaste.skolbloggen.se:80/xmlrpc.php?rsd
html_200_root,20160402213412,http://cwaste.skolbloggen.se:80/author/cwaste/,200,text/html,https://web.archive.org/web/20160402213412/http://cwaste.skolbloggen.se:80/author/cwaste/
html_200_root,20160402213418,http://cwaste.skolbloggen.se:80/oppna-larresurser/wikiversity/,200,text/html,https://web.archive.org/web/20160402213418/http://cwaste.skolbloggen.se:80/oppna-larresurser/wikiversity/
html_200_root,20160402213423,http://cwaste.skolbloggen.se:80/presentation/om-froken-waste/,200,text/html,https://web.archive.org/web/20160402213423/http://cwaste.skolbloggen.se:80/presentation/om-froken-waste/
html_200_root,20160402213427,http://cwaste.skolbloggen.se:80/redovisning/akademisk-hederlighet/,200,text/html,https://web.archive.org/web/20160402213427/http://cwaste.skolbloggen.se:80/redovisning/akademisk-hederlighet/
html_200_root,20160402213432,http://cwaste.skolbloggen.se:80/redovisning/hur-du-hanterar-powerpoint/,200,text/html,https://web.archive.org/web/20160402213432/http://cwaste.skolbloggen.se:80/redovisning/hur-du-hanterar-powerpoint/
html_200_root,20160402213437,http://cwaste.skolbloggen.se:80/studieteknik/sjalvskattning-av-studievanor/,200,text/html,https://web.archive.org/web/20160402213437/http://cwaste.skolbloggen.se:80/studieteknik/sjalvskattning-av-studievanor/
html_200_root,20160402213444,http://cwaste.skolbloggen.se:80/svenska/argumenterande-texter/,200,text/html,https://web.archive.org/web/20160402213444/http://cwaste.skolbloggen.se:80/svenska/argumenterande-texter/
html_200_root,20160402213449,http://cwaste.skolbloggen.se:80/svenska/litteraturanalys-och-lasloggar/forfattarportratt/,200,text/html,https://web.archive.org/web/20160402213449/http://cwaste.skolbloggen.se:80/svenska/litteraturanalys-och-lasloggar/forfattarportratt/
html_200_root,20160402213455,http://cwaste.skolbloggen.se:80/svenska/litteraturhistoria/,200,text/html,https://web.archive.org/web/20160402213455/http://cwaste.skolbloggen.se:80/svenska/litteraturhistoria/
html_200_root,20160402213500,http://cwaste.skolbloggen.se:80/svenska/litteraturhistoria/1790-romantiken/,200,text/html,https://web.archive.org/web/20160402213500/http://cwaste.skolbloggen.se:80/svenska/litteraturhistoria/1790-romantiken/
html_200_root,20160402213505,http://cwaste.skolbloggen.se:80/svenska/litteraturhistoria/1830-realismen/,200,text/html,https://web.archive.org/web/20160402213505/http://cwaste.skolbloggen.se:80/svenska/litteraturhistoria/1830-realismen/
html_200_root,20160402213510,http://cwaste.skolbloggen.se:80/svenska/referera/bedomning-av-referat/,200,text/html,https://web.archive.org/web/20160402213510/http://cwaste.skolbloggen.se:80/svenska/referera/bedomning-av-referat/
html_200_root,20160402213515,http://cwaste.skolbloggen.se:80/svenska/referera/ova-referatskrivning-attityder-kring-sprak/,200,text/html,https://web.archive.org/web/20160402213515/http://cwaste.skolbloggen.se:80/svenska/referera/ova-referatskrivning-attityder-kring-sprak/
html_200_root,20160402213520,http://cwaste.skolbloggen.se:80/svenska/retorik/,200,text/html,https://web.archive.org/web/20160402213520/http://cwaste.skolbloggen.se:80/svenska/retorik/
html_200_root,20160402213525,http://cwaste.skolbloggen.se:80/svenska/skrivprocessen/kommentera-blogginlagg/,200,text/html,https://web.archive.org/web/20160402213525/http://cwaste.skolbloggen.se:80/svenska/skrivprocessen/kommentera-blogginlagg/
raw_http_prefix,20160402213531,http://cwaste.skolbloggen.se:80/wp-json/,404,text/html,https://web.archive.org/web/20160402213531/http://cwaste.skolbloggen.se:80/wp-json/
raw_http_prefix,20160402213535,http://cwaste.skolbloggen.se:80/wp-json/oembed/1.0/embed?url=http%3A%2F%2Fcwaste.skolbloggen.se%2Fsvenska%2Ftalovningar%2F,404,text/html,https://web.archive.org/web/20160402213535/http://cwaste.skolbloggen.se:80/wp-json/oembed/1.0/embed?url=http%3A%2F%2Fcwaste.skolbloggen.se%2Fsvenska%2Ftalovningar%2F
html_200_root,20160402213732,http://cwaste.skolbloggen.se:80/det-utvidgade-textbegreppet/,200,text/html,https://web.archive.org/web/20160402213732/http://cwaste.skolbloggen.se:80/det-utvidgade-textbegreppet/
html_200_root,20160402213737,http://cwaste.skolbloggen.se:80/oppna-larresurser/itunes-u/,200,text/html,https://web.archive.org/web/20160402213737/http://cwaste.skolbloggen.se:80/oppna-larresurser/itunes-u/
html_200_root,20160402213742,http://cwaste.skolbloggen.se:80/redovisning/overkurs/,200,text/html,https://web.archive.org/web/20160402213742/http://cwaste.skolbloggen.se:80/redovisning/overkurs/
html_200_root,20160402213748,http://cwaste.skolbloggen.se:80/redovisning/tankekartor/,200,text/html,https://web.archive.org/web/20160402213748/http://cwaste.skolbloggen.se:80/redovisning/tankekartor/
html_200_root,20160402213753,http://cwaste.skolbloggen.se:80/redovisning/textformatering/,200,text/html,https://web.archive.org/web/20160402213753/http://cwaste.skolbloggen.se:80/redovisning/textformatering/
html_200_root,20160402213758,http://cwaste.skolbloggen.se:80/studieteknik/kallkritik/arkiv-och-samlingar-i-din-narhet/,200,text/html,https://web.archive.org/web/20160402213758/http://cwaste.skolbloggen.se:80/studieteknik/kallkritik/arkiv-och-samlingar-i-din-narhet/
html_200_root,20160402213803,http://cwaste.skolbloggen.se:80/svenska/bedomning/,200,text/html,https://web.archive.org/web/20160402213803/http://cwaste.skolbloggen.se:80/svenska/bedomning/
html_200_root,20160402213809,http://cwaste.skolbloggen.se:80/svenska/berattelser/berattarkne/,200,text/html,https://web.archive.org/web/20160402213809/http://cwaste.skolbloggen.se:80/svenska/berattelser/berattarkne/
html_200_root,20160402213814,http://cwaste.skolbloggen.se:80/svenska/nationellt-prov-i-svenska-b-kursen/,200,text/html,https://web.archive.org/web/20160402213814/http://cwaste.skolbloggen.se:80/svenska/nationellt-prov-i-svenska-b-kursen/
html_200_root,20160402213821,http://cwaste.skolbloggen.se:80/svenska/skrivprocessen/responsgivning/skriva-kommentarer/,200,text/html,https://web.archive.org/web/20160402213821/http://cwaste.skolbloggen.se:80/svenska/skrivprocessen/responsgivning/skriva-kommentarer/
html_200_root,20160402213826,http://cwaste.skolbloggen.se:80/svenska/skrivrad/,200,text/html,https://web.archive.org/web/20160402213826/http://cwaste.skolbloggen.se:80/svenska/skrivrad/
raw_http_prefix,20160402213942,http://cwaste.skolbloggen.se:80/wp-json/oembed/1.0/embed?url=http%3A%2F%2Fcwaste.skolbloggen.se%2Fsvenska%2Ftalovningar%2F&format=xml,404,text/html,https://web.archive.org/web/20160402213942/http://cwaste.skolbloggen.se:80/wp-json/oembed/1.0/embed?url=http%3A%2F%2Fcwaste.skolbloggen.se%2Fsvenska%2Ftalovningar%2F&format=xml
raw_http_prefix,20160402213948,http://cwaste.skolbloggen.se:80/wp-login.php?action=register,302,text/html,https://web.archive.org/web/20160402213948/http://cwaste.skolbloggen.se:80/wp-login.php?action=register
raw_http_prefix,20160402213952,http://cwaste.skolbloggen.se:80/xmlrpc.php,405,text/plain,https://web.archive.org/web/20160402213952/http://cwaste.skolbloggen.se:80/xmlrpc.php
html_200_root,20160402213957,http://cwaste.skolbloggen.se:80/oppna-larresurser/youtube-edu/,200,text/html,https://web.archive.org/web/20160402213957/http://cwaste.skolbloggen.se:80/oppna-larresurser/youtube-edu/
html_200_root,20160402214002,http://cwaste.skolbloggen.se:80/redovisning/publicering/,200,text/html,https://web.archive.org/web/20160402214002/http://cwaste.skolbloggen.se:80/redovisning/publicering/
html_200_root,20160402214007,http://cwaste.skolbloggen.se:80/svenska/,200,text/html,https://web.archive.org/web/20160402214007/http://cwaste.skolbloggen.se:80/svenska/
html_200_root,20160402214013,http://cwaste.skolbloggen.se:80/svenska/argumenterande-texter/argumenterande-tal/,200,text/html,https://web.archive.org/web/20160402214013/http://cwaste.skolbloggen.se:80/svenska/argumenterande-texter/argumenterande-tal/
html_200_root,20160402214018,http://cwaste.skolbloggen.se:80/svenska/argumenterande-texter/skriva-insandaredebattartikel/,200,text/html,https://web.archive.org/web/20160402214018/http://cwaste.skolbloggen.se:80/svenska/argumenterande-texter/skriva-insandaredebattartikel/
html_200_root,20160402214023,http://cwaste.skolbloggen.se:80/svenska/argumenterande-texter/skriva-insandaredebattartikel/arbetsgang-vid-respons-och-bearbetning/,200,text/html,https://web.archive.org/web/20160402214023/http://cwaste.skolbloggen.se:80/svenska/argumenterande-texter/skriva-insandaredebattartikel/arbetsgang-vid-respons-och-bearbetning/
html_200_root,20160402214028,http://cwaste.skolbloggen.se:80/svenska/argumenterande-texter/skriva-insandaredebattartikel/vad-man-ska-tanka-pa-nar-man-skriver-argumenterande-texter/,200,text/html,https://web.archive.org/web/20160402214028/http://cwaste.skolbloggen.se:80/svenska/argumenterande-texter/skriva-insandaredebattartikel/vad-man-ska-tanka-pa-nar-man-skriver-argumenterande-texter/
html_200_root,20160402214033,http://cwaste.skolbloggen.se:80/svenska/berattelser/skriva-berattelser/huset/,200,text/html,https://web.archive.org/web/20160402214033/http://cwaste.skolbloggen.se:80/svenska/berattelser/skriva-berattelser/huset/
html_200_root,20160402214038,http://cwaste.skolbloggen.se:80/svenska/bild-och-film/regler-vid-fotografering-pa-allmanna-platser/,200,text/html,https://web.archive.org/web/20160402214038/http://cwaste.skolbloggen.se:80/svenska/bild-och-film/regler-vid-fotografering-pa-allmanna-platser/
html_200_root,20160402214043,http://cwaste.skolbloggen.se:80/svenska/dikter/,200,text/html,https://web.archive.org/web/20160402214043/http://cwaste.skolbloggen.se:80/svenska/dikter/
html_200_root,20160402214048,http://cwaste.skolbloggen.se:80/svenska/dikter/skriva-dikter-ovning-i/,200,text/html,https://web.archive.org/web/20160402214048/http://cwaste.skolbloggen.se:80/svenska/dikter/skriva-dikter-ovning-i/
html_200_root,20160402214053,http://cwaste.skolbloggen.se:80/svenska/litteraturanalys-och-lasloggar/laslogg-1-presentation-bokens-inledning-berattarteknik/,200,text/html,https://web.archive.org/web/20160402214053/http://cwaste.skolbloggen.se:80/svenska/litteraturanalys-och-lasloggar/laslogg-1-presentation-bokens-inledning-berattarteknik/
html_200_root,20160402214059,http://cwaste.skolbloggen.se:80/svenska/retorik/ett-exempel-som-inspirerar-mig-vad-tycker-du/,200,text/html,https://web.archive.org/web/20160402214059/http://cwaste.skolbloggen.se:80/svenska/retorik/ett-exempel-som-inspirerar-mig-vad-tycker-du/
html_200_root,20160402214110,http://cwaste.skolbloggen.se:80/svenska/samarbetsskrivande/,200,text/html,https://web.archive.org/web/20160402214110/http://cwaste.skolbloggen.se:80/svenska/samarbetsskrivande/
html_200_root,20160402214119,http://cwaste.skolbloggen.se:80/svenska/skrivprocessen/responsgivning/,200,text/html,https://web.archive.org/web/20160402214119/http://cwaste.skolbloggen.se:80/svenska/skrivprocessen/responsgivning/
html_200_root,20160402214128,http://cwaste.skolbloggen.se:80/2013/08/,200,text/html,https://web.archive.org/web/20160402214128/http://cwaste.skolbloggen.se:80/2013/08/
html_200_root,20160402214133,http://cwaste.skolbloggen.se:80/2013/08/14/vi-bloggar/,200,text/html,https://web.archive.org/web/20160402214133/http://cwaste.skolbloggen.se:80/2013/08/14/vi-bloggar/
raw_http_prefix,20160402214138,http://cwaste.skolbloggen.se:80/comments/feed/,200,application/rss+xml,https://web.archive.org/web/20160402214138/http://cwaste.skolbloggen.se:80/comments/feed/
html_200_root,20160402214144,http://cwaste.skolbloggen.se:80/det-utvidgade-textbegreppet/bildanalys-ett-exempel/,200,text/html,https://web.archive.org/web/20160402214144/http://cwaste.skolbloggen.se:80/det-utvidgade-textbegreppet/bildanalys-ett-exempel/
html_200_root,20160402214149,http://cwaste.skolbloggen.se:80/oppna-larresurser/csu-affordable-learning-solutions/,200,text/html,https://web.archive.org/web/20160402214149/http://cwaste.skolbloggen.se:80/oppna-larresurser/csu-affordable-learning-solutions/
html_200_root,20160402214154,http://cwaste.skolbloggen.se:80/oppna-larresurser/wikibooks/,200,text/html,https://web.archive.org/web/20160402214154/http://cwaste.skolbloggen.se:80/oppna-larresurser/wikibooks/
html_200_root,20160402214159,http://cwaste.skolbloggen.se:80/redovisning/bilder-och-bildtexter/,200,text/html,https://web.archive.org/web/20160402214159/http://cwaste.skolbloggen.se:80/redovisning/bilder-och-bildtexter/
html_200_root,20160402214206,http://cwaste.skolbloggen.se:80/svenska/argumenterande-texter/argumentation-ett-exempel/,200,text/html,https://web.archive.org/web/20160402214206/http://cwaste.skolbloggen.se:80/svenska/argumenterande-texter/argumentation-ett-exempel/
html_200_root,20160402214211,http://cwaste.skolbloggen.se:80/svenska/bedomning/bedomning-av-muntliga-uppgifter/,200,text/html,https://web.archive.org/web/20160402214211/http://cwaste.skolbloggen.se:80/svenska/bedomning/bedomning-av-muntliga-uppgifter/
html_200_root,20160402214238,http://cwaste.skolbloggen.se:80/svenska/dikter/skriva-dikter-ovning-ii/,200,text/html,https://web.archive.org/web/20160402214238/http://cwaste.skolbloggen.se:80/svenska/dikter/skriva-dikter-ovning-ii/
html_200_root,20160402214759,http://cwaste.skolbloggen.se:80/category/okategoriserad/,200,text/html,https://web.archive.org/web/20160402214759/http://cwaste.skolbloggen.se:80/category/okategoriserad/
html_200_root,20160402214808,http://cwaste.skolbloggen.se:80/om-tavlingsbidraget/,200,text/html,https://web.archive.org/web/20160402214808/http://cwaste.skolbloggen.se:80/om-tavlingsbidraget/
html_200_root,20160402214813,http://cwaste.skolbloggen.se:80/studieteknik/,200,text/html,https://web.archive.org/web/20160402214813/http://cwaste.skolbloggen.se:80/studieteknik/
html_200_root,20160402214818,http://cwaste.skolbloggen.se:80/studieteknik/kallkritik/,200,text/html,https://web.archive.org/web/20160402214818/http://cwaste.skolbloggen.se:80/studieteknik/kallkritik/
html_200_root,20160402214823,http://cwaste.skolbloggen.se:80/studieteknik/kallkritik/ovningar-i-kallkritik/,200,text/html,https://web.archive.org/web/20160402214823/http://cwaste.skolbloggen.se:80/studieteknik/kallkritik/ovningar-i-kallkritik/
html_200_root,20160402214828,http://cwaste.skolbloggen.se:80/svenska/bedomning/bedomning-av-skriftliga-uppgifter/matris-bedomning-av-skriftliga-uppgifter/,200,text/html,https://web.archive.org/web/20160402214828/http://cwaste.skolbloggen.se:80/svenska/bedomning/bedomning-av-skriftliga-uppgifter/matris-bedomning-av-skriftliga-uppgifter/
html_200_root,20160402214833,http://cwaste.skolbloggen.se:80/svenska/bild-och-film/hur-d-hanterar-bilder/,200,text/html,https://web.archive.org/web/20160402214833/http://cwaste.skolbloggen.se:80/svenska/bild-och-film/hur-d-hanterar-bilder/
html_200_root,20160402214838,http://cwaste.skolbloggen.se:80/svenska/litteraturanalys-och-lasloggar/,200,text/html,https://web.archive.org/web/20160402214838/http://cwaste.skolbloggen.se:80/svenska/litteraturanalys-och-lasloggar/
html_200_root,20160402214845,http://cwaste.skolbloggen.se:80/svenska/sprakhistoria/,200,text/html,https://web.archive.org/web/20160402214845/http://cwaste.skolbloggen.se:80/svenska/sprakhistoria/
raw_http_prefix,20160402214914,http://cwaste.skolbloggen.se:80/svenska/talovningar/trackback/,302,text/html,https://web.archive.org/web/20160402214914/http://cwaste.skolbloggen.se:80/svenska/talovningar/trackback/
raw_http_prefix,20160403082450,http://cwaste.skolbloggen.se:80/?p=609,301,text/html,https://web.archive.org/web/20160403082450/http://cwaste.skolbloggen.se:80/?p=609
html_200_root,20160403082456,http://cwaste.skolbloggen.se:80/presentation/,200,text/html,https://web.archive.org/web/20160403082456/http://cwaste.skolbloggen.se:80/presentation/
html_200_root,20160403082501,http://cwaste.skolbloggen.se:80/svenska/bedomning/bedomning-av-skriftliga-uppgifter/,200,text/html,https://web.archive.org/web/20160403082501/http://cwaste.skolbloggen.se:80/svenska/bedomning/bedomning-av-skriftliga-uppgifter/
html_200_root,20160403082507,http://cwaste.skolbloggen.se:80/svenska/berattelser/,200,text/html,https://web.archive.org/web/20160403082507/http://cwaste.skolbloggen.se:80/svenska/berattelser/
html_200_root,20160403082512,http://cwaste.skolbloggen.se:80/svenska/bild-och-film/,200,text/html,https://web.archive.org/web/20160403082512/http://cwaste.skolbloggen.se:80/svenska/bild-och-film/
html_200_root,20160403082517,http://cwaste.skolbloggen.se:80/svenska/referera/ova-referatskrivning-klass-o-sprak/,200,text/html,https://web.archive.org/web/20160403082517/http://cwaste.skolbloggen.se:80/svenska/referera/ova-referatskrivning-klass-o-sprak/
html_200_root,20160408090102,http://cwaste.skolbloggen.se:80/svenska/referera/ex-pa-referatmarkorer/,200,text/html,https://web.archive.org/web/20160408090102/http://cwaste.skolbloggen.se:80/svenska/referera/ex-pa-referatmarkorer/
raw_http_prefix,20160410154346,http://cwaste.skolbloggen.se:80/svenska/skrivrad/nagra-vanliga-misstag,301,text/html,https://web.archive.org/web/20160410154346/http://cwaste.skolbloggen.se:80/svenska/skrivrad/nagra-vanliga-misstag
html_200_root,20160410154346,http://cwaste.skolbloggen.se:80/svenska/skrivrad/nagra-vanliga-misstag/,200,text/html,https://web.archive.org/web/20160410154346/http://cwaste.skolbloggen.se:80/svenska/skrivrad/nagra-vanliga-misstag/
raw_http_prefix,20160412090027,http://cwaste.skolbloggen.se/robots.txt,200,text/plain,https://web.archive.org/web/20160412090027/http://cwaste.skolbloggen.se/robots.txt
html_200_root,20160412090030,http://cwaste.skolbloggen.se/,200,text/html,https://web.archive.org/web/20160412090030/http://cwaste.skolbloggen.se/
raw_http_prefix,20160412223232,http://cwaste.skolbloggen.se:80/svenska/skrivrad/nagra-vanliga-misstag/feed/,200,application/rss+xml,https://web.archive.org/web/20160412223232/http://cwaste.skolbloggen.se:80/svenska/skrivrad/nagra-vanliga-misstag/feed/
raw_http_prefix,20160414110046,http://cwaste.skolbloggen.se:80/svenska/litteraturanalys-och-lasloggar/forfattarportratt,301,text/html,https://web.archive.org/web/20160414110046/http://cwaste.skolbloggen.se:80/svenska/litteraturanalys-och-lasloggar/forfattarportratt
html_200_root,20160414110046,http://cwaste.skolbloggen.se:80/svenska/litteraturanalys-och-lasloggar/forfattarportratt/,200,text/html,https://web.archive.org/web/20160414110046/http://cwaste.skolbloggen.se:80/svenska/litteraturanalys-och-lasloggar/forfattarportratt/
raw_http_prefix,20160416034643,http://cwaste.skolbloggen.se:80/svenska/litteraturanalys-och-lasloggar/forfattarportratt/feed/,200,application/rss+xml,https://web.archive.org/web/20160416034643/http://cwaste.skolbloggen.se:80/svenska/litteraturanalys-och-lasloggar/forfattarportratt/feed/
raw_http_prefix,20160416114435,http://cwaste.skolbloggen.se:80/?p=829,301,text/html,https://web.archive.org/web/20160416114435/http://cwaste.skolbloggen.se:80/?p=829
html_200_root,20160416114435,http://cwaste.skolbloggen.se:80/svenska/litteraturanalys-och-lasloggar/forfattarportratt/,200,text/html,https://web.archive.org/web/20160416114435/http://cwaste.skolbloggen.se:80/svenska/litteraturanalys-och-lasloggar/forfattarportratt/
raw_http_prefix,20160416114437,http://cwaste.skolbloggen.se:80/wp-json/oembed/1.0/embed?url=http%3A%2F%2Fcwaste.skolbloggen.se%2Fsvenska%2Flitteraturanalys-och-lasloggar%2Fforfattarportratt%2F&format=xml,404,text/html,https://web.archive.org/web/20160416114437/http://cwaste.skolbloggen.se:80/wp-json/oembed/1.0/embed?url=http%3A%2F%2Fcwaste.skolbloggen.se%2Fsvenska%2Flitteraturanalys-och-lasloggar%2Fforfattarportratt%2F&format=xml
raw_http_prefix,20160416125604,http://cwaste.skolbloggen.se:80/?wordfence_logHuman=1&hid=C7390D5F6D306E24A133E1180B9A8AF1,200,text/javascript,https://web.archive.org/web/20160416125604/http://cwaste.skolbloggen.se:80/?wordfence_logHuman=1&hid=C7390D5F6D306E24A133E1180B9A8AF1
raw_http_prefix,20160416235826,http://cwaste.skolbloggen.se:80/svenska/litteraturanalys-och-lasloggar/forfattarportratt/trackback/,302,text/html,https://web.archive.org/web/20160416235826/http://cwaste.skolbloggen.se:80/svenska/litteraturanalys-och-lasloggar/forfattarportratt/trackback/
raw_http_prefix,20160417021748,http://cwaste.skolbloggen.se:80/wp-json/oembed/1.0/embed?url=http%3A%2F%2Fcwaste.skolbloggen.se%2Fsvenska%2Flitteraturanalys-och-lasloggar%2Fforfattarportratt%2F,404,text/html,https://web.archive.org/web/20160417021748/http://cwaste.skolbloggen.se:80/wp-json/oembed/1.0/embed?url=http%3A%2F%2Fcwaste.skolbloggen.se%2Fsvenska%2Flitteraturanalys-och-lasloggar%2Fforfattarportratt%2F
raw_http_prefix,20160426014129,http://cwaste.skolbloggen.se:80/svenska/argumenterande-texter/skriva-insandaredebattartikel,301,text/html,https://web.archive.org/web/20160426014129/http://cwaste.skolbloggen.se:80/svenska/argumenterande-texter/skriva-insandaredebattartikel
html_200_root,20160426014129,http://cwaste.skolbloggen.se:80/svenska/argumenterande-texter/skriva-insandaredebattartikel/,200,text/html,https://web.archive.org/web/20160426014129/http://cwaste.skolbloggen.se:80/svenska/argumenterande-texter/skriva-insandaredebattartikel/
raw_http_prefix,20160428023411,http://cwaste.skolbloggen.se:80/svenska/argumenterande-texter/skriva-insandaredebattartikel/feed/,200,application/rss+xml,https://web.archive.org/web/20160428023411/http://cwaste.skolbloggen.se:80/svenska/argumenterande-texter/skriva-insandaredebattartikel/feed/
raw_http_prefix,20160430040020,http://cwaste.skolbloggen.se:80/svenska/referera/skriva-referat,301,text/html,https://web.archive.org/web/20160430040020/http://cwaste.skolbloggen.se:80/svenska/referera/skriva-referat
html_200_root,20160430040020,http://cwaste.skolbloggen.se:80/svenska/referera/skriva-referat/,200,text/html,https://web.archive.org/web/20160430040020/http://cwaste.skolbloggen.se:80/svenska/referera/skriva-referat/
raw_http_prefix,20160430163651,http://cwaste.skolbloggen.se:80/svenska/referera/fler-exempel,301,text/html,https://web.archive.org/web/20160430163651/http://cwaste.skolbloggen.se:80/svenska/referera/fler-exempel
html_200_root,20160430163651,http://cwaste.skolbloggen.se:80/svenska/referera/fler-exempel/,200,text/html,https://web.archive.org/web/20160430163651/http://cwaste.skolbloggen.se:80/svenska/referera/fler-exempel/
raw_http_prefix,20160501005845,http://cwaste.skolbloggen.se:80/svenska/talovningar,301,text/html,https://web.archive.org/web/20160501005845/http://cwaste.skolbloggen.se:80/svenska/talovningar
html_200_root,20160501005845,http://cwaste.skolbloggen.se:80/svenska/talovningar/,200,text/html,https://web.archive.org/web/20160501005845/http://cwaste.skolbloggen.se:80/svenska/talovningar/
raw_http_prefix,20160502014727,http://cwaste.skolbloggen.se:80/svenska/talovningar,301,text/html,https://web.archive.org/web/20160502014727/http://cwaste.skolbloggen.se:80/svenska/talovningar
html_200_root,20160502014727,http://cwaste.skolbloggen.se:80/svenska/talovningar/,200,text/html,https://web.archive.org/web/20160502014727/http://cwaste.skolbloggen.se:80/svenska/talovningar/
raw_http_prefix,20160511025711,http://cwaste.skolbloggen.se:80/svenska/skrivrad/nagra-vanliga-misstag,301,text/html,https://web.archive.org/web/20160511025711/http://cwaste.skolbloggen.se:80/svenska/skrivrad/nagra-vanliga-misstag
html_200_root,20160511025711,http://cwaste.skolbloggen.se:80/svenska/skrivrad/nagra-vanliga-misstag/,200,text/html,https://web.archive.org/web/20160511025711/http://cwaste.skolbloggen.se:80/svenska/skrivrad/nagra-vanliga-misstag/
raw_http_prefix,20160512171030,http://cwaste.skolbloggen.se:80/redovisning/textformatering,301,text/html,https://web.archive.org/web/20160512171030/http://cwaste.skolbloggen.se:80/redovisning/textformatering
html_200_root,20160512171030,http://cwaste.skolbloggen.se:80/redovisning/textformatering/,200,text/html,https://web.archive.org/web/20160512171030/http://cwaste.skolbloggen.se:80/redovisning/textformatering/
raw_http_prefix,20160512171034,http://cwaste.skolbloggen.se:80/studieteknik/sjalvskattning-av-studievanor,301,text/html,https://web.archive.org/web/20160512171034/http://cwaste.skolbloggen.se:80/studieteknik/sjalvskattning-av-studievanor
html_200_root,20160512171034,http://cwaste.skolbloggen.se:80/studieteknik/sjalvskattning-av-studievanor/,200,text/html,https://web.archive.org/web/20160512171034/http://cwaste.skolbloggen.se:80/studieteknik/sjalvskattning-av-studievanor/
raw_http_prefix,20160512171117,http://cwaste.skolbloggen.se:80/svenska,301,text/html,https://web.archive.org/web/20160512171117/http://cwaste.skolbloggen.se:80/svenska
html_200_root,20160512171117,http://cwaste.skolbloggen.se:80/svenska/,200,text/html,https://web.archive.org/web/20160512171117/http://cwaste.skolbloggen.se:80/svenska/
raw_http_prefix,20160512171922,http://cwaste.skolbloggen.se:80/svenska/argumenterande-texter,301,text/html,https://web.archive.org/web/20160512171922/http://cwaste.skolbloggen.se:80/svenska/argumenterande-texter
html_200_root,20160512171922,http://cwaste.skolbloggen.se:80/svenska/argumenterande-texter/,200,text/html,https://web.archive.org/web/20160512171922/http://cwaste.skolbloggen.se:80/svenska/argumenterande-texter/
raw_http_prefix,20160515160511,http://cwaste.skolbloggen.se:80/svenska/litteraturanalys-och-lasloggar/forfattarportratt,301,text/html,https://web.archive.org/web/20160515160511/http://cwaste.skolbloggen.se:80/svenska/litteraturanalys-och-lasloggar/forfattarportratt
html_200_root,20160515160511,http://cwaste.skolbloggen.se:80/svenska/litteraturanalys-och-lasloggar/forfattarportratt/,200,text/html,https://web.archive.org/web/20160515160511/http://cwaste.skolbloggen.se:80/svenska/litteraturanalys-och-lasloggar/forfattarportratt/
html_200_root,20160515164958,http://cwaste.skolbloggen.se:80/svenska/referera/fler-exempel/,200,text/html,https://web.archive.org/web/20160515164958/http://cwaste.skolbloggen.se:80/svenska/referera/fler-exempel/
raw_http_prefix,20160520154414,http://cwaste.skolbloggen.se:80/det-utvidgade-textbegreppet/bildanalys-ett-exempel,301,text/html,https://web.archive.org/web/20160520154414/http://cwaste.skolbloggen.se:80/det-utvidgade-textbegreppet/bildanalys-ett-exempel
html_200_root,20160520154414,http://cwaste.skolbloggen.se:80/det-utvidgade-textbegreppet/bildanalys-ett-exempel/,200,text/html,https://web.archive.org/web/20160520154414/http://cwaste.skolbloggen.se:80/det-utvidgade-textbegreppet/bildanalys-ett-exempel/
raw_http_prefix,20160523172459,http://cwaste.skolbloggen.se:80/det-utvidgade-textbegreppet/bildanalys-ett-exempel/feed/,200,application/rss+xml,https://web.archive.org/web/20160523172459/http://cwaste.skolbloggen.se:80/det-utvidgade-textbegreppet/bildanalys-ett-exempel/feed/
raw_http_prefix,20160527024926,http://cwaste.skolbloggen.se:80/svenska/argumenterande-texter/skriva-insandaredebattartikel,301,text/html,https://web.archive.org/web/20160527024926/http://cwaste.skolbloggen.se:80/svenska/argumenterande-texter/skriva-insandaredebattartikel
html_200_root,20160527024926,http://cwaste.skolbloggen.se:80/svenska/argumenterande-texter/skriva-insandaredebattartikel/,200,text/html,https://web.archive.org/web/20160527024926/http://cwaste.skolbloggen.se:80/svenska/argumenterande-texter/skriva-insandaredebattartikel/
raw_http_prefix,20160531014432,http://cwaste.skolbloggen.se:80/svenska/referera/skriva-referat,301,text/html,https://web.archive.org/web/20160531014432/http://cwaste.skolbloggen.se:80/svenska/referera/skriva-referat
html_200_root,20160531014432,http://cwaste.skolbloggen.se:80/svenska/referera/skriva-referat/,200,text/html,https://web.archive.org/web/20160531014432/http://cwaste.skolbloggen.se:80/svenska/referera/skriva-referat/
raw_http_prefix,20160531180529,http://cwaste.skolbloggen.se:80/svenska/referera/fler-exempel,301,text/html,https://web.archive.org/web/20160531180529/http://cwaste.skolbloggen.se:80/svenska/referera/fler-exempel
html_200_root,20160531180529,http://cwaste.skolbloggen.se:80/svenska/referera/fler-exempel/,200,text/html,https://web.archive.org/web/20160531180529/http://cwaste.skolbloggen.se:80/svenska/referera/fler-exempel/
raw_http_prefix,20160601234319,http://cwaste.skolbloggen.se:80/svenska/talovningar,301,text/html,https://web.archive.org/web/20160601234319/http://cwaste.skolbloggen.se:80/svenska/talovningar
html_200_root,20160601234319,http://cwaste.skolbloggen.se:80/svenska/talovningar/,200,text/html,https://web.archive.org/web/20160601234319/http://cwaste.skolbloggen.se:80/svenska/talovningar/
html_200_root,20160602000351,http://cwaste.skolbloggen.se:80/,200,text/html,https://web.archive.org/web/20160602000351/http://cwaste.skolbloggen.se:80/
raw_http_prefix,20160602044824,http://cwaste.skolbloggen.se:80/feed/,200,application/rss+xml,https://web.archive.org/web/20160602044824/http://cwaste.skolbloggen.se:80/feed/
html_200_root,20160602045242,http://cwaste.skolbloggen.se:80/wp-login.php,200,text/html,https://web.archive.org/web/20160602045242/http://cwaste.skolbloggen.se:80/wp-login.php
raw_http_prefix,20160609002035,http://cwaste.skolbloggen.se/robots.txt,-,warc/revisit,https://web.archive.org/web/20160609002035/http://cwaste.skolbloggen.se/robots.txt
html_200_root,20160609002042,http://cwaste.skolbloggen.se/,200,text/html,https://web.archive.org/web/20160609002042/http://cwaste.skolbloggen.se/
html_200_root,20160609172349,http://cwaste.skolbloggen.se:80/det-utvidgade-textbegreppet/bildanalys-ett-exempel/,200,text/html,https://web.archive.org/web/20160609172349/http://cwaste.skolbloggen.se:80/det-utvidgade-textbegreppet/bildanalys-ett-exempel/
raw_http_prefix,20160610190717,http://cwaste.skolbloggen.se:80/svenska/skrivrad/nagra-vanliga-misstag,301,text/html,https://web.archive.org/web/20160610190717/http://cwaste.skolbloggen.se:80/svenska/skrivrad/nagra-vanliga-misstag
html_200_root,20160610190717,http://cwaste.skolbloggen.se:80/svenska/skrivrad/nagra-vanliga-misstag/,200,text/html,https://web.archive.org/web/20160610190717/http://cwaste.skolbloggen.se:80/svenska/skrivrad/nagra-vanliga-misstag/
html_200_root,20160611034243,http://cwaste.skolbloggen.se:80/det-utvidgade-textbegreppet/bildanalys-ett-exempel/,200,text/html,https://web.archive.org/web/20160611034243/http://cwaste.skolbloggen.se:80/det-utvidgade-textbegreppet/bildanalys-ett-exempel/
raw_http_prefix,20160613045424,http://cwaste.skolbloggen.se:80/studieteknik/sjalvskattning-av-studievanor,301,text/html,https://web.archive.org/web/20160613045424/http://cwaste.skolbloggen.se:80/studieteknik/sjalvskattning-av-studievanor
html_200_root,20160613045424,http://cwaste.skolbloggen.se:80/studieteknik/sjalvskattning-av-studievanor/,200,text/html,https://web.archive.org/web/20160613045424/http://cwaste.skolbloggen.se:80/studieteknik/sjalvskattning-av-studievanor/
raw_http_prefix,20160613045546,http://cwaste.skolbloggen.se:80/svenska/argumenterande-texter,301,text/html,https://web.archive.org/web/20160613045546/http://cwaste.skolbloggen.se:80/svenska/argumenterande-texter
html_200_root,20160613045546,http://cwaste.skolbloggen.se:80/svenska/argumenterande-texter/,200,text/html,https://web.archive.org/web/20160613045546/http://cwaste.skolbloggen.se:80/svenska/argumenterande-texter/
raw_http_prefix,20160613050855,http://cwaste.skolbloggen.se:80/redovisning/textformatering,301,text/html,https://web.archive.org/web/20160613050855/http://cwaste.skolbloggen.se:80/redovisning/textformatering
html_200_root,20160613050855,http://cwaste.skolbloggen.se:80/redovisning/textformatering/,200,text/html,https://web.archive.org/web/20160613050855/http://cwaste.skolbloggen.se:80/redovisning/textformatering/
raw_http_prefix,20160613053808,http://cwaste.skolbloggen.se:80/svenska,301,text/html,https://web.archive.org/web/20160613053808/http://cwaste.skolbloggen.se:80/svenska
html_200_root,20160613053808,http://cwaste.skolbloggen.se:80/svenska/,200,text/html,https://web.archive.org/web/20160613053808/http://cwaste.skolbloggen.se:80/svenska/
raw_http_prefix,20160616192914,http://cwaste.skolbloggen.se:80/svenska/litteraturanalys-och-lasloggar/forfattarportratt,301,text/html,https://web.archive.org/web/20160616192914/http://cwaste.skolbloggen.se:80/svenska/litteraturanalys-och-lasloggar/forfattarportratt
html_200_root,20160616192914,http://cwaste.skolbloggen.se:80/svenska/litteraturanalys-och-lasloggar/forfattarportratt/,200,text/html,https://web.archive.org/web/20160616192914/http://cwaste.skolbloggen.se:80/svenska/litteraturanalys-och-lasloggar/forfattarportratt/
raw_http_prefix,20160621165938,http://cwaste.skolbloggen.se:80/det-utvidgade-textbegreppet/bildanalys-ett-exempel,301,text/html,https://web.archive.org/web/20160621165938/http://cwaste.skolbloggen.se:80/det-utvidgade-textbegreppet/bildanalys-ett-exempel
html_200_root,20160621165938,http://cwaste.skolbloggen.se:80/det-utvidgade-textbegreppet/bildanalys-ett-exempel/,200,text/html,https://web.archive.org/web/20160621165938/http://cwaste.skolbloggen.se:80/det-utvidgade-textbegreppet/bildanalys-ett-exempel/
raw_http_prefix,20160624093828,http://cwaste.skolbloggen.se/robots.txt,200,text/plain,https://web.archive.org/web/20160624093828/http://cwaste.skolbloggen.se/robots.txt
raw_http_prefix,20160624093831,http://cwaste.skolbloggen.se/wp-content/plugins/buddypress/bp-core/js/confirm.min.js?ver=761af2ca77b52d7047b2224a7b120f13,200,application/javascript,https://web.archive.org/web/20160624093831/http://cwaste.skolbloggen.se/wp-content/plugins/buddypress/bp-core/js/confirm.min.js?ver=761af2ca77b52d7047b2224a7b120f13
raw_http_prefix,20160624093856,http://cwaste.skolbloggen.se/wp-content/themes/carrington-blog.2.0/carrington-blog/css/css.php,200,text/css,https://web.archive.org/web/20160624093856/http://cwaste.skolbloggen.se/wp-content/themes/carrington-blog.2.0/carrington-blog/css/css.php
raw_http_prefix,20160624093927,http://cwaste.skolbloggen.se/robots.txt,200,text/plain,https://web.archive.org/web/20160624093927/http://cwaste.skolbloggen.se/robots.txt
raw_http_prefix,20160624093932,http://cwaste.skolbloggen.se/wp-content/plugins/buddypress/bp-templates/bp-legacy/js/buddypress.min.js?ver=761af2ca77b52d7047b2224a7b120f13,200,application/javascript,https://web.archive.org/web/20160624093932/http://cwaste.skolbloggen.se/wp-content/plugins/buddypress/bp-templates/bp-legacy/js/buddypress.min.js?ver=761af2ca77b52d7047b2224a7b120f13
raw_http_prefix,20160624094154,http://cwaste.skolbloggen.se/wp-content/plugins/buddypress/bp-core/js/jquery-query.min.js?ver=761af2ca77b52d7047b2224a7b120f13,200,application/javascript,https://web.archive.org/web/20160624094154/http://cwaste.skolbloggen.se/wp-content/plugins/buddypress/bp-core/js/jquery-query.min.js?ver=761af2ca77b52d7047b2224a7b120f13
raw_http_prefix,20160624094519,http://cwaste.skolbloggen.se/files/2010/05/logo-jamendo.jpg,200,image/jpeg,https://web.archive.org/web/20160624094519/http://cwaste.skolbloggen.se/files/2010/05/logo-jamendo.jpg
raw_http_prefix,20160624094632,http://cwaste.skolbloggen.se/robots.txt,200,text/plain,https://web.archive.org/web/20160624094632/http://cwaste.skolbloggen.se/robots.txt
raw_http_prefix,20160624094636,http://cwaste.skolbloggen.se/wp-content/themes/carrington-blog.2.0/carrington-blog/js/carrington.js?ver=761af2ca77b52d7047b2224a7b120f13,200,application/javascript,https://web.archive.org/web/20160624094636/http://cwaste.skolbloggen.se/wp-content/themes/carrington-blog.2.0/carrington-blog/js/carrington.js?ver=761af2ca77b52d7047b2224a7b120f13
raw_http_prefix,20160624094712,http://cwaste.skolbloggen.se/xmlrpc.php?rsd,200,text/xml,https://web.archive.org/web/20160624094712/http://cwaste.skolbloggen.se/xmlrpc.php?rsd
raw_http_prefix,20160624094933,http://cwaste.skolbloggen.se/robots.txt,200,text/plain,https://web.archive.org/web/20160624094933/http://cwaste.skolbloggen.se/robots.txt
raw_http_prefix,20160624094938,http://cwaste.skolbloggen.se/wp-content/plugins/buddypress/bp-core/js/jquery-scroll-to.min.js?ver=761af2ca77b52d7047b2224a7b120f13,200,application/javascript,https://web.archive.org/web/20160624094938/http://cwaste.skolbloggen.se/wp-content/plugins/buddypress/bp-core/js/jquery-scroll-to.min.js?ver=761af2ca77b52d7047b2224a7b120f13
raw_http_prefix,20160624095008,http://cwaste.skolbloggen.se/wp-includes/js/admin-bar.min.js?ver=761af2ca77b52d7047b2224a7b120f13,200,application/javascript,https://web.archive.org/web/20160624095008/http://cwaste.skolbloggen.se/wp-includes/js/admin-bar.min.js?ver=761af2ca77b52d7047b2224a7b120f13
raw_http_prefix,20160624095406,http://cwaste.skolbloggen.se/wp-content/themes/carrington-blog.2.0/carrington-blog/css/ie.css,200,text/css,https://web.archive.org/web/20160624095406/http://cwaste.skolbloggen.se/wp-content/themes/carrington-blog.2.0/carrington-blog/css/ie.css
raw_http_prefix,20160624095512,http://cwaste.skolbloggen.se/feed/,200,application/rss+xml,https://web.archive.org/web/20160624095512/http://cwaste.skolbloggen.se/feed/
raw_http_prefix,20160624095644,http://cwaste.skolbloggen.se/wp-content/plugins/buddypress/bp-core/css/buddybar.min.css?ver=761af2ca77b52d7047b2224a7b120f13,200,text/css,https://web.archive.org/web/20160624095644/http://cwaste.skolbloggen.se/wp-content/plugins/buddypress/bp-core/css/buddybar.min.css?ver=761af2ca77b52d7047b2224a7b120f13
raw_http_prefix,20160624095658,http://cwaste.skolbloggen.se/files/2010/05/logga_forskning_se.gif,200,image/gif,https://web.archive.org/web/20160624095658/http://cwaste.skolbloggen.se/files/2010/05/logga_forskning_se.gif
raw_http_prefix,20160624095728,http://cwaste.skolbloggen.se/files/2010/05/logga_pim.gif,200,image/gif,https://web.archive.org/web/20160624095728/http://cwaste.skolbloggen.se/files/2010/05/logga_pim.gif
raw_http_prefix,20160624095741,http://cwaste.skolbloggen.se/wp-content/themes/carrington-blog.2.0/carrington-blog/css/ie6.css,200,text/css,https://web.archive.org/web/20160624095741/http://cwaste.skolbloggen.se/wp-content/themes/carrington-blog.2.0/carrington-blog/css/ie6.css
raw_http_prefix,20160624095838,http://cwaste.skolbloggen.se/wp-content/themes/carrington-blog.2.0/carrington-blog/img/rss-button.gif,200,image/gif,https://web.archive.org/web/20160624095838/http://cwaste.skolbloggen.se/wp-content/themes/carrington-blog.2.0/carrington-blog/img/rss-button.gif
raw_http_prefix,20160624100448,http://cwaste.skolbloggen.se/wp-includes/js/wp-embed.min.js?ver=761af2ca77b52d7047b2224a7b120f13,200,application/javascript,https://web.archive.org/web/20160624100448/http://cwaste.skolbloggen.se/wp-includes/js/wp-embed.min.js?ver=761af2ca77b52d7047b2224a7b120f13
raw_http_prefix,20160624100451,http://cwaste.skolbloggen.se/wp-content/themes/carrington-blog.2.0/carrington-blog/carrington-core/lightbox/thickbox.js?ver=761af2ca77b52d7047b2224a7b120f13,200,application/javascript,https://web.archive.org/web/20160624100451/http://cwaste.skolbloggen.se/wp-content/themes/carrington-blog.2.0/carrington-blog/carrington-core/lightbox/thickbox.js?ver=761af2ca77b52d7047b2224a7b120f13
raw_http_prefix,20160624101307,http://cwaste.skolbloggen.se/wp-json/,404,text/html,https://web.archive.org/web/20160624101307/http://cwaste.skolbloggen.se/wp-json/
raw_http_prefix,20160624154045,http://cwaste.skolbloggen.se/wp-content/plugins/buddypress/bp-core/js/widget-members.min.js?ver=761af2ca77b52d7047b2224a7b120f13,200,application/javascript,https://web.archive.org/web/20160624154045/http://cwaste.skolbloggen.se/wp-content/plugins/buddypress/bp-core/js/widget-members.min.js?ver=761af2ca77b52d7047b2224a7b120f13
raw_http_prefix,20160624154051,http://cwaste.skolbloggen.se/files/2010/05/lankskafferiet_logga.gif,200,image/gif,https://web.archive.org/web/20160624154051/http://cwaste.skolbloggen.se/files/2010/05/lankskafferiet_logga.gif
html_200_root,20160624154055,http://cwaste.skolbloggen.se/2013/08/,200,text/html,https://web.archive.org/web/20160624154055/http://cwaste.skolbloggen.se/2013/08/
raw_http_prefix,20160624154102,http://cwaste.skolbloggen.se/wp-content/plugins/pro-sites/pro-sites-files/js/tax.js?ver=761af2ca77b52d7047b2224a7b120f13,200,application/javascript,https://web.archive.org/web/20160624154102/http://cwaste.skolbloggen.se/wp-content/plugins/pro-sites/pro-sites-files/js/tax.js?ver=761af2ca77b52d7047b2224a7b120f13
raw_http_prefix,20160624154110,http://cwaste.skolbloggen.se/wp-includes/wlwmanifest.xml,200,application/xml,https://web.archive.org/web/20160624154110/http://cwaste.skolbloggen.se/wp-includes/wlwmanifest.xml
raw_http_prefix,20160624154114,http://cwaste.skolbloggen.se/wp-content/themes/carrington-blog.2.0/carrington-blog/js/iepngfix_tilebg.js,200,application/javascript,https://web.archive.org/web/20160624154114/http://cwaste.skolbloggen.se/wp-content/themes/carrington-blog.2.0/carrington-blog/js/iepngfix_tilebg.js
raw_http_prefix,20160624154624,http://cwaste.skolbloggen.se/wp-content/plugins/admin-bar-login/admin-bar-login.css?ver=761af2ca77b52d7047b2224a7b120f13,200,text/css,https://web.archive.org/web/20160624154624/http://cwaste.skolbloggen.se/wp-content/plugins/admin-bar-login/admin-bar-login.css?ver=761af2ca77b52d7047b2224a7b120f13
raw_http_prefix,20160624154627,http://cwaste.skolbloggen.se/wp-includes/css/admin-bar.min.css?ver=761af2ca77b52d7047b2224a7b120f13,200,text/css,https://web.archive.org/web/20160624154627/http://cwaste.skolbloggen.se/wp-includes/css/admin-bar.min.css?ver=761af2ca77b52d7047b2224a7b120f13
raw_http_prefix,20160624154631,http://cwaste.skolbloggen.se/wp-includes/js/jquery/jquery-migrate.min.js?ver=761af2ca77b52d7047b2224a7b120f13,200,application/javascript,https://web.archive.org/web/20160624154631/http://cwaste.skolbloggen.se/wp-includes/js/jquery/jquery-migrate.min.js?ver=761af2ca77b52d7047b2224a7b120f13
raw_http_prefix,20160624154634,http://cwaste.skolbloggen.se/favicon.ico,200,image/x-icon,https://web.archive.org/web/20160624154634/http://cwaste.skolbloggen.se/favicon.ico
raw_http_prefix,20160624160156,http://cwaste.skolbloggen.se/files/2010/05/logotype-mediekompass.jpg,200,image/jpeg,https://web.archive.org/web/20160624160156/http://cwaste.skolbloggen.se/files/2010/05/logotype-mediekompass.jpg
raw_http_prefix,20160624160202,http://cwaste.skolbloggen.se/wp-content/plugins/buddypress/bp-core/js/jquery-cookie.min.js?ver=761af2ca77b52d7047b2224a7b120f13,200,application/javascript,https://web.archive.org/web/20160624160202/http://cwaste.skolbloggen.se/wp-content/plugins/buddypress/bp-core/js/jquery-cookie.min.js?ver=761af2ca77b52d7047b2224a7b120f13
raw_http_prefix,20160624160220,http://cwaste.skolbloggen.se/files/2010/05/logotype.gif,200,image/gif,https://web.archive.org/web/20160624160220/http://cwaste.skolbloggen.se/files/2010/05/logotype.gif
raw_http_prefix,20160627062746,http://cwaste.skolbloggen.se:80/svenska/argumenterande-texter/skriva-insandaredebattartikel,301,text/html,https://web.archive.org/web/20160627062746/http://cwaste.skolbloggen.se:80/svenska/argumenterande-texter/skriva-insandaredebattartikel
html_200_root,20160627062746,http://cwaste.skolbloggen.se:80/svenska/argumenterande-texter/skriva-insandaredebattartikel/,200,text/html,https://web.archive.org/web/20160627062746/http://cwaste.skolbloggen.se:80/svenska/argumenterande-texter/skriva-insandaredebattartikel/
raw_http_prefix,20160629091628,http://cwaste.skolbloggen.se/robots.txt,200,text/plain,https://web.archive.org/web/20160629091628/http://cwaste.skolbloggen.se/robots.txt
raw_http_prefix,20160629091722,http://cwaste.skolbloggen.se/wp-content/themes/carrington-blog.2.0/carrington-blog/carrington-core/lightbox/css/thickbox.css,200,text/css,https://web.archive.org/web/20160629091722/http://cwaste.skolbloggen.se/wp-content/themes/carrington-blog.2.0/carrington-blog/carrington-core/lightbox/css/thickbox.css
raw_http_prefix,20160629091937,http://cwaste.skolbloggen.se/wp-content/themes/carrington-blog.2.0/carrington-blog/css/iepngfix.htc,200,text/x-component,https://web.archive.org/web/20160629091937/http://cwaste.skolbloggen.se/wp-content/themes/carrington-blog.2.0/carrington-blog/css/iepngfix.htc
raw_http_prefix,20160629092450,http://cwaste.skolbloggen.se/xmlrpc.php,405,text/plain,https://web.archive.org/web/20160629092450/http://cwaste.skolbloggen.se/xmlrpc.php
raw_http_prefix,20160701160402,http://cwaste.skolbloggen.se:80/svenska/referera/fler-exempel,301,text/html,https://web.archive.org/web/20160701160402/http://cwaste.skolbloggen.se:80/svenska/referera/fler-exempel
html_200_root,20160701160402,http://cwaste.skolbloggen.se:80/svenska/referera/fler-exempel/,200,text/html,https://web.archive.org/web/20160701160402/http://cwaste.skolbloggen.se:80/svenska/referera/fler-exempel/
raw_http_prefix,20160702202838,http://cwaste.skolbloggen.se:80/svenska/referera/skriva-referat,301,text/html,https://web.archive.org/web/20160702202838/http://cwaste.skolbloggen.se:80/svenska/referera/skriva-referat
html_200_root,20160702202838,http://cwaste.skolbloggen.se:80/svenska/referera/skriva-referat/,200,text/html,https://web.archive.org/web/20160702202838/http://cwaste.skolbloggen.se:80/svenska/referera/skriva-referat/
raw_http_prefix,20160707082212,http://cwaste.skolbloggen.se:80/svenska/referera/ex-pa-referatmarkorer,301,text/html,https://web.archive.org/web/20160707082212/http://cwaste.skolbloggen.se:80/svenska/referera/ex-pa-referatmarkorer
html_200_root,20160707082212,http://cwaste.skolbloggen.se:80/svenska/referera/ex-pa-referatmarkorer/,200,text/html,https://web.archive.org/web/20160707082212/http://cwaste.skolbloggen.se:80/svenska/referera/ex-pa-referatmarkorer/
html_200_root,20160709121309,http://cwaste.skolbloggen.se:80/svenska/referera/ex-pa-referatmarkorer/,200,text/html,https://web.archive.org/web/20160709121309/http://cwaste.skolbloggen.se:80/svenska/referera/ex-pa-referatmarkorer/
raw_http_prefix,20160709203504,http://cwaste.skolbloggen.se:80/svenska/referera/ex-pa-referatmarkorer/feed/,200,application/rss+xml,https://web.archive.org/web/20160709203504/http://cwaste.skolbloggen.se:80/svenska/referera/ex-pa-referatmarkorer/feed/
raw_http_prefix,20160714004021,http://cwaste.skolbloggen.se:80/studieteknik/sjalvskattning-av-studievanor,301,text/html,https://web.archive.org/web/20160714004021/http://cwaste.skolbloggen.se:80/studieteknik/sjalvskattning-av-studievanor
html_200_root,20160714004021,http://cwaste.skolbloggen.se:80/studieteknik/sjalvskattning-av-studievanor/,200,text/html,https://web.archive.org/web/20160714004021/http://cwaste.skolbloggen.se:80/studieteknik/sjalvskattning-av-studievanor/
raw_http_prefix,20160714004544,http://cwaste.skolbloggen.se:80/redovisning/textformatering,301,text/html,https://web.archive.org/web/20160714004544/http://cwaste.skolbloggen.se:80/redovisning/textformatering
html_200_root,20160714004544,http://cwaste.skolbloggen.se:80/redovisning/textformatering/,200,text/html,https://web.archive.org/web/20160714004544/http://cwaste.skolbloggen.se:80/redovisning/textformatering/
raw_http_prefix,20160714004615,http://cwaste.skolbloggen.se:80/svenska/argumenterande-texter,301,text/html,https://web.archive.org/web/20160714004615/http://cwaste.skolbloggen.se:80/svenska/argumenterande-texter
html_200_root,20160714004615,http://cwaste.skolbloggen.se:80/svenska/argumenterande-texter/,200,text/html,https://web.archive.org/web/20160714004615/http://cwaste.skolbloggen.se:80/svenska/argumenterande-texter/
raw_http_prefix,20160714005238,http://cwaste.skolbloggen.se:80/svenska,301,text/html,https://web.archive.org/web/20160714005238/http://cwaste.skolbloggen.se:80/svenska
raw_http_prefix,20160715014257,http://cwaste.skolbloggen.se:80/studieteknik/sjalvskattning-av-studievanor,301,text/html,https://web.archive.org/web/20160715014257/http://cwaste.skolbloggen.se:80/studieteknik/sjalvskattning-av-studievanor
html_200_root,20160715014257,http://cwaste.skolbloggen.se:80/studieteknik/sjalvskattning-av-studievanor/,200,text/html,https://web.archive.org/web/20160715014257/http://cwaste.skolbloggen.se:80/studieteknik/sjalvskattning-av-studievanor/
raw_http_prefix,20160715014424,http://cwaste.skolbloggen.se:80/svenska/argumenterande-texter,301,text/html,https://web.archive.org/web/20160715014424/http://cwaste.skolbloggen.se:80/svenska/argumenterande-texter
html_200_root,20160715014424,http://cwaste.skolbloggen.se:80/svenska/argumenterande-texter/,200,text/html,https://web.archive.org/web/20160715014424/http://cwaste.skolbloggen.se:80/svenska/argumenterande-texter/
raw_http_prefix,20160715022914,http://cwaste.skolbloggen.se:80/redovisning/textformatering,301,text/html,https://web.archive.org/web/20160715022914/http://cwaste.skolbloggen.se:80/redovisning/textformatering
html_200_root,20160715022914,http://cwaste.skolbloggen.se:80/redovisning/textformatering/,200,text/html,https://web.archive.org/web/20160715022914/http://cwaste.skolbloggen.se:80/redovisning/textformatering/
raw_http_prefix,20160715024947,http://cwaste.skolbloggen.se:80/svenska,301,text/html,https://web.archive.org/web/20160715024947/http://cwaste.skolbloggen.se:80/svenska
html_200_root,20160715024947,http://cwaste.skolbloggen.se:80/svenska/,200,text/html,https://web.archive.org/web/20160715024947/http://cwaste.skolbloggen.se:80/svenska/
raw_http_prefix,20160718153015,http://cwaste.skolbloggen.se:80/svenska/litteraturanalys-och-lasloggar/forfattarportratt,301,text/html,https://web.archive.org/web/20160718153015/http://cwaste.skolbloggen.se:80/svenska/litteraturanalys-och-lasloggar/forfattarportratt
html_200_root,20160718153015,http://cwaste.skolbloggen.se:80/svenska/litteraturanalys-och-lasloggar/forfattarportratt/,200,text/html,https://web.archive.org/web/20160718153015/http://cwaste.skolbloggen.se:80/svenska/litteraturanalys-och-lasloggar/forfattarportratt/
raw_http_prefix,20160722235005,http://cwaste.skolbloggen.se:80/det-utvidgade-textbegreppet/bildanalys-ett-exempel,301,text/html,https://web.archive.org/web/20160722235005/http://cwaste.skolbloggen.se:80/det-utvidgade-textbegreppet/bildanalys-ett-exempel
html_200_root,20160722235005,http://cwaste.skolbloggen.se:80/det-utvidgade-textbegreppet/bildanalys-ett-exempel/,200,text/html,https://web.archive.org/web/20160722235005/http://cwaste.skolbloggen.se:80/det-utvidgade-textbegreppet/bildanalys-ett-exempel/
raw_http_prefix,20160729021350,http://cwaste.skolbloggen.se:80/svenska/argumenterande-texter/skriva-insandaredebattartikel,301,text/html,https://web.archive.org/web/20160729021350/http://cwaste.skolbloggen.se:80/svenska/argumenterande-texter/skriva-insandaredebattartikel
html_200_root,20160729021350,http://cwaste.skolbloggen.se:80/svenska/argumenterande-texter/skriva-insandaredebattartikel/,200,text/html,https://web.archive.org/web/20160729021350/http://cwaste.skolbloggen.se:80/svenska/argumenterande-texter/skriva-insandaredebattartikel/
raw_http_prefix,20160801125859,http://cwaste.skolbloggen.se:80/svenska/referera/fler-exempel,301,text/html,https://web.archive.org/web/20160801125859/http://cwaste.skolbloggen.se:80/svenska/referera/fler-exempel
html_200_root,20160801125859,http://cwaste.skolbloggen.se:80/svenska/referera/fler-exempel/,200,text/html,https://web.archive.org/web/20160801125859/http://cwaste.skolbloggen.se:80/svenska/referera/fler-exempel/
raw_http_prefix,20160802141957,http://cwaste.skolbloggen.se:80/svenska/referera/fler-exempel,301,text/html,https://web.archive.org/web/20160802141957/http://cwaste.skolbloggen.se:80/svenska/referera/fler-exempel
html_200_root,20160802141957,http://cwaste.skolbloggen.se:80/svenska/referera/fler-exempel/,200,text/html,https://web.archive.org/web/20160802141957/http://cwaste.skolbloggen.se:80/svenska/referera/fler-exempel/
html_200_root,20160803050331,http://cwaste.skolbloggen.se:80/,200,text/html,https://web.archive.org/web/20160803050331/http://cwaste.skolbloggen.se:80/
raw_http_prefix,20160803205017,http://cwaste.skolbloggen.se/robots.txt,200,text/plain,https://web.archive.org/web/20160803205017/http://cwaste.skolbloggen.se/robots.txt
raw_http_prefix,20160803205021,http://cwaste.skolbloggen.se/wp-content/themes/carrington-blog.2.0/carrington-blog/img/sidebar-background.gif,200,image/gif,https://web.archive.org/web/20160803205021/http://cwaste.skolbloggen.se/wp-content/themes/carrington-blog.2.0/carrington-blog/img/sidebar-background.gif
raw_http_prefix,20160803205135,http://cwaste.skolbloggen.se/robots.txt,200,text/plain,https://web.archive.org/web/20160803205135/http://cwaste.skolbloggen.se/robots.txt
raw_http_prefix,20160803205142,http://cwaste.skolbloggen.se/wp-content/themes/carrington-blog.2.0/carrington-blog/img/sub-header-border-bottom.gif,200,image/gif,https://web.archive.org/web/20160803205142/http://cwaste.skolbloggen.se/wp-content/themes/carrington-blog.2.0/carrington-blog/img/sub-header-border-bottom.gif
raw_http_prefix,20160803205325,http://cwaste.skolbloggen.se/robots.txt,200,text/plain,https://web.archive.org/web/20160803205325/http://cwaste.skolbloggen.se/robots.txt
raw_http_prefix,20160803205332,http://cwaste.skolbloggen.se/wp-content/themes/carrington-blog.2.0/carrington-blog/img/attachment/150px-flourish-right-dark.png,200,image/png,https://web.archive.org/web/20160803205332/http://cwaste.skolbloggen.se/wp-content/themes/carrington-blog.2.0/carrington-blog/img/attachment/150px-flourish-right-dark.png
raw_http_prefix,20160803205407,http://cwaste.skolbloggen.se/wp-content/themes/carrington-blog.2.0/carrington-blog/img/comment-thread.gif,200,image/gif,https://web.archive.org/web/20160803205407/http://cwaste.skolbloggen.se/wp-content/themes/carrington-blog.2.0/carrington-blog/img/comment-thread.gif
raw_http_prefix,20160803205502,http://cwaste.skolbloggen.se/robots.txt,200,text/plain,https://web.archive.org/web/20160803205502/http://cwaste.skolbloggen.se/robots.txt
raw_http_prefix,20160803205506,http://cwaste.skolbloggen.se/wp-content/themes/carrington-blog.2.0/carrington-blog/img/ie/by-crowd-favorite.gif,200,image/gif,https://web.archive.org/web/20160803205506/http://cwaste.skolbloggen.se/wp-content/themes/carrington-blog.2.0/carrington-blog/img/ie/by-crowd-favorite.gif
raw_http_prefix,20160803205511,http://cwaste.skolbloggen.se/wp-content/themes/carrington-blog.2.0/carrington-blog/img/attachment/150px-flourish-left-dark.png,200,image/png,https://web.archive.org/web/20160803205511/http://cwaste.skolbloggen.se/wp-content/themes/carrington-blog.2.0/carrington-blog/img/attachment/150px-flourish-left-dark.png
raw_http_prefix,20160803205519,http://cwaste.skolbloggen.se/wp-content/themes/carrington-blog.2.0/carrington-blog/img/comments-divider.gif,200,image/gif,https://web.archive.org/web/20160803205519/http://cwaste.skolbloggen.se/wp-content/themes/carrington-blog.2.0/carrington-blog/img/comments-divider.gif
raw_http_prefix,20160803205601,http://cwaste.skolbloggen.se/wp-content/themes/carrington-blog.2.0/carrington-blog/img/footer/gradient-dark.png,200,image/png,https://web.archive.org/web/20160803205601/http://cwaste.skolbloggen.se/wp-content/themes/carrington-blog.2.0/carrington-blog/img/footer/gradient-dark.png
raw_http_prefix,20160803205607,http://cwaste.skolbloggen.se/wp-content/themes/carrington-blog.2.0/carrington-blog/img/grey-to-white-gradient.png,200,image/png,https://web.archive.org/web/20160803205607/http://cwaste.skolbloggen.se/wp-content/themes/carrington-blog.2.0/carrington-blog/img/grey-to-white-gradient.png
raw_http_prefix,20160803205742,http://cwaste.skolbloggen.se/wp-content/themes/carrington-blog.2.0/carrington-blog/img/dropdown-divider.gif,200,image/gif,https://web.archive.org/web/20160803205742/http://cwaste.skolbloggen.se/wp-content/themes/carrington-blog.2.0/carrington-blog/img/dropdown-divider.gif
raw_http_prefix,20160803205814,http://cwaste.skolbloggen.se/wp-content/themes/carrington-blog.2.0/carrington-blog/img/watermark-light.gif,200,image/gif,https://web.archive.org/web/20160803205814/http://cwaste.skolbloggen.se/wp-content/themes/carrington-blog.2.0/carrington-blog/img/watermark-light.gif
raw_http_prefix,20160803205929,http://cwaste.skolbloggen.se/wp-content/themes/carrington-blog.2.0/carrington-blog/img/header/gradient-dark.png,200,image/png,https://web.archive.org/web/20160803205929/http://cwaste.skolbloggen.se/wp-content/themes/carrington-blog.2.0/carrington-blog/img/header/gradient-dark.png
raw_http_prefix,20160803210007,http://cwaste.skolbloggen.se/wp-content/plugins/buddypress/bp-core/images/admin-menu-arrow.gif,200,image/gif,https://web.archive.org/web/20160803210007/http://cwaste.skolbloggen.se/wp-content/plugins/buddypress/bp-core/images/admin-menu-arrow.gif
raw_http_prefix,20160803210042,http://cwaste.skolbloggen.se/wp-content/themes/carrington-blog.2.0/carrington-blog/img/lightbox/nextlabel.gif,200,image/gif,https://web.archive.org/web/20160803210042/http://cwaste.skolbloggen.se/wp-content/themes/carrington-blog.2.0/carrington-blog/img/lightbox/nextlabel.gif
raw_http_prefix,20160803210713,http://cwaste.skolbloggen.se/wp-content/themes/carrington-blog.2.0/carrington-blog/img/divider-ornament-wide-dark.png,200,image/png,https://web.archive.org/web/20160803210713/http://cwaste.skolbloggen.se/wp-content/themes/carrington-blog.2.0/carrington-blog/img/divider-ornament-wide-dark.png
raw_http_prefix,20160803210753,http://cwaste.skolbloggen.se/wp-content/themes/carrington-blog.2.0/carrington-blog/img/spinner.gif,200,image/gif,https://web.archive.org/web/20160803210753/http://cwaste.skolbloggen.se/wp-content/themes/carrington-blog.2.0/carrington-blog/img/spinner.gif
raw_http_prefix,20160803210813,http://cwaste.skolbloggen.se/wp-content/themes/carrington-blog.2.0/carrington-blog/img/comment.gif,200,image/gif,https://web.archive.org/web/20160803210813/http://cwaste.skolbloggen.se/wp-content/themes/carrington-blog.2.0/carrington-blog/img/comment.gif
raw_http_prefix,20160803210925,http://cwaste.skolbloggen.se/wp-content/themes/carrington-blog.2.0/carrington-blog/img/arrow-bullet.gif,200,image/gif,https://web.archive.org/web/20160803210925/http://cwaste.skolbloggen.se/wp-content/themes/carrington-blog.2.0/carrington-blog/img/arrow-bullet.gif
raw_http_prefix,20160803211003,http://cwaste.skolbloggen.se/wp-content/plugins/buddypress/bp-core/images/60pc_black.png,200,image/png,https://web.archive.org/web/20160803211003/http://cwaste.skolbloggen.se/wp-content/plugins/buddypress/bp-core/images/60pc_black.png
raw_http_prefix,20160803211155,http://cwaste.skolbloggen.se/wp-content/themes/carrington-blog.2.0/carrington-blog/img/lightbox/prevlabel.gif,200,image/gif,https://web.archive.org/web/20160803211155/http://cwaste.skolbloggen.se/wp-content/themes/carrington-blog.2.0/carrington-blog/img/lightbox/prevlabel.gif
raw_http_prefix,20160803211404,http://cwaste.skolbloggen.se/wp-content/themes/carrington-blog.2.0/carrington-blog/img/footer/by-crowd-favorite-light.png,200,image/png,https://web.archive.org/web/20160803211404/http://cwaste.skolbloggen.se/wp-content/themes/carrington-blog.2.0/carrington-blog/img/footer/by-crowd-favorite-light.png
raw_http_prefix,20160803211423,http://cwaste.skolbloggen.se/wp-content/themes/carrington-blog.2.0/carrington-blog/img/divider-ornament.gif,200,image/gif,https://web.archive.org/web/20160803211423/http://cwaste.skolbloggen.se/wp-content/themes/carrington-blog.2.0/carrington-blog/img/divider-ornament.gif
raw_http_prefix,20160803211439,http://cwaste.skolbloggen.se/wp-content/themes/carrington-blog.2.0/carrington-blog/img/header/texture-dark.png,200,image/png,https://web.archive.org/web/20160803211439/http://cwaste.skolbloggen.se/wp-content/themes/carrington-blog.2.0/carrington-blog/img/header/texture-dark.png
raw_http_prefix,20160803211451,http://cwaste.skolbloggen.se/wp-content/themes/carrington-blog.2.0/carrington-blog/img/footer/divider-ornament-wide-light.png,200,image/png,https://web.archive.org/web/20160803211451/http://cwaste.skolbloggen.se/wp-content/themes/carrington-blog.2.0/carrington-blog/img/footer/divider-ornament-wide-light.png
raw_http_prefix,20160803211528,http://cwaste.skolbloggen.se/wp-content/themes/carrington-blog.2.0/carrington-blog/img/header/texture-light.png,200,image/png,https://web.archive.org/web/20160803211528/http://cwaste.skolbloggen.se/wp-content/themes/carrington-blog.2.0/carrington-blog/img/header/texture-light.png
raw_http_prefix,20160804025312,http://cwaste.skolbloggen.se/wp-content/plugins/buddypress/bp-core/js/confirm.min.js?ver=2.5.1,200,application/javascript,https://web.archive.org/web/20160804025312/http://cwaste.skolbloggen.se/wp-content/plugins/buddypress/bp-core/js/confirm.min.js?ver=2.5.1
raw_http_prefix,20160804025315,http://cwaste.skolbloggen.se/wp-includes/js/admin-bar.min.js?ver=61a4cb4f392d662a87866245baf7a704,200,application/javascript,https://web.archive.org/web/20160804025315/http://cwaste.skolbloggen.se/wp-includes/js/admin-bar.min.js?ver=61a4cb4f392d662a87866245baf7a704
raw_http_prefix,20160804025319,http://cwaste.skolbloggen.se/wp-content/themes/carrington-blog.2.0/carrington-blog/carrington-core/lightbox/img/blank.gif,200,image/gif,https://web.archive.org/web/20160804025319/http://cwaste.skolbloggen.se/wp-content/themes/carrington-blog.2.0/carrington-blog/carrington-core/lightbox/img/blank.gif
raw_http_prefix,20160804025403,http://cwaste.skolbloggen.se/wp-includes/css/dashicons.min.css?ver=61a4cb4f392d662a87866245baf7a704,200,text/css,https://web.archive.org/web/20160804025403/http://cwaste.skolbloggen.se/wp-includes/css/dashicons.min.css?ver=61a4cb4f392d662a87866245baf7a704
raw_http_prefix,20160804025407,http://cwaste.skolbloggen.se/wp-includes/css/admin-bar.min.css?ver=61a4cb4f392d662a87866245baf7a704,200,text/css,https://web.archive.org/web/20160804025407/http://cwaste.skolbloggen.se/wp-includes/css/admin-bar.min.css?ver=61a4cb4f392d662a87866245baf7a704
raw_http_prefix,20160804025410,http://cwaste.skolbloggen.se/wp-content/themes/carrington-blog.2.0/carrington-blog/carrington-core/lightbox/img/macFFBgHack.png,200,image/png,https://web.archive.org/web/20160804025410/http://cwaste.skolbloggen.se/wp-content/themes/carrington-blog.2.0/carrington-blog/carrington-core/lightbox/img/macFFBgHack.png
raw_http_prefix,20160804030733,http://cwaste.skolbloggen.se/wp-includes/js/jquery/jquery-migrate.min.js?ver=1.4.1,200,application/javascript,https://web.archive.org/web/20160804030733/http://cwaste.skolbloggen.se/wp-includes/js/jquery/jquery-migrate.min.js?ver=1.4.1
raw_http_prefix,20160804030736,http://cwaste.skolbloggen.se/wp-content/plugins/buddypress/bp-core/js/jquery-query.min.js?ver=2.5.1,200,application/javascript,https://web.archive.org/web/20160804030736/http://cwaste.skolbloggen.se/wp-content/plugins/buddypress/bp-core/js/jquery-query.min.js?ver=2.5.1
raw_http_prefix,20160804030812,http://cwaste.skolbloggen.se/wp-content/plugins/pro-sites/pro-sites-files/js/tax.js?ver=3.5.2,200,application/javascript,https://web.archive.org/web/20160804030812/http://cwaste.skolbloggen.se/wp-content/plugins/pro-sites/pro-sites-files/js/tax.js?ver=3.5.2
raw_http_prefix,20160804030815,http://cwaste.skolbloggen.se/wp-content/plugins/buddypress/bp-templates/bp-legacy/js/buddypress.min.js?ver=2.5.1,200,application/javascript,https://web.archive.org/web/20160804030815/http://cwaste.skolbloggen.se/wp-content/plugins/buddypress/bp-templates/bp-legacy/js/buddypress.min.js?ver=2.5.1
raw_http_prefix,20160804030819,http://cwaste.skolbloggen.se/wp-content/plugins/buddypress/bp-core/js/widget-members.min.js?ver=2.5.1,200,application/javascript,https://web.archive.org/web/20160804030819/http://cwaste.skolbloggen.se/wp-content/plugins/buddypress/bp-core/js/widget-members.min.js?ver=2.5.1
raw_http_prefix,20160804030822,http://cwaste.skolbloggen.se/wp-content/plugins/buddypress/bp-core/css/buddybar.min.css?ver=2.5.1,200,text/css,https://web.archive.org/web/20160804030822/http://cwaste.skolbloggen.se/wp-content/plugins/buddypress/bp-core/css/buddybar.min.css?ver=2.5.1
raw_http_prefix,20160807124926,http://cwaste.skolbloggen.se:80/svenska/referera/ex-pa-referatmarkorer,301,text/html,https://web.archive.org/web/20160807124926/http://cwaste.skolbloggen.se:80/svenska/referera/ex-pa-referatmarkorer
html_200_root,20160807124926,http://cwaste.skolbloggen.se:80/svenska/referera/ex-pa-referatmarkorer/,200,text/html,https://web.archive.org/web/20160807124926/http://cwaste.skolbloggen.se:80/svenska/referera/ex-pa-referatmarkorer/
raw_http_prefix,20160823025940,http://cwaste.skolbloggen.se:80/det-utvidgade-textbegreppet/bildanalys-ett-exempel,301,text/html,https://web.archive.org/web/20160823025940/http://cwaste.skolbloggen.se:80/det-utvidgade-textbegreppet/bildanalys-ett-exempel
html_200_root,20160823025940,http://cwaste.skolbloggen.se:80/det-utvidgade-textbegreppet/bildanalys-ett-exempel/,200,text/html,https://web.archive.org/web/20160823025940/http://cwaste.skolbloggen.se:80/det-utvidgade-textbegreppet/bildanalys-ett-exempel/
raw_http_prefix,20160829085913,http://cwaste.skolbloggen.se:80/svenska/argumenterande-texter/skriva-insandaredebattartikel,301,text/html,https://web.archive.org/web/20160829085913/http://cwaste.skolbloggen.se:80/svenska/argumenterande-texter/skriva-insandaredebattartikel
html_200_root,20160829085913,http://cwaste.skolbloggen.se:80/svenska/argumenterande-texter/skriva-insandaredebattartikel/,200,text/html,https://web.archive.org/web/20160829085913/http://cwaste.skolbloggen.se:80/svenska/argumenterande-texter/skriva-insandaredebattartikel/
raw_http_prefix,20160908020756,http://cwaste.skolbloggen.se:80/svenska/referera/ex-pa-referatmarkorer,301,text/html,https://web.archive.org/web/20160908020756/http://cwaste.skolbloggen.se:80/svenska/referera/ex-pa-referatmarkorer
html_200_root,20160908020756,http://cwaste.skolbloggen.se:80/svenska/referera/ex-pa-referatmarkorer/,200,text/html,https://web.archive.org/web/20160908020756/http://cwaste.skolbloggen.se:80/svenska/referera/ex-pa-referatmarkorer/
raw_http_prefix,20160908110216,http://cwaste.skolbloggen.se:80/studieteknik,301,text/html,https://web.archive.org/web/20160908110216/http://cwaste.skolbloggen.se:80/studieteknik
html_200_root,20160908110216,http://cwaste.skolbloggen.se:80/studieteknik/,200,text/html,https://web.archive.org/web/20160908110216/http://cwaste.skolbloggen.se:80/studieteknik/
raw_http_prefix,20160911023523,http://cwaste.skolbloggen.se:80/svenska/referera/fler-exempel,301,text/html,https://web.archive.org/web/20160911023523/http://cwaste.skolbloggen.se:80/svenska/referera/fler-exempel
html_200_root,20160911023523,http://cwaste.skolbloggen.se:80/svenska/referera/fler-exempel/,200,text/html,https://web.archive.org/web/20160911023523/http://cwaste.skolbloggen.se:80/svenska/referera/fler-exempel/
html_200_root,20160912144054,http://cwaste.skolbloggen.se:80/studieteknik/,200,text/html,https://web.archive.org/web/20160912144054/http://cwaste.skolbloggen.se:80/studieteknik/
html_200_root,20160912144125,http://cwaste.skolbloggen.se:80/wp-login.php,200,text/html,https://web.archive.org/web/20160912144125/http://cwaste.skolbloggen.se:80/wp-login.php
raw_http_prefix,20160912144251,http://cwaste.skolbloggen.se:80/feed/,200,application/rss+xml,https://web.archive.org/web/20160912144251/http://cwaste.skolbloggen.se:80/feed/
raw_http_prefix,20160916083623,http://cwaste.skolbloggen.se:80/svenska/litteraturanalys-och-lasloggar,301,text/html,https://web.archive.org/web/20160916083623/http://cwaste.skolbloggen.se:80/svenska/litteraturanalys-och-lasloggar
html_200_root,20160916083623,http://cwaste.skolbloggen.se:80/svenska/litteraturanalys-och-lasloggar/,200,text/html,https://web.archive.org/web/20160916083623/http://cwaste.skolbloggen.se:80/svenska/litteraturanalys-och-lasloggar/
raw_http_prefix,20160916093759,http://cwaste.skolbloggen.se:80/svenska/litteraturanalys-och-lasloggar/laslogg-1-presentation-bokens-inledning-berattarteknik,301,text/html,https://web.archive.org/web/20160916093759/http://cwaste.skolbloggen.se:80/svenska/litteraturanalys-och-lasloggar/laslogg-1-presentation-bokens-inledning-berattarteknik
html_200_root,20160916093759,http://cwaste.skolbloggen.se:80/svenska/litteraturanalys-och-lasloggar/laslogg-1-presentation-bokens-inledning-berattarteknik/,200,text/html,https://web.archive.org/web/20160916093759/http://cwaste.skolbloggen.se:80/svenska/litteraturanalys-och-lasloggar/laslogg-1-presentation-bokens-inledning-berattarteknik/
raw_http_prefix,20160918131408,http://cwaste.skolbloggen.se:80/svenska/referera/fler-exempel/feed/,200,application/rss+xml,https://web.archive.org/web/20160918131408/http://cwaste.skolbloggen.se:80/svenska/referera/fler-exempel/feed/
html_200_root,20160920044232,http://cwaste.skolbloggen.se:80/2013/08/14/vi-bloggar/,200,text/html,https://web.archive.org/web/20160920044232/http://cwaste.skolbloggen.se:80/2013/08/14/vi-bloggar/
html_200_root,20160920044237,http://cwaste.skolbloggen.se:80/oppna-larresurser/ne-skola/,200,text/html,https://web.archive.org/web/20160920044237/http://cwaste.skolbloggen.se:80/oppna-larresurser/ne-skola/
html_200_root,20160920044242,http://cwaste.skolbloggen.se:80/presentation/,200,text/html,https://web.archive.org/web/20160920044242/http://cwaste.skolbloggen.se:80/presentation/
html_200_root,20160920044247,http://cwaste.skolbloggen.se:80/presentation/din-presentation/,200,text/html,https://web.archive.org/web/20160920044247/http://cwaste.skolbloggen.se:80/presentation/din-presentation/
html_200_root,20160920044252,http://cwaste.skolbloggen.se:80/presentation/om-froken-waste/,200,text/html,https://web.archive.org/web/20160920044252/http://cwaste.skolbloggen.se:80/presentation/om-froken-waste/
html_200_root,20160920044257,http://cwaste.skolbloggen.se:80/studieteknik/att-hitta-information/,200,text/html,https://web.archive.org/web/20160920044257/http://cwaste.skolbloggen.se:80/studieteknik/att-hitta-information/
html_200_root,20160920044303,http://cwaste.skolbloggen.se:80/studieteknik/kallkritik/de-kallkritiska-principerna/,200,text/html,https://web.archive.org/web/20160920044303/http://cwaste.skolbloggen.se:80/studieteknik/kallkritik/de-kallkritiska-principerna/
html_200_root,20160920044307,http://cwaste.skolbloggen.se:80/studieteknik/uppgift/,200,text/html,https://web.archive.org/web/20160920044307/http://cwaste.skolbloggen.se:80/studieteknik/uppgift/
html_200_root,20160920044312,http://cwaste.skolbloggen.se:80/svenska/berattelser/skriva-berattelser/huset/,200,text/html,https://web.archive.org/web/20160920044312/http://cwaste.skolbloggen.se:80/svenska/berattelser/skriva-berattelser/huset/
html_200_root,20160920044317,http://cwaste.skolbloggen.se:80/svenska/dikter/skriva-dikter-ovning-ii/,200,text/html,https://web.archive.org/web/20160920044317/http://cwaste.skolbloggen.se:80/svenska/dikter/skriva-dikter-ovning-ii/
html_200_root,20160920044322,http://cwaste.skolbloggen.se:80/svenska/litteraturanalys-och-lasloggar/forfattarportratt/,200,text/html,https://web.archive.org/web/20160920044322/http://cwaste.skolbloggen.se:80/svenska/litteraturanalys-och-lasloggar/forfattarportratt/
html_200_root,20160920044327,http://cwaste.skolbloggen.se:80/svenska/litteraturhistoria/1790-romantiken/,200,text/html,https://web.archive.org/web/20160920044327/http://cwaste.skolbloggen.se:80/svenska/litteraturhistoria/1790-romantiken/
html_200_root,20160920044332,http://cwaste.skolbloggen.se:80/svenska/referera/,200,text/html,https://web.archive.org/web/20160920044332/http://cwaste.skolbloggen.se:80/svenska/referera/
html_200_root,20160920044337,http://cwaste.skolbloggen.se:80/svenska/skrivrad/nagra-vanliga-misstag/,200,text/html,https://web.archive.org/web/20160920044337/http://cwaste.skolbloggen.se:80/svenska/skrivrad/nagra-vanliga-misstag/
html_200_root,20160920044342,http://cwaste.skolbloggen.se:80/wp-admin/admin-ajax.php,200,text/html,https://web.archive.org/web/20160920044342/http://cwaste.skolbloggen.se:80/wp-admin/admin-ajax.php
raw_http_prefix,20160920044357,http://cwaste.skolbloggen.se:80/wp-login.php?action=register,302,text/html,https://web.archive.org/web/20160920044357/http://cwaste.skolbloggen.se:80/wp-login.php?action=register
html_200_root,20160920045444,http://cwaste.skolbloggen.se:80/svenska/argumenterande-texter/argumentation-ett-exempel/,200,text/html,https://web.archive.org/web/20160920045444/http://cwaste.skolbloggen.se:80/svenska/argumenterande-texter/argumentation-ett-exempel/
html_200_root,20160920045451,http://cwaste.skolbloggen.se:80/svenska/argumenterande-texter/argumenterande-tal/,200,text/html,https://web.archive.org/web/20160920045451/http://cwaste.skolbloggen.se:80/svenska/argumenterande-texter/argumenterande-tal/
html_200_root,20160920045456,http://cwaste.skolbloggen.se:80/svenska/argumenterande-texter/skriva-insandaredebattartikel/arbetsgang-vid-respons-och-bearbetning/,200,text/html,https://web.archive.org/web/20160920045456/http://cwaste.skolbloggen.se:80/svenska/argumenterande-texter/skriva-insandaredebattartikel/arbetsgang-vid-respons-och-bearbetning/
html_200_root,20160920045501,http://cwaste.skolbloggen.se:80/svenska/berattelser/berattarkne/,200,text/html,https://web.archive.org/web/20160920045501/http://cwaste.skolbloggen.se:80/svenska/berattelser/berattarkne/
html_200_root,20160920045506,http://cwaste.skolbloggen.se:80/svenska/nationellt-prov-i-svenska-b-kursen/,200,text/html,https://web.archive.org/web/20160920045506/http://cwaste.skolbloggen.se:80/svenska/nationellt-prov-i-svenska-b-kursen/
html_200_root,20160920045511,http://cwaste.skolbloggen.se:80/svenska/referera/ova-referatskrivning-klass-o-sprak/,200,text/html,https://web.archive.org/web/20160920045511/http://cwaste.skolbloggen.se:80/svenska/referera/ova-referatskrivning-klass-o-sprak/
html_200_root,20160920045522,http://cwaste.skolbloggen.se:80/svenska/retorik/,200,text/html,https://web.archive.org/web/20160920045522/http://cwaste.skolbloggen.se:80/svenska/retorik/
raw_http_prefix,20160920045526,http://cwaste.skolbloggen.se:80/wp-includes/wlwmanifest.xml,200,application/xml,https://web.archive.org/web/20160920045526/http://cwaste.skolbloggen.se:80/wp-includes/wlwmanifest.xml
html_200_root,20160920051012,http://cwaste.skolbloggen.se:80/det-utvidgade-textbegreppet/,200,text/html,https://web.archive.org/web/20160920051012/http://cwaste.skolbloggen.se:80/det-utvidgade-textbegreppet/
html_200_root,20160920051014,http://cwaste.skolbloggen.se:80/oppna-larresurser/wikiversity/,200,text/html,https://web.archive.org/web/20160920051014/http://cwaste.skolbloggen.se:80/oppna-larresurser/wikiversity/
html_200_root,20160920051019,http://cwaste.skolbloggen.se:80/redovisning/akademisk-hederlighet/,200,text/html,https://web.archive.org/web/20160920051019/http://cwaste.skolbloggen.se:80/redovisning/akademisk-hederlighet/
html_200_root,20160920051025,http://cwaste.skolbloggen.se:80/redovisning/bilder-och-bildtexter/,200,text/html,https://web.archive.org/web/20160920051025/http://cwaste.skolbloggen.se:80/redovisning/bilder-och-bildtexter/
html_200_root,20160920051030,http://cwaste.skolbloggen.se:80/studieteknik/kallkritik/ovningar-i-kallkritik/,200,text/html,https://web.archive.org/web/20160920051030/http://cwaste.skolbloggen.se:80/studieteknik/kallkritik/ovningar-i-kallkritik/
html_200_root,20160920051035,http://cwaste.skolbloggen.se:80/svenska/,200,text/html,https://web.archive.org/web/20160920051035/http://cwaste.skolbloggen.se:80/svenska/
html_200_root,20160920051040,http://cwaste.skolbloggen.se:80/svenska/bedomning/bedomning-av-muntliga-uppgifter/,200,text/html,https://web.archive.org/web/20160920051040/http://cwaste.skolbloggen.se:80/svenska/bedomning/bedomning-av-muntliga-uppgifter/
html_200_root,20160920051047,http://cwaste.skolbloggen.se:80/svenska/berattelser/,200,text/html,https://web.archive.org/web/20160920051047/http://cwaste.skolbloggen.se:80/svenska/berattelser/
html_200_root,20160920051728,http://cwaste.skolbloggen.se:80/svenska/litteraturhistoria/1720-upplysningen/,200,text/html,https://web.archive.org/web/20160920051728/http://cwaste.skolbloggen.se:80/svenska/litteraturhistoria/1720-upplysningen/
html_200_root,20160920051733,http://cwaste.skolbloggen.se:80/svenska/skrivprocessen/kommentera-blogginlagg/,200,text/html,https://web.archive.org/web/20160920051733/http://cwaste.skolbloggen.se:80/svenska/skrivprocessen/kommentera-blogginlagg/
html_200_root,20160920052139,http://cwaste.skolbloggen.se:80/2013/08/,200,text/html,https://web.archive.org/web/20160920052139/http://cwaste.skolbloggen.se:80/2013/08/
html_200_root,20160920052144,http://cwaste.skolbloggen.se:80/author/cwaste/,200,text/html,https://web.archive.org/web/20160920052144/http://cwaste.skolbloggen.se:80/author/cwaste/
html_200_root,20160920052149,http://cwaste.skolbloggen.se:80/category/okategoriserad/,200,text/html,https://web.archive.org/web/20160920052149/http://cwaste.skolbloggen.se:80/category/okategoriserad/
raw_http_prefix,20160920052154,http://cwaste.skolbloggen.se:80/comments/feed/,200,application/rss+xml,https://web.archive.org/web/20160920052154/http://cwaste.skolbloggen.se:80/comments/feed/
html_200_root,20160920052159,http://cwaste.skolbloggen.se:80/oppna-larresurser/youtube-edu/,200,text/html,https://web.archive.org/web/20160920052159/http://cwaste.skolbloggen.se:80/oppna-larresurser/youtube-edu/
html_200_root,20160920052204,http://cwaste.skolbloggen.se:80/svenska/argumenterande-texter/,200,text/html,https://web.archive.org/web/20160920052204/http://cwaste.skolbloggen.se:80/svenska/argumenterande-texter/
html_200_root,20160920052211,http://cwaste.skolbloggen.se:80/svenska/bedomning/,200,text/html,https://web.archive.org/web/20160920052211/http://cwaste.skolbloggen.se:80/svenska/bedomning/
html_200_root,20160920052216,http://cwaste.skolbloggen.se:80/svenska/bedomning/bedomning-av-skriftliga-uppgifter/,200,text/html,https://web.archive.org/web/20160920052216/http://cwaste.skolbloggen.se:80/svenska/bedomning/bedomning-av-skriftliga-uppgifter/
html_200_root,20160920052221,http://cwaste.skolbloggen.se:80/svenska/dikter/ovning-i-diktanalys/,200,text/html,https://web.archive.org/web/20160920052221/http://cwaste.skolbloggen.se:80/svenska/dikter/ovning-i-diktanalys/
html_200_root,20160920052226,http://cwaste.skolbloggen.se:80/svenska/instruktioner/,200,text/html,https://web.archive.org/web/20160920052226/http://cwaste.skolbloggen.se:80/svenska/instruktioner/
html_200_root,20160920052231,http://cwaste.skolbloggen.se:80/svenska/litteraturanalys-och-lasloggar/laslogg-3-titel-form-dramaturgi-budskap/,200,text/html,https://web.archive.org/web/20160920052231/http://cwaste.skolbloggen.se:80/svenska/litteraturanalys-och-lasloggar/laslogg-3-titel-form-dramaturgi-budskap/
html_200_root,20160920052236,http://cwaste.skolbloggen.se:80/svenska/retorik/ett-exempel-som-inspirerar-mig-vad-tycker-du/,200,text/html,https://web.archive.org/web/20160920052236/http://cwaste.skolbloggen.se:80/svenska/retorik/ett-exempel-som-inspirerar-mig-vad-tycker-du/
html_200_root,20160920052241,http://cwaste.skolbloggen.se:80/svenska/skrivprocessen/,200,text/html,https://web.archive.org/web/20160920052241/http://cwaste.skolbloggen.se:80/svenska/skrivprocessen/
raw_http_prefix,20160920052642,http://cwaste.skolbloggen.se:80/xmlrpc.php?rsd,200,text/xml,https://web.archive.org/web/20160920052642/http://cwaste.skolbloggen.se:80/xmlrpc.php?rsd
html_200_root,20160920052656,http://cwaste.skolbloggen.se:80/om-tavlingsbidraget/,200,text/html,https://web.archive.org/web/20160920052656/http://cwaste.skolbloggen.se:80/om-tavlingsbidraget/
html_200_root,20160920052702,http://cwaste.skolbloggen.se:80/oppna-larresurser/itunes-u/,200,text/html,https://web.archive.org/web/20160920052702/http://cwaste.skolbloggen.se:80/oppna-larresurser/itunes-u/
html_200_root,20160920052708,http://cwaste.skolbloggen.se:80/redovisning/akademisk-hederlighet/upphovsratt-och-creative-commons/,200,text/html,https://web.archive.org/web/20160920052708/http://cwaste.skolbloggen.se:80/redovisning/akademisk-hederlighet/upphovsratt-och-creative-commons/
html_200_root,20160920052714,http://cwaste.skolbloggen.se:80/svenska/bedomning/bedomning-av-skriftliga-uppgifter/matris-bedomning-av-skriftliga-uppgifter/,200,text/html,https://web.archive.org/web/20160920052714/http://cwaste.skolbloggen.se:80/svenska/bedomning/bedomning-av-skriftliga-uppgifter/matris-bedomning-av-skriftliga-uppgifter/
html_200_root,20160920052719,http://cwaste.skolbloggen.se:80/svenska/litteraturhistoria/1910-modernismen/,200,text/html,https://web.archive.org/web/20160920052719/http://cwaste.skolbloggen.se:80/svenska/litteraturhistoria/1910-modernismen/
html_200_root,20160920052724,http://cwaste.skolbloggen.se:80/svenska/referera/bedomning-av-referat/,200,text/html,https://web.archive.org/web/20160920052724/http://cwaste.skolbloggen.se:80/svenska/referera/bedomning-av-referat/
html_200_root,20160920052730,http://cwaste.skolbloggen.se:80/svenska/referera/ova-referatskrivning-nathat-bland-unga/,200,text/html,https://web.archive.org/web/20160920052730/http://cwaste.skolbloggen.se:80/svenska/referera/ova-referatskrivning-nathat-bland-unga/
html_200_root,20160920052735,http://cwaste.skolbloggen.se:80/svenska/soka-jobb/,200,text/html,https://web.archive.org/web/20160920052735/http://cwaste.skolbloggen.se:80/svenska/soka-jobb/
raw_http_prefix,20160920052748,http://cwaste.skolbloggen.se:80/wp-json/,404,text/html,https://web.archive.org/web/20160920052748/http://cwaste.skolbloggen.se:80/wp-json/
html_200_root,20160920053726,http://cwaste.skolbloggen.se:80/oppna-larresurser/,200,text/html,https://web.archive.org/web/20160920053726/http://cwaste.skolbloggen.se:80/oppna-larresurser/
html_200_root,20160920053732,http://cwaste.skolbloggen.se:80/oppna-larresurser/csu-affordable-learning-solutions/,200,text/html,https://web.archive.org/web/20160920053732/http://cwaste.skolbloggen.se:80/oppna-larresurser/csu-affordable-learning-solutions/
html_200_root,20160920053737,http://cwaste.skolbloggen.se:80/studieteknik/sjalvskattning-av-studievanor/,200,text/html,https://web.archive.org/web/20160920053737/http://cwaste.skolbloggen.se:80/studieteknik/sjalvskattning-av-studievanor/
html_200_root,20160920053742,http://cwaste.skolbloggen.se:80/svenska/bild-och-film/hur-d-hanterar-bilder/,200,text/html,https://web.archive.org/web/20160920053742/http://cwaste.skolbloggen.se:80/svenska/bild-och-film/hur-d-hanterar-bilder/
html_200_root,20160920053747,http://cwaste.skolbloggen.se:80/svenska/bild-och-film/regler-vid-fotografering-pa-allmanna-platser/,200,text/html,https://web.archive.org/web/20160920053747/http://cwaste.skolbloggen.se:80/svenska/bild-och-film/regler-vid-fotografering-pa-allmanna-platser/
html_200_root,20160920053752,http://cwaste.skolbloggen.se:80/svenska/nationellt-prov-i-svenska-b-kursen/nationellt-prov/,200,text/html,https://web.archive.org/web/20160920053752/http://cwaste.skolbloggen.se:80/svenska/nationellt-prov-i-svenska-b-kursen/nationellt-prov/
html_200_root,20160920053757,http://cwaste.skolbloggen.se:80/svenska/skrivprocessen/responsgivning/,200,text/html,https://web.archive.org/web/20160920053757/http://cwaste.skolbloggen.se:80/svenska/skrivprocessen/responsgivning/
html_200_root,20160920053804,http://cwaste.skolbloggen.se:80/svenska/skrivrad/,200,text/html,https://web.archive.org/web/20160920053804/http://cwaste.skolbloggen.se:80/svenska/skrivrad/
html_200_root,20160920053825,http://cwaste.skolbloggen.se:80/svenska/sprakhistoria/,200,text/html,https://web.archive.org/web/20160920053825/http://cwaste.skolbloggen.se:80/svenska/sprakhistoria/
html_200_root,20160920053942,http://cwaste.skolbloggen.se:80/redovisning/,200,text/html,https://web.archive.org/web/20160920053942/http://cwaste.skolbloggen.se:80/redovisning/
html_200_root,20160920053949,http://cwaste.skolbloggen.se:80/redovisning/bilder-som-du-far-anvanda-till-dina-redovisningar/,200,text/html,https://web.archive.org/web/20160920053949/http://cwaste.skolbloggen.se:80/redovisning/bilder-som-du-far-anvanda-till-dina-redovisningar/
html_200_root,20160920053954,http://cwaste.skolbloggen.se:80/redovisning/publicering/,200,text/html,https://web.archive.org/web/20160920053954/http://cwaste.skolbloggen.se:80/redovisning/publicering/
html_200_root,20160920053959,http://cwaste.skolbloggen.se:80/svenska/dikter/,200,text/html,https://web.archive.org/web/20160920053959/http://cwaste.skolbloggen.se:80/svenska/dikter/
html_200_root,20160920054004,http://cwaste.skolbloggen.se:80/svenska/dikter/diktanalys/,200,text/html,https://web.archive.org/web/20160920054004/http://cwaste.skolbloggen.se:80/svenska/dikter/diktanalys/
html_200_root,20160920054009,http://cwaste.skolbloggen.se:80/svenska/referera/skriva-referat/,200,text/html,https://web.archive.org/web/20160920054009/http://cwaste.skolbloggen.se:80/svenska/referera/skriva-referat/
html_200_root,20160920054016,http://cwaste.skolbloggen.se:80/svenska/samarbetsskrivande/,200,text/html,https://web.archive.org/web/20160920054016/http://cwaste.skolbloggen.se:80/svenska/samarbetsskrivande/
html_200_root,20160920054020,http://cwaste.skolbloggen.se:80/svenska/skrivprocessen/responsgivning/skriva-kommentarer/,200,text/html,https://web.archive.org/web/20160920054020/http://cwaste.skolbloggen.se:80/svenska/skrivprocessen/responsgivning/skriva-kommentarer/
html_200_root,20160920054025,http://cwaste.skolbloggen.se:80/svenska/talovningar/,200,text/html,https://web.archive.org/web/20160920054025/http://cwaste.skolbloggen.se:80/svenska/talovningar/
raw_http_prefix,20160920054047,http://cwaste.skolbloggen.se:80/xmlrpc.php,405,text/plain,https://web.archive.org/web/20160920054047/http://cwaste.skolbloggen.se:80/xmlrpc.php
html_200_root,20160920054222,http://cwaste.skolbloggen.se:80/oppna-larresurser/wikibooks/,200,text/html,https://web.archive.org/web/20160920054222/http://cwaste.skolbloggen.se:80/oppna-larresurser/wikibooks/
html_200_root,20160920054228,http://cwaste.skolbloggen.se:80/redovisning/hur-du-hanterar-powerpoint/,200,text/html,https://web.archive.org/web/20160920054228/http://cwaste.skolbloggen.se:80/redovisning/hur-du-hanterar-powerpoint/
html_200_root,20160920054233,http://cwaste.skolbloggen.se:80/redovisning/overkurs/,200,text/html,https://web.archive.org/web/20160920054233/http://cwaste.skolbloggen.se:80/redovisning/overkurs/
html_200_root,20160920054239,http://cwaste.skolbloggen.se:80/redovisning/tankekartor/,200,text/html,https://web.archive.org/web/20160920054239/http://cwaste.skolbloggen.se:80/redovisning/tankekartor/
html_200_root,20160920054245,http://cwaste.skolbloggen.se:80/studieteknik/att-vardera-information/,200,text/html,https://web.archive.org/web/20160920054245/http://cwaste.skolbloggen.se:80/studieteknik/att-vardera-information/
html_200_root,20160920054249,http://cwaste.skolbloggen.se:80/studieteknik/kallkritik/arkiv-och-samlingar-i-din-narhet/,200,text/html,https://web.archive.org/web/20160920054249/http://cwaste.skolbloggen.se:80/studieteknik/kallkritik/arkiv-och-samlingar-i-din-narhet/
html_200_root,20160920054255,http://cwaste.skolbloggen.se:80/svenska/argumenterande-texter/skriva-insandaredebattartikel/bedomning-av-skrivuppgift-skriva-insandaredebattartikel/,200,text/html,https://web.archive.org/web/20160920054255/http://cwaste.skolbloggen.se:80/svenska/argumenterande-texter/skriva-insandaredebattartikel/bedomning-av-skrivuppgift-skriva-insandaredebattartikel/
html_200_root,20160920054300,http://cwaste.skolbloggen.se:80/svenska/argumenterande-texter/skriva-insandaredebattartikel/vad-man-ska-tanka-pa-nar-man-skriver-argumenterande-texter/,200,text/html,https://web.archive.org/web/20160920054300/http://cwaste.skolbloggen.se:80/svenska/argumenterande-texter/skriva-insandaredebattartikel/vad-man-ska-tanka-pa-nar-man-skriver-argumenterande-texter/
html_200_root,20160920054305,http://cwaste.skolbloggen.se:80/svenska/berattelser/skriva-berattelser/,200,text/html,https://web.archive.org/web/20160920054305/http://cwaste.skolbloggen.se:80/svenska/berattelser/skriva-berattelser/
html_200_root,20160920054310,http://cwaste.skolbloggen.se:80/svenska/bild-och-film/,200,text/html,https://web.archive.org/web/20160920054310/http://cwaste.skolbloggen.se:80/svenska/bild-och-film/
html_200_root,20160920054315,http://cwaste.skolbloggen.se:80/svenska/dikter/skriva-dikter-ovning-i/,200,text/html,https://web.archive.org/web/20160920054315/http://cwaste.skolbloggen.se:80/svenska/dikter/skriva-dikter-ovning-i/
html_200_root,20160920054321,http://cwaste.skolbloggen.se:80/svenska/litteraturanalys-och-lasloggar/,200,text/html,https://web.archive.org/web/20160920054321/http://cwaste.skolbloggen.se:80/svenska/litteraturanalys-och-lasloggar/
html_200_root,20160920054325,http://cwaste.skolbloggen.se:80/svenska/litteraturanalys-och-lasloggar/laslogg-2-miljo-personbeskrivn-huvudkonflikt/,200,text/html,https://web.archive.org/web/20160920054325/http://cwaste.skolbloggen.se:80/svenska/litteraturanalys-och-lasloggar/laslogg-2-miljo-personbeskrivn-huvudkonflikt/
html_200_root,20160920054330,http://cwaste.skolbloggen.se:80/svenska/litteraturhistoria/,200,text/html,https://web.archive.org/web/20160920054330/http://cwaste.skolbloggen.se:80/svenska/litteraturhistoria/
html_200_root,20160920054335,http://cwaste.skolbloggen.se:80/svenska/litteraturhistoria/1830-realismen/,200,text/html,https://web.archive.org/web/20160920054335/http://cwaste.skolbloggen.se:80/svenska/litteraturhistoria/1830-realismen/
html_200_root,20160920054408,http://cwaste.skolbloggen.se:80/svenska/referera/ex-pa-kallhanvisning/,200,text/html,https://web.archive.org/web/20160920054408/http://cwaste.skolbloggen.se:80/svenska/referera/ex-pa-kallhanvisning/
html_200_root,20160920054439,http://cwaste.skolbloggen.se:80/svenska/referera/ova-referatskrivning-attityder-kring-sprak/,200,text/html,https://web.archive.org/web/20160920054439/http://cwaste.skolbloggen.se:80/svenska/referera/ova-referatskrivning-attityder-kring-sprak/
raw_http_prefix,20160922233630,http://cwaste.skolbloggen.se:80/det-utvidgade-textbegreppet/bildanalys-ett-exempel,301,text/html,https://web.archive.org/web/20160922233630/http://cwaste.skolbloggen.se:80/det-utvidgade-textbegreppet/bildanalys-ett-exempel
html_200_root,20160922233630,http://cwaste.skolbloggen.se:80/det-utvidgade-textbegreppet/bildanalys-ett-exempel/,200,text/html,https://web.archive.org/web/20160922233630/http://cwaste.skolbloggen.se:80/det-utvidgade-textbegreppet/bildanalys-ett-exempel/
raw_http_prefix,20160924034744,http://cwaste.skolbloggen.se:80/det-utvidgade-textbegreppet/bildanalys-ett-exempel,301,text/html,https://web.archive.org/web/20160924034744/http://cwaste.skolbloggen.se:80/det-utvidgade-textbegreppet/bildanalys-ett-exempel
html_200_root,20160924034744,http://cwaste.skolbloggen.se:80/det-utvidgade-textbegreppet/bildanalys-ett-exempel/,200,text/html,https://web.archive.org/web/20160924034744/http://cwaste.skolbloggen.se:80/det-utvidgade-textbegreppet/bildanalys-ett-exempel/
html_200_root,20161003055542,http://cwaste.skolbloggen.se:80/,200,text/html,https://web.archive.org/web/20161003055542/http://cwaste.skolbloggen.se:80/
raw_http_prefix,20161009080924,http://cwaste.skolbloggen.se:80/studieteknik,301,text/html,https://web.archive.org/web/20161009080924/http://cwaste.skolbloggen.se:80/studieteknik
html_200_root,20161009080924,http://cwaste.skolbloggen.se:80/studieteknik/,200,text/html,https://web.archive.org/web/20161009080924/http://cwaste.skolbloggen.se:80/studieteknik/
raw_http_prefix,20161009105108,http://cwaste.skolbloggen.se:80/svenska/referera/ex-pa-referatmarkorer,301,text/html,https://web.archive.org/web/20161009105108/http://cwaste.skolbloggen.se:80/svenska/referera/ex-pa-referatmarkorer
html_200_root,20161009105108,http://cwaste.skolbloggen.se:80/svenska/referera/ex-pa-referatmarkorer/,200,text/html,https://web.archive.org/web/20161009105108/http://cwaste.skolbloggen.se:80/svenska/referera/ex-pa-referatmarkorer/
raw_http_prefix,20161010103840,http://cwaste.skolbloggen.se:80/studieteknik,301,text/html,https://web.archive.org/web/20161010103840/http://cwaste.skolbloggen.se:80/studieteknik
html_200_root,20161010103840,http://cwaste.skolbloggen.se:80/studieteknik/,200,text/html,https://web.archive.org/web/20161010103840/http://cwaste.skolbloggen.se:80/studieteknik/
raw_http_prefix,20161010113805,http://cwaste.skolbloggen.se:80/svenska/referera/ex-pa-referatmarkorer,301,text/html,https://web.archive.org/web/20161010113805/http://cwaste.skolbloggen.se:80/svenska/referera/ex-pa-referatmarkorer
html_200_root,20161010113805,http://cwaste.skolbloggen.se:80/svenska/referera/ex-pa-referatmarkorer/,200,text/html,https://web.archive.org/web/20161010113805/http://cwaste.skolbloggen.se:80/svenska/referera/ex-pa-referatmarkorer/
raw_http_prefix,20161012150311,http://cwaste.skolbloggen.se:80/svenska/referera/fler-exempel,301,text/html,https://web.archive.org/web/20161012150311/http://cwaste.skolbloggen.se:80/svenska/referera/fler-exempel
html_200_root,20161012150311,http://cwaste.skolbloggen.se:80/svenska/referera/fler-exempel/,200,text/html,https://web.archive.org/web/20161012150311/http://cwaste.skolbloggen.se:80/svenska/referera/fler-exempel/
raw_http_prefix,20161017070009,http://cwaste.skolbloggen.se:80/svenska/litteraturanalys-och-lasloggar/laslogg-1-presentation-bokens-inledning-berattarteknik,301,text/html,https://web.archive.org/web/20161017070009/http://cwaste.skolbloggen.se:80/svenska/litteraturanalys-och-lasloggar/laslogg-1-presentation-bokens-inledning-berattarteknik
html_200_root,20161017070009,http://cwaste.skolbloggen.se:80/svenska/litteraturanalys-och-lasloggar/laslogg-1-presentation-bokens-inledning-berattarteknik/,200,text/html,https://web.archive.org/web/20161017070009/http://cwaste.skolbloggen.se:80/svenska/litteraturanalys-och-lasloggar/laslogg-1-presentation-bokens-inledning-berattarteknik/
raw_http_prefix,20161017073234,http://cwaste.skolbloggen.se:80/svenska/litteraturanalys-och-lasloggar,301,text/html,https://web.archive.org/web/20161017073234/http://cwaste.skolbloggen.se:80/svenska/litteraturanalys-och-lasloggar
html_200_root,20161017073234,http://cwaste.skolbloggen.se:80/svenska/litteraturanalys-och-lasloggar/,200,text/html,https://web.archive.org/web/20161017073234/http://cwaste.skolbloggen.se:80/svenska/litteraturanalys-och-lasloggar/
raw_http_prefix,20161025010612,http://cwaste.skolbloggen.se:80/det-utvidgade-textbegreppet/bildanalys-ett-exempel,301,text/html,https://web.archive.org/web/20161025010612/http://cwaste.skolbloggen.se:80/det-utvidgade-textbegreppet/bildanalys-ett-exempel
html_200_root,20161025010612,http://cwaste.skolbloggen.se:80/det-utvidgade-textbegreppet/bildanalys-ett-exempel/,200,text/html,https://web.archive.org/web/20161025010612/http://cwaste.skolbloggen.se:80/det-utvidgade-textbegreppet/bildanalys-ett-exempel/
raw_http_prefix,20161111011203,http://cwaste.skolbloggen.se:80/studieteknik,301,text/html,https://web.archive.org/web/20161111011203/http://cwaste.skolbloggen.se:80/studieteknik
html_200_root,20161111011203,http://cwaste.skolbloggen.se:80/studieteknik/,200,text/html,https://web.archive.org/web/20161111011203/http://cwaste.skolbloggen.se:80/studieteknik/
raw_http_prefix,20161111014420,http://cwaste.skolbloggen.se:80/svenska/referera/ex-pa-referatmarkorer,301,text/html,https://web.archive.org/web/20161111014420/http://cwaste.skolbloggen.se:80/svenska/referera/ex-pa-referatmarkorer
html_200_root,20161111014420,http://cwaste.skolbloggen.se:80/svenska/referera/ex-pa-referatmarkorer/,200,text/html,https://web.archive.org/web/20161111014420/http://cwaste.skolbloggen.se:80/svenska/referera/ex-pa-referatmarkorer/
raw_http_prefix,20161113044446,http://cwaste.skolbloggen.se:80/svenska/referera/fler-exempel,301,text/html,https://web.archive.org/web/20161113044446/http://cwaste.skolbloggen.se:80/svenska/referera/fler-exempel
html_200_root,20161113044446,http://cwaste.skolbloggen.se:80/svenska/referera/fler-exempel/,200,text/html,https://web.archive.org/web/20161113044446/http://cwaste.skolbloggen.se:80/svenska/referera/fler-exempel/
raw_http_prefix,20161114123559,http://cwaste.skolbloggen.se:80/svenska/referera/fler-exempel,301,text/html,https://web.archive.org/web/20161114123559/http://cwaste.skolbloggen.se:80/svenska/referera/fler-exempel
html_200_root,20161114123559,http://cwaste.skolbloggen.se:80/svenska/referera/fler-exempel/,200,text/html,https://web.archive.org/web/20161114123559/http://cwaste.skolbloggen.se:80/svenska/referera/fler-exempel/
raw_http_prefix,20161118054646,http://cwaste.skolbloggen.se:80/svenska/litteraturanalys-och-lasloggar,301,text/html,https://web.archive.org/web/20161118054646/http://cwaste.skolbloggen.se:80/svenska/litteraturanalys-och-lasloggar
html_200_root,20161118054646,http://cwaste.skolbloggen.se:80/svenska/litteraturanalys-och-lasloggar/,200,text/html,https://web.archive.org/web/20161118054646/http://cwaste.skolbloggen.se:80/svenska/litteraturanalys-och-lasloggar/
raw_http_prefix,20161213202725,http://cwaste.skolbloggen.se:80/svenska/referera/bedomning-av-referat,301,text/html,https://web.archive.org/web/20161213202725/http://cwaste.skolbloggen.se:80/svenska/referera/bedomning-av-referat
html_200_root,20161213202725,http://cwaste.skolbloggen.se:80/svenska/referera/bedomning-av-referat/,200,text/html,https://web.archive.org/web/20161213202725/http://cwaste.skolbloggen.se:80/svenska/referera/bedomning-av-referat/
raw_http_prefix,20161217013508,http://cwaste.skolbloggen.se:80/svenska/referera/fler-exempel,301,text/html,https://web.archive.org/web/20161217013508/http://cwaste.skolbloggen.se:80/svenska/referera/fler-exempel
html_200_root,20161217013508,http://cwaste.skolbloggen.se:80/svenska/referera/fler-exempel/,200,text/html,https://web.archive.org/web/20161217013508/http://cwaste.skolbloggen.se:80/svenska/referera/fler-exempel/
raw_http_prefix,20170128014432,http://cwaste.skolbloggen.se:80/presentation/din-presentation,301,text/html,https://web.archive.org/web/20170128014432/http://cwaste.skolbloggen.se:80/presentation/din-presentation
html_200_root,20170128014432,http://cwaste.skolbloggen.se:80/presentation/din-presentation/,200,text/html,https://web.archive.org/web/20170128014432/http://cwaste.skolbloggen.se:80/presentation/din-presentation/
raw_http_prefix,20170128024154,http://cwaste.skolbloggen.se:80/presentation/om-froken-waste,301,text/html,https://web.archive.org/web/20170128024154/http://cwaste.skolbloggen.se:80/presentation/om-froken-waste
html_200_root,20170128024154,http://cwaste.skolbloggen.se:80/presentation/om-froken-waste/,200,text/html,https://web.archive.org/web/20170128024154/http://cwaste.skolbloggen.se:80/presentation/om-froken-waste/
raw_http_prefix,20170128212759,http://cwaste.skolbloggen.se:80/wp-login.php?action=register,302,text/html,https://web.archive.org/web/20170128212759/http://cwaste.skolbloggen.se:80/wp-login.php?action=register
html_200_root,20170129090732,http://cwaste.skolbloggen.se:80/svenska/argumenterande-texter/argumenterande-tal/,200,text/html,https://web.archive.org/web/20170129090732/http://cwaste.skolbloggen.se:80/svenska/argumenterande-texter/argumenterande-tal/
html_200_root,20170129090737,http://cwaste.skolbloggen.se:80/svenska/argumenterande-texter/skriva-insandaredebattartikel/,200,text/html,https://web.archive.org/web/20170129090737/http://cwaste.skolbloggen.se:80/svenska/argumenterande-texter/skriva-insandaredebattartikel/
html_200_root,20170129090742,http://cwaste.skolbloggen.se:80/svenska/argumenterande-texter/skriva-insandaredebattartikel/arbetsgang-vid-respons-och-bearbetning/,200,text/html,https://web.archive.org/web/20170129090742/http://cwaste.skolbloggen.se:80/svenska/argumenterande-texter/skriva-insandaredebattartikel/arbetsgang-vid-respons-och-bearbetning/
html_200_root,20170129090748,http://cwaste.skolbloggen.se:80/svenska/bedomning/,200,text/html,https://web.archive.org/web/20170129090748/http://cwaste.skolbloggen.se:80/svenska/bedomning/
html_200_root,20170129090752,http://cwaste.skolbloggen.se:80/svenska/bedomning/bedomning-av-skriftliga-uppgifter/,200,text/html,https://web.archive.org/web/20170129090752/http://cwaste.skolbloggen.se:80/svenska/bedomning/bedomning-av-skriftliga-uppgifter/
html_200_root,20170129090757,http://cwaste.skolbloggen.se:80/svenska/bedomning/bedomning-av-skriftliga-uppgifter/matris-bedomning-av-skriftliga-uppgifter/,200,text/html,https://web.archive.org/web/20170129090757/http://cwaste.skolbloggen.se:80/svenska/bedomning/bedomning-av-skriftliga-uppgifter/matris-bedomning-av-skriftliga-uppgifter/
html_200_root,20170129090803,http://cwaste.skolbloggen.se:80/svenska/berattelser/,200,text/html,https://web.archive.org/web/20170129090803/http://cwaste.skolbloggen.se:80/svenska/berattelser/
html_200_root,20170129090808,http://cwaste.skolbloggen.se:80/svenska/berattelser/skriva-berattelser/,200,text/html,https://web.archive.org/web/20170129090808/http://cwaste.skolbloggen.se:80/svenska/berattelser/skriva-berattelser/
html_200_root,20170129090812,http://cwaste.skolbloggen.se:80/svenska/berattelser/skriva-berattelser/huset/,200,text/html,https://web.archive.org/web/20170129090812/http://cwaste.skolbloggen.se:80/svenska/berattelser/skriva-berattelser/huset/
html_200_root,20170129090817,http://cwaste.skolbloggen.se:80/svenska/bild-och-film/,200,text/html,https://web.archive.org/web/20170129090817/http://cwaste.skolbloggen.se:80/svenska/bild-och-film/
html_200_root,20170129090822,http://cwaste.skolbloggen.se:80/svenska/dikter/,200,text/html,https://web.archive.org/web/20170129090822/http://cwaste.skolbloggen.se:80/svenska/dikter/
html_200_root,20170129090827,http://cwaste.skolbloggen.se:80/svenska/dikter/diktanalys/,200,text/html,https://web.archive.org/web/20170129090827/http://cwaste.skolbloggen.se:80/svenska/dikter/diktanalys/
html_200_root,20170129090832,http://cwaste.skolbloggen.se:80/svenska/dikter/skriva-dikter-ovning-ii/,200,text/html,https://web.archive.org/web/20170129090832/http://cwaste.skolbloggen.se:80/svenska/dikter/skriva-dikter-ovning-ii/
html_200_root,20170129090837,http://cwaste.skolbloggen.se:80/svenska/litteraturanalys-och-lasloggar/forfattarportratt/,200,text/html,https://web.archive.org/web/20170129090837/http://cwaste.skolbloggen.se:80/svenska/litteraturanalys-och-lasloggar/forfattarportratt/
html_200_root,20170129090843,http://cwaste.skolbloggen.se:80/svenska/litteraturanalys-och-lasloggar/laslogg-1-presentation-bokens-inledning-berattarteknik/,200,text/html,https://web.archive.org/web/20170129090843/http://cwaste.skolbloggen.se:80/svenska/litteraturanalys-och-lasloggar/laslogg-1-presentation-bokens-inledning-berattarteknik/
html_200_root,20170129090848,http://cwaste.skolbloggen.se:80/svenska/litteraturanalys-och-lasloggar/laslogg-2-miljo-personbeskrivn-huvudkonflikt/,200,text/html,https://web.archive.org/web/20170129090848/http://cwaste.skolbloggen.se:80/svenska/litteraturanalys-och-lasloggar/laslogg-2-miljo-personbeskrivn-huvudkonflikt/
html_200_root,20170129090852,http://cwaste.skolbloggen.se:80/svenska/litteraturhistoria/1720-upplysningen/,200,text/html,https://web.archive.org/web/20170129090852/http://cwaste.skolbloggen.se:80/svenska/litteraturhistoria/1720-upplysningen/
html_200_root,20170129090857,http://cwaste.skolbloggen.se:80/svenska/referera/,200,text/html,https://web.archive.org/web/20170129090857/http://cwaste.skolbloggen.se:80/svenska/referera/
html_200_root,20170129090903,http://cwaste.skolbloggen.se:80/svenska/referera/fler-exempel/,200,text/html,https://web.archive.org/web/20170129090903/http://cwaste.skolbloggen.se:80/svenska/referera/fler-exempel/
html_200_root,20170129090907,http://cwaste.skolbloggen.se:80/svenska/referera/ova-referatskrivning-attityder-kring-sprak/,200,text/html,https://web.archive.org/web/20170129090907/http://cwaste.skolbloggen.se:80/svenska/referera/ova-referatskrivning-attityder-kring-sprak/
html_200_root,20170129090912,http://cwaste.skolbloggen.se:80/svenska/referera/ova-referatskrivning-klass-o-sprak/,200,text/html,https://web.archive.org/web/20170129090912/http://cwaste.skolbloggen.se:80/svenska/referera/ova-referatskrivning-klass-o-sprak/
html_200_root,20170129090917,http://cwaste.skolbloggen.se:80/svenska/retorik/ett-exempel-som-inspirerar-mig-vad-tycker-du/,200,text/html,https://web.archive.org/web/20170129090917/http://cwaste.skolbloggen.se:80/svenska/retorik/ett-exempel-som-inspirerar-mig-vad-tycker-du/
html_200_root,20170129090922,http://cwaste.skolbloggen.se:80/svenska/samarbetsskrivande/,200,text/html,https://web.archive.org/web/20170129090922/http://cwaste.skolbloggen.se:80/svenska/samarbetsskrivande/
html_200_root,20170129090928,http://cwaste.skolbloggen.se:80/svenska/skrivprocessen/,200,text/html,https://web.archive.org/web/20170129090928/http://cwaste.skolbloggen.se:80/svenska/skrivprocessen/
html_200_root,20170129090933,http://cwaste.skolbloggen.se:80/svenska/skrivprocessen/responsgivning/,200,text/html,https://web.archive.org/web/20170129090933/http://cwaste.skolbloggen.se:80/svenska/skrivprocessen/responsgivning/
raw_http_prefix,20170129090937,http://cwaste.skolbloggen.se:80/wp-json/,404,text/html,https://web.archive.org/web/20170129090937/http://cwaste.skolbloggen.se:80/wp-json/
raw_http_prefix,20170129090942,http://cwaste.skolbloggen.se:80/xmlrpc.php,405,text/plain,https://web.archive.org/web/20170129090942/http://cwaste.skolbloggen.se:80/xmlrpc.php
raw_http_prefix,20170129090947,http://cwaste.skolbloggen.se:80/xmlrpc.php?rsd,200,text/xml,https://web.archive.org/web/20170129090947/http://cwaste.skolbloggen.se:80/xmlrpc.php?rsd
html_200_root,20170129091012,http://cwaste.skolbloggen.se:80/2013/08/,200,text/html,https://web.archive.org/web/20170129091012/http://cwaste.skolbloggen.se:80/2013/08/
html_200_root,20170129091017,http://cwaste.skolbloggen.se:80/2013/08/14/vi-bloggar/,200,text/html,https://web.archive.org/web/20170129091017/http://cwaste.skolbloggen.se:80/2013/08/14/vi-bloggar/
html_200_root,20170129091022,http://cwaste.skolbloggen.se:80/author/cwaste/,200,text/html,https://web.archive.org/web/20170129091022/http://cwaste.skolbloggen.se:80/author/cwaste/
raw_http_prefix,20170129091027,http://cwaste.skolbloggen.se:80/comments/feed/,200,application/rss+xml,https://web.archive.org/web/20170129091027/http://cwaste.skolbloggen.se:80/comments/feed/
html_200_root,20170129091033,http://cwaste.skolbloggen.se:80/det-utvidgade-textbegreppet/,200,text/html,https://web.archive.org/web/20170129091033/http://cwaste.skolbloggen.se:80/det-utvidgade-textbegreppet/
html_200_root,20170129091038,http://cwaste.skolbloggen.se:80/om-tavlingsbidraget/,200,text/html,https://web.archive.org/web/20170129091038/http://cwaste.skolbloggen.se:80/om-tavlingsbidraget/
html_200_root,20170129091043,http://cwaste.skolbloggen.se:80/oppna-larresurser/,200,text/html,https://web.archive.org/web/20170129091043/http://cwaste.skolbloggen.se:80/oppna-larresurser/
html_200_root,20170129091048,http://cwaste.skolbloggen.se:80/oppna-larresurser/ne-skola/,200,text/html,https://web.archive.org/web/20170129091048/http://cwaste.skolbloggen.se:80/oppna-larresurser/ne-skola/
html_200_root,20170129091053,http://cwaste.skolbloggen.se:80/oppna-larresurser/wikibooks/,200,text/html,https://web.archive.org/web/20170129091053/http://cwaste.skolbloggen.se:80/oppna-larresurser/wikibooks/
html_200_root,20170129091057,http://cwaste.skolbloggen.se:80/oppna-larresurser/wikiversity/,200,text/html,https://web.archive.org/web/20170129091057/http://cwaste.skolbloggen.se:80/oppna-larresurser/wikiversity/
html_200_root,20170129091103,http://cwaste.skolbloggen.se:80/oppna-larresurser/youtube-edu/,200,text/html,https://web.archive.org/web/20170129091103/http://cwaste.skolbloggen.se:80/oppna-larresurser/youtube-edu/
raw_http_prefix,20170129091107,http://cwaste.skolbloggen.se:80/presentation/din-presentation/feed/,200,application/rss+xml,https://web.archive.org/web/20170129091107/http://cwaste.skolbloggen.se:80/presentation/din-presentation/feed/
html_200_root,20170129091113,http://cwaste.skolbloggen.se:80/redovisning/,200,text/html,https://web.archive.org/web/20170129091113/http://cwaste.skolbloggen.se:80/redovisning/
html_200_root,20170129091118,http://cwaste.skolbloggen.se:80/redovisning/bilder-och-bildtexter/,200,text/html,https://web.archive.org/web/20170129091118/http://cwaste.skolbloggen.se:80/redovisning/bilder-och-bildtexter/
html_200_root,20170129091123,http://cwaste.skolbloggen.se:80/redovisning/hur-du-hanterar-powerpoint/,200,text/html,https://web.archive.org/web/20170129091123/http://cwaste.skolbloggen.se:80/redovisning/hur-du-hanterar-powerpoint/
html_200_root,20170129091128,http://cwaste.skolbloggen.se:80/redovisning/overkurs/,200,text/html,https://web.archive.org/web/20170129091128/http://cwaste.skolbloggen.se:80/redovisning/overkurs/
html_200_root,20170129091133,http://cwaste.skolbloggen.se:80/redovisning/publicering/,200,text/html,https://web.archive.org/web/20170129091133/http://cwaste.skolbloggen.se:80/redovisning/publicering/
html_200_root,20170129091138,http://cwaste.skolbloggen.se:80/redovisning/tankekartor/,200,text/html,https://web.archive.org/web/20170129091138/http://cwaste.skolbloggen.se:80/redovisning/tankekartor/
html_200_root,20170129091143,http://cwaste.skolbloggen.se:80/studieteknik/,200,text/html,https://web.archive.org/web/20170129091143/http://cwaste.skolbloggen.se:80/studieteknik/
html_200_root,20170129091148,http://cwaste.skolbloggen.se:80/studieteknik/att-hitta-information/,200,text/html,https://web.archive.org/web/20170129091148/http://cwaste.skolbloggen.se:80/studieteknik/att-hitta-information/
html_200_root,20170129091153,http://cwaste.skolbloggen.se:80/studieteknik/kallkritik/ovningar-i-kallkritik/,200,text/html,https://web.archive.org/web/20170129091153/http://cwaste.skolbloggen.se:80/studieteknik/kallkritik/ovningar-i-kallkritik/
html_200_root,20170129091158,http://cwaste.skolbloggen.se:80/studieteknik/sjalvskattning-av-studievanor/,200,text/html,https://web.archive.org/web/20170129091158/http://cwaste.skolbloggen.se:80/studieteknik/sjalvskattning-av-studievanor/
html_200_root,20170129091203,http://cwaste.skolbloggen.se:80/studieteknik/uppgift/,200,text/html,https://web.archive.org/web/20170129091203/http://cwaste.skolbloggen.se:80/studieteknik/uppgift/
html_200_root,20170129091208,http://cwaste.skolbloggen.se:80/svenska/argumenterande-texter/skriva-insandaredebattartikel/bedomning-av-skrivuppgift-skriva-insandaredebattartikel/,200,text/html,https://web.archive.org/web/20170129091208/http://cwaste.skolbloggen.se:80/svenska/argumenterande-texter/skriva-insandaredebattartikel/bedomning-av-skrivuppgift-skriva-insandaredebattartikel/
html_200_root,20170129091213,http://cwaste.skolbloggen.se:80/svenska/argumenterande-texter/skriva-insandaredebattartikel/vad-man-ska-tanka-pa-nar-man-skriver-argumenterande-texter/,200,text/html,https://web.archive.org/web/20170129091213/http://cwaste.skolbloggen.se:80/svenska/argumenterande-texter/skriva-insandaredebattartikel/vad-man-ska-tanka-pa-nar-man-skriver-argumenterande-texter/
html_200_root,20170129091218,http://cwaste.skolbloggen.se:80/svenska/bedomning/bedomning-av-muntliga-uppgifter/,200,text/html,https://web.archive.org/web/20170129091218/http://cwaste.skolbloggen.se:80/svenska/bedomning/bedomning-av-muntliga-uppgifter/
html_200_root,20170129091223,http://cwaste.skolbloggen.se:80/svenska/berattelser/berattarkne/,200,text/html,https://web.archive.org/web/20170129091223/http://cwaste.skolbloggen.se:80/svenska/berattelser/berattarkne/
html_200_root,20170129091229,http://cwaste.skolbloggen.se:80/svenska/bild-och-film/hur-d-hanterar-bilder/,200,text/html,https://web.archive.org/web/20170129091229/http://cwaste.skolbloggen.se:80/svenska/bild-och-film/hur-d-hanterar-bilder/
html_200_root,20170129091233,http://cwaste.skolbloggen.se:80/svenska/bild-och-film/regler-vid-fotografering-pa-allmanna-platser/,200,text/html,https://web.archive.org/web/20170129091233/http://cwaste.skolbloggen.se:80/svenska/bild-och-film/regler-vid-fotografering-pa-allmanna-platser/
html_200_root,20170129091238,http://cwaste.skolbloggen.se:80/svenska/dikter/ovning-i-diktanalys/,200,text/html,https://web.archive.org/web/20170129091238/http://cwaste.skolbloggen.se:80/svenska/dikter/ovning-i-diktanalys/
html_200_root,20170129091244,http://cwaste.skolbloggen.se:80/svenska/dikter/skriva-dikter-ovning-i/,200,text/html,https://web.archive.org/web/20170129091244/http://cwaste.skolbloggen.se:80/svenska/dikter/skriva-dikter-ovning-i/
html_200_root,20170129091248,http://cwaste.skolbloggen.se:80/svenska/instruktioner/,200,text/html,https://web.archive.org/web/20170129091248/http://cwaste.skolbloggen.se:80/svenska/instruktioner/
html_200_root,20170129091253,http://cwaste.skolbloggen.se:80/svenska/litteraturanalys-och-lasloggar/,200,text/html,https://web.archive.org/web/20170129091253/http://cwaste.skolbloggen.se:80/svenska/litteraturanalys-och-lasloggar/
html_200_root,20170129091258,http://cwaste.skolbloggen.se:80/svenska/litteraturanalys-och-lasloggar/laslogg-3-titel-form-dramaturgi-budskap/,200,text/html,https://web.archive.org/web/20170129091258/http://cwaste.skolbloggen.se:80/svenska/litteraturanalys-och-lasloggar/laslogg-3-titel-form-dramaturgi-budskap/
html_200_root,20170129091304,http://cwaste.skolbloggen.se:80/svenska/litteraturhistoria/,200,text/html,https://web.archive.org/web/20170129091304/http://cwaste.skolbloggen.se:80/svenska/litteraturhistoria/
html_200_root,20170129091308,http://cwaste.skolbloggen.se:80/svenska/litteraturhistoria/1790-romantiken/,200,text/html,https://web.archive.org/web/20170129091308/http://cwaste.skolbloggen.se:80/svenska/litteraturhistoria/1790-romantiken/
html_200_root,20170129091313,http://cwaste.skolbloggen.se:80/svenska/litteraturhistoria/1830-realismen/,200,text/html,https://web.archive.org/web/20170129091313/http://cwaste.skolbloggen.se:80/svenska/litteraturhistoria/1830-realismen/
html_200_root,20170129091318,http://cwaste.skolbloggen.se:80/svenska/litteraturhistoria/1910-modernismen/,200,text/html,https://web.archive.org/web/20170129091318/http://cwaste.skolbloggen.se:80/svenska/litteraturhistoria/1910-modernismen/
html_200_root,20170129091323,http://cwaste.skolbloggen.se:80/svenska/nationellt-prov-i-svenska-b-kursen/,200,text/html,https://web.archive.org/web/20170129091323/http://cwaste.skolbloggen.se:80/svenska/nationellt-prov-i-svenska-b-kursen/
html_200_root,20170129091329,http://cwaste.skolbloggen.se:80/svenska/nationellt-prov-i-svenska-b-kursen/nationellt-prov/,200,text/html,https://web.archive.org/web/20170129091329/http://cwaste.skolbloggen.se:80/svenska/nationellt-prov-i-svenska-b-kursen/nationellt-prov/
html_200_root,20170129091334,http://cwaste.skolbloggen.se:80/svenska/referera/bedomning-av-referat/,200,text/html,https://web.archive.org/web/20170129091334/http://cwaste.skolbloggen.se:80/svenska/referera/bedomning-av-referat/
html_200_root,20170129091339,http://cwaste.skolbloggen.se:80/svenska/referera/ex-pa-kallhanvisning/,200,text/html,https://web.archive.org/web/20170129091339/http://cwaste.skolbloggen.se:80/svenska/referera/ex-pa-kallhanvisning/
html_200_root,20170129091344,http://cwaste.skolbloggen.se:80/svenska/referera/ova-referatskrivning-nathat-bland-unga/,200,text/html,https://web.archive.org/web/20170129091344/http://cwaste.skolbloggen.se:80/svenska/referera/ova-referatskrivning-nathat-bland-unga/
html_200_root,20170129091349,http://cwaste.skolbloggen.se:80/svenska/referera/skriva-referat/,200,text/html,https://web.archive.org/web/20170129091349/http://cwaste.skolbloggen.se:80/svenska/referera/skriva-referat/
html_200_root,20170129091353,http://cwaste.skolbloggen.se:80/svenska/retorik/,200,text/html,https://web.archive.org/web/20170129091353/http://cwaste.skolbloggen.se:80/svenska/retorik/
html_200_root,20170129091358,http://cwaste.skolbloggen.se:80/svenska/skrivprocessen/kommentera-blogginlagg/,200,text/html,https://web.archive.org/web/20170129091358/http://cwaste.skolbloggen.se:80/svenska/skrivprocessen/kommentera-blogginlagg/
html_200_root,20170129091404,http://cwaste.skolbloggen.se:80/svenska/skrivprocessen/responsgivning/skriva-kommentarer/,200,text/html,https://web.archive.org/web/20170129091404/http://cwaste.skolbloggen.se:80/svenska/skrivprocessen/responsgivning/skriva-kommentarer/
html_200_root,20170129091408,http://cwaste.skolbloggen.se:80/svenska/skrivrad/,200,text/html,https://web.archive.org/web/20170129091408/http://cwaste.skolbloggen.se:80/svenska/skrivrad/
html_200_root,20170129091413,http://cwaste.skolbloggen.se:80/svenska/skrivrad/nagra-vanliga-misstag/,200,text/html,https://web.archive.org/web/20170129091413/http://cwaste.skolbloggen.se:80/svenska/skrivrad/nagra-vanliga-misstag/
html_200_root,20170129091418,http://cwaste.skolbloggen.se:80/svenska/soka-jobb/,200,text/html,https://web.archive.org/web/20170129091418/http://cwaste.skolbloggen.se:80/svenska/soka-jobb/
html_200_root,20170129091423,http://cwaste.skolbloggen.se:80/svenska/sprakhistoria/,200,text/html,https://web.archive.org/web/20170129091423/http://cwaste.skolbloggen.se:80/svenska/sprakhistoria/
html_200_root,20170129091428,http://cwaste.skolbloggen.se:80/svenska/talovningar/,200,text/html,https://web.archive.org/web/20170129091428/http://cwaste.skolbloggen.se:80/svenska/talovningar/
raw_http_prefix,20170129091437,http://cwaste.skolbloggen.se:80/wp-includes/wlwmanifest.xml,200,application/xml,https://web.archive.org/web/20170129091437/http://cwaste.skolbloggen.se:80/wp-includes/wlwmanifest.xml
html_200_root,20170129091513,http://cwaste.skolbloggen.se:80/wp-login.php,200,text/html,https://web.archive.org/web/20170129091513/http://cwaste.skolbloggen.se:80/wp-login.php
html_200_root,20170129100852,http://cwaste.skolbloggen.se:80/,200,text/html,https://web.archive.org/web/20170129100852/http://cwaste.skolbloggen.se:80/
raw_http_prefix,20170129130409,http://cwaste.skolbloggen.se:80/feed/,200,application/rss+xml,https://web.archive.org/web/20170129130409/http://cwaste.skolbloggen.se:80/feed/
html_200_root,20170129130437,http://cwaste.skolbloggen.se:80/presentation/din-presentation/,200,text/html,https://web.archive.org/web/20170129130437/http://cwaste.skolbloggen.se:80/presentation/din-presentation/
html_200_root,20170129130441,http://cwaste.skolbloggen.se:80/presentation/om-froken-waste/,200,text/html,https://web.archive.org/web/20170129130441/http://cwaste.skolbloggen.se:80/presentation/om-froken-waste/
html_200_root,20170129164644,http://cwaste.skolbloggen.se:80/category/okategoriserad/,200,text/html,https://web.archive.org/web/20170129164644/http://cwaste.skolbloggen.se:80/category/okategoriserad/
html_200_root,20170129164651,http://cwaste.skolbloggen.se:80/det-utvidgade-textbegreppet/bildanalys-ett-exempel/,200,text/html,https://web.archive.org/web/20170129164651/http://cwaste.skolbloggen.se:80/det-utvidgade-textbegreppet/bildanalys-ett-exempel/
html_200_root,20170129164655,http://cwaste.skolbloggen.se:80/oppna-larresurser/csu-affordable-learning-solutions/,200,text/html,https://web.archive.org/web/20170129164655/http://cwaste.skolbloggen.se:80/oppna-larresurser/csu-affordable-learning-solutions/
html_200_root,20170129164700,http://cwaste.skolbloggen.se:80/oppna-larresurser/itunes-u/,200,text/html,https://web.archive.org/web/20170129164700/http://cwaste.skolbloggen.se:80/oppna-larresurser/itunes-u/
html_200_root,20170129164705,http://cwaste.skolbloggen.se:80/presentation/,200,text/html,https://web.archive.org/web/20170129164705/http://cwaste.skolbloggen.se:80/presentation/
html_200_root,20170129164710,http://cwaste.skolbloggen.se:80/redovisning/akademisk-hederlighet/,200,text/html,https://web.archive.org/web/20170129164710/http://cwaste.skolbloggen.se:80/redovisning/akademisk-hederlighet/
html_200_root,20170129164716,http://cwaste.skolbloggen.se:80/redovisning/akademisk-hederlighet/upphovsratt-och-creative-commons/,200,text/html,https://web.archive.org/web/20170129164716/http://cwaste.skolbloggen.se:80/redovisning/akademisk-hederlighet/upphovsratt-och-creative-commons/
html_200_root,20170129164720,http://cwaste.skolbloggen.se:80/redovisning/bilder-som-du-far-anvanda-till-dina-redovisningar/,200,text/html,https://web.archive.org/web/20170129164720/http://cwaste.skolbloggen.se:80/redovisning/bilder-som-du-far-anvanda-till-dina-redovisningar/
html_200_root,20170129164725,http://cwaste.skolbloggen.se:80/redovisning/textformatering/,200,text/html,https://web.archive.org/web/20170129164725/http://cwaste.skolbloggen.se:80/redovisning/textformatering/
html_200_root,20170129164730,http://cwaste.skolbloggen.se:80/studieteknik/att-vardera-information/,200,text/html,https://web.archive.org/web/20170129164730/http://cwaste.skolbloggen.se:80/studieteknik/att-vardera-information/
html_200_root,20170129164735,http://cwaste.skolbloggen.se:80/studieteknik/kallkritik/,200,text/html,https://web.archive.org/web/20170129164735/http://cwaste.skolbloggen.se:80/studieteknik/kallkritik/
html_200_root,20170129164740,http://cwaste.skolbloggen.se:80/studieteknik/kallkritik/arkiv-och-samlingar-i-din-narhet/,200,text/html,https://web.archive.org/web/20170129164740/http://cwaste.skolbloggen.se:80/studieteknik/kallkritik/arkiv-och-samlingar-i-din-narhet/
html_200_root,20170129164746,http://cwaste.skolbloggen.se:80/studieteknik/kallkritik/de-kallkritiska-principerna/,200,text/html,https://web.archive.org/web/20170129164746/http://cwaste.skolbloggen.se:80/studieteknik/kallkritik/de-kallkritiska-principerna/
html_200_root,20170129164751,http://cwaste.skolbloggen.se:80/svenska/,200,text/html,https://web.archive.org/web/20170129164751/http://cwaste.skolbloggen.se:80/svenska/
html_200_root,20170129164755,http://cwaste.skolbloggen.se:80/svenska/argumenterande-texter/,200,text/html,https://web.archive.org/web/20170129164755/http://cwaste.skolbloggen.se:80/svenska/argumenterande-texter/
html_200_root,20170129164824,http://cwaste.skolbloggen.se:80/svenska/argumenterande-texter/argumentation-ett-exempel/,200,text/html,https://web.archive.org/web/20170129164824/http://cwaste.skolbloggen.se:80/svenska/argumenterande-texter/argumentation-ett-exempel/
raw_http_prefix,20170208000803,http://cwaste.skolbloggen.se:80/svenska/referera/ex-pa-referatmarkorer,301,text/html,https://web.archive.org/web/20170208000803/http://cwaste.skolbloggen.se:80/svenska/referera/ex-pa-referatmarkorer
html_200_root,20170208000803,http://cwaste.skolbloggen.se:80/svenska/referera/ex-pa-referatmarkorer/,200,text/html,https://web.archive.org/web/20170208000803/http://cwaste.skolbloggen.se:80/svenska/referera/ex-pa-referatmarkorer/
raw_http_prefix,20170228171508,http://cwaste.skolbloggen.se:80/svenska/referera/skriva-referat,301,text/html,https://web.archive.org/web/20170228171508/http://cwaste.skolbloggen.se:80/svenska/referera/skriva-referat
html_200_root,20170228171508,http://cwaste.skolbloggen.se:80/svenska/referera/skriva-referat/,200,text/html,https://web.archive.org/web/20170228171508/http://cwaste.skolbloggen.se:80/svenska/referera/skriva-referat/
raw_http_prefix,20170327000355,http://cwaste.skolbloggen.se:80/studieteknik/kallkritik,301,text/html,https://web.archive.org/web/20170327000355/http://cwaste.skolbloggen.se:80/studieteknik/kallkritik
html_200_root,20170327000355,http://cwaste.skolbloggen.se:80/studieteknik/kallkritik/,200,text/html,https://web.archive.org/web/20170327000355/http://cwaste.skolbloggen.se:80/studieteknik/kallkritik/
html_200_root,20170402054613,http://cwaste.skolbloggen.se:80/search/matris++referat,200,text/html,https://web.archive.org/web/20170402054613/http://cwaste.skolbloggen.se:80/search/matris++referat
raw_http_prefix,20170402065227,http://cwaste.skolbloggen.se:80/svenska/litteraturhistoria/1720-upplysningen,301,text/html,https://web.archive.org/web/20170402065227/http://cwaste.skolbloggen.se:80/svenska/litteraturhistoria/1720-upplysningen
html_200_root,20170402065227,http://cwaste.skolbloggen.se:80/svenska/litteraturhistoria/1720-upplysningen/,200,text/html,https://web.archive.org/web/20170402065227/http://cwaste.skolbloggen.se:80/svenska/litteraturhistoria/1720-upplysningen/
raw_http_prefix,20170402065233,http://cwaste.skolbloggen.se:80/svenska/talovningar,301,text/html,https://web.archive.org/web/20170402065233/http://cwaste.skolbloggen.se:80/svenska/talovningar
html_200_root,20170402065233,http://cwaste.skolbloggen.se:80/svenska/talovningar/,200,text/html,https://web.archive.org/web/20170402065233/http://cwaste.skolbloggen.se:80/svenska/talovningar/
raw_http_prefix,20170406103727,http://cwaste.skolbloggen.se:80/svenska/litteraturhistoria,301,text/html,https://web.archive.org/web/20170406103727/http://cwaste.skolbloggen.se:80/svenska/litteraturhistoria
html_200_root,20170406103727,http://cwaste.skolbloggen.se:80/svenska/litteraturhistoria/,200,text/html,https://web.archive.org/web/20170406103727/http://cwaste.skolbloggen.se:80/svenska/litteraturhistoria/
raw_http_prefix,20170423224642,http://cwaste.skolbloggen.se:80/studieteknik/kallkritik/de-kallkritiska-principerna,301,text/html,https://web.archive.org/web/20170423224642/http://cwaste.skolbloggen.se:80/studieteknik/kallkritik/de-kallkritiska-principerna
html_200_root,20170423224642,http://cwaste.skolbloggen.se:80/studieteknik/kallkritik/de-kallkritiska-principerna/,200,text/html,https://web.archive.org/web/20170423224642/http://cwaste.skolbloggen.se:80/studieteknik/kallkritik/de-kallkritiska-principerna/
html_200_root,20170505004856,http://cwaste.skolbloggen.se:80/search/matris++referat,200,text/html,https://web.archive.org/web/20170505004856/http://cwaste.skolbloggen.se:80/search/matris++referat
raw_http_prefix,20170506073847,http://cwaste.skolbloggen.se:80/svenska/litteraturanalys-och-lasloggar/laslogg-3-titel-form-dramaturgi-budskap,301,text/html,https://web.archive.org/web/20170506073847/http://cwaste.skolbloggen.se:80/svenska/litteraturanalys-och-lasloggar/laslogg-3-titel-form-dramaturgi-budskap
html_200_root,20170506073847,http://cwaste.skolbloggen.se:80/svenska/litteraturanalys-och-lasloggar/laslogg-3-titel-form-dramaturgi-budskap/,200,text/html,https://web.archive.org/web/20170506073847/http://cwaste.skolbloggen.se:80/svenska/litteraturanalys-och-lasloggar/laslogg-3-titel-form-dramaturgi-budskap/
raw_http_prefix,20170507062734,http://cwaste.skolbloggen.se:80/svenska/referera/bedomning-av-referat,301,text/html,https://web.archive.org/web/20170507062734/http://cwaste.skolbloggen.se:80/svenska/referera/bedomning-av-referat
html_200_root,20170507062734,http://cwaste.skolbloggen.se:80/svenska/referera/bedomning-av-referat/,200,text/html,https://web.archive.org/web/20170507062734/http://cwaste.skolbloggen.se:80/svenska/referera/bedomning-av-referat/
raw_http_prefix,20170507062831,http://cwaste.skolbloggen.se:80/svenska/referera/ex-pa-referatmarkorer,301,text/html,https://web.archive.org/web/20170507062831/http://cwaste.skolbloggen.se:80/svenska/referera/ex-pa-referatmarkorer
html_200_root,20170507062831,http://cwaste.skolbloggen.se:80/svenska/referera/ex-pa-referatmarkorer/,200,text/html,https://web.archive.org/web/20170507062831/http://cwaste.skolbloggen.se:80/svenska/referera/ex-pa-referatmarkorer/
raw_http_prefix,20170507063528,http://cwaste.skolbloggen.se:80/svenska/referera/fler-exempel,301,text/html,https://web.archive.org/web/20170507063528/http://cwaste.skolbloggen.se:80/svenska/referera/fler-exempel
html_200_root,20170507063528,http://cwaste.skolbloggen.se:80/svenska/referera/fler-exempel/,200,text/html,https://web.archive.org/web/20170507063528/http://cwaste.skolbloggen.se:80/svenska/referera/fler-exempel/
raw_http_prefix,20170507072629,http://cwaste.skolbloggen.se:80/svenska/litteraturhistoria/1720-upplysningen,301,text/html,https://web.archive.org/web/20170507072629/http://cwaste.skolbloggen.se:80/svenska/litteraturhistoria/1720-upplysningen
html_200_root,20170507072629,http://cwaste.skolbloggen.se:80/svenska/litteraturhistoria/1720-upplysningen/,200,text/html,https://web.archive.org/web/20170507072629/http://cwaste.skolbloggen.se:80/svenska/litteraturhistoria/1720-upplysningen/
raw_http_prefix,20170507073932,http://cwaste.skolbloggen.se:80/svenska/talovningar,301,text/html,https://web.archive.org/web/20170507073932/http://cwaste.skolbloggen.se:80/svenska/talovningar
html_200_root,20170507073932,http://cwaste.skolbloggen.se:80/svenska/talovningar/,200,text/html,https://web.archive.org/web/20170507073932/http://cwaste.skolbloggen.se:80/svenska/talovningar/
raw_http_prefix,20170512124615,http://cwaste.skolbloggen.se:80/svenska/argumenterande-texter/argumenterande-tal,301,text/html,https://web.archive.org/web/20170512124615/http://cwaste.skolbloggen.se:80/svenska/argumenterande-texter/argumenterande-tal
html_200_root,20170512124615,http://cwaste.skolbloggen.se:80/svenska/argumenterande-texter/argumenterande-tal/,200,text/html,https://web.archive.org/web/20170512124615/http://cwaste.skolbloggen.se:80/svenska/argumenterande-texter/argumenterande-tal/
raw_http_prefix,20170524163152,http://cwaste.skolbloggen.se:80/studieteknik/kallkritik/de-kallkritiska-principerna,301,text/html,https://web.archive.org/web/20170524163152/http://cwaste.skolbloggen.se:80/studieteknik/kallkritik/de-kallkritiska-principerna
html_200_root,20170524163152,http://cwaste.skolbloggen.se:80/studieteknik/kallkritik/de-kallkritiska-principerna/,200,text/html,https://web.archive.org/web/20170524163152/http://cwaste.skolbloggen.se:80/studieteknik/kallkritik/de-kallkritiska-principerna/
raw_http_prefix,20170605095708,http://cwaste.skolbloggen.se/robots.txt,-,warc/revisit,https://web.archive.org/web/20170605095708/http://cwaste.skolbloggen.se/robots.txt
html_200_root,20170605221313,http://cwaste.skolbloggen.se:80/search/matris++referat,200,text/html,https://web.archive.org/web/20170605221313/http://cwaste.skolbloggen.se:80/search/matris++referat
raw_http_prefix,20170607012919,http://cwaste.skolbloggen.se:80/svenska/litteraturhistoria/1720-upplysningen,301,text/html,https://web.archive.org/web/20170607012919/http://cwaste.skolbloggen.se:80/svenska/litteraturhistoria/1720-upplysningen
html_200_root,20170607012919,http://cwaste.skolbloggen.se:80/svenska/litteraturhistoria/1720-upplysningen/,200,text/html,https://web.archive.org/web/20170607012919/http://cwaste.skolbloggen.se:80/svenska/litteraturhistoria/1720-upplysningen/
raw_http_prefix,20170607014934,http://cwaste.skolbloggen.se:80/svenska/referera/fler-exempel,301,text/html,https://web.archive.org/web/20170607014934/http://cwaste.skolbloggen.se:80/svenska/referera/fler-exempel
html_200_root,20170607014934,http://cwaste.skolbloggen.se:80/svenska/referera/fler-exempel/,200,text/html,https://web.archive.org/web/20170607014934/http://cwaste.skolbloggen.se:80/svenska/referera/fler-exempel/
raw_http_prefix,20170607015404,http://cwaste.skolbloggen.se:80/svenska/referera/bedomning-av-referat,301,text/html,https://web.archive.org/web/20170607015404/http://cwaste.skolbloggen.se:80/svenska/referera/bedomning-av-referat
html_200_root,20170607015404,http://cwaste.skolbloggen.se:80/svenska/referera/bedomning-av-referat/,200,text/html,https://web.archive.org/web/20170607015404/http://cwaste.skolbloggen.se:80/svenska/referera/bedomning-av-referat/
raw_http_prefix,20170607021241,http://cwaste.skolbloggen.se:80/svenska/referera/ex-pa-referatmarkorer,301,text/html,https://web.archive.org/web/20170607021241/http://cwaste.skolbloggen.se:80/svenska/referera/ex-pa-referatmarkorer
html_200_root,20170607021241,http://cwaste.skolbloggen.se:80/svenska/referera/ex-pa-referatmarkorer/,200,text/html,https://web.archive.org/web/20170607021241/http://cwaste.skolbloggen.se:80/svenska/referera/ex-pa-referatmarkorer/
raw_http_prefix,20170607021252,http://cwaste.skolbloggen.se:80/svenska/talovningar,301,text/html,https://web.archive.org/web/20170607021252/http://cwaste.skolbloggen.se:80/svenska/talovningar
html_200_root,20170607021252,http://cwaste.skolbloggen.se:80/svenska/talovningar/,200,text/html,https://web.archive.org/web/20170607021252/http://cwaste.skolbloggen.se:80/svenska/talovningar/
html_200_root,20170612161504,http://cwaste.skolbloggen.se:80/svenska/litteraturanalys-och-lasloggar/,200,text/html,https://web.archive.org/web/20170612161504/http://cwaste.skolbloggen.se:80/svenska/litteraturanalys-och-lasloggar/
raw_http_prefix,20170613160753,http://cwaste.skolbloggen.se/robots.txt,-,warc/revisit,https://web.archive.org/web/20170613160753/http://cwaste.skolbloggen.se/robots.txt
raw_http_prefix,20170624235553,http://cwaste.skolbloggen.se:80/studieteknik/kallkritik/de-kallkritiska-principerna,301,text/html,https://web.archive.org/web/20170624235553/http://cwaste.skolbloggen.se:80/studieteknik/kallkritik/de-kallkritiska-principerna
html_200_root,20170624235553,http://cwaste.skolbloggen.se:80/studieteknik/kallkritik/de-kallkritiska-principerna/,200,text/html,https://web.archive.org/web/20170624235553/http://cwaste.skolbloggen.se:80/studieteknik/kallkritik/de-kallkritiska-principerna/
raw_http_prefix,20170707225742,http://cwaste.skolbloggen.se:80/svenska/referera/bedomning-av-referat,301,text/html,https://web.archive.org/web/20170707225742/http://cwaste.skolbloggen.se:80/svenska/referera/bedomning-av-referat
html_200_root,20170707225742,http://cwaste.skolbloggen.se:80/svenska/referera/bedomning-av-referat/,200,text/html,https://web.archive.org/web/20170707225742/http://cwaste.skolbloggen.se:80/svenska/referera/bedomning-av-referat/
raw_http_prefix,20170707233538,http://cwaste.skolbloggen.se:80/svenska/referera/fler-exempel,301,text/html,https://web.archive.org/web/20170707233538/http://cwaste.skolbloggen.se:80/svenska/referera/fler-exempel
html_200_root,20170707233538,http://cwaste.skolbloggen.se:80/svenska/referera/fler-exempel/,200,text/html,https://web.archive.org/web/20170707233538/http://cwaste.skolbloggen.se:80/svenska/referera/fler-exempel/
raw_http_prefix,20170707234331,http://cwaste.skolbloggen.se:80/svenska/litteraturhistoria/1720-upplysningen,301,text/html,https://web.archive.org/web/20170707234331/http://cwaste.skolbloggen.se:80/svenska/litteraturhistoria/1720-upplysningen
html_200_root,20170707234331,http://cwaste.skolbloggen.se:80/svenska/litteraturhistoria/1720-upplysningen/,200,text/html,https://web.archive.org/web/20170707234331/http://cwaste.skolbloggen.se:80/svenska/litteraturhistoria/1720-upplysningen/
raw_http_prefix,20170707234507,http://cwaste.skolbloggen.se:80/svenska/referera/ex-pa-referatmarkorer,301,text/html,https://web.archive.org/web/20170707234507/http://cwaste.skolbloggen.se:80/svenska/referera/ex-pa-referatmarkorer
html_200_root,20170707234507,http://cwaste.skolbloggen.se:80/svenska/referera/ex-pa-referatmarkorer/,200,text/html,https://web.archive.org/web/20170707234507/http://cwaste.skolbloggen.se:80/svenska/referera/ex-pa-referatmarkorer/
raw_http_prefix,20170715142117,http://cwaste.skolbloggen.se/robots.txt,-,warc/revisit,https://web.archive.org/web/20170715142117/http://cwaste.skolbloggen.se/robots.txt
raw_http_prefix,20170715142121,http://cwaste.skolbloggen.se/favicon.ico,-,warc/revisit,https://web.archive.org/web/20170715142121/http://cwaste.skolbloggen.se/favicon.ico
raw_http_prefix,20170725102925,http://cwaste.skolbloggen.se:80/studieteknik/kallkritik/de-kallkritiska-principerna,301,text/html,https://web.archive.org/web/20170725102925/http://cwaste.skolbloggen.se:80/studieteknik/kallkritik/de-kallkritiska-principerna
html_200_root,20170725102925,http://cwaste.skolbloggen.se:80/studieteknik/kallkritik/de-kallkritiska-principerna/,200,text/html,https://web.archive.org/web/20170725102925/http://cwaste.skolbloggen.se:80/studieteknik/kallkritik/de-kallkritiska-principerna/
raw_http_prefix,20170808070112,http://cwaste.skolbloggen.se:80/svenska/referera/fler-exempel,301,text/html,https://web.archive.org/web/20170808070112/http://cwaste.skolbloggen.se:80/svenska/referera/fler-exempel
html_200_root,20170808070112,http://cwaste.skolbloggen.se:80/svenska/referera/fler-exempel/,200,text/html,https://web.archive.org/web/20170808070112/http://cwaste.skolbloggen.se:80/svenska/referera/fler-exempel/
raw_http_prefix,20170808071328,http://cwaste.skolbloggen.se:80/svenska/referera/bedomning-av-referat,301,text/html,https://web.archive.org/web/20170808071328/http://cwaste.skolbloggen.se:80/svenska/referera/bedomning-av-referat
html_200_root,20170808071328,http://cwaste.skolbloggen.se:80/svenska/referera/bedomning-av-referat/,200,text/html,https://web.archive.org/web/20170808071328/http://cwaste.skolbloggen.se:80/svenska/referera/bedomning-av-referat/
raw_http_prefix,20170808073544,http://cwaste.skolbloggen.se:80/svenska/referera/ex-pa-referatmarkorer,301,text/html,https://web.archive.org/web/20170808073544/http://cwaste.skolbloggen.se:80/svenska/referera/ex-pa-referatmarkorer
html_200_root,20170808073544,http://cwaste.skolbloggen.se:80/svenska/referera/ex-pa-referatmarkorer/,200,text/html,https://web.archive.org/web/20170808073544/http://cwaste.skolbloggen.se:80/svenska/referera/ex-pa-referatmarkorer/
raw_http_prefix,20170808100209,http://cwaste.skolbloggen.se:80/svenska/litteraturhistoria/1720-upplysningen,301,text/html,https://web.archive.org/web/20170808100209/http://cwaste.skolbloggen.se:80/svenska/litteraturhistoria/1720-upplysningen
html_200_root,20170808100209,http://cwaste.skolbloggen.se:80/svenska/litteraturhistoria/1720-upplysningen/,200,text/html,https://web.archive.org/web/20170808100209/http://cwaste.skolbloggen.se:80/svenska/litteraturhistoria/1720-upplysningen/
raw_http_prefix,20170825020012,http://cwaste.skolbloggen.se:80/studieteknik/kallkritik/de-kallkritiska-principerna,301,text/html,https://web.archive.org/web/20170825020012/http://cwaste.skolbloggen.se:80/studieteknik/kallkritik/de-kallkritiska-principerna
html_200_root,20170825020012,http://cwaste.skolbloggen.se:80/studieteknik/kallkritik/de-kallkritiska-principerna/,200,text/html,https://web.archive.org/web/20170825020012/http://cwaste.skolbloggen.se:80/studieteknik/kallkritik/de-kallkritiska-principerna/
raw_http_prefix,20180111072605,http://cwaste.skolbloggen.se:80/svenska/referera/ex-pa-referatmarkorer,301,text/html,https://web.archive.org/web/20180111072605/http://cwaste.skolbloggen.se:80/svenska/referera/ex-pa-referatmarkorer
html_200_root,20180111072605,http://cwaste.skolbloggen.se:80/svenska/referera/ex-pa-referatmarkorer/,200,text/html,https://web.archive.org/web/20180111072605/http://cwaste.skolbloggen.se:80/svenska/referera/ex-pa-referatmarkorer/
raw_http_prefix,20180117104441,http://cwaste.skolbloggen.se:80/presentation/din-presentation,301,text/html,https://web.archive.org/web/20180117104441/http://cwaste.skolbloggen.se:80/presentation/din-presentation
html_200_root,20180117104441,http://cwaste.skolbloggen.se:80/presentation/din-presentation/,200,text/html,https://web.archive.org/web/20180117104441/http://cwaste.skolbloggen.se:80/presentation/din-presentation/
html_200_root,20180119102516,http://cwaste.skolbloggen.se:80/,200,text/html,https://web.archive.org/web/20180119102516/http://cwaste.skolbloggen.se:80/
html_200_root,20180119135032,http://cwaste.skolbloggen.se:80/presentation/om-froken-waste/,200,text/html,https://web.archive.org/web/20180119135032/http://cwaste.skolbloggen.se:80/presentation/om-froken-waste/
raw_http_prefix,20180119135036,http://cwaste.skolbloggen.se:80/presentation/din-presentation/feed/,200,application/rss+xml,https://web.archive.org/web/20180119135036/http://cwaste.skolbloggen.se:80/presentation/din-presentation/feed/
raw_http_prefix,20180119135240,http://cwaste.skolbloggen.se:80/wp-login.php?action=register,302,text/html,https://web.archive.org/web/20180119135240/http://cwaste.skolbloggen.se:80/wp-login.php?action=register
raw_http_prefix,20180119135506,http://cwaste.skolbloggen.se:80/feed/,200,application/rss+xml,https://web.archive.org/web/20180119135506/http://cwaste.skolbloggen.se:80/feed/
html_200_root,20180119210402,http://cwaste.skolbloggen.se:80/oppna-larresurser/itunes-u/,200,text/html,https://web.archive.org/web/20180119210402/http://cwaste.skolbloggen.se:80/oppna-larresurser/itunes-u/
html_200_root,20180119210407,http://cwaste.skolbloggen.se:80/oppna-larresurser/wikibooks/,200,text/html,https://web.archive.org/web/20180119210407/http://cwaste.skolbloggen.se:80/oppna-larresurser/wikibooks/
html_200_root,20180119210421,http://cwaste.skolbloggen.se:80/svenska/litteraturhistoria/,200,text/html,https://web.archive.org/web/20180119210421/http://cwaste.skolbloggen.se:80/svenska/litteraturhistoria/
html_200_root,20180119210442,http://cwaste.skolbloggen.se:80/svenska/,200,text/html,https://web.archive.org/web/20180119210442/http://cwaste.skolbloggen.se:80/svenska/
html_200_root,20180119210447,http://cwaste.skolbloggen.se:80/svenska/dikter/ovning-i-diktanalys/,200,text/html,https://web.archive.org/web/20180119210447/http://cwaste.skolbloggen.se:80/svenska/dikter/ovning-i-diktanalys/
html_200_root,20180119210452,http://cwaste.skolbloggen.se:80/svenska/litteraturanalys-och-lasloggar/forfattarportratt/,200,text/html,https://web.archive.org/web/20180119210452/http://cwaste.skolbloggen.se:80/svenska/litteraturanalys-och-lasloggar/forfattarportratt/
html_200_root,20180119210457,http://cwaste.skolbloggen.se:80/svenska/nationellt-prov-i-svenska-b-kursen/,200,text/html,https://web.archive.org/web/20180119210457/http://cwaste.skolbloggen.se:80/svenska/nationellt-prov-i-svenska-b-kursen/
html_200_root,20180119210502,http://cwaste.skolbloggen.se:80/svenska/skrivprocessen/kommentera-blogginlagg/,200,text/html,https://web.archive.org/web/20180119210502/http://cwaste.skolbloggen.se:80/svenska/skrivprocessen/kommentera-blogginlagg/
html_200_root,20180119210507,http://cwaste.skolbloggen.se:80/svenska/skrivrad/,200,text/html,https://web.archive.org/web/20180119210507/http://cwaste.skolbloggen.se:80/svenska/skrivrad/
html_200_root,20180119210558,http://cwaste.skolbloggen.se:80/redovisning/akademisk-hederlighet/upphovsratt-och-creative-commons/,200,text/html,https://web.archive.org/web/20180119210558/http://cwaste.skolbloggen.se:80/redovisning/akademisk-hederlighet/upphovsratt-och-creative-commons/
html_200_root,20180119210603,http://cwaste.skolbloggen.se:80/redovisning/overkurs/,200,text/html,https://web.archive.org/web/20180119210603/http://cwaste.skolbloggen.se:80/redovisning/overkurs/
html_200_root,20180119210608,http://cwaste.skolbloggen.se:80/studieteknik/kallkritik/arkiv-och-samlingar-i-din-narhet/,200,text/html,https://web.archive.org/web/20180119210608/http://cwaste.skolbloggen.se:80/studieteknik/kallkritik/arkiv-och-samlingar-i-din-narhet/
html_200_root,20180119210613,http://cwaste.skolbloggen.se:80/svenska/argumenterande-texter/skriva-insandaredebattartikel/bedomning-av-skrivuppgift-skriva-insandaredebattartikel/,200,text/html,https://web.archive.org/web/20180119210613/http://cwaste.skolbloggen.se:80/svenska/argumenterande-texter/skriva-insandaredebattartikel/bedomning-av-skrivuppgift-skriva-insandaredebattartikel/
html_200_root,20180119210618,http://cwaste.skolbloggen.se:80/svenska/bild-och-film/regler-vid-fotografering-pa-allmanna-platser/,200,text/html,https://web.archive.org/web/20180119210618/http://cwaste.skolbloggen.se:80/svenska/bild-och-film/regler-vid-fotografering-pa-allmanna-platser/
html_200_root,20180119210623,http://cwaste.skolbloggen.se:80/svenska/litteraturhistoria/1830-realismen/,200,text/html,https://web.archive.org/web/20180119210623/http://cwaste.skolbloggen.se:80/svenska/litteraturhistoria/1830-realismen/
html_200_root,20180119210628,http://cwaste.skolbloggen.se:80/svenska/talovningar/,200,text/html,https://web.archive.org/web/20180119210628/http://cwaste.skolbloggen.se:80/svenska/talovningar/
raw_http_prefix,20180119210657,http://cwaste.skolbloggen.se:80/wp-includes/wlwmanifest.xml,200,application/xml,https://web.archive.org/web/20180119210657/http://cwaste.skolbloggen.se:80/wp-includes/wlwmanifest.xml
html_200_root,20180119210706,http://cwaste.skolbloggen.se:80/redovisning/akademisk-hederlighet/,200,text/html,https://web.archive.org/web/20180119210706/http://cwaste.skolbloggen.se:80/redovisning/akademisk-hederlighet/
html_200_root,20180119210712,http://cwaste.skolbloggen.se:80/redovisning/tankekartor/,200,text/html,https://web.archive.org/web/20180119210712/http://cwaste.skolbloggen.se:80/redovisning/tankekartor/
html_200_root,20180119210717,http://cwaste.skolbloggen.se:80/studieteknik/kallkritik/ovningar-i-kallkritik/,200,text/html,https://web.archive.org/web/20180119210717/http://cwaste.skolbloggen.se:80/studieteknik/kallkritik/ovningar-i-kallkritik/
html_200_root,20180119210722,http://cwaste.skolbloggen.se:80/svenska/litteraturhistoria/1720-upplysningen/,200,text/html,https://web.archive.org/web/20180119210722/http://cwaste.skolbloggen.se:80/svenska/litteraturhistoria/1720-upplysningen/
html_200_root,20180119210727,http://cwaste.skolbloggen.se:80/svenska/nationellt-prov-i-svenska-b-kursen/nationellt-prov/,200,text/html,https://web.archive.org/web/20180119210727/http://cwaste.skolbloggen.se:80/svenska/nationellt-prov-i-svenska-b-kursen/nationellt-prov/
html_200_root,20180119210838,http://cwaste.skolbloggen.se:80/svenska/berattelser/skriva-berattelser/,200,text/html,https://web.archive.org/web/20180119210838/http://cwaste.skolbloggen.se:80/svenska/berattelser/skriva-berattelser/
html_200_root,20180119210912,http://cwaste.skolbloggen.se:80/svenska/referera/ova-referatskrivning-klass-o-sprak/,200,text/html,https://web.archive.org/web/20180119210912/http://cwaste.skolbloggen.se:80/svenska/referera/ova-referatskrivning-klass-o-sprak/
raw_http_prefix,20180119210957,http://cwaste.skolbloggen.se:80/?wordfence_syncAttackData=1516186116.6389,200,text/javascript,https://web.archive.org/web/20180119210957/http://cwaste.skolbloggen.se:80/?wordfence_syncAttackData=1516186116.6389
html_200_root,20180119211003,http://cwaste.skolbloggen.se:80/redovisning/,200,text/html,https://web.archive.org/web/20180119211003/http://cwaste.skolbloggen.se:80/redovisning/
html_200_root,20180119211008,http://cwaste.skolbloggen.se:80/redovisning/bilder-som-du-far-anvanda-till-dina-redovisningar/,200,text/html,https://web.archive.org/web/20180119211008/http://cwaste.skolbloggen.se:80/redovisning/bilder-som-du-far-anvanda-till-dina-redovisningar/
html_200_root,20180119211013,http://cwaste.skolbloggen.se:80/redovisning/textformatering/,200,text/html,https://web.archive.org/web/20180119211013/http://cwaste.skolbloggen.se:80/redovisning/textformatering/
html_200_root,20180119211018,http://cwaste.skolbloggen.se:80/svenska/soka-jobb/,200,text/html,https://web.archive.org/web/20180119211018/http://cwaste.skolbloggen.se:80/svenska/soka-jobb/
html_200_root,20180119211023,http://cwaste.skolbloggen.se:80/wp-login.php,200,text/html,https://web.archive.org/web/20180119211023/http://cwaste.skolbloggen.se:80/wp-login.php
raw_http_prefix,20180119211045,http://cwaste.skolbloggen.se:80/comments/feed/,200,application/rss+xml,https://web.archive.org/web/20180119211045/http://cwaste.skolbloggen.se:80/comments/feed/
html_200_root,20180119211051,http://cwaste.skolbloggen.se:80/det-utvidgade-textbegreppet/,200,text/html,https://web.archive.org/web/20180119211051/http://cwaste.skolbloggen.se:80/det-utvidgade-textbegreppet/
html_200_root,20180119211056,http://cwaste.skolbloggen.se:80/oppna-larresurser/,200,text/html,https://web.archive.org/web/20180119211056/http://cwaste.skolbloggen.se:80/oppna-larresurser/
html_200_root,20180119211101,http://cwaste.skolbloggen.se:80/oppna-larresurser/youtube-edu/,200,text/html,https://web.archive.org/web/20180119211101/http://cwaste.skolbloggen.se:80/oppna-larresurser/youtube-edu/
html_200_root,20180119211106,http://cwaste.skolbloggen.se:80/studieteknik/kallkritik/de-kallkritiska-principerna/,200,text/html,https://web.archive.org/web/20180119211106/http://cwaste.skolbloggen.se:80/studieteknik/kallkritik/de-kallkritiska-principerna/
html_200_root,20180119211111,http://cwaste.skolbloggen.se:80/svenska/argumenterande-texter/argumentation-ett-exempel/,200,text/html,https://web.archive.org/web/20180119211111/http://cwaste.skolbloggen.se:80/svenska/argumenterande-texter/argumentation-ett-exempel/
html_200_root,20180119211116,http://cwaste.skolbloggen.se:80/svenska/bedomning/bedomning-av-skriftliga-uppgifter/,200,text/html,https://web.archive.org/web/20180119211116/http://cwaste.skolbloggen.se:80/svenska/bedomning/bedomning-av-skriftliga-uppgifter/
html_200_root,20180119211121,http://cwaste.skolbloggen.se:80/svenska/berattelser/berattarkne/,200,text/html,https://web.archive.org/web/20180119211121/http://cwaste.skolbloggen.se:80/svenska/berattelser/berattarkne/
html_200_root,20180119211126,http://cwaste.skolbloggen.se:80/svenska/referera/,200,text/html,https://web.archive.org/web/20180119211126/http://cwaste.skolbloggen.se:80/svenska/referera/
html_200_root,20180119211202,http://cwaste.skolbloggen.se:80/svenska/referera/ova-referatskrivning-attityder-kring-sprak/,200,text/html,https://web.archive.org/web/20180119211202/http://cwaste.skolbloggen.se:80/svenska/referera/ova-referatskrivning-attityder-kring-sprak/
raw_http_prefix,20180119211217,http://cwaste.skolbloggen.se:80/?p=258,301,text/html,https://web.archive.org/web/20180119211217/http://cwaste.skolbloggen.se:80/?p=258
html_200_root,20180119211223,http://cwaste.skolbloggen.se:80/det-utvidgade-textbegreppet/bildanalys-ett-exempel/,200,text/html,https://web.archive.org/web/20180119211223/http://cwaste.skolbloggen.se:80/det-utvidgade-textbegreppet/bildanalys-ett-exempel/
html_200_root,20180119211228,http://cwaste.skolbloggen.se:80/svenska/skrivrad/nagra-vanliga-misstag/,200,text/html,https://web.archive.org/web/20180119211228/http://cwaste.skolbloggen.se:80/svenska/skrivrad/nagra-vanliga-misstag/
html_200_root,20180119211233,http://cwaste.skolbloggen.se:80/wp-login.php?redirect_to=http://cwaste.skolbloggen.se/presentation/din-presentation/,200,text/html,https://web.archive.org/web/20180119211233/http://cwaste.skolbloggen.se:80/wp-login.php?redirect_to=http://cwaste.skolbloggen.se/presentation/din-presentation/
html_200_root,20180119211300,http://cwaste.skolbloggen.se:80/presentation/,200,text/html,https://web.archive.org/web/20180119211300/http://cwaste.skolbloggen.se:80/presentation/
html_200_root,20180119211317,http://cwaste.skolbloggen.se:80/studieteknik/att-vardera-information/,200,text/html,https://web.archive.org/web/20180119211317/http://cwaste.skolbloggen.se:80/studieteknik/att-vardera-information/
html_200_root,20180119211317,http://cwaste.skolbloggen.se:80/studieteknik/kallkritik/,200,text/html,https://web.archive.org/web/20180119211317/http://cwaste.skolbloggen.se:80/studieteknik/kallkritik/
html_200_root,20180119211322,http://cwaste.skolbloggen.se:80/svenska/bedomning/bedomning-av-skriftliga-uppgifter/matris-bedomning-av-skriftliga-uppgifter/,200,text/html,https://web.archive.org/web/20180119211322/http://cwaste.skolbloggen.se:80/svenska/bedomning/bedomning-av-skriftliga-uppgifter/matris-bedomning-av-skriftliga-uppgifter/
html_200_root,20180119211327,http://cwaste.skolbloggen.se:80/svenska/berattelser/skriva-berattelser/huset/,200,text/html,https://web.archive.org/web/20180119211327/http://cwaste.skolbloggen.se:80/svenska/berattelser/skriva-berattelser/huset/
html_200_root,20180119211332,http://cwaste.skolbloggen.se:80/svenska/dikter/,200,text/html,https://web.archive.org/web/20180119211332/http://cwaste.skolbloggen.se:80/svenska/dikter/
html_200_root,20180119211337,http://cwaste.skolbloggen.se:80/svenska/litteraturanalys-och-lasloggar/laslogg-1-presentation-bokens-inledning-berattarteknik/,200,text/html,https://web.archive.org/web/20180119211337/http://cwaste.skolbloggen.se:80/svenska/litteraturanalys-och-lasloggar/laslogg-1-presentation-bokens-inledning-berattarteknik/
html_200_root,20180119211342,http://cwaste.skolbloggen.se:80/svenska/referera/ova-referatskrivning-nathat-bland-unga/,200,text/html,https://web.archive.org/web/20180119211342/http://cwaste.skolbloggen.se:80/svenska/referera/ova-referatskrivning-nathat-bland-unga/
html_200_root,20180119211347,http://cwaste.skolbloggen.se:80/svenska/skrivprocessen/,200,text/html,https://web.archive.org/web/20180119211347/http://cwaste.skolbloggen.se:80/svenska/skrivprocessen/
raw_http_prefix,20180119211427,http://cwaste.skolbloggen.se:80/wp-json/oembed/1.0/embed?url=http://cwaste.skolbloggen.se/presentation/din-presentation/&format=xml,404,text/html,https://web.archive.org/web/20180119211427/http://cwaste.skolbloggen.se:80/wp-json/oembed/1.0/embed?url=http://cwaste.skolbloggen.se/presentation/din-presentation/&format=xml
html_200_root,20180119211431,http://cwaste.skolbloggen.se:80/author/cwaste/,200,text/html,https://web.archive.org/web/20180119211431/http://cwaste.skolbloggen.se:80/author/cwaste/
html_200_root,20180119211436,http://cwaste.skolbloggen.se:80/studieteknik/sjalvskattning-av-studievanor/,200,text/html,https://web.archive.org/web/20180119211436/http://cwaste.skolbloggen.se:80/studieteknik/sjalvskattning-av-studievanor/
html_200_root,20180119211515,http://cwaste.skolbloggen.se:80/category/okategoriserad/,200,text/html,https://web.archive.org/web/20180119211515/http://cwaste.skolbloggen.se:80/category/okategoriserad/
html_200_root,20180119211520,http://cwaste.skolbloggen.se:80/om-tavlingsbidraget/,200,text/html,https://web.archive.org/web/20180119211520/http://cwaste.skolbloggen.se:80/om-tavlingsbidraget/
html_200_root,20180119211525,http://cwaste.skolbloggen.se:80/redovisning/hur-du-hanterar-powerpoint/,200,text/html,https://web.archive.org/web/20180119211525/http://cwaste.skolbloggen.se:80/redovisning/hur-du-hanterar-powerpoint/
html_200_root,20180119211530,http://cwaste.skolbloggen.se:80/svenska/argumenterande-texter/,200,text/html,https://web.archive.org/web/20180119211530/http://cwaste.skolbloggen.se:80/svenska/argumenterande-texter/
html_200_root,20180119211549,http://cwaste.skolbloggen.se:80/svenska/berattelser/,200,text/html,https://web.archive.org/web/20180119211549/http://cwaste.skolbloggen.se:80/svenska/berattelser/
html_200_root,20180119211602,http://cwaste.skolbloggen.se:80/2013/08/,200,text/html,https://web.archive.org/web/20180119211602/http://cwaste.skolbloggen.se:80/2013/08/
html_200_root,20180119211608,http://cwaste.skolbloggen.se:80/oppna-larresurser/wikiversity/,200,text/html,https://web.archive.org/web/20180119211608/http://cwaste.skolbloggen.se:80/oppna-larresurser/wikiversity/
html_200_root,20180119211613,http://cwaste.skolbloggen.se:80/svenska/bedomning/bedomning-av-muntliga-uppgifter/,200,text/html,https://web.archive.org/web/20180119211613/http://cwaste.skolbloggen.se:80/svenska/bedomning/bedomning-av-muntliga-uppgifter/
html_200_root,20180119211618,http://cwaste.skolbloggen.se:80/svenska/referera/bedomning-av-referat/,200,text/html,https://web.archive.org/web/20180119211618/http://cwaste.skolbloggen.se:80/svenska/referera/bedomning-av-referat/
html_200_root,20180119211623,http://cwaste.skolbloggen.se:80/svenska/referera/ex-pa-kallhanvisning/,200,text/html,https://web.archive.org/web/20180119211623/http://cwaste.skolbloggen.se:80/svenska/referera/ex-pa-kallhanvisning/
html_200_root,20180119211628,http://cwaste.skolbloggen.se:80/svenska/samarbetsskrivande/,200,text/html,https://web.archive.org/web/20180119211628/http://cwaste.skolbloggen.se:80/svenska/samarbetsskrivande/
html_200_root,20180119211633,http://cwaste.skolbloggen.se:80/svenska/skrivprocessen/responsgivning/skriva-kommentarer/,200,text/html,https://web.archive.org/web/20180119211633/http://cwaste.skolbloggen.se:80/svenska/skrivprocessen/responsgivning/skriva-kommentarer/
raw_http_prefix,20180119211638,http://cwaste.skolbloggen.se:80/xmlrpc.php,405,text/plain,https://web.archive.org/web/20180119211638/http://cwaste.skolbloggen.se:80/xmlrpc.php
html_200_root,20180119211825,http://cwaste.skolbloggen.se:80/2013/08/14/vi-bloggar/,200,text/html,https://web.archive.org/web/20180119211825/http://cwaste.skolbloggen.se:80/2013/08/14/vi-bloggar/
html_200_root,20180119211830,http://cwaste.skolbloggen.se:80/oppna-larresurser/csu-affordable-learning-solutions/,200,text/html,https://web.archive.org/web/20180119211830/http://cwaste.skolbloggen.se:80/oppna-larresurser/csu-affordable-learning-solutions/
html_200_root,20180119211835,http://cwaste.skolbloggen.se:80/oppna-larresurser/ne-skola/,200,text/html,https://web.archive.org/web/20180119211835/http://cwaste.skolbloggen.se:80/oppna-larresurser/ne-skola/
html_200_root,20180119211841,http://cwaste.skolbloggen.se:80/svenska/bedomning/,200,text/html,https://web.archive.org/web/20180119211841/http://cwaste.skolbloggen.se:80/svenska/bedomning/
html_200_root,20180119211846,http://cwaste.skolbloggen.se:80/svenska/instruktioner/,200,text/html,https://web.archive.org/web/20180119211846/http://cwaste.skolbloggen.se:80/svenska/instruktioner/
html_200_root,20180119211851,http://cwaste.skolbloggen.se:80/svenska/retorik/ett-exempel-som-inspirerar-mig-vad-tycker-du/,200,text/html,https://web.archive.org/web/20180119211851/http://cwaste.skolbloggen.se:80/svenska/retorik/ett-exempel-som-inspirerar-mig-vad-tycker-du/
raw_http_prefix,20180119211858,http://cwaste.skolbloggen.se:80/wp-json/oembed/1.0/embed?url=http://cwaste.skolbloggen.se/presentation/din-presentation/,404,text/html,https://web.archive.org/web/20180119211858/http://cwaste.skolbloggen.se:80/wp-json/oembed/1.0/embed?url=http://cwaste.skolbloggen.se/presentation/din-presentation/
html_200_root,20180119211950,http://cwaste.skolbloggen.se:80/studieteknik/att-hitta-information/,200,text/html,https://web.archive.org/web/20180119211950/http://cwaste.skolbloggen.se:80/studieteknik/att-hitta-information/
html_200_root,20180119212901,http://cwaste.skolbloggen.se:80/svenska/argumenterande-texter/skriva-insandaredebattartikel/,200,text/html,https://web.archive.org/web/20180119212901/http://cwaste.skolbloggen.se:80/svenska/argumenterande-texter/skriva-insandaredebattartikel/
html_200_root,20180119212906,http://cwaste.skolbloggen.se:80/svenska/argumenterande-texter/skriva-insandaredebattartikel/arbetsgang-vid-respons-och-bearbetning/,200,text/html,https://web.archive.org/web/20180119212906/http://cwaste.skolbloggen.se:80/svenska/argumenterande-texter/skriva-insandaredebattartikel/arbetsgang-vid-respons-och-bearbetning/
html_200_root,20180119212911,http://cwaste.skolbloggen.se:80/svenska/bild-och-film/,200,text/html,https://web.archive.org/web/20180119212911/http://cwaste.skolbloggen.se:80/svenska/bild-och-film/
html_200_root,20180119212916,http://cwaste.skolbloggen.se:80/svenska/litteraturanalys-och-lasloggar/laslogg-3-titel-form-dramaturgi-budskap/,200,text/html,https://web.archive.org/web/20180119212916/http://cwaste.skolbloggen.se:80/svenska/litteraturanalys-och-lasloggar/laslogg-3-titel-form-dramaturgi-budskap/
html_200_root,20180119212921,http://cwaste.skolbloggen.se:80/svenska/litteraturhistoria/1910-modernismen/,200,text/html,https://web.archive.org/web/20180119212921/http://cwaste.skolbloggen.se:80/svenska/litteraturhistoria/1910-modernismen/
html_200_root,20180119212926,http://cwaste.skolbloggen.se:80/svenska/retorik/,200,text/html,https://web.archive.org/web/20180119212926/http://cwaste.skolbloggen.se:80/svenska/retorik/
html_200_root,20180119212931,http://cwaste.skolbloggen.se:80/svenska/sprakhistoria/,200,text/html,https://web.archive.org/web/20180119212931/http://cwaste.skolbloggen.se:80/svenska/sprakhistoria/
raw_http_prefix,20180119212938,http://cwaste.skolbloggen.se:80/xmlrpc.php?rsd,200,text/xml,https://web.archive.org/web/20180119212938/http://cwaste.skolbloggen.se:80/xmlrpc.php?rsd
html_200_root,20180119213005,http://cwaste.skolbloggen.se:80/redovisning/bilder-och-bildtexter/,200,text/html,https://web.archive.org/web/20180119213005/http://cwaste.skolbloggen.se:80/redovisning/bilder-och-bildtexter/
html_200_root,20180119213010,http://cwaste.skolbloggen.se:80/redovisning/publicering/,200,text/html,https://web.archive.org/web/20180119213010/http://cwaste.skolbloggen.se:80/redovisning/publicering/
html_200_root,20180119213031,http://cwaste.skolbloggen.se:80/svenska/skrivprocessen/responsgivning/,200,text/html,https://web.archive.org/web/20180119213031/http://cwaste.skolbloggen.se:80/svenska/skrivprocessen/responsgivning/
html_200_root,20180119213124,http://cwaste.skolbloggen.se:80/studieteknik/uppgift/,200,text/html,https://web.archive.org/web/20180119213124/http://cwaste.skolbloggen.se:80/studieteknik/uppgift/
html_200_root,20180119213130,http://cwaste.skolbloggen.se:80/svenska/argumenterande-texter/skriva-insandaredebattartikel/vad-man-ska-tanka-pa-nar-man-skriver-argumenterande-texter/,200,text/html,https://web.archive.org/web/20180119213130/http://cwaste.skolbloggen.se:80/svenska/argumenterande-texter/skriva-insandaredebattartikel/vad-man-ska-tanka-pa-nar-man-skriver-argumenterande-texter/
html_200_root,20180119213135,http://cwaste.skolbloggen.se:80/svenska/bild-och-film/hur-d-hanterar-bilder/,200,text/html,https://web.archive.org/web/20180119213135/http://cwaste.skolbloggen.se:80/svenska/bild-och-film/hur-d-hanterar-bilder/
html_200_root,20180119213140,http://cwaste.skolbloggen.se:80/svenska/dikter/diktanalys/,200,text/html,https://web.archive.org/web/20180119213140/http://cwaste.skolbloggen.se:80/svenska/dikter/diktanalys/
html_200_root,20180119213145,http://cwaste.skolbloggen.se:80/svenska/dikter/skriva-dikter-ovning-i/,200,text/html,https://web.archive.org/web/20180119213145/http://cwaste.skolbloggen.se:80/svenska/dikter/skriva-dikter-ovning-i/
html_200_root,20180119213150,http://cwaste.skolbloggen.se:80/svenska/dikter/skriva-dikter-ovning-ii/,200,text/html,https://web.archive.org/web/20180119213150/http://cwaste.skolbloggen.se:80/svenska/dikter/skriva-dikter-ovning-ii/
html_200_root,20180119213155,http://cwaste.skolbloggen.se:80/svenska/litteraturanalys-och-lasloggar/,200,text/html,https://web.archive.org/web/20180119213155/http://cwaste.skolbloggen.se:80/svenska/litteraturanalys-och-lasloggar/
raw_http_prefix,20180119213200,http://cwaste.skolbloggen.se:80/wp-json/,404,text/html,https://web.archive.org/web/20180119213200/http://cwaste.skolbloggen.se:80/wp-json/
html_200_root,20180120080051,http://cwaste.skolbloggen.se:80/presentation/din-presentation/,200,text/html,https://web.archive.org/web/20180120080051/http://cwaste.skolbloggen.se:80/presentation/din-presentation/
raw_http_prefix,20180120215723,http://cwaste.skolbloggen.se:80/svenska/referera/ova-referatskrivning-nathat-bland-unga,301,text/html,https://web.archive.org/web/20180120215723/http://cwaste.skolbloggen.se:80/svenska/referera/ova-referatskrivning-nathat-bland-unga
html_200_root,20180120215723,http://cwaste.skolbloggen.se:80/svenska/referera/ova-referatskrivning-nathat-bland-unga/,200,text/html,https://web.archive.org/web/20180120215723/http://cwaste.skolbloggen.se:80/svenska/referera/ova-referatskrivning-nathat-bland-unga/
raw_http_prefix,20180120220052,http://cwaste.skolbloggen.se:80/svenska/argumenterande-texter/skriva-insandaredebattartikel,301,text/html,https://web.archive.org/web/20180120220052/http://cwaste.skolbloggen.se:80/svenska/argumenterande-texter/skriva-insandaredebattartikel
html_200_root,20180120220052,http://cwaste.skolbloggen.se:80/svenska/argumenterande-texter/skriva-insandaredebattartikel/,200,text/html,https://web.archive.org/web/20180120220052/http://cwaste.skolbloggen.se:80/svenska/argumenterande-texter/skriva-insandaredebattartikel/
raw_http_prefix,20180120220057,http://cwaste.skolbloggen.se:80/svenska/referera/skriva-referat,301,text/html,https://web.archive.org/web/20180120220057/http://cwaste.skolbloggen.se:80/svenska/referera/skriva-referat
html_200_root,20180120220057,http://cwaste.skolbloggen.se:80/svenska/referera/skriva-referat/,200,text/html,https://web.archive.org/web/20180120220057/http://cwaste.skolbloggen.se:80/svenska/referera/skriva-referat/
raw_http_prefix,20180120220127,http://cwaste.skolbloggen.se:80/svenska/argumenterande-texter,301,text/html,https://web.archive.org/web/20180120220127/http://cwaste.skolbloggen.se:80/svenska/argumenterande-texter
html_200_root,20180120220127,http://cwaste.skolbloggen.se:80/svenska/argumenterande-texter/,200,text/html,https://web.archive.org/web/20180120220127/http://cwaste.skolbloggen.se:80/svenska/argumenterande-texter/
html_200_root,20180130000240,http://cwaste.skolbloggen.se:80/svenska/litteraturanalys-och-lasloggar/laslogg-2-miljo-personbeskrivn-huvudkonflikt/,200,text/html,https://web.archive.org/web/20180130000240/http://cwaste.skolbloggen.se:80/svenska/litteraturanalys-och-lasloggar/laslogg-2-miljo-personbeskrivn-huvudkonflikt/
html_200_root,20180130001616,http://cwaste.skolbloggen.se:80/svenska/referera/skriva-referat/,200,text/html,https://web.archive.org/web/20180130001616/http://cwaste.skolbloggen.se:80/svenska/referera/skriva-referat/
raw_http_prefix,20180210163246,http://cwaste.skolbloggen.se:80/svenska/referera/ex-pa-referatmarkorer,301,text/html,https://web.archive.org/web/20180210163246/http://cwaste.skolbloggen.se:80/svenska/referera/ex-pa-referatmarkorer
html_200_root,20180210163246,http://cwaste.skolbloggen.se:80/svenska/referera/ex-pa-referatmarkorer/,200,text/html,https://web.archive.org/web/20180210163246/http://cwaste.skolbloggen.se:80/svenska/referera/ex-pa-referatmarkorer/
raw_http_prefix,20180217041631,http://cwaste.skolbloggen.se:80/presentation/din-presentation,301,text/html,https://web.archive.org/web/20180217041631/http://cwaste.skolbloggen.se:80/presentation/din-presentation
html_200_root,20180217041631,http://cwaste.skolbloggen.se:80/presentation/din-presentation/,200,text/html,https://web.archive.org/web/20180217041631/http://cwaste.skolbloggen.se:80/presentation/din-presentation/
raw_http_prefix,20180220202907,http://cwaste.skolbloggen.se:80/svenska/argumenterande-texter,301,text/html,https://web.archive.org/web/20180220202907/http://cwaste.skolbloggen.se:80/svenska/argumenterande-texter
html_200_root,20180220202907,http://cwaste.skolbloggen.se:80/svenska/argumenterande-texter/,200,text/html,https://web.archive.org/web/20180220202907/http://cwaste.skolbloggen.se:80/svenska/argumenterande-texter/
raw_http_prefix,20180220202940,http://cwaste.skolbloggen.se:80/svenska/argumenterande-texter/skriva-insandaredebattartikel,301,text/html,https://web.archive.org/web/20180220202940/http://cwaste.skolbloggen.se:80/svenska/argumenterande-texter/skriva-insandaredebattartikel
html_200_root,20180220202940,http://cwaste.skolbloggen.se:80/svenska/argumenterande-texter/skriva-insandaredebattartikel/,200,text/html,https://web.archive.org/web/20180220202940/http://cwaste.skolbloggen.se:80/svenska/argumenterande-texter/skriva-insandaredebattartikel/
raw_http_prefix,20180220203240,http://cwaste.skolbloggen.se:80/svenska/referera/ova-referatskrivning-nathat-bland-unga,301,text/html,https://web.archive.org/web/20180220203240/http://cwaste.skolbloggen.se:80/svenska/referera/ova-referatskrivning-nathat-bland-unga
html_200_root,20180220203240,http://cwaste.skolbloggen.se:80/svenska/referera/ova-referatskrivning-nathat-bland-unga/,200,text/html,https://web.archive.org/web/20180220203240/http://cwaste.skolbloggen.se:80/svenska/referera/ova-referatskrivning-nathat-bland-unga/
raw_http_prefix,20180220203334,http://cwaste.skolbloggen.se:80/svenska/referera/skriva-referat,301,text/html,https://web.archive.org/web/20180220203334/http://cwaste.skolbloggen.se:80/svenska/referera/skriva-referat
html_200_root,20180220203334,http://cwaste.skolbloggen.se:80/svenska/referera/skriva-referat/,200,text/html,https://web.archive.org/web/20180220203334/http://cwaste.skolbloggen.se:80/svenska/referera/skriva-referat/
raw_http_prefix,20180222165142,http://cwaste.skolbloggen.se:80/studieteknik/kallkritik/de-kallkritiska-principerna,301,text/html,https://web.archive.org/web/20180222165142/http://cwaste.skolbloggen.se:80/studieteknik/kallkritik/de-kallkritiska-principerna
html_200_root,20180222165142,http://cwaste.skolbloggen.se:80/studieteknik/kallkritik/de-kallkritiska-principerna/,200,text/html,https://web.archive.org/web/20180222165142/http://cwaste.skolbloggen.se:80/studieteknik/kallkritik/de-kallkritiska-principerna/
raw_http_prefix,20180225141703,http://cwaste.skolbloggen.se:80/studieteknik/kallkritik/de-kallkritiska-principerna/feed/,200,application/rss+xml,https://web.archive.org/web/20180225141703/http://cwaste.skolbloggen.se:80/studieteknik/kallkritik/de-kallkritiska-principerna/feed/
raw_http_prefix,20180226002526,http://cwaste.skolbloggen.se:80/svenska/referera,301,text/html,https://web.archive.org/web/20180226002526/http://cwaste.skolbloggen.se:80/svenska/referera
html_200_root,20180226002526,http://cwaste.skolbloggen.se:80/svenska/referera/,200,text/html,https://web.archive.org/web/20180226002526/http://cwaste.skolbloggen.se:80/svenska/referera/
raw_http_prefix,20180226002531,http://cwaste.skolbloggen.se:80/svenska/referera/fler-exempel,301,text/html,https://web.archive.org/web/20180226002531/http://cwaste.skolbloggen.se:80/svenska/referera/fler-exempel
html_200_root,20180226002531,http://cwaste.skolbloggen.se:80/svenska/referera/fler-exempel/,200,text/html,https://web.archive.org/web/20180226002531/http://cwaste.skolbloggen.se:80/svenska/referera/fler-exempel/
raw_http_prefix,20180226024551,http://cwaste.skolbloggen.se:80/studieteknik/uppgift,301,text/html,https://web.archive.org/web/20180226024551/http://cwaste.skolbloggen.se:80/studieteknik/uppgift
html_200_root,20180226024551,http://cwaste.skolbloggen.se:80/studieteknik/uppgift/,200,text/html,https://web.archive.org/web/20180226024551/http://cwaste.skolbloggen.se:80/studieteknik/uppgift/
raw_http_prefix,20180226024857,http://cwaste.skolbloggen.se:80/svenska/referera/ex-pa-kallhanvisning,301,text/html,https://web.archive.org/web/20180226024857/http://cwaste.skolbloggen.se:80/svenska/referera/ex-pa-kallhanvisning
html_200_root,20180226024857,http://cwaste.skolbloggen.se:80/svenska/referera/ex-pa-kallhanvisning/,200,text/html,https://web.archive.org/web/20180226024857/http://cwaste.skolbloggen.se:80/svenska/referera/ex-pa-kallhanvisning/
html_200_root,20180227090539,http://cwaste.skolbloggen.se:80/svenska/argumenterande-texter/argumenterande-tal/,200,text/html,https://web.archive.org/web/20180227090539/http://cwaste.skolbloggen.se:80/svenska/argumenterande-texter/argumenterande-tal/
raw_http_prefix,20180227113229,http://cwaste.skolbloggen.se:80/svenska/referera/feed/,200,application/rss+xml,https://web.archive.org/web/20180227113229/http://cwaste.skolbloggen.se:80/svenska/referera/feed/
raw_http_prefix,20180227113234,http://cwaste.skolbloggen.se:80/svenska/referera/fler-exempel/feed/,200,application/rss+xml,https://web.archive.org/web/20180227113234/http://cwaste.skolbloggen.se:80/svenska/referera/fler-exempel/feed/
raw_http_prefix,20180227184705,http://cwaste.skolbloggen.se:80/?p=762,301,text/html,https://web.archive.org/web/20180227184705/http://cwaste.skolbloggen.se:80/?p=762
html_200_root,20180227184705,http://cwaste.skolbloggen.se:80/svenska/referera/fler-exempel/,200,text/html,https://web.archive.org/web/20180227184705/http://cwaste.skolbloggen.se:80/svenska/referera/fler-exempel/
html_200_root,20180227184749,http://cwaste.skolbloggen.se:80/wp-login.php?redirect_to=http://cwaste.skolbloggen.se/svenska/referera/,200,text/html,https://web.archive.org/web/20180227184749/http://cwaste.skolbloggen.se:80/wp-login.php?redirect_to=http://cwaste.skolbloggen.se/svenska/referera/
raw_http_prefix,20180227184820,http://cwaste.skolbloggen.se:80/wp-json/oembed/1.0/embed?url=http://cwaste.skolbloggen.se/svenska/referera/,404,text/html,https://web.archive.org/web/20180227184820/http://cwaste.skolbloggen.se:80/wp-json/oembed/1.0/embed?url=http://cwaste.skolbloggen.se/svenska/referera/
raw_http_prefix,20180227184841,http://cwaste.skolbloggen.se:80/?p=672,301,text/html,https://web.archive.org/web/20180227184841/http://cwaste.skolbloggen.se:80/?p=672
html_200_root,20180227184841,http://cwaste.skolbloggen.se:80/svenska/referera/,200,text/html,https://web.archive.org/web/20180227184841/http://cwaste.skolbloggen.se:80/svenska/referera/
html_200_root,20180227184909,http://cwaste.skolbloggen.se:80/svenska/referera/ex-pa-referatmarkorer/,200,text/html,https://web.archive.org/web/20180227184909/http://cwaste.skolbloggen.se:80/svenska/referera/ex-pa-referatmarkorer/
raw_http_prefix,20180227184909,http://cwaste.skolbloggen.se:80/svenska/referera/skriva-referat/ex-pa-referatmarkorer/,301,text/html,https://web.archive.org/web/20180227184909/http://cwaste.skolbloggen.se:80/svenska/referera/skriva-referat/ex-pa-referatmarkorer/
raw_http_prefix,20180227185228,http://cwaste.skolbloggen.se:80/wp-json/oembed/1.0/embed?url=http://cwaste.skolbloggen.se/svenska/referera/&format=xml,404,text/html,https://web.archive.org/web/20180227185228/http://cwaste.skolbloggen.se:80/wp-json/oembed/1.0/embed?url=http://cwaste.skolbloggen.se/svenska/referera/&format=xml
raw_http_prefix,20180227185233,http://cwaste.skolbloggen.se:80/wp-json/oembed/1.0/embed?url=http://cwaste.skolbloggen.se/svenska/referera/fler-exempel/&format=xml,404,text/html,https://web.archive.org/web/20180227185233/http://cwaste.skolbloggen.se:80/wp-json/oembed/1.0/embed?url=http://cwaste.skolbloggen.se/svenska/referera/fler-exempel/&format=xml
raw_http_prefix,20180227185238,http://cwaste.skolbloggen.se:80/svenska/referera/ex-pa-kallhanvisning/feed/,200,application/rss+xml,https://web.archive.org/web/20180227185238/http://cwaste.skolbloggen.se:80/svenska/referera/ex-pa-kallhanvisning/feed/
html_200_root,20180227190503,http://cwaste.skolbloggen.se:80/svenska/referera/ex-pa-kallhanvisning/,200,text/html,https://web.archive.org/web/20180227190503/http://cwaste.skolbloggen.se:80/svenska/referera/ex-pa-kallhanvisning/
raw_http_prefix,20180227190503,http://cwaste.skolbloggen.se:80/svenska/referera/skriva-referat/ex-pa-kallhanvisning/,301,text/html,https://web.archive.org/web/20180227190503/http://cwaste.skolbloggen.se:80/svenska/referera/skriva-referat/ex-pa-kallhanvisning/
raw_http_prefix,20180227190522,http://cwaste.skolbloggen.se:80/wp-json/oembed/1.0/embed?url=http://cwaste.skolbloggen.se/svenska/referera/fler-exempel/,404,text/html,https://web.archive.org/web/20180227190522/http://cwaste.skolbloggen.se:80/wp-json/oembed/1.0/embed?url=http://cwaste.skolbloggen.se/svenska/referera/fler-exempel/
html_200_root,20180227190815,http://cwaste.skolbloggen.se:80/wp-login.php?redirect_to=http://cwaste.skolbloggen.se/svenska/referera/fler-exempel/,200,text/html,https://web.archive.org/web/20180227190815/http://cwaste.skolbloggen.se:80/wp-login.php?redirect_to=http://cwaste.skolbloggen.se/svenska/referera/fler-exempel/
raw_http_prefix,20180228075211,http://cwaste.skolbloggen.se:80/studieteknik/uppgift/feed/,200,application/rss+xml,https://web.archive.org/web/20180228075211/http://cwaste.skolbloggen.se:80/studieteknik/uppgift/feed/
raw_http_prefix,20180228155155,http://cwaste.skolbloggen.se:80/wp-json/oembed/1.0/embed?url=http://cwaste.skolbloggen.se/svenska/referera/ex-pa-kallhanvisning/,404,text/html,https://web.archive.org/web/20180228155155/http://cwaste.skolbloggen.se:80/wp-json/oembed/1.0/embed?url=http://cwaste.skolbloggen.se/svenska/referera/ex-pa-kallhanvisning/
raw_http_prefix,20180228155322,http://cwaste.skolbloggen.se:80/wp-json/oembed/1.0/embed?url=http://cwaste.skolbloggen.se/svenska/referera/ex-pa-kallhanvisning/&format=xml,404,text/html,https://web.archive.org/web/20180228155322/http://cwaste.skolbloggen.se:80/wp-json/oembed/1.0/embed?url=http://cwaste.skolbloggen.se/svenska/referera/ex-pa-kallhanvisning/&format=xml
raw_http_prefix,20180228161313,http://cwaste.skolbloggen.se:80/?p=402,301,text/html,https://web.archive.org/web/20180228161313/http://cwaste.skolbloggen.se:80/?p=402
html_200_root,20180228161313,http://cwaste.skolbloggen.se:80/studieteknik/kallkritik/de-kallkritiska-principerna/,200,text/html,https://web.archive.org/web/20180228161313/http://cwaste.skolbloggen.se:80/studieteknik/kallkritik/de-kallkritiska-principerna/
raw_http_prefix,20180228161319,http://cwaste.skolbloggen.se:80/?p=445,301,text/html,https://web.archive.org/web/20180228161319/http://cwaste.skolbloggen.se:80/?p=445
html_200_root,20180228161319,http://cwaste.skolbloggen.se:80/studieteknik/uppgift/,200,text/html,https://web.archive.org/web/20180228161319/http://cwaste.skolbloggen.se:80/studieteknik/uppgift/
html_200_root,20180228161331,http://cwaste.skolbloggen.se:80/wp-login.php?redirect_to=http://cwaste.skolbloggen.se/svenska/referera/ex-pa-kallhanvisning/,200,text/html,https://web.archive.org/web/20180228161331/http://cwaste.skolbloggen.se:80/wp-login.php?redirect_to=http://cwaste.skolbloggen.se/svenska/referera/ex-pa-kallhanvisning/
raw_http_prefix,20180228161439,http://cwaste.skolbloggen.se:80/wp-json/oembed/1.0/embed?url=http://cwaste.skolbloggen.se/studieteknik/uppgift/,404,text/html,https://web.archive.org/web/20180228161439/http://cwaste.skolbloggen.se:80/wp-json/oembed/1.0/embed?url=http://cwaste.skolbloggen.se/studieteknik/uppgift/
raw_http_prefix,20180228161533,http://cwaste.skolbloggen.se:80/wp-json/oembed/1.0/embed?url=http://cwaste.skolbloggen.se/studieteknik/kallkritik/de-kallkritiska-principerna/&format=xml,404,text/html,https://web.archive.org/web/20180228161533/http://cwaste.skolbloggen.se:80/wp-json/oembed/1.0/embed?url=http://cwaste.skolbloggen.se/studieteknik/kallkritik/de-kallkritiska-principerna/&format=xml
html_200_root,20180228161620,http://cwaste.skolbloggen.se:80/wp-login.php?redirect_to=http://cwaste.skolbloggen.se/studieteknik/uppgift/,200,text/html,https://web.archive.org/web/20180228161620/http://cwaste.skolbloggen.se:80/wp-login.php?redirect_to=http://cwaste.skolbloggen.se/studieteknik/uppgift/
raw_http_prefix,20180301022907,http://cwaste.skolbloggen.se:80/?p=475,301,text/html,https://web.archive.org/web/20180301022907/http://cwaste.skolbloggen.se:80/?p=475
html_200_root,20180301022907,http://cwaste.skolbloggen.se:80/svenska/referera/ex-pa-kallhanvisning/,200,text/html,https://web.archive.org/web/20180301022907/http://cwaste.skolbloggen.se:80/svenska/referera/ex-pa-kallhanvisning/
raw_http_prefix,20180301023836,http://cwaste.skolbloggen.se:80/wp-json/oembed/1.0/embed?url=http://cwaste.skolbloggen.se/studieteknik/kallkritik/de-kallkritiska-principerna/,404,text/html,https://web.archive.org/web/20180301023836/http://cwaste.skolbloggen.se:80/wp-json/oembed/1.0/embed?url=http://cwaste.skolbloggen.se/studieteknik/kallkritik/de-kallkritiska-principerna/
raw_http_prefix,20180301023841,http://cwaste.skolbloggen.se:80/wp-json/oembed/1.0/embed?url=http://cwaste.skolbloggen.se/studieteknik/uppgift/&format=xml,404,text/html,https://web.archive.org/web/20180301023841/http://cwaste.skolbloggen.se:80/wp-json/oembed/1.0/embed?url=http://cwaste.skolbloggen.se/studieteknik/uppgift/&format=xml
html_200_root,20180301025336,http://cwaste.skolbloggen.se:80/wp-login.php?redirect_to=http://cwaste.skolbloggen.se/studieteknik/kallkritik/de-kallkritiska-principerna/,200,text/html,https://web.archive.org/web/20180301025336/http://cwaste.skolbloggen.se:80/wp-login.php?redirect_to=http://cwaste.skolbloggen.se/studieteknik/kallkritik/de-kallkritiska-principerna/
raw_http_prefix,20180307041150,http://cwaste.skolbloggen.se/robots.txt,-,warc/revisit,https://web.archive.org/web/20180307041150/http://cwaste.skolbloggen.se/robots.txt
html_200_root,20180307041155,http://cwaste.skolbloggen.se/,200,text/html,https://web.archive.org/web/20180307041155/http://cwaste.skolbloggen.se/
raw_http_prefix,20180308030644,http://cwaste.skolbloggen.se/wp-includes/js/jquery/jquery.js?ver=1.12.4,200,application/javascript,https://web.archive.org/web/20180308030644/http://cwaste.skolbloggen.se/wp-includes/js/jquery/jquery.js?ver=1.12.4
raw_http_prefix,20180308031238,http://cwaste.skolbloggen.se/robots.txt,-,warc/revisit,https://web.archive.org/web/20180308031238/http://cwaste.skolbloggen.se/robots.txt
raw_http_prefix,20180308031241,http://cwaste.skolbloggen.se/wp-content/themes/carrington-blog.2.0/carrington-blog/css/css.php,-,warc/revisit,https://web.archive.org/web/20180308031241/http://cwaste.skolbloggen.se/wp-content/themes/carrington-blog.2.0/carrington-blog/css/css.php
raw_http_prefix,20180308031739,http://cwaste.skolbloggen.se/robots.txt,-,warc/revisit,https://web.archive.org/web/20180308031739/http://cwaste.skolbloggen.se/robots.txt
raw_http_prefix,20180308031743,http://cwaste.skolbloggen.se/wp-includes/js/admin-bar.min.js?ver=63a1754c5b1d2ffcae81f9988ee0db8c,200,application/javascript,https://web.archive.org/web/20180308031743/http://cwaste.skolbloggen.se/wp-includes/js/admin-bar.min.js?ver=63a1754c5b1d2ffcae81f9988ee0db8c
raw_http_prefix,20180308032948,http://cwaste.skolbloggen.se/robots.txt,-,warc/revisit,https://web.archive.org/web/20180308032948/http://cwaste.skolbloggen.se/robots.txt
raw_http_prefix,20180308032952,http://cwaste.skolbloggen.se/files/2010/05/logo-jamendo.jpg,-,warc/revisit,https://web.archive.org/web/20180308032952/http://cwaste.skolbloggen.se/files/2010/05/logo-jamendo.jpg
raw_http_prefix,20180308033748,http://cwaste.skolbloggen.se/robots.txt,-,warc/revisit,https://web.archive.org/web/20180308033748/http://cwaste.skolbloggen.se/robots.txt
raw_http_prefix,20180308033751,http://cwaste.skolbloggen.se/xmlrpc.php?rsd,-,warc/revisit,https://web.archive.org/web/20180308033751/http://cwaste.skolbloggen.se/xmlrpc.php?rsd
raw_http_prefix,20180308034456,http://cwaste.skolbloggen.se/wp-content/plugins/admin-bar-login/admin-bar-login.css?ver=1.0.1,200,text/css,https://web.archive.org/web/20180308034456/http://cwaste.skolbloggen.se/wp-content/plugins/admin-bar-login/admin-bar-login.css?ver=1.0.1
raw_http_prefix,20180308035756,http://cwaste.skolbloggen.se/robots.txt,-,warc/revisit,https://web.archive.org/web/20180308035756/http://cwaste.skolbloggen.se/robots.txt
raw_http_prefix,20180308035800,http://cwaste.skolbloggen.se/wp-content/themes/carrington-blog.2.0/carrington-blog/carrington-core/lightbox/thickbox.js?ver=1.0,-,warc/revisit,https://web.archive.org/web/20180308035800/http://cwaste.skolbloggen.se/wp-content/themes/carrington-blog.2.0/carrington-blog/carrington-core/lightbox/thickbox.js?ver=1.0
raw_http_prefix,20180308040246,http://cwaste.skolbloggen.se/wp-content/themes/carrington-blog.2.0/carrington-blog/css/ie.css,-,warc/revisit,https://web.archive.org/web/20180308040246/http://cwaste.skolbloggen.se/wp-content/themes/carrington-blog.2.0/carrington-blog/css/ie.css
raw_http_prefix,20180308040608,http://cwaste.skolbloggen.se/robots.txt,-,warc/revisit,https://web.archive.org/web/20180308040608/http://cwaste.skolbloggen.se/robots.txt
raw_http_prefix,20180308040612,http://cwaste.skolbloggen.se/feed/,-,warc/revisit,https://web.archive.org/web/20180308040612/http://cwaste.skolbloggen.se/feed/
raw_http_prefix,20180308041243,http://cwaste.skolbloggen.se/robots.txt,-,warc/revisit,https://web.archive.org/web/20180308041243/http://cwaste.skolbloggen.se/robots.txt
raw_http_prefix,20180308041246,http://cwaste.skolbloggen.se/files/2010/05/logga_forskning_se.gif,-,warc/revisit,https://web.archive.org/web/20180308041246/http://cwaste.skolbloggen.se/files/2010/05/logga_forskning_se.gif
raw_http_prefix,20180308041454,http://cwaste.skolbloggen.se/files/2010/05/logga_pim.gif,-,warc/revisit,https://web.archive.org/web/20180308041454/http://cwaste.skolbloggen.se/files/2010/05/logga_pim.gif
raw_http_prefix,20180308041510,http://cwaste.skolbloggen.se/robots.txt,-,warc/revisit,https://web.archive.org/web/20180308041510/http://cwaste.skolbloggen.se/robots.txt
raw_http_prefix,20180308041513,http://cwaste.skolbloggen.se/wp-content/themes/carrington-blog.2.0/carrington-blog/css/ie6.css,-,warc/revisit,https://web.archive.org/web/20180308041513/http://cwaste.skolbloggen.se/wp-content/themes/carrington-blog.2.0/carrington-blog/css/ie6.css
raw_http_prefix,20180308041821,http://cwaste.skolbloggen.se/wp-content/themes/carrington-blog.2.0/carrington-blog/img/rss-button.gif,-,warc/revisit,https://web.archive.org/web/20180308041821/http://cwaste.skolbloggen.se/wp-content/themes/carrington-blog.2.0/carrington-blog/img/rss-button.gif
raw_http_prefix,20180308044029,http://cwaste.skolbloggen.se/robots.txt,-,warc/revisit,https://web.archive.org/web/20180308044029/http://cwaste.skolbloggen.se/robots.txt
raw_http_prefix,20180308044033,http://cwaste.skolbloggen.se/wp-includes/js/jquery/jquery-migrate.min.js?ver=1.4.1,-,warc/revisit,https://web.archive.org/web/20180308044033/http://cwaste.skolbloggen.se/wp-includes/js/jquery/jquery-migrate.min.js?ver=1.4.1
raw_http_prefix,20180308050037,http://cwaste.skolbloggen.se/wp-json/,404,text/html,https://web.archive.org/web/20180308050037/http://cwaste.skolbloggen.se/wp-json/
raw_http_prefix,20180308053727,http://cwaste.skolbloggen.se/favicon.ico,-,warc/revisit,https://web.archive.org/web/20180308053727/http://cwaste.skolbloggen.se/favicon.ico
raw_http_prefix,20180308053832,http://cwaste.skolbloggen.se/wp-includes/js/wp-embed.min.js?ver=63a1754c5b1d2ffcae81f9988ee0db8c,200,application/javascript,https://web.archive.org/web/20180308053832/http://cwaste.skolbloggen.se/wp-includes/js/wp-embed.min.js?ver=63a1754c5b1d2ffcae81f9988ee0db8c
raw_http_prefix,20180308054437,http://cwaste.skolbloggen.se/robots.txt,-,warc/revisit,https://web.archive.org/web/20180308054437/http://cwaste.skolbloggen.se/robots.txt
raw_http_prefix,20180308054440,http://cwaste.skolbloggen.se/files/2010/05/lankskafferiet_logga.gif,-,warc/revisit,https://web.archive.org/web/20180308054440/http://cwaste.skolbloggen.se/files/2010/05/lankskafferiet_logga.gif
html_200_root,20180308055339,http://cwaste.skolbloggen.se/2013/08/,200,text/html,https://web.archive.org/web/20180308055339/http://cwaste.skolbloggen.se/2013/08/
raw_http_prefix,20180308061504,http://cwaste.skolbloggen.se/comments/feed/,-,warc/revisit,https://web.archive.org/web/20180308061504/http://cwaste.skolbloggen.se/comments/feed/
raw_http_prefix,20180308064152,http://cwaste.skolbloggen.se/wp-includes/css/dashicons.min.css?ver=63a1754c5b1d2ffcae81f9988ee0db8c,200,text/css,https://web.archive.org/web/20180308064152/http://cwaste.skolbloggen.se/wp-includes/css/dashicons.min.css?ver=63a1754c5b1d2ffcae81f9988ee0db8c
raw_http_prefix,20180308073005,http://cwaste.skolbloggen.se/wp-content/themes/carrington-blog.2.0/carrington-blog/carrington-core/lightbox/css/thickbox.css,-,warc/revisit,https://web.archive.org/web/20180308073005/http://cwaste.skolbloggen.se/wp-content/themes/carrington-blog.2.0/carrington-blog/carrington-core/lightbox/css/thickbox.css
raw_http_prefix,20180308073238,http://cwaste.skolbloggen.se/wp-json/oembed/1.0/embed?url=http%3A%2F%2Fcwaste.skolbloggen.se%2F,404,text/html,https://web.archive.org/web/20180308073238/http://cwaste.skolbloggen.se/wp-json/oembed/1.0/embed?url=http%3A%2F%2Fcwaste.skolbloggen.se%2F
raw_http_prefix,20180308074902,http://cwaste.skolbloggen.se/files/2010/05/logga_multimediabyran.jpg,-,warc/revisit,https://web.archive.org/web/20180308074902/http://cwaste.skolbloggen.se/files/2010/05/logga_multimediabyran.jpg
raw_http_prefix,20180308080535,http://cwaste.skolbloggen.se/wp-json/oembed/1.0/embed?url=http%3A%2F%2Fcwaste.skolbloggen.se%2F&format=xml,404,text/html,https://web.archive.org/web/20180308080535/http://cwaste.skolbloggen.se/wp-json/oembed/1.0/embed?url=http%3A%2F%2Fcwaste.skolbloggen.se%2F&format=xml
raw_http_prefix,20180308082433,http://cwaste.skolbloggen.se/wp-includes/wlwmanifest.xml,-,warc/revisit,https://web.archive.org/web/20180308082433/http://cwaste.skolbloggen.se/wp-includes/wlwmanifest.xml
raw_http_prefix,20180308084401,http://cwaste.skolbloggen.se/wp-content/plugins/pro-sites/pro-sites-files/js/tax.js?ver=3.5.8,200,application/javascript,https://web.archive.org/web/20180308084401/http://cwaste.skolbloggen.se/wp-content/plugins/pro-sites/pro-sites-files/js/tax.js?ver=3.5.8
raw_http_prefix,20180308084522,http://cwaste.skolbloggen.se/wp-includes/css/admin-bar.min.css?ver=63a1754c5b1d2ffcae81f9988ee0db8c,200,text/css,https://web.archive.org/web/20180308084522/http://cwaste.skolbloggen.se/wp-includes/css/admin-bar.min.css?ver=63a1754c5b1d2ffcae81f9988ee0db8c
raw_http_prefix,20180308085046,http://cwaste.skolbloggen.se/wp-content/themes/carrington-blog.2.0/carrington-blog/css/iepngfix.htc,-,warc/revisit,https://web.archive.org/web/20180308085046/http://cwaste.skolbloggen.se/wp-content/themes/carrington-blog.2.0/carrington-blog/css/iepngfix.htc
raw_http_prefix,20180308085707,http://cwaste.skolbloggen.se/wp-content/themes/carrington-blog.2.0/carrington-blog/js/carrington.js?ver=1.0,-,warc/revisit,https://web.archive.org/web/20180308085707/http://cwaste.skolbloggen.se/wp-content/themes/carrington-blog.2.0/carrington-blog/js/carrington.js?ver=1.0
raw_http_prefix,20180308085837,http://cwaste.skolbloggen.se/files/2010/05/logotype-mediekompass.jpg,-,warc/revisit,https://web.archive.org/web/20180308085837/http://cwaste.skolbloggen.se/files/2010/05/logotype-mediekompass.jpg
raw_http_prefix,20180308093139,http://cwaste.skolbloggen.se/xmlrpc.php,-,warc/revisit,https://web.archive.org/web/20180308093139/http://cwaste.skolbloggen.se/xmlrpc.php
raw_http_prefix,20180308093412,http://cwaste.skolbloggen.se/wp-content/themes/carrington-blog.2.0/carrington-blog/js/iepngfix_tilebg.js,-,warc/revisit,https://web.archive.org/web/20180308093412/http://cwaste.skolbloggen.se/wp-content/themes/carrington-blog.2.0/carrington-blog/js/iepngfix_tilebg.js
raw_http_prefix,20180308094731,http://cwaste.skolbloggen.se/files/2010/05/logotype.gif,-,warc/revisit,https://web.archive.org/web/20180308094731/http://cwaste.skolbloggen.se/files/2010/05/logotype.gif
raw_http_prefix,20180313065533,http://cwaste.skolbloggen.se:80/svenska/referera/ex-pa-referatmarkorer,301,text/html,https://web.archive.org/web/20180313065533/http://cwaste.skolbloggen.se:80/svenska/referera/ex-pa-referatmarkorer
html_200_root,20180313065533,http://cwaste.skolbloggen.se:80/svenska/referera/ex-pa-referatmarkorer/,200,text/html,https://web.archive.org/web/20180313065533/http://cwaste.skolbloggen.se:80/svenska/referera/ex-pa-referatmarkorer/
raw_http_prefix,20180314174613,http://cwaste.skolbloggen.se/robots.txt,-,warc/revisit,https://web.archive.org/web/20180314174613/http://cwaste.skolbloggen.se/robots.txt
raw_http_prefix,20180314174617,http://cwaste.skolbloggen.se/wp-content/themes/carrington-blog.2.0/carrington-blog/img/sidebar-background.gif,-,warc/revisit,https://web.archive.org/web/20180314174617/http://cwaste.skolbloggen.se/wp-content/themes/carrington-blog.2.0/carrington-blog/img/sidebar-background.gif
raw_http_prefix,20180314180542,http://cwaste.skolbloggen.se/robots.txt,-,warc/revisit,https://web.archive.org/web/20180314180542/http://cwaste.skolbloggen.se/robots.txt
raw_http_prefix,20180314180546,http://cwaste.skolbloggen.se/wp-content/themes/carrington-blog.2.0/carrington-blog/img/sub-header-border-bottom.gif,-,warc/revisit,https://web.archive.org/web/20180314180546/http://cwaste.skolbloggen.se/wp-content/themes/carrington-blog.2.0/carrington-blog/img/sub-header-border-bottom.gif
raw_http_prefix,20180314182500,http://cwaste.skolbloggen.se/robots.txt,-,warc/revisit,https://web.archive.org/web/20180314182500/http://cwaste.skolbloggen.se/robots.txt
raw_http_prefix,20180314182504,http://cwaste.skolbloggen.se/wp-content/themes/carrington-blog.2.0/carrington-blog/img/attachment/150px-flourish-right-dark.png,-,warc/revisit,https://web.archive.org/web/20180314182504/http://cwaste.skolbloggen.se/wp-content/themes/carrington-blog.2.0/carrington-blog/img/attachment/150px-flourish-right-dark.png
raw_http_prefix,20180314183403,http://cwaste.skolbloggen.se/robots.txt,-,warc/revisit,https://web.archive.org/web/20180314183403/http://cwaste.skolbloggen.se/robots.txt
raw_http_prefix,20180314183409,http://cwaste.skolbloggen.se/wp-content/themes/carrington-blog.2.0/carrington-blog/img/comment-thread.gif,-,warc/revisit,https://web.archive.org/web/20180314183409/http://cwaste.skolbloggen.se/wp-content/themes/carrington-blog.2.0/carrington-blog/img/comment-thread.gif
raw_http_prefix,20180314184452,http://cwaste.skolbloggen.se/wp-content/themes/carrington-blog.2.0/carrington-blog/img/attachment/150px-flourish-left-dark.png,-,warc/revisit,https://web.archive.org/web/20180314184452/http://cwaste.skolbloggen.se/wp-content/themes/carrington-blog.2.0/carrington-blog/img/attachment/150px-flourish-left-dark.png
raw_http_prefix,20180314184606,http://cwaste.skolbloggen.se/wp-content/themes/carrington-blog.2.0/carrington-blog/img/comments-divider.gif,-,warc/revisit,https://web.archive.org/web/20180314184606/http://cwaste.skolbloggen.se/wp-content/themes/carrington-blog.2.0/carrington-blog/img/comments-divider.gif
raw_http_prefix,20180314185242,http://cwaste.skolbloggen.se/wp-content/themes/carrington-blog.2.0/carrington-blog/img/footer/gradient-dark.png,-,warc/revisit,https://web.archive.org/web/20180314185242/http://cwaste.skolbloggen.se/wp-content/themes/carrington-blog.2.0/carrington-blog/img/footer/gradient-dark.png
raw_http_prefix,20180314190748,http://cwaste.skolbloggen.se/wp-content/themes/carrington-blog.2.0/carrington-blog/img/dropdown-divider.gif,-,warc/revisit,https://web.archive.org/web/20180314190748/http://cwaste.skolbloggen.se/wp-content/themes/carrington-blog.2.0/carrington-blog/img/dropdown-divider.gif
raw_http_prefix,20180314191157,http://cwaste.skolbloggen.se/wp-content/themes/carrington-blog.2.0/carrington-blog/img/watermark-light.gif,-,warc/revisit,https://web.archive.org/web/20180314191157/http://cwaste.skolbloggen.se/wp-content/themes/carrington-blog.2.0/carrington-blog/img/watermark-light.gif
raw_http_prefix,20180314192257,http://cwaste.skolbloggen.se/robots.txt,-,warc/revisit,https://web.archive.org/web/20180314192257/http://cwaste.skolbloggen.se/robots.txt
raw_http_prefix,20180314192301,http://cwaste.skolbloggen.se/wp-content/themes/carrington-blog.2.0/carrington-blog/img/header/gradient-dark.png,-,warc/revisit,https://web.archive.org/web/20180314192301/http://cwaste.skolbloggen.se/wp-content/themes/carrington-blog.2.0/carrington-blog/img/header/gradient-dark.png
raw_http_prefix,20180314193523,http://cwaste.skolbloggen.se/wp-content/themes/carrington-blog.2.0/carrington-blog/img/lightbox/nextlabel.gif,-,warc/revisit,https://web.archive.org/web/20180314193523/http://cwaste.skolbloggen.se/wp-content/themes/carrington-blog.2.0/carrington-blog/img/lightbox/nextlabel.gif
raw_http_prefix,20180314202324,http://cwaste.skolbloggen.se/wp-content/themes/carrington-blog.2.0/carrington-blog/img/divider-ornament-wide-dark.png,-,warc/revisit,https://web.archive.org/web/20180314202324/http://cwaste.skolbloggen.se/wp-content/themes/carrington-blog.2.0/carrington-blog/img/divider-ornament-wide-dark.png
raw_http_prefix,20180314202911,http://cwaste.skolbloggen.se/wp-content/themes/carrington-blog.2.0/carrington-blog/img/spinner.gif,-,warc/revisit,https://web.archive.org/web/20180314202911/http://cwaste.skolbloggen.se/wp-content/themes/carrington-blog.2.0/carrington-blog/img/spinner.gif
raw_http_prefix,20180314203851,http://cwaste.skolbloggen.se/wp-content/themes/carrington-blog.2.0/carrington-blog/img/arrow-bullet.gif,-,warc/revisit,https://web.archive.org/web/20180314203851/http://cwaste.skolbloggen.se/wp-content/themes/carrington-blog.2.0/carrington-blog/img/arrow-bullet.gif
raw_http_prefix,20180314205403,http://cwaste.skolbloggen.se/wp-content/themes/carrington-blog.2.0/carrington-blog/img/lightbox/prevlabel.gif,-,warc/revisit,https://web.archive.org/web/20180314205403/http://cwaste.skolbloggen.se/wp-content/themes/carrington-blog.2.0/carrington-blog/img/lightbox/prevlabel.gif
raw_http_prefix,20180314210946,http://cwaste.skolbloggen.se/wp-content/themes/carrington-blog.2.0/carrington-blog/img/footer/by-crowd-favorite-light.png,-,warc/revisit,https://web.archive.org/web/20180314210946/http://cwaste.skolbloggen.se/wp-content/themes/carrington-blog.2.0/carrington-blog/img/footer/by-crowd-favorite-light.png
raw_http_prefix,20180314211351,http://cwaste.skolbloggen.se/wp-content/themes/carrington-blog.2.0/carrington-blog/img/divider-ornament.gif,-,warc/revisit,https://web.archive.org/web/20180314211351/http://cwaste.skolbloggen.se/wp-content/themes/carrington-blog.2.0/carrington-blog/img/divider-ornament.gif
raw_http_prefix,20180314211549,http://cwaste.skolbloggen.se/wp-content/themes/carrington-blog.2.0/carrington-blog/img/header/texture-dark.png,-,warc/revisit,https://web.archive.org/web/20180314211549/http://cwaste.skolbloggen.se/wp-content/themes/carrington-blog.2.0/carrington-blog/img/header/texture-dark.png
raw_http_prefix,20180314211739,http://cwaste.skolbloggen.se/wp-content/themes/carrington-blog.2.0/carrington-blog/img/footer/divider-ornament-wide-light.png,-,warc/revisit,https://web.archive.org/web/20180314211739/http://cwaste.skolbloggen.se/wp-content/themes/carrington-blog.2.0/carrington-blog/img/footer/divider-ornament-wide-light.png
raw_http_prefix,20180314212249,http://cwaste.skolbloggen.se/wp-content/themes/carrington-blog.2.0/carrington-blog/img/header/texture-light.png,-,warc/revisit,https://web.archive.org/web/20180314212249/http://cwaste.skolbloggen.se/wp-content/themes/carrington-blog.2.0/carrington-blog/img/header/texture-light.png
raw_http_prefix,20180314223202,http://cwaste.skolbloggen.se/wp-content/themes/carrington-blog.2.0/carrington-blog/img/ie/by-crowd-favorite.gif,-,warc/revisit,https://web.archive.org/web/20180314223202/http://cwaste.skolbloggen.se/wp-content/themes/carrington-blog.2.0/carrington-blog/img/ie/by-crowd-favorite.gif
html_200_root,20180315041541,http://cwaste.skolbloggen.se:80/studieteknik/,200,text/html,https://web.archive.org/web/20180315041541/http://cwaste.skolbloggen.se:80/studieteknik/
raw_http_prefix,20180315121950,http://cwaste.skolbloggen.se/wp-includes/fonts/dashicons.eot,200,application/vnd.ms-fontobject,https://web.archive.org/web/20180315121950/http://cwaste.skolbloggen.se/wp-includes/fonts/dashicons.eot
raw_http_prefix,20180315124325,http://cwaste.skolbloggen.se/robots.txt,-,warc/revisit,https://web.archive.org/web/20180315124325/http://cwaste.skolbloggen.se/robots.txt
raw_http_prefix,20180315124329,http://cwaste.skolbloggen.se/wp-includes/fonts/dashicons.ttf,403,text/html,https://web.archive.org/web/20180315124329/http://cwaste.skolbloggen.se/wp-includes/fonts/dashicons.ttf
raw_http_prefix,20180315151502,http://cwaste.skolbloggen.se/wp-includes/fonts/dashicons.svg,200,image/svg+xml,https://web.archive.org/web/20180315151502/http://cwaste.skolbloggen.se/wp-includes/fonts/dashicons.svg
raw_http_prefix,20180315170301,http://cwaste.skolbloggen.se/wp-content/themes/carrington-blog.2.0/carrington-blog/carrington-core/lightbox/img/macFFBgHack.png,-,warc/revisit,https://web.archive.org/web/20180315170301/http://cwaste.skolbloggen.se/wp-content/themes/carrington-blog.2.0/carrington-blog/carrington-core/lightbox/img/macFFBgHack.png
raw_http_prefix,20180315181855,http://cwaste.skolbloggen.se/wp-content/themes/carrington-blog.2.0/carrington-blog/carrington-core/lightbox/img/blank.gif,-,warc/revisit,https://web.archive.org/web/20180315181855/http://cwaste.skolbloggen.se/wp-content/themes/carrington-blog.2.0/carrington-blog/carrington-core/lightbox/img/blank.gif
raw_http_prefix,20180319221703,http://cwaste.skolbloggen.se:80/presentation/din-presentation,301,text/html,https://web.archive.org/web/20180319221703/http://cwaste.skolbloggen.se:80/presentation/din-presentation
html_200_root,20180319221703,http://cwaste.skolbloggen.se:80/presentation/din-presentation/,200,text/html,https://web.archive.org/web/20180319221703/http://cwaste.skolbloggen.se:80/presentation/din-presentation/
raw_http_prefix,20180321001920,http://cwaste.skolbloggen.se:80/presentation/din-presentation,301,text/html,https://web.archive.org/web/20180321001920/http://cwaste.skolbloggen.se:80/presentation/din-presentation
html_200_root,20180321001920,http://cwaste.skolbloggen.se:80/presentation/din-presentation/,200,text/html,https://web.archive.org/web/20180321001920/http://cwaste.skolbloggen.se:80/presentation/din-presentation/
html_200_root,20180321020140,http://cwaste.skolbloggen.se:80/,200,text/html,https://web.archive.org/web/20180321020140/http://cwaste.skolbloggen.se:80/
raw_http_prefix,20180321030013,http://cwaste.skolbloggen.se:80/feed/,200,application/rss+xml,https://web.archive.org/web/20180321030013/http://cwaste.skolbloggen.se:80/feed/
raw_http_prefix,20180321030025,http://cwaste.skolbloggen.se:80/wp-login.php?action=register,302,text/html,https://web.archive.org/web/20180321030025/http://cwaste.skolbloggen.se:80/wp-login.php?action=register
html_200_root,20180321045840,http://cwaste.skolbloggen.se:80/presentation/om-froken-waste/,200,text/html,https://web.archive.org/web/20180321045840/http://cwaste.skolbloggen.se:80/presentation/om-froken-waste/
html_200_root,20180321045904,http://cwaste.skolbloggen.se:80/svenska/litteraturhistoria/1790-romantiken/,200,text/html,https://web.archive.org/web/20180321045904/http://cwaste.skolbloggen.se:80/svenska/litteraturhistoria/1790-romantiken/
html_200_root,20180323075624,http://cwaste.skolbloggen.se:80/svenska/referera/bedomning-av-referat/,200,text/html,https://web.archive.org/web/20180323075624/http://cwaste.skolbloggen.se:80/svenska/referera/bedomning-av-referat/
html_200_root,20180323110857,http://cwaste.skolbloggen.se:80/author/cwaste/,200,text/html,https://web.archive.org/web/20180323110857/http://cwaste.skolbloggen.se:80/author/cwaste/
html_200_root,20180323110902,http://cwaste.skolbloggen.se:80/det-utvidgade-textbegreppet/bildanalys-ett-exempel/,200,text/html,https://web.archive.org/web/20180323110902/http://cwaste.skolbloggen.se:80/det-utvidgade-textbegreppet/bildanalys-ett-exempel/
html_200_root,20180323110907,http://cwaste.skolbloggen.se:80/oppna-larresurser/,200,text/html,https://web.archive.org/web/20180323110907/http://cwaste.skolbloggen.se:80/oppna-larresurser/
html_200_root,20180323110913,http://cwaste.skolbloggen.se:80/oppna-larresurser/csu-affordable-learning-solutions/,200,text/html,https://web.archive.org/web/20180323110913/http://cwaste.skolbloggen.se:80/oppna-larresurser/csu-affordable-learning-solutions/
html_200_root,20180323110917,http://cwaste.skolbloggen.se:80/oppna-larresurser/ne-skola/,200,text/html,https://web.archive.org/web/20180323110917/http://cwaste.skolbloggen.se:80/oppna-larresurser/ne-skola/
html_200_root,20180323110922,http://cwaste.skolbloggen.se:80/redovisning/,200,text/html,https://web.archive.org/web/20180323110922/http://cwaste.skolbloggen.se:80/redovisning/
html_200_root,20180323110927,http://cwaste.skolbloggen.se:80/svenska/,200,text/html,https://web.archive.org/web/20180323110927/http://cwaste.skolbloggen.se:80/svenska/
html_200_root,20180323110932,http://cwaste.skolbloggen.se:80/svenska/argumenterande-texter/,200,text/html,https://web.archive.org/web/20180323110932/http://cwaste.skolbloggen.se:80/svenska/argumenterande-texter/
html_200_root,20180323110937,http://cwaste.skolbloggen.se:80/svenska/argumenterande-texter/skriva-insandaredebattartikel/arbetsgang-vid-respons-och-bearbetning/,200,text/html,https://web.archive.org/web/20180323110937/http://cwaste.skolbloggen.se:80/svenska/argumenterande-texter/skriva-insandaredebattartikel/arbetsgang-vid-respons-och-bearbetning/
html_200_root,20180323110942,http://cwaste.skolbloggen.se:80/svenska/argumenterande-texter/skriva-insandaredebattartikel/vad-man-ska-tanka-pa-nar-man-skriver-argumenterande-texter/,200,text/html,https://web.archive.org/web/20180323110942/http://cwaste.skolbloggen.se:80/svenska/argumenterande-texter/skriva-insandaredebattartikel/vad-man-ska-tanka-pa-nar-man-skriver-argumenterande-texter/
html_200_root,20180323110947,http://cwaste.skolbloggen.se:80/svenska/berattelser/skriva-berattelser/huset/,200,text/html,https://web.archive.org/web/20180323110947/http://cwaste.skolbloggen.se:80/svenska/berattelser/skriva-berattelser/huset/
html_200_root,20180323110952,http://cwaste.skolbloggen.se:80/svenska/bild-och-film/hur-d-hanterar-bilder/,200,text/html,https://web.archive.org/web/20180323110952/http://cwaste.skolbloggen.se:80/svenska/bild-och-film/hur-d-hanterar-bilder/
html_200_root,20180323110958,http://cwaste.skolbloggen.se:80/svenska/dikter/,200,text/html,https://web.archive.org/web/20180323110958/http://cwaste.skolbloggen.se:80/svenska/dikter/
html_200_root,20180323111003,http://cwaste.skolbloggen.se:80/svenska/dikter/ovning-i-diktanalys/,200,text/html,https://web.archive.org/web/20180323111003/http://cwaste.skolbloggen.se:80/svenska/dikter/ovning-i-diktanalys/
html_200_root,20180323111008,http://cwaste.skolbloggen.se:80/svenska/dikter/skriva-dikter-ovning-ii/,200,text/html,https://web.archive.org/web/20180323111008/http://cwaste.skolbloggen.se:80/svenska/dikter/skriva-dikter-ovning-ii/
html_200_root,20180323111013,http://cwaste.skolbloggen.se:80/svenska/retorik/ett-exempel-som-inspirerar-mig-vad-tycker-du/,200,text/html,https://web.archive.org/web/20180323111013/http://cwaste.skolbloggen.se:80/svenska/retorik/ett-exempel-som-inspirerar-mig-vad-tycker-du/
html_200_root,20180323111018,http://cwaste.skolbloggen.se:80/svenska/samarbetsskrivande/,200,text/html,https://web.archive.org/web/20180323111018/http://cwaste.skolbloggen.se:80/svenska/samarbetsskrivande/
raw_http_prefix,20180323111022,http://cwaste.skolbloggen.se:80/wp-json/,404,text/html,https://web.archive.org/web/20180323111022/http://cwaste.skolbloggen.se:80/wp-json/
raw_http_prefix,20180323111027,http://cwaste.skolbloggen.se:80/xmlrpc.php?rsd,200,text/xml,https://web.archive.org/web/20180323111027/http://cwaste.skolbloggen.se:80/xmlrpc.php?rsd
html_200_root,20180323111148,http://cwaste.skolbloggen.se:80/2013/08/,200,text/html,https://web.archive.org/web/20180323111148/http://cwaste.skolbloggen.se:80/2013/08/
html_200_root,20180323111154,http://cwaste.skolbloggen.se:80/oppna-larresurser/wikibooks/,200,text/html,https://web.archive.org/web/20180323111154/http://cwaste.skolbloggen.se:80/oppna-larresurser/wikibooks/
html_200_root,20180323111159,http://cwaste.skolbloggen.se:80/redovisning/akademisk-hederlighet/,200,text/html,https://web.archive.org/web/20180323111159/http://cwaste.skolbloggen.se:80/redovisning/akademisk-hederlighet/
html_200_root,20180323111204,http://cwaste.skolbloggen.se:80/redovisning/publicering/,200,text/html,https://web.archive.org/web/20180323111204/http://cwaste.skolbloggen.se:80/redovisning/publicering/
html_200_root,20180323111209,http://cwaste.skolbloggen.se:80/studieteknik/att-hitta-information/,200,text/html,https://web.archive.org/web/20180323111209/http://cwaste.skolbloggen.se:80/studieteknik/att-hitta-information/
html_200_root,20180323111214,http://cwaste.skolbloggen.se:80/studieteknik/att-vardera-information/,200,text/html,https://web.archive.org/web/20180323111214/http://cwaste.skolbloggen.se:80/studieteknik/att-vardera-information/
html_200_root,20180323111219,http://cwaste.skolbloggen.se:80/studieteknik/kallkritik/ovningar-i-kallkritik/,200,text/html,https://web.archive.org/web/20180323111219/http://cwaste.skolbloggen.se:80/studieteknik/kallkritik/ovningar-i-kallkritik/
html_200_root,20180323111225,http://cwaste.skolbloggen.se:80/svenska/argumenterande-texter/argumentation-ett-exempel/,200,text/html,https://web.archive.org/web/20180323111225/http://cwaste.skolbloggen.se:80/svenska/argumenterande-texter/argumentation-ett-exempel/
html_200_root,20180323111230,http://cwaste.skolbloggen.se:80/svenska/berattelser/berattarkne/,200,text/html,https://web.archive.org/web/20180323111230/http://cwaste.skolbloggen.se:80/svenska/berattelser/berattarkne/
html_200_root,20180323111235,http://cwaste.skolbloggen.se:80/svenska/bild-och-film/,200,text/html,https://web.archive.org/web/20180323111235/http://cwaste.skolbloggen.se:80/svenska/bild-och-film/
html_200_root,20180323111240,http://cwaste.skolbloggen.se:80/svenska/bild-och-film/regler-vid-fotografering-pa-allmanna-platser/,200,text/html,https://web.archive.org/web/20180323111240/http://cwaste.skolbloggen.se:80/svenska/bild-och-film/regler-vid-fotografering-pa-allmanna-platser/
html_200_root,20180323111245,http://cwaste.skolbloggen.se:80/svenska/dikter/skriva-dikter-ovning-i/,200,text/html,https://web.archive.org/web/20180323111245/http://cwaste.skolbloggen.se:80/svenska/dikter/skriva-dikter-ovning-i/
html_200_root,20180323111250,http://cwaste.skolbloggen.se:80/svenska/litteraturanalys-och-lasloggar/laslogg-1-presentation-bokens-inledning-berattarteknik/,200,text/html,https://web.archive.org/web/20180323111250/http://cwaste.skolbloggen.se:80/svenska/litteraturanalys-och-lasloggar/laslogg-1-presentation-bokens-inledning-berattarteknik/
html_200_root,20180323111255,http://cwaste.skolbloggen.se:80/svenska/litteraturanalys-och-lasloggar/laslogg-3-titel-form-dramaturgi-budskap/,200,text/html,https://web.archive.org/web/20180323111255/http://cwaste.skolbloggen.se:80/svenska/litteraturanalys-och-lasloggar/laslogg-3-titel-form-dramaturgi-budskap/
html_200_root,20180323111300,http://cwaste.skolbloggen.se:80/svenska/litteraturhistoria/1720-upplysningen/,200,text/html,https://web.archive.org/web/20180323111300/http://cwaste.skolbloggen.se:80/svenska/litteraturhistoria/1720-upplysningen/
html_200_root,20180323111305,http://cwaste.skolbloggen.se:80/svenska/nationellt-prov-i-svenska-b-kursen/,200,text/html,https://web.archive.org/web/20180323111305/http://cwaste.skolbloggen.se:80/svenska/nationellt-prov-i-svenska-b-kursen/
html_200_root,20180323111310,http://cwaste.skolbloggen.se:80/svenska/referera/ova-referatskrivning-attityder-kring-sprak/,200,text/html,https://web.archive.org/web/20180323111310/http://cwaste.skolbloggen.se:80/svenska/referera/ova-referatskrivning-attityder-kring-sprak/
html_200_root,20180323111315,http://cwaste.skolbloggen.se:80/svenska/referera/ova-referatskrivning-nathat-bland-unga/,200,text/html,https://web.archive.org/web/20180323111315/http://cwaste.skolbloggen.se:80/svenska/referera/ova-referatskrivning-nathat-bland-unga/
html_200_root,20180323111321,http://cwaste.skolbloggen.se:80/svenska/skrivprocessen/,200,text/html,https://web.archive.org/web/20180323111321/http://cwaste.skolbloggen.se:80/svenska/skrivprocessen/
html_200_root,20180323111326,http://cwaste.skolbloggen.se:80/svenska/skrivprocessen/kommentera-blogginlagg/,200,text/html,https://web.archive.org/web/20180323111326/http://cwaste.skolbloggen.se:80/svenska/skrivprocessen/kommentera-blogginlagg/
html_200_root,20180323111331,http://cwaste.skolbloggen.se:80/svenska/skrivprocessen/responsgivning/skriva-kommentarer/,200,text/html,https://web.archive.org/web/20180323111331/http://cwaste.skolbloggen.se:80/svenska/skrivprocessen/responsgivning/skriva-kommentarer/
html_200_root,20180323111336,http://cwaste.skolbloggen.se:80/svenska/soka-jobb/,200,text/html,https://web.archive.org/web/20180323111336/http://cwaste.skolbloggen.se:80/svenska/soka-jobb/
html_200_root,20180323111341,http://cwaste.skolbloggen.se:80/svenska/sprakhistoria/,200,text/html,https://web.archive.org/web/20180323111341/http://cwaste.skolbloggen.se:80/svenska/sprakhistoria/
html_200_root,20180323111346,http://cwaste.skolbloggen.se:80/2013/08/14/vi-bloggar/,200,text/html,https://web.archive.org/web/20180323111346/http://cwaste.skolbloggen.se:80/2013/08/14/vi-bloggar/
html_200_root,20180323111351,http://cwaste.skolbloggen.se:80/category/okategoriserad/,200,text/html,https://web.archive.org/web/20180323111351/http://cwaste.skolbloggen.se:80/category/okategoriserad/
html_200_root,20180323111356,http://cwaste.skolbloggen.se:80/det-utvidgade-textbegreppet/,200,text/html,https://web.archive.org/web/20180323111356/http://cwaste.skolbloggen.se:80/det-utvidgade-textbegreppet/
html_200_root,20180323111401,http://cwaste.skolbloggen.se:80/om-tavlingsbidraget/,200,text/html,https://web.archive.org/web/20180323111401/http://cwaste.skolbloggen.se:80/om-tavlingsbidraget/
html_200_root,20180323111406,http://cwaste.skolbloggen.se:80/oppna-larresurser/youtube-edu/,200,text/html,https://web.archive.org/web/20180323111406/http://cwaste.skolbloggen.se:80/oppna-larresurser/youtube-edu/
html_200_root,20180323111411,http://cwaste.skolbloggen.se:80/presentation/,200,text/html,https://web.archive.org/web/20180323111411/http://cwaste.skolbloggen.se:80/presentation/
html_200_root,20180323111416,http://cwaste.skolbloggen.se:80/presentation/din-presentation/,200,text/html,https://web.archive.org/web/20180323111416/http://cwaste.skolbloggen.se:80/presentation/din-presentation/
html_200_root,20180323111421,http://cwaste.skolbloggen.se:80/redovisning/bilder-som-du-far-anvanda-till-dina-redovisningar/,200,text/html,https://web.archive.org/web/20180323111421/http://cwaste.skolbloggen.se:80/redovisning/bilder-som-du-far-anvanda-till-dina-redovisningar/
html_200_root,20180323111426,http://cwaste.skolbloggen.se:80/redovisning/hur-du-hanterar-powerpoint/,200,text/html,https://web.archive.org/web/20180323111426/http://cwaste.skolbloggen.se:80/redovisning/hur-du-hanterar-powerpoint/
html_200_root,20180323111431,http://cwaste.skolbloggen.se:80/redovisning/tankekartor/,200,text/html,https://web.archive.org/web/20180323111431/http://cwaste.skolbloggen.se:80/redovisning/tankekartor/
html_200_root,20180323111438,http://cwaste.skolbloggen.se:80/redovisning/textformatering/,200,text/html,https://web.archive.org/web/20180323111438/http://cwaste.skolbloggen.se:80/redovisning/textformatering/
html_200_root,20180323111444,http://cwaste.skolbloggen.se:80/studieteknik/sjalvskattning-av-studievanor/,200,text/html,https://web.archive.org/web/20180323111444/http://cwaste.skolbloggen.se:80/studieteknik/sjalvskattning-av-studievanor/
html_200_root,20180323111449,http://cwaste.skolbloggen.se:80/svenska/argumenterande-texter/skriva-insandaredebattartikel/,200,text/html,https://web.archive.org/web/20180323111449/http://cwaste.skolbloggen.se:80/svenska/argumenterande-texter/skriva-insandaredebattartikel/
html_200_root,20180323111454,http://cwaste.skolbloggen.se:80/svenska/argumenterande-texter/skriva-insandaredebattartikel/bedomning-av-skrivuppgift-skriva-insandaredebattartikel/,200,text/html,https://web.archive.org/web/20180323111454/http://cwaste.skolbloggen.se:80/svenska/argumenterande-texter/skriva-insandaredebattartikel/bedomning-av-skrivuppgift-skriva-insandaredebattartikel/
html_200_root,20180323111459,http://cwaste.skolbloggen.se:80/svenska/bedomning/bedomning-av-muntliga-uppgifter/,200,text/html,https://web.archive.org/web/20180323111459/http://cwaste.skolbloggen.se:80/svenska/bedomning/bedomning-av-muntliga-uppgifter/
html_200_root,20180323111504,http://cwaste.skolbloggen.se:80/svenska/bedomning/bedomning-av-skriftliga-uppgifter/,200,text/html,https://web.archive.org/web/20180323111504/http://cwaste.skolbloggen.se:80/svenska/bedomning/bedomning-av-skriftliga-uppgifter/
html_200_root,20180323111509,http://cwaste.skolbloggen.se:80/svenska/bedomning/bedomning-av-skriftliga-uppgifter/matris-bedomning-av-skriftliga-uppgifter/,200,text/html,https://web.archive.org/web/20180323111509/http://cwaste.skolbloggen.se:80/svenska/bedomning/bedomning-av-skriftliga-uppgifter/matris-bedomning-av-skriftliga-uppgifter/
html_200_root,20180323111514,http://cwaste.skolbloggen.se:80/svenska/berattelser/,200,text/html,https://web.archive.org/web/20180323111514/http://cwaste.skolbloggen.se:80/svenska/berattelser/
html_200_root,20180323111519,http://cwaste.skolbloggen.se:80/svenska/berattelser/skriva-berattelser/,200,text/html,https://web.archive.org/web/20180323111519/http://cwaste.skolbloggen.se:80/svenska/berattelser/skriva-berattelser/
html_200_root,20180323111524,http://cwaste.skolbloggen.se:80/svenska/dikter/diktanalys/,200,text/html,https://web.archive.org/web/20180323111524/http://cwaste.skolbloggen.se:80/svenska/dikter/diktanalys/
html_200_root,20180323111529,http://cwaste.skolbloggen.se:80/svenska/litteraturhistoria/,200,text/html,https://web.archive.org/web/20180323111529/http://cwaste.skolbloggen.se:80/svenska/litteraturhistoria/
html_200_root,20180323111534,http://cwaste.skolbloggen.se:80/svenska/litteraturhistoria/1830-realismen/,200,text/html,https://web.archive.org/web/20180323111534/http://cwaste.skolbloggen.se:80/svenska/litteraturhistoria/1830-realismen/
html_200_root,20180323111539,http://cwaste.skolbloggen.se:80/svenska/litteraturhistoria/1910-modernismen/,200,text/html,https://web.archive.org/web/20180323111539/http://cwaste.skolbloggen.se:80/svenska/litteraturhistoria/1910-modernismen/
html_200_root,20180323111544,http://cwaste.skolbloggen.se:80/svenska/nationellt-prov-i-svenska-b-kursen/nationellt-prov/,200,text/html,https://web.archive.org/web/20180323111544/http://cwaste.skolbloggen.se:80/svenska/nationellt-prov-i-svenska-b-kursen/nationellt-prov/
html_200_root,20180323111549,http://cwaste.skolbloggen.se:80/svenska/retorik/,200,text/html,https://web.archive.org/web/20180323111549/http://cwaste.skolbloggen.se:80/svenska/retorik/
html_200_root,20180323111554,http://cwaste.skolbloggen.se:80/svenska/skrivprocessen/responsgivning/,200,text/html,https://web.archive.org/web/20180323111554/http://cwaste.skolbloggen.se:80/svenska/skrivprocessen/responsgivning/
html_200_root,20180323111559,http://cwaste.skolbloggen.se:80/wp-login.php,200,text/html,https://web.archive.org/web/20180323111559/http://cwaste.skolbloggen.se:80/wp-login.php
raw_http_prefix,20180323111604,http://cwaste.skolbloggen.se:80/xmlrpc.php,405,text/plain,https://web.archive.org/web/20180323111604/http://cwaste.skolbloggen.se:80/xmlrpc.php
raw_http_prefix,20180323111620,http://cwaste.skolbloggen.se:80/comments/feed/,200,application/rss+xml,https://web.archive.org/web/20180323111620/http://cwaste.skolbloggen.se:80/comments/feed/
html_200_root,20180323111625,http://cwaste.skolbloggen.se:80/oppna-larresurser/itunes-u/,200,text/html,https://web.archive.org/web/20180323111625/http://cwaste.skolbloggen.se:80/oppna-larresurser/itunes-u/
html_200_root,20180323111630,http://cwaste.skolbloggen.se:80/oppna-larresurser/wikiversity/,200,text/html,https://web.archive.org/web/20180323111630/http://cwaste.skolbloggen.se:80/oppna-larresurser/wikiversity/
html_200_root,20180323111635,http://cwaste.skolbloggen.se:80/redovisning/akademisk-hederlighet/upphovsratt-och-creative-commons/,200,text/html,https://web.archive.org/web/20180323111635/http://cwaste.skolbloggen.se:80/redovisning/akademisk-hederlighet/upphovsratt-och-creative-commons/
html_200_root,20180323111640,http://cwaste.skolbloggen.se:80/redovisning/bilder-och-bildtexter/,200,text/html,https://web.archive.org/web/20180323111640/http://cwaste.skolbloggen.se:80/redovisning/bilder-och-bildtexter/
html_200_root,20180323111645,http://cwaste.skolbloggen.se:80/redovisning/overkurs/,200,text/html,https://web.archive.org/web/20180323111645/http://cwaste.skolbloggen.se:80/redovisning/overkurs/
html_200_root,20180323111650,http://cwaste.skolbloggen.se:80/studieteknik/kallkritik/arkiv-och-samlingar-i-din-narhet/,200,text/html,https://web.archive.org/web/20180323111650/http://cwaste.skolbloggen.se:80/studieteknik/kallkritik/arkiv-och-samlingar-i-din-narhet/
html_200_root,20180323111655,http://cwaste.skolbloggen.se:80/svenska/bedomning/,200,text/html,https://web.archive.org/web/20180323111655/http://cwaste.skolbloggen.se:80/svenska/bedomning/
html_200_root,20180323111700,http://cwaste.skolbloggen.se:80/svenska/instruktioner/,200,text/html,https://web.archive.org/web/20180323111700/http://cwaste.skolbloggen.se:80/svenska/instruktioner/
html_200_root,20180323111711,http://cwaste.skolbloggen.se:80/svenska/litteraturanalys-och-lasloggar/,200,text/html,https://web.archive.org/web/20180323111711/http://cwaste.skolbloggen.se:80/svenska/litteraturanalys-och-lasloggar/
html_200_root,20180323111716,http://cwaste.skolbloggen.se:80/svenska/litteraturanalys-och-lasloggar/forfattarportratt/,200,text/html,https://web.archive.org/web/20180323111716/http://cwaste.skolbloggen.se:80/svenska/litteraturanalys-och-lasloggar/forfattarportratt/
html_200_root,20180323111721,http://cwaste.skolbloggen.se:80/svenska/referera/ova-referatskrivning-klass-o-sprak/,200,text/html,https://web.archive.org/web/20180323111721/http://cwaste.skolbloggen.se:80/svenska/referera/ova-referatskrivning-klass-o-sprak/
html_200_root,20180323111726,http://cwaste.skolbloggen.se:80/svenska/skrivrad/,200,text/html,https://web.archive.org/web/20180323111726/http://cwaste.skolbloggen.se:80/svenska/skrivrad/
html_200_root,20180323111732,http://cwaste.skolbloggen.se:80/svenska/skrivrad/nagra-vanliga-misstag/,200,text/html,https://web.archive.org/web/20180323111732/http://cwaste.skolbloggen.se:80/svenska/skrivrad/nagra-vanliga-misstag/
html_200_root,20180323111737,http://cwaste.skolbloggen.se:80/svenska/talovningar/,200,text/html,https://web.archive.org/web/20180323111737/http://cwaste.skolbloggen.se:80/svenska/talovningar/
raw_http_prefix,20180323111741,http://cwaste.skolbloggen.se:80/wp-includes/wlwmanifest.xml,200,application/xml,https://web.archive.org/web/20180323111741/http://cwaste.skolbloggen.se:80/wp-includes/wlwmanifest.xml
raw_http_prefix,20180323195355,http://cwaste.skolbloggen.se:80/svenska/referera/ova-referatskrivning-nathat-bland-unga,301,text/html,https://web.archive.org/web/20180323195355/http://cwaste.skolbloggen.se:80/svenska/referera/ova-referatskrivning-nathat-bland-unga
html_200_root,20180323195355,http://cwaste.skolbloggen.se:80/svenska/referera/ova-referatskrivning-nathat-bland-unga/,200,text/html,https://web.archive.org/web/20180323195355/http://cwaste.skolbloggen.se:80/svenska/referera/ova-referatskrivning-nathat-bland-unga/
raw_http_prefix,20180324134610,http://cwaste.skolbloggen.se:80/presentation/din-presentation/feed/,200,application/rss+xml,https://web.archive.org/web/20180324134610/http://cwaste.skolbloggen.se:80/presentation/din-presentation/feed/
raw_http_prefix,20180325142712,http://cwaste.skolbloggen.se:80/svenska/argumenterande-texter/skriva-insandaredebattartikel,301,text/html,https://web.archive.org/web/20180325142712/http://cwaste.skolbloggen.se:80/svenska/argumenterande-texter/skriva-insandaredebattartikel
html_200_root,20180325142712,http://cwaste.skolbloggen.se:80/svenska/argumenterande-texter/skriva-insandaredebattartikel/,200,text/html,https://web.archive.org/web/20180325142712/http://cwaste.skolbloggen.se:80/svenska/argumenterande-texter/skriva-insandaredebattartikel/
raw_http_prefix,20180325144204,http://cwaste.skolbloggen.se:80/studieteknik/kallkritik/de-kallkritiska-principerna,301,text/html,https://web.archive.org/web/20180325144204/http://cwaste.skolbloggen.se:80/studieteknik/kallkritik/de-kallkritiska-principerna
html_200_root,20180325144204,http://cwaste.skolbloggen.se:80/studieteknik/kallkritik/de-kallkritiska-principerna/,200,text/html,https://web.archive.org/web/20180325144204/http://cwaste.skolbloggen.se:80/studieteknik/kallkritik/de-kallkritiska-principerna/
raw_http_prefix,20180325144743,http://cwaste.skolbloggen.se:80/svenska/referera/skriva-referat,301,text/html,https://web.archive.org/web/20180325144743/http://cwaste.skolbloggen.se:80/svenska/referera/skriva-referat
html_200_root,20180325144743,http://cwaste.skolbloggen.se:80/svenska/referera/skriva-referat/,200,text/html,https://web.archive.org/web/20180325144743/http://cwaste.skolbloggen.se:80/svenska/referera/skriva-referat/
raw_http_prefix,20180325150029,http://cwaste.skolbloggen.se:80/svenska/argumenterande-texter,301,text/html,https://web.archive.org/web/20180325150029/http://cwaste.skolbloggen.se:80/svenska/argumenterande-texter
html_200_root,20180325150029,http://cwaste.skolbloggen.se:80/svenska/argumenterande-texter/,200,text/html,https://web.archive.org/web/20180325150029/http://cwaste.skolbloggen.se:80/svenska/argumenterande-texter/
raw_http_prefix,20180329122040,http://cwaste.skolbloggen.se:80/svenska/referera/fler-exempel,301,text/html,https://web.archive.org/web/20180329122040/http://cwaste.skolbloggen.se:80/svenska/referera/fler-exempel
html_200_root,20180329122040,http://cwaste.skolbloggen.se:80/svenska/referera/fler-exempel/,200,text/html,https://web.archive.org/web/20180329122040/http://cwaste.skolbloggen.se:80/svenska/referera/fler-exempel/
raw_http_prefix,20180329122410,http://cwaste.skolbloggen.se:80/studieteknik/uppgift,301,text/html,https://web.archive.org/web/20180329122410/http://cwaste.skolbloggen.se:80/studieteknik/uppgift
html_200_root,20180329122410,http://cwaste.skolbloggen.se:80/studieteknik/uppgift/,200,text/html,https://web.archive.org/web/20180329122410/http://cwaste.skolbloggen.se:80/studieteknik/uppgift/
raw_http_prefix,20180329122550,http://cwaste.skolbloggen.se:80/svenska/referera/ex-pa-kallhanvisning,301,text/html,https://web.archive.org/web/20180329122550/http://cwaste.skolbloggen.se:80/svenska/referera/ex-pa-kallhanvisning
html_200_root,20180329122550,http://cwaste.skolbloggen.se:80/svenska/referera/ex-pa-kallhanvisning/,200,text/html,https://web.archive.org/web/20180329122550/http://cwaste.skolbloggen.se:80/svenska/referera/ex-pa-kallhanvisning/
raw_http_prefix,20180329124146,http://cwaste.skolbloggen.se:80/svenska/referera,301,text/html,https://web.archive.org/web/20180329124146/http://cwaste.skolbloggen.se:80/svenska/referera
html_200_root,20180329124146,http://cwaste.skolbloggen.se:80/svenska/referera/,200,text/html,https://web.archive.org/web/20180329124146/http://cwaste.skolbloggen.se:80/svenska/referera/
html_200_root,20180331174951,http://cwaste.skolbloggen.se:80/svenska/litteraturanalys-och-lasloggar/laslogg-2-miljo-personbeskrivn-huvudkonflikt/,200,text/html,https://web.archive.org/web/20180331174951/http://cwaste.skolbloggen.se:80/svenska/litteraturanalys-och-lasloggar/laslogg-2-miljo-personbeskrivn-huvudkonflikt/
html_200_root,20180331174956,http://cwaste.skolbloggen.se:80/svenska/referera/skriva-referat/,200,text/html,https://web.archive.org/web/20180331174956/http://cwaste.skolbloggen.se:80/svenska/referera/skriva-referat/
raw_http_prefix,20180413062109,http://cwaste.skolbloggen.se:80/svenska/referera/ex-pa-referatmarkorer,301,text/html,https://web.archive.org/web/20180413062109/http://cwaste.skolbloggen.se:80/svenska/referera/ex-pa-referatmarkorer
raw_http_prefix,20180421001125,http://cwaste.skolbloggen.se:80/presentation/din-presentation,301,text/html,https://web.archive.org/web/20180421001125/http://cwaste.skolbloggen.se:80/presentation/din-presentation
raw_http_prefix,20180424014249,http://cwaste.skolbloggen.se:80/svenska/referera/ova-referatskrivning-nathat-bland-unga,301,text/html,https://web.archive.org/web/20180424014249/http://cwaste.skolbloggen.se:80/svenska/referera/ova-referatskrivning-nathat-bland-unga
raw_http_prefix,20180429182830,http://cwaste.skolbloggen.se:80/svenska/referera,301,text/html,https://web.archive.org/web/20180429182830/http://cwaste.skolbloggen.se:80/svenska/referera
raw_http_prefix,20180429182841,http://cwaste.skolbloggen.se:80/svenska/referera/fler-exempel,301,text/html,https://web.archive.org/web/20180429182841/http://cwaste.skolbloggen.se:80/svenska/referera/fler-exempel
raw_http_prefix,20180429183025,http://cwaste.skolbloggen.se:80/svenska/referera/ex-pa-kallhanvisning,301,text/html,https://web.archive.org/web/20180429183025/http://cwaste.skolbloggen.se:80/svenska/referera/ex-pa-kallhanvisning
raw_http_prefix,20180429183115,http://cwaste.skolbloggen.se:80/studieteknik/uppgift,301,text/html,https://web.archive.org/web/20180429183115/http://cwaste.skolbloggen.se:80/studieteknik/uppgift
raw_http_prefix,20180514220113,http://cwaste.skolbloggen.se:80/svenska/referera/ex-pa-referatmarkorer,301,text/html,https://web.archive.org/web/20180514220113/http://cwaste.skolbloggen.se:80/svenska/referera/ex-pa-referatmarkorer
raw_http_prefix,20180522173500,http://cwaste.skolbloggen.se:80/presentation/din-presentation,301,text/html,https://web.archive.org/web/20180522173500/http://cwaste.skolbloggen.se:80/presentation/din-presentation
raw_http_prefix,20180525102638,http://cwaste.skolbloggen.se:80/svenska/referera/ova-referatskrivning-nathat-bland-unga,301,text/html,https://web.archive.org/web/20180525102638/http://cwaste.skolbloggen.se:80/svenska/referera/ova-referatskrivning-nathat-bland-unga
raw_http_prefix,20180601084000,http://cwaste.skolbloggen.se:80/svenska/referera/ex-pa-kallhanvisning,301,text/html,https://web.archive.org/web/20180601084000/http://cwaste.skolbloggen.se:80/svenska/referera/ex-pa-kallhanvisning
raw_http_prefix,20180601091053,http://cwaste.skolbloggen.se:80/svenska/referera,301,text/html,https://web.archive.org/web/20180601091053/http://cwaste.skolbloggen.se:80/svenska/referera
raw_http_prefix,20180601092944,http://cwaste.skolbloggen.se:80/svenska/referera/fler-exempel,301,text/html,https://web.archive.org/web/20180601092944/http://cwaste.skolbloggen.se:80/svenska/referera/fler-exempel
raw_http_prefix,20180601093456,http://cwaste.skolbloggen.se:80/studieteknik/uppgift,301,text/html,https://web.archive.org/web/20180601093456/http://cwaste.skolbloggen.se:80/studieteknik/uppgift
raw_http_prefix,20180615010127,http://cwaste.skolbloggen.se:80/svenska/referera/ex-pa-referatmarkorer,301,text/html,https://web.archive.org/web/20180615010127/http://cwaste.skolbloggen.se:80/svenska/referera/ex-pa-referatmarkorer
raw_http_prefix,20180622145412,http://cwaste.skolbloggen.se:80/presentation/din-presentation,301,text/html,https://web.archive.org/web/20180622145412/http://cwaste.skolbloggen.se:80/presentation/din-presentation
raw_http_prefix,20180626022353,http://cwaste.skolbloggen.se:80/svenska/referera/ova-referatskrivning-nathat-bland-unga,301,text/html,https://web.archive.org/web/20180626022353/http://cwaste.skolbloggen.se:80/svenska/referera/ova-referatskrivning-nathat-bland-unga
raw_http_prefix,20180702103156,http://cwaste.skolbloggen.se:80/svenska/referera/fler-exempel,301,text/html,https://web.archive.org/web/20180702103156/http://cwaste.skolbloggen.se:80/svenska/referera/fler-exempel
raw_http_prefix,20180702103317,http://cwaste.skolbloggen.se:80/svenska/referera,301,text/html,https://web.archive.org/web/20180702103317/http://cwaste.skolbloggen.se:80/svenska/referera
raw_http_prefix,20180702105345,http://cwaste.skolbloggen.se:80/svenska/referera/ex-pa-kallhanvisning,301,text/html,https://web.archive.org/web/20180702105345/http://cwaste.skolbloggen.se:80/svenska/referera/ex-pa-kallhanvisning
raw_http_prefix,20180702105424,http://cwaste.skolbloggen.se:80/studieteknik/uppgift,301,text/html,https://web.archive.org/web/20180702105424/http://cwaste.skolbloggen.se:80/studieteknik/uppgift
raw_http_prefix,20180704202309,http://cwaste.skolbloggen.se/robots.txt,301,text/html,https://web.archive.org/web/20180704202309/http://cwaste.skolbloggen.se/robots.txt
raw_http_prefix,20180716145653,http://cwaste.skolbloggen.se:80/svenska/referera/ex-pa-referatmarkorer,301,text/html,https://web.archive.org/web/20180716145653/http://cwaste.skolbloggen.se:80/svenska/referera/ex-pa-referatmarkorer
raw_http_prefix,20180723180950,http://cwaste.skolbloggen.se:80/presentation/din-presentation,301,text/html,https://web.archive.org/web/20180723180950/http://cwaste.skolbloggen.se:80/presentation/din-presentation
raw_http_prefix,20180727083150,http://cwaste.skolbloggen.se:80/svenska/referera/ova-referatskrivning-nathat-bland-unga,301,text/html,https://web.archive.org/web/20180727083150/http://cwaste.skolbloggen.se:80/svenska/referera/ova-referatskrivning-nathat-bland-unga
raw_http_prefix,20180802094915,http://cwaste.skolbloggen.se:80/svenska/referera/fler-exempel,301,text/html,https://web.archive.org/web/20180802094915/http://cwaste.skolbloggen.se:80/svenska/referera/fler-exempel
raw_http_prefix,20180802095023,http://cwaste.skolbloggen.se:80/svenska/referera/ex-pa-kallhanvisning,301,text/html,https://web.archive.org/web/20180802095023/http://cwaste.skolbloggen.se:80/svenska/referera/ex-pa-kallhanvisning
raw_http_prefix,20180802095112,http://cwaste.skolbloggen.se:80/studieteknik/uppgift,301,text/html,https://web.archive.org/web/20180802095112/http://cwaste.skolbloggen.se:80/studieteknik/uppgift
raw_http_prefix,20180802095127,http://cwaste.skolbloggen.se:80/svenska/referera,301,text/html,https://web.archive.org/web/20180802095127/http://cwaste.skolbloggen.se:80/svenska/referera
raw_http_prefix,20180817040220,http://cwaste.skolbloggen.se:80/svenska/referera/ex-pa-referatmarkorer,301,text/html,https://web.archive.org/web/20180817040220/http://cwaste.skolbloggen.se:80/svenska/referera/ex-pa-referatmarkorer
raw_http_prefix,20180823221930,http://cwaste.skolbloggen.se:80/presentation/din-presentation,301,text/html,https://web.archive.org/web/20180823221930/http://cwaste.skolbloggen.se:80/presentation/din-presentation
raw_http_prefix,20180827122737,http://cwaste.skolbloggen.se:80/svenska/referera/ova-referatskrivning-nathat-bland-unga,301,text/html,https://web.archive.org/web/20180827122737/http://cwaste.skolbloggen.se:80/svenska/referera/ova-referatskrivning-nathat-bland-unga
raw_http_prefix,20180903011937,http://cwaste.skolbloggen.se:80/svenska/referera/fler-exempel,301,text/html,https://web.archive.org/web/20180903011937/http://cwaste.skolbloggen.se:80/svenska/referera/fler-exempel
raw_http_prefix,20180903012922,http://cwaste.skolbloggen.se:80/studieteknik/uppgift,301,text/html,https://web.archive.org/web/20180903012922/http://cwaste.skolbloggen.se:80/studieteknik/uppgift
raw_http_prefix,20180903020029,http://cwaste.skolbloggen.se:80/svenska/referera/ex-pa-kallhanvisning,301,text/html,https://web.archive.org/web/20180903020029/http://cwaste.skolbloggen.se:80/svenska/referera/ex-pa-kallhanvisning
raw_http_prefix,20180904055141,http://cwaste.skolbloggen.se:80/svenska/referera,301,text/html,https://web.archive.org/web/20180904055141/http://cwaste.skolbloggen.se:80/svenska/referera
raw_http_prefix,20180917022411,http://cwaste.skolbloggen.se:80/svenska/referera/ex-pa-referatmarkorer,301,text/html,https://web.archive.org/web/20180917022411/http://cwaste.skolbloggen.se:80/svenska/referera/ex-pa-referatmarkorer
raw_http_prefix,20180924012553,http://cwaste.skolbloggen.se:80/presentation/din-presentation,301,text/html,https://web.archive.org/web/20180924012553/http://cwaste.skolbloggen.se:80/presentation/din-presentation
raw_http_prefix,20180927230446,http://cwaste.skolbloggen.se:80/svenska/referera/ova-referatskrivning-nathat-bland-unga,301,text/html,https://web.archive.org/web/20180927230446/http://cwaste.skolbloggen.se:80/svenska/referera/ova-referatskrivning-nathat-bland-unga
raw_http_prefix,20181004024629,http://cwaste.skolbloggen.se:80/studieteknik/uppgift,301,text/html,https://web.archive.org/web/20181004024629/http://cwaste.skolbloggen.se:80/studieteknik/uppgift
raw_http_prefix,20181004033226,http://cwaste.skolbloggen.se:80/svenska/referera/ex-pa-kallhanvisning,301,text/html,https://web.archive.org/web/20181004033226/http://cwaste.skolbloggen.se:80/svenska/referera/ex-pa-kallhanvisning
raw_http_prefix,20181004033351,http://cwaste.skolbloggen.se:80/svenska/referera/fler-exempel,301,text/html,https://web.archive.org/web/20181004033351/http://cwaste.skolbloggen.se:80/svenska/referera/fler-exempel
raw_http_prefix,20181005094320,http://cwaste.skolbloggen.se:80/svenska/referera,301,text/html,https://web.archive.org/web/20181005094320/http://cwaste.skolbloggen.se:80/svenska/referera
raw_http_prefix,20181017115550,http://cwaste.skolbloggen.se:80/svenska/referera/ex-pa-referatmarkorer,301,text/html,https://web.archive.org/web/20181017115550/http://cwaste.skolbloggen.se:80/svenska/referera/ex-pa-referatmarkorer
raw_http_prefix,20181018171724,http://cwaste.skolbloggen.se:80/svenska/referera/ex-pa-referatmarkorer,301,text/html,https://web.archive.org/web/20181018171724/http://cwaste.skolbloggen.se:80/svenska/referera/ex-pa-referatmarkorer
raw_http_prefix,20181026231234,http://cwaste.skolbloggen.se:80/presentation/din-presentation,301,text/html,https://web.archive.org/web/20181026231234/http://cwaste.skolbloggen.se:80/presentation/din-presentation
raw_http_prefix,20181028182654,http://cwaste.skolbloggen.se:80/svenska/referera/ova-referatskrivning-nathat-bland-unga,301,text/html,https://web.archive.org/web/20181028182654/http://cwaste.skolbloggen.se:80/svenska/referera/ova-referatskrivning-nathat-bland-unga
raw_http_prefix,20181104005947,http://cwaste.skolbloggen.se:80/studieteknik/uppgift,301,text/html,https://web.archive.org/web/20181104005947/http://cwaste.skolbloggen.se:80/studieteknik/uppgift
raw_http_prefix,20181104010109,http://cwaste.skolbloggen.se:80/svenska/referera/ex-pa-kallhanvisning,301,text/html,https://web.archive.org/web/20181104010109/http://cwaste.skolbloggen.se:80/svenska/referera/ex-pa-kallhanvisning
raw_http_prefix,20181104010115,http://cwaste.skolbloggen.se:80/svenska/referera/fler-exempel,301,text/html,https://web.archive.org/web/20181104010115/http://cwaste.skolbloggen.se:80/svenska/referera/fler-exempel
raw_http_prefix,20181104010501,http://cwaste.skolbloggen.se/robots.txt,-,warc/revisit,https://web.archive.org/web/20181104010501/http://cwaste.skolbloggen.se/robots.txt
raw_http_prefix,20181104010504,https://cwaste.skolbloggen.se/robots.txt,200,text/plain,https://web.archive.org/web/20181104010504/https://cwaste.skolbloggen.se/robots.txt
raw_http_prefix,20181104010509,http://cwaste.skolbloggen.se/,301,text/html,https://web.archive.org/web/20181104010509/http://cwaste.skolbloggen.se/
raw_http_prefix,20181105184333,http://cwaste.skolbloggen.se:80/svenska/referera,301,text/html,https://web.archive.org/web/20181105184333/http://cwaste.skolbloggen.se:80/svenska/referera
raw_http_prefix,20181119061400,http://cwaste.skolbloggen.se:80/svenska/referera/ex-pa-referatmarkorer,301,text/html,https://web.archive.org/web/20181119061400/http://cwaste.skolbloggen.se:80/svenska/referera/ex-pa-referatmarkorer
raw_http_prefix,20181120030445,https://cwaste.skolbloggen.se/robots.txt,-,warc/revisit,https://web.archive.org/web/20181120030445/https://cwaste.skolbloggen.se/robots.txt
html_200_root,20181120031953,https://cwaste.skolbloggen.se/,200,text/html,https://web.archive.org/web/20181120031953/https://cwaste.skolbloggen.se/
raw_http_prefix,20181120032008,https://cwaste.skolbloggen.se/favicon.ico,-,warc/revisit,https://web.archive.org/web/20181120032008/https://cwaste.skolbloggen.se/favicon.ico
raw_http_prefix,20181120075144,http://cwaste.skolbloggen.se:80/svenska/referera/ex-pa-referatmarkorer,301,text/html,https://web.archive.org/web/20181120075144/http://cwaste.skolbloggen.se:80/svenska/referera/ex-pa-referatmarkorer
raw_http_prefix,20181121063257,http://cwaste.skolbloggen.se/robots.txt,301,text/html,https://web.archive.org/web/20181121063257/http://cwaste.skolbloggen.se/robots.txt
raw_http_prefix,20181121063301,http://cwaste.skolbloggen.se/favicon.ico,301,text/html,https://web.archive.org/web/20181121063301/http://cwaste.skolbloggen.se/favicon.ico
raw_http_prefix,20181127031129,http://cwaste.skolbloggen.se:80/presentation/din-presentation,301,text/html,https://web.archive.org/web/20181127031129/http://cwaste.skolbloggen.se:80/presentation/din-presentation
raw_http_prefix,20181129080133,http://cwaste.skolbloggen.se:80/svenska/referera/ova-referatskrivning-nathat-bland-unga,301,text/html,https://web.archive.org/web/20181129080133/http://cwaste.skolbloggen.se:80/svenska/referera/ova-referatskrivning-nathat-bland-unga
raw_http_prefix,20181205001330,https://cwaste.skolbloggen.se/robots.txt,200,text/plain,https://web.archive.org/web/20181205001330/https://cwaste.skolbloggen.se/robots.txt
raw_http_prefix,20181205001334,https://cwaste.skolbloggen.se/wp-content/themes/carrington-blog.2.0/carrington-blog/carrington-core/lightbox/css/thickbox.css,-,warc/revisit,https://web.archive.org/web/20181205001334/https://cwaste.skolbloggen.se/wp-content/themes/carrington-blog.2.0/carrington-blog/carrington-core/lightbox/css/thickbox.css
raw_http_prefix,20181205010228,https://cwaste.skolbloggen.se/robots.txt,200,text/plain,https://web.archive.org/web/20181205010228/https://cwaste.skolbloggen.se/robots.txt
html_200_root,20181205010233,https://cwaste.skolbloggen.se/2013/08/,200,text/html,https://web.archive.org/web/20181205010233/https://cwaste.skolbloggen.se/2013/08/
raw_http_prefix,20181205010250,https://cwaste.skolbloggen.se/wp-includes/js/jquery/jquery-migrate.min.js?ver=1.4.1,-,warc/revisit,https://web.archive.org/web/20181205010250/https://cwaste.skolbloggen.se/wp-includes/js/jquery/jquery-migrate.min.js?ver=1.4.1
raw_http_prefix,20181205015642,https://cwaste.skolbloggen.se/xmlrpc.php,-,warc/revisit,https://web.archive.org/web/20181205015642/https://cwaste.skolbloggen.se/xmlrpc.php
raw_http_prefix,20181205034808,https://cwaste.skolbloggen.se/wp-content/themes/carrington-blog.2.0/carrington-blog/css/ie.css,-,warc/revisit,https://web.archive.org/web/20181205034808/https://cwaste.skolbloggen.se/wp-content/themes/carrington-blog.2.0/carrington-blog/css/ie.css
raw_http_prefix,20181205075741,http://cwaste.skolbloggen.se/robots.txt,301,text/html,https://web.archive.org/web/20181205075741/http://cwaste.skolbloggen.se/robots.txt
raw_http_prefix,20181205075744,https://cwaste.skolbloggen.se/robots.txt,-,warc/revisit,https://web.archive.org/web/20181205075744/https://cwaste.skolbloggen.se/robots.txt
raw_http_prefix,20181205075749,http://cwaste.skolbloggen.se/files/2010/05/logga_pim.gif,301,text/html,https://web.archive.org/web/20181205075749/http://cwaste.skolbloggen.se/files/2010/05/logga_pim.gif
raw_http_prefix,20181205144905,https://cwaste.skolbloggen.se/robots.txt,-,warc/revisit,https://web.archive.org/web/20181205144905/https://cwaste.skolbloggen.se/robots.txt
raw_http_prefix,20181205144909,https://cwaste.skolbloggen.se/comments/feed/,200,application/rss+xml,https://web.archive.org/web/20181205144909/https://cwaste.skolbloggen.se/comments/feed/
raw_http_prefix,20181205171646,http://cwaste.skolbloggen.se/files/2010/05/logotype-mediekompass.jpg,301,text/html,https://web.archive.org/web/20181205171646/http://cwaste.skolbloggen.se/files/2010/05/logotype-mediekompass.jpg
raw_http_prefix,20181205171651,https://cwaste.skolbloggen.se/wp-content/themes/carrington-blog.2.0/carrington-blog/css/ie6.css,-,warc/revisit,https://web.archive.org/web/20181205171651/https://cwaste.skolbloggen.se/wp-content/themes/carrington-blog.2.0/carrington-blog/css/ie6.css
raw_http_prefix,20181206001327,http://cwaste.skolbloggen.se:80/studieteknik/uppgift,301,text/html,https://web.archive.org/web/20181206001327/http://cwaste.skolbloggen.se:80/studieteknik/uppgift
raw_http_prefix,20181206004344,http://cwaste.skolbloggen.se:80/svenska/referera/ex-pa-kallhanvisning,301,text/html,https://web.archive.org/web/20181206004344/http://cwaste.skolbloggen.se:80/svenska/referera/ex-pa-kallhanvisning
raw_http_prefix,20181206004852,http://cwaste.skolbloggen.se:80/svenska/referera/fler-exempel,301,text/html,https://web.archive.org/web/20181206004852/http://cwaste.skolbloggen.se:80/svenska/referera/fler-exempel
raw_http_prefix,20181206052344,https://cwaste.skolbloggen.se/wp-content/plugins/admin-bar-login/admin-bar-login.css?ver=1.0.1,-,warc/revisit,https://web.archive.org/web/20181206052344/https://cwaste.skolbloggen.se/wp-content/plugins/admin-bar-login/admin-bar-login.css?ver=1.0.1
raw_http_prefix,20181206052443,https://cwaste.skolbloggen.se/robots.txt,-,warc/revisit,https://web.archive.org/web/20181206052443/https://cwaste.skolbloggen.se/robots.txt
raw_http_prefix,20181206052447,https://cwaste.skolbloggen.se/wp-content/themes/carrington-blog.2.0/carrington-blog/css/css.php,-,warc/revisit,https://web.archive.org/web/20181206052447/https://cwaste.skolbloggen.se/wp-content/themes/carrington-blog.2.0/carrington-blog/css/css.php
raw_http_prefix,20181206052452,http://cwaste.skolbloggen.se/robots.txt,301,text/html,https://web.archive.org/web/20181206052452/http://cwaste.skolbloggen.se/robots.txt
raw_http_prefix,20181206052455,https://cwaste.skolbloggen.se/robots.txt,-,warc/revisit,https://web.archive.org/web/20181206052455/https://cwaste.skolbloggen.se/robots.txt
raw_http_prefix,20181206052459,http://cwaste.skolbloggen.se/files/2010/05/logotype.gif,301,text/html,https://web.archive.org/web/20181206052459/http://cwaste.skolbloggen.se/files/2010/05/logotype.gif
raw_http_prefix,20181206061709,https://cwaste.skolbloggen.se/wp-json/oembed/1.0/embed?url=https%3A%2F%2Fcwaste.skolbloggen.se%2F,404,text/html,https://web.archive.org/web/20181206061709/https://cwaste.skolbloggen.se/wp-json/oembed/1.0/embed?url=https%3A%2F%2Fcwaste.skolbloggen.se%2F
raw_http_prefix,20181206133236,http://cwaste.skolbloggen.se:80/svenska/referera,301,text/html,https://web.archive.org/web/20181206133236/http://cwaste.skolbloggen.se:80/svenska/referera
raw_http_prefix,20181206170649,https://cwaste.skolbloggen.se/robots.txt,-,warc/revisit,https://web.archive.org/web/20181206170649/https://cwaste.skolbloggen.se/robots.txt
raw_http_prefix,20181206170653,https://cwaste.skolbloggen.se/wp-json/oembed/1.0/embed?url=https%3A%2F%2Fcwaste.skolbloggen.se%2F&format=xml,404,text/html,https://web.archive.org/web/20181206170653/https://cwaste.skolbloggen.se/wp-json/oembed/1.0/embed?url=https%3A%2F%2Fcwaste.skolbloggen.se%2F&format=xml
raw_http_prefix,20181207015233,https://cwaste.skolbloggen.se/wp-includes/js/admin-bar.min.js?ver=4.9.8,200,application/javascript,https://web.archive.org/web/20181207015233/https://cwaste.skolbloggen.se/wp-includes/js/admin-bar.min.js?ver=4.9.8
raw_http_prefix,20181207023349,http://cwaste.skolbloggen.se/robots.txt,301,text/html,https://web.archive.org/web/20181207023349/http://cwaste.skolbloggen.se/robots.txt
raw_http_prefix,20181207023353,https://cwaste.skolbloggen.se/robots.txt,-,warc/revisit,https://web.archive.org/web/20181207023353/https://cwaste.skolbloggen.se/robots.txt
raw_http_prefix,20181207023358,http://cwaste.skolbloggen.se/files/2010/05/logga_forskning_se.gif,301,text/html,https://web.archive.org/web/20181207023358/http://cwaste.skolbloggen.se/files/2010/05/logga_forskning_se.gif
raw_http_prefix,20181207035505,https://cwaste.skolbloggen.se/wp-json/,404,text/html,https://web.archive.org/web/20181207035505/https://cwaste.skolbloggen.se/wp-json/
raw_http_prefix,20181207074446,https://cwaste.skolbloggen.se/wp-content/themes/carrington-blog.2.0/carrington-blog/css/iepngfix.htc,-,warc/revisit,https://web.archive.org/web/20181207074446/https://cwaste.skolbloggen.se/wp-content/themes/carrington-blog.2.0/carrington-blog/css/iepngfix.htc
raw_http_prefix,20181207153812,https://cwaste.skolbloggen.se/robots.txt,-,warc/revisit,https://web.archive.org/web/20181207153812/https://cwaste.skolbloggen.se/robots.txt
raw_http_prefix,20181207153816,https://cwaste.skolbloggen.se/wp-content/themes/carrington-blog.2.0/carrington-blog/img/rss-button.gif,-,warc/revisit,https://web.archive.org/web/20181207153816/https://cwaste.skolbloggen.se/wp-content/themes/carrington-blog.2.0/carrington-blog/img/rss-button.gif
raw_http_prefix,20181208110619,https://cwaste.skolbloggen.se/robots.txt,-,warc/revisit,https://web.archive.org/web/20181208110619/https://cwaste.skolbloggen.se/robots.txt
raw_http_prefix,20181208110623,https://cwaste.skolbloggen.se/wp-includes/js/jquery/jquery.js?ver=1.12.4,-,warc/revisit,https://web.archive.org/web/20181208110623/https://cwaste.skolbloggen.se/wp-includes/js/jquery/jquery.js?ver=1.12.4
raw_http_prefix,20181208211336,https://cwaste.skolbloggen.se/robots.txt,-,warc/revisit,https://web.archive.org/web/20181208211336/https://cwaste.skolbloggen.se/robots.txt
raw_http_prefix,20181208211340,https://cwaste.skolbloggen.se/wp-includes/css/admin-bar.min.css?ver=4.9.8,200,text/css,https://web.archive.org/web/20181208211340/https://cwaste.skolbloggen.se/wp-includes/css/admin-bar.min.css?ver=4.9.8
raw_http_prefix,20181208223438,https://cwaste.skolbloggen.se/robots.txt,-,warc/revisit,https://web.archive.org/web/20181208223438/https://cwaste.skolbloggen.se/robots.txt
raw_http_prefix,20181208223443,https://cwaste.skolbloggen.se/feed/,200,application/rss+xml,https://web.archive.org/web/20181208223443/https://cwaste.skolbloggen.se/feed/
raw_http_prefix,20181209102600,http://cwaste.skolbloggen.se/robots.txt,301,text/html,https://web.archive.org/web/20181209102600/http://cwaste.skolbloggen.se/robots.txt
raw_http_prefix,20181209102608,https://cwaste.skolbloggen.se/robots.txt,-,warc/revisit,https://web.archive.org/web/20181209102608/https://cwaste.skolbloggen.se/robots.txt
raw_http_prefix,20181209102612,http://cwaste.skolbloggen.se/files/2010/05/logga_multimediabyran.jpg,301,text/html,https://web.archive.org/web/20181209102612/http://cwaste.skolbloggen.se/files/2010/05/logga_multimediabyran.jpg
raw_http_prefix,20181209115303,https://cwaste.skolbloggen.se/wp-content/themes/carrington-blog.2.0/carrington-blog/js/iepngfix_tilebg.js,-,warc/revisit,https://web.archive.org/web/20181209115303/https://cwaste.skolbloggen.se/wp-content/themes/carrington-blog.2.0/carrington-blog/js/iepngfix_tilebg.js
raw_http_prefix,20181209135437,https://cwaste.skolbloggen.se/xmlrpc.php?rsd,200,text/xml,https://web.archive.org/web/20181209135437/https://cwaste.skolbloggen.se/xmlrpc.php?rsd
raw_http_prefix,20181209135451,https://cwaste.skolbloggen.se/wp-includes/wlwmanifest.xml,-,warc/revisit,https://web.archive.org/web/20181209135451/https://cwaste.skolbloggen.se/wp-includes/wlwmanifest.xml
raw_http_prefix,20181210142321,https://cwaste.skolbloggen.se/robots.txt,-,warc/revisit,https://web.archive.org/web/20181210142321/https://cwaste.skolbloggen.se/robots.txt
raw_http_prefix,20181210142325,https://cwaste.skolbloggen.se/wp-content/themes/carrington-blog.2.0/carrington-blog/js/carrington.js?ver=1.0,-,warc/revisit,https://web.archive.org/web/20181210142325/https://cwaste.skolbloggen.se/wp-content/themes/carrington-blog.2.0/carrington-blog/js/carrington.js?ver=1.0
raw_http_prefix,20181210142329,https://cwaste.skolbloggen.se/wp-includes/js/wp-embed.min.js?ver=4.9.8,200,application/javascript,https://web.archive.org/web/20181210142329/https://cwaste.skolbloggen.se/wp-includes/js/wp-embed.min.js?ver=4.9.8
raw_http_prefix,20181211154354,http://cwaste.skolbloggen.se/robots.txt,301,text/html,https://web.archive.org/web/20181211154354/http://cwaste.skolbloggen.se/robots.txt
raw_http_prefix,20181211154357,https://cwaste.skolbloggen.se/robots.txt,-,warc/revisit,https://web.archive.org/web/20181211154357/https://cwaste.skolbloggen.se/robots.txt
raw_http_prefix,20181211154401,http://cwaste.skolbloggen.se/files/2010/05/lankskafferiet_logga.gif,301,text/html,https://web.archive.org/web/20181211154401/http://cwaste.skolbloggen.se/files/2010/05/lankskafferiet_logga.gif
raw_http_prefix,20181212024815,https://cwaste.skolbloggen.se/robots.txt,200,text/plain,https://web.archive.org/web/20181212024815/https://cwaste.skolbloggen.se/robots.txt
raw_http_prefix,20181212024819,https://cwaste.skolbloggen.se/wp-includes/css/dashicons.min.css?ver=4.9.8,200,text/css,https://web.archive.org/web/20181212024819/https://cwaste.skolbloggen.se/wp-includes/css/dashicons.min.css?ver=4.9.8
raw_http_prefix,20181212190059,https://cwaste.skolbloggen.se/wp-content/themes/carrington-blog.2.0/carrington-blog/carrington-core/lightbox/thickbox.js?ver=1.0,-,warc/revisit,https://web.archive.org/web/20181212190059/https://cwaste.skolbloggen.se/wp-content/themes/carrington-blog.2.0/carrington-blog/carrington-core/lightbox/thickbox.js?ver=1.0
raw_http_prefix,20181214070208,http://cwaste.skolbloggen.se/robots.txt,301,text/html,https://web.archive.org/web/20181214070208/http://cwaste.skolbloggen.se/robots.txt
raw_http_prefix,20181214070212,https://cwaste.skolbloggen.se/robots.txt,-,warc/revisit,https://web.archive.org/web/20181214070212/https://cwaste.skolbloggen.se/robots.txt
raw_http_prefix,20181214070216,http://cwaste.skolbloggen.se/files/2010/05/logo-jamendo.jpg,301,text/html,https://web.archive.org/web/20181214070216/http://cwaste.skolbloggen.se/files/2010/05/logo-jamendo.jpg
raw_http_prefix,20181222022301,http://cwaste.skolbloggen.se:80/svenska/referera/ex-pa-referatmarkorer,301,text/html,https://web.archive.org/web/20181222022301/http://cwaste.skolbloggen.se:80/svenska/referera/ex-pa-referatmarkorer
raw_http_prefix,20181225093753,https://cwaste.skolbloggen.se/robots.txt,-,warc/revisit,https://web.archive.org/web/20181225093753/https://cwaste.skolbloggen.se/robots.txt
raw_http_prefix,20181225093758,https://cwaste.skolbloggen.se/wp-content/themes/carrington-blog.2.0/carrington-blog/img/dropdown-divider.gif,-,warc/revisit,https://web.archive.org/web/20181225093758/https://cwaste.skolbloggen.se/wp-content/themes/carrington-blog.2.0/carrington-blog/img/dropdown-divider.gif
raw_http_prefix,20181225123233,https://cwaste.skolbloggen.se/wp-content/themes/carrington-blog.2.0/carrington-blog/img/header/gradient-dark.png,-,warc/revisit,https://web.archive.org/web/20181225123233/https://cwaste.skolbloggen.se/wp-content/themes/carrington-blog.2.0/carrington-blog/img/header/gradient-dark.png
raw_http_prefix,20181226211557,https://cwaste.skolbloggen.se/robots.txt,-,warc/revisit,https://web.archive.org/web/20181226211557/https://cwaste.skolbloggen.se/robots.txt
raw_http_prefix,20181226211602,https://cwaste.skolbloggen.se/wp-content/themes/carrington-blog.2.0/carrington-blog/img/ie/by-crowd-favorite.gif,-,warc/revisit,https://web.archive.org/web/20181226211602/https://cwaste.skolbloggen.se/wp-content/themes/carrington-blog.2.0/carrington-blog/img/ie/by-crowd-favorite.gif
raw_http_prefix,20181227025058,https://cwaste.skolbloggen.se/robots.txt,-,warc/revisit,https://web.archive.org/web/20181227025058/https://cwaste.skolbloggen.se/robots.txt
raw_http_prefix,20181227025103,https://cwaste.skolbloggen.se/wp-content/themes/carrington-blog.2.0/carrington-blog/img/lightbox/prevlabel.gif,-,warc/revisit,https://web.archive.org/web/20181227025103/https://cwaste.skolbloggen.se/wp-content/themes/carrington-blog.2.0/carrington-blog/img/lightbox/prevlabel.gif
raw_http_prefix,20181227025108,https://cwaste.skolbloggen.se/wp-content/themes/carrington-blog.2.0/carrington-blog/img/footer/gradient-dark.png,-,warc/revisit,https://web.archive.org/web/20181227025108/https://cwaste.skolbloggen.se/wp-content/themes/carrington-blog.2.0/carrington-blog/img/footer/gradient-dark.png
raw_http_prefix,20181227111055,https://cwaste.skolbloggen.se/robots.txt,-,warc/revisit,https://web.archive.org/web/20181227111055/https://cwaste.skolbloggen.se/robots.txt
raw_http_prefix,20181227111059,https://cwaste.skolbloggen.se/wp-includes/fonts/dashicons.svg,-,warc/revisit,https://web.archive.org/web/20181227111059/https://cwaste.skolbloggen.se/wp-includes/fonts/dashicons.svg
raw_http_prefix,20181228014034,https://cwaste.skolbloggen.se/robots.txt,-,warc/revisit,https://web.archive.org/web/20181228014034/https://cwaste.skolbloggen.se/robots.txt
raw_http_prefix,20181228014039,https://cwaste.skolbloggen.se/wp-content/themes/carrington-blog.2.0/carrington-blog/img/sidebar-background.gif,-,warc/revisit,https://web.archive.org/web/20181228014039/https://cwaste.skolbloggen.se/wp-content/themes/carrington-blog.2.0/carrington-blog/img/sidebar-background.gif
raw_http_prefix,20181228045139,https://cwaste.skolbloggen.se/wp-content/themes/carrington-blog.2.0/carrington-blog/img/comment.gif,-,warc/revisit,https://web.archive.org/web/20181228045139/https://cwaste.skolbloggen.se/wp-content/themes/carrington-blog.2.0/carrington-blog/img/comment.gif
raw_http_prefix,20181228081205,http://cwaste.skolbloggen.se:80/presentation/din-presentation,301,text/html,https://web.archive.org/web/20181228081205/http://cwaste.skolbloggen.se:80/presentation/din-presentation
raw_http_prefix,20181229035602,https://cwaste.skolbloggen.se/robots.txt,-,warc/revisit,https://web.archive.org/web/20181229035602/https://cwaste.skolbloggen.se/robots.txt
raw_http_prefix,20181229035606,https://cwaste.skolbloggen.se/files/2010/05/logotype.gif,200,image/gif,https://web.archive.org/web/20181229035606/https://cwaste.skolbloggen.se/files/2010/05/logotype.gif
raw_http_prefix,20181229035610,https://cwaste.skolbloggen.se/wp-content/themes/carrington-blog.2.0/carrington-blog/img/header/texture-dark.png,-,warc/revisit,https://web.archive.org/web/20181229035610/https://cwaste.skolbloggen.se/wp-content/themes/carrington-blog.2.0/carrington-blog/img/header/texture-dark.png
raw_http_prefix,20181230122512,http://cwaste.skolbloggen.se:80/svenska/referera/ova-referatskrivning-nathat-bland-unga,301,text/html,https://web.archive.org/web/20181230122512/http://cwaste.skolbloggen.se:80/svenska/referera/ova-referatskrivning-nathat-bland-unga
raw_http_prefix,20181231070739,https://cwaste.skolbloggen.se/robots.txt,-,warc/revisit,https://web.archive.org/web/20181231070739/https://cwaste.skolbloggen.se/robots.txt
raw_http_prefix,20181231070743,https://cwaste.skolbloggen.se/files/2010/05/logo-jamendo.jpg,200,image/jpeg,https://web.archive.org/web/20181231070743/https://cwaste.skolbloggen.se/files/2010/05/logo-jamendo.jpg
raw_http_prefix,20190101101735,https://cwaste.skolbloggen.se/robots.txt,-,warc/revisit,https://web.archive.org/web/20190101101735/https://cwaste.skolbloggen.se/robots.txt
raw_http_prefix,20190101101739,https://cwaste.skolbloggen.se/wp-content/themes/carrington-blog.2.0/carrington-blog/img/comments-divider.gif,-,warc/revisit,https://web.archive.org/web/20190101101739/https://cwaste.skolbloggen.se/wp-content/themes/carrington-blog.2.0/carrington-blog/img/comments-divider.gif
raw_http_prefix,20190101131927,https://cwaste.skolbloggen.se/robots.txt,-,warc/revisit,https://web.archive.org/web/20190101131927/https://cwaste.skolbloggen.se/robots.txt
raw_http_prefix,20190101131931,https://cwaste.skolbloggen.se/wp-content/themes/carrington-blog.2.0/carrington-blog/img/footer/divider-ornament-wide-light.png,-,warc/revisit,https://web.archive.org/web/20190101131931/https://cwaste.skolbloggen.se/wp-content/themes/carrington-blog.2.0/carrington-blog/img/footer/divider-ornament-wide-light.png
raw_http_prefix,20190102033311,https://cwaste.skolbloggen.se/robots.txt,-,warc/revisit,https://web.archive.org/web/20190102033311/https://cwaste.skolbloggen.se/robots.txt
raw_http_prefix,20190102033315,https://cwaste.skolbloggen.se/wp-content/themes/carrington-blog.2.0/carrington-blog/img/attachment/150px-flourish-right-dark.png,-,warc/revisit,https://web.archive.org/web/20190102033315/https://cwaste.skolbloggen.se/wp-content/themes/carrington-blog.2.0/carrington-blog/img/attachment/150px-flourish-right-dark.png
raw_http_prefix,20190102184354,https://cwaste.skolbloggen.se/robots.txt,-,warc/revisit,https://web.archive.org/web/20190102184354/https://cwaste.skolbloggen.se/robots.txt
raw_http_prefix,20190102184359,https://cwaste.skolbloggen.se/files/2010/05/logga_forskning_se.gif,200,image/gif,https://web.archive.org/web/20190102184359/https://cwaste.skolbloggen.se/files/2010/05/logga_forskning_se.gif
raw_http_prefix,20190102221954,https://cwaste.skolbloggen.se/robots.txt,-,warc/revisit,https://web.archive.org/web/20190102221954/https://cwaste.skolbloggen.se/robots.txt
raw_http_prefix,20190102222000,https://cwaste.skolbloggen.se/wp-content/themes/carrington-blog.2.0/carrington-blog/img/footer/by-crowd-favorite-light.png,-,warc/revisit,https://web.archive.org/web/20190102222000/https://cwaste.skolbloggen.se/wp-content/themes/carrington-blog.2.0/carrington-blog/img/footer/by-crowd-favorite-light.png
raw_http_prefix,20190103000553,https://cwaste.skolbloggen.se/wp-content/themes/carrington-blog.2.0/carrington-blog/img/comment-thread.gif,-,warc/revisit,https://web.archive.org/web/20190103000553/https://cwaste.skolbloggen.se/wp-content/themes/carrington-blog.2.0/carrington-blog/img/comment-thread.gif
raw_http_prefix,20190103012218,https://cwaste.skolbloggen.se/files/2010/05/logga_multimediabyran.jpg,200,image/jpeg,https://web.archive.org/web/20190103012218/https://cwaste.skolbloggen.se/files/2010/05/logga_multimediabyran.jpg
raw_http_prefix,20190103014238,https://cwaste.skolbloggen.se/wp-content/themes/carrington-blog.2.0/carrington-blog/img/sub-header-border-bottom.gif,-,warc/revisit,https://web.archive.org/web/20190103014238/https://cwaste.skolbloggen.se/wp-content/themes/carrington-blog.2.0/carrington-blog/img/sub-header-border-bottom.gif
raw_http_prefix,20190103014720,https://cwaste.skolbloggen.se/wp-content/themes/carrington-blog.2.0/carrington-blog/img/watermark-light.gif,-,warc/revisit,https://web.archive.org/web/20190103014720/https://cwaste.skolbloggen.se/wp-content/themes/carrington-blog.2.0/carrington-blog/img/watermark-light.gif
raw_http_prefix,20190103051916,https://cwaste.skolbloggen.se/robots.txt,-,warc/revisit,https://web.archive.org/web/20190103051916/https://cwaste.skolbloggen.se/robots.txt
raw_http_prefix,20190103051921,https://cwaste.skolbloggen.se/wp-content/themes/carrington-blog.2.0/carrington-blog/img/divider-ornament.gif,-,warc/revisit,https://web.archive.org/web/20190103051921/https://cwaste.skolbloggen.se/wp-content/themes/carrington-blog.2.0/carrington-blog/img/divider-ornament.gif
raw_http_prefix,20190103061843,https://cwaste.skolbloggen.se/wp-content/themes/carrington-blog.2.0/carrington-blog/img/divider-ornament-wide-dark.png,-,warc/revisit,https://web.archive.org/web/20190103061843/https://cwaste.skolbloggen.se/wp-content/themes/carrington-blog.2.0/carrington-blog/img/divider-ornament-wide-dark.png
raw_http_prefix,20190103082525,https://cwaste.skolbloggen.se/robots.txt,-,warc/revisit,https://web.archive.org/web/20190103082525/https://cwaste.skolbloggen.se/robots.txt
raw_http_prefix,20190103082531,https://cwaste.skolbloggen.se/files/2010/05/lankskafferiet_logga.gif,200,image/gif,https://web.archive.org/web/20190103082531/https://cwaste.skolbloggen.se/files/2010/05/lankskafferiet_logga.gif
raw_http_prefix,20190103091559,https://cwaste.skolbloggen.se/robots.txt,-,warc/revisit,https://web.archive.org/web/20190103091559/https://cwaste.skolbloggen.se/robots.txt
raw_http_prefix,20190103091604,https://cwaste.skolbloggen.se/wp-includes/fonts/dashicons.eot,-,warc/revisit,https://web.archive.org/web/20190103091604/https://cwaste.skolbloggen.se/wp-includes/fonts/dashicons.eot
raw_http_prefix,20190103104317,https://cwaste.skolbloggen.se/wp-includes/fonts/dashicons.ttf,200,unk,https://web.archive.org/web/20190103104317/https://cwaste.skolbloggen.se/wp-includes/fonts/dashicons.ttf
raw_http_prefix,20190104111714,https://cwaste.skolbloggen.se/robots.txt,-,warc/revisit,https://web.archive.org/web/20190104111714/https://cwaste.skolbloggen.se/robots.txt
raw_http_prefix,20190104111718,https://cwaste.skolbloggen.se/wp-content/themes/carrington-blog.2.0/carrington-blog/img/grey-to-white-gradient.png,-,warc/revisit,https://web.archive.org/web/20190104111718/https://cwaste.skolbloggen.se/wp-content/themes/carrington-blog.2.0/carrington-blog/img/grey-to-white-gradient.png
raw_http_prefix,20190105114346,https://cwaste.skolbloggen.se/robots.txt,-,warc/revisit,https://web.archive.org/web/20190105114346/https://cwaste.skolbloggen.se/robots.txt
raw_http_prefix,20190105114350,https://cwaste.skolbloggen.se/wp-content/themes/carrington-blog.2.0/carrington-blog/img/lightbox/nextlabel.gif,-,warc/revisit,https://web.archive.org/web/20190105114350/https://cwaste.skolbloggen.se/wp-content/themes/carrington-blog.2.0/carrington-blog/img/lightbox/nextlabel.gif
raw_http_prefix,20190105195825,https://cwaste.skolbloggen.se/files/2010/05/logga_pim.gif,200,image/gif,https://web.archive.org/web/20190105195825/https://cwaste.skolbloggen.se/files/2010/05/logga_pim.gif
raw_http_prefix,20190105235221,http://cwaste.skolbloggen.se:80/svenska/referera/ex-pa-kallhanvisning,301,text/html,https://web.archive.org/web/20190105235221/http://cwaste.skolbloggen.se:80/svenska/referera/ex-pa-kallhanvisning
raw_http_prefix,20190106001613,http://cwaste.skolbloggen.se:80/svenska/referera/fler-exempel,301,text/html,https://web.archive.org/web/20190106001613/http://cwaste.skolbloggen.se:80/svenska/referera/fler-exempel
raw_http_prefix,20190106001729,http://cwaste.skolbloggen.se:80/studieteknik/uppgift,301,text/html,https://web.archive.org/web/20190106001729/http://cwaste.skolbloggen.se:80/studieteknik/uppgift
raw_http_prefix,20190106004317,https://cwaste.skolbloggen.se/robots.txt,-,warc/revisit,https://web.archive.org/web/20190106004317/https://cwaste.skolbloggen.se/robots.txt
raw_http_prefix,20190106004322,https://cwaste.skolbloggen.se/wp-content/themes/carrington-blog.2.0/carrington-blog/img/header/texture-light.png,-,warc/revisit,https://web.archive.org/web/20190106004322/https://cwaste.skolbloggen.se/wp-content/themes/carrington-blog.2.0/carrington-blog/img/header/texture-light.png
raw_http_prefix,20190106030741,https://cwaste.skolbloggen.se/wp-content/themes/carrington-blog.2.0/carrington-blog/carrington-core/lightbox/img/blank.gif,-,warc/revisit,https://web.archive.org/web/20190106030741/https://cwaste.skolbloggen.se/wp-content/themes/carrington-blog.2.0/carrington-blog/carrington-core/lightbox/img/blank.gif
raw_http_prefix,20190106140228,http://cwaste.skolbloggen.se:80/svenska/referera,301,text/html,https://web.archive.org/web/20190106140228/http://cwaste.skolbloggen.se:80/svenska/referera
raw_http_prefix,20190107040559,https://cwaste.skolbloggen.se/robots.txt,-,warc/revisit,https://web.archive.org/web/20190107040559/https://cwaste.skolbloggen.se/robots.txt
raw_http_prefix,20190107040604,https://cwaste.skolbloggen.se/wp-content/themes/carrington-blog.2.0/carrington-blog/carrington-core/lightbox/img/macFFBgHack.png,-,warc/revisit,https://web.archive.org/web/20190107040604/https://cwaste.skolbloggen.se/wp-content/themes/carrington-blog.2.0/carrington-blog/carrington-core/lightbox/img/macFFBgHack.png
raw_http_prefix,20190107060349,https://cwaste.skolbloggen.se/robots.txt,-,warc/revisit,https://web.archive.org/web/20190107060349/https://cwaste.skolbloggen.se/robots.txt
raw_http_prefix,20190107060353,https://cwaste.skolbloggen.se/files/2010/05/logotype-mediekompass.jpg,200,image/jpeg,https://web.archive.org/web/20190107060353/https://cwaste.skolbloggen.se/files/2010/05/logotype-mediekompass.jpg
raw_http_prefix,20190109014524,https://cwaste.skolbloggen.se/robots.txt,-,warc/revisit,https://web.archive.org/web/20190109014524/https://cwaste.skolbloggen.se/robots.txt
raw_http_prefix,20190109014529,https://cwaste.skolbloggen.se/wp-content/themes/carrington-blog.2.0/carrington-blog/img/arrow-bullet.gif,-,warc/revisit,https://web.archive.org/web/20190109014529/https://cwaste.skolbloggen.se/wp-content/themes/carrington-blog.2.0/carrington-blog/img/arrow-bullet.gif
raw_http_prefix,20190109141451,https://cwaste.skolbloggen.se/robots.txt,-,warc/revisit,https://web.archive.org/web/20190109141451/https://cwaste.skolbloggen.se/robots.txt
raw_http_prefix,20190109141455,https://cwaste.skolbloggen.se/wp-content/themes/carrington-blog.2.0/carrington-blog/img/spinner.gif,-,warc/revisit,https://web.archive.org/web/20190109141455/https://cwaste.skolbloggen.se/wp-content/themes/carrington-blog.2.0/carrington-blog/img/spinner.gif
raw_http_prefix,20190109210158,https://cwaste.skolbloggen.se/wp-content/themes/carrington-blog.2.0/carrington-blog/img/attachment/150px-flourish-left-dark.png,-,warc/revisit,https://web.archive.org/web/20190109210158/https://cwaste.skolbloggen.se/wp-content/themes/carrington-blog.2.0/carrington-blog/img/attachment/150px-flourish-left-dark.png
raw_http_prefix,20190122010616,http://cwaste.skolbloggen.se:80/svenska/referera/ex-pa-referatmarkorer,301,text/html,https://web.archive.org/web/20190122010616/http://cwaste.skolbloggen.se:80/svenska/referera/ex-pa-referatmarkorer
raw_http_prefix,20190127164712,http://cwaste.skolbloggen.se/robots.txt,301,text/html,https://web.archive.org/web/20190127164712/http://cwaste.skolbloggen.se/robots.txt
html_200_root,20190127164713,https://cwaste.skolbloggen.se/robots.txt,200,text/html,https://web.archive.org/web/20190127164713/https://cwaste.skolbloggen.se/robots.txt
raw_http_prefix,20190128212639,http://cwaste.skolbloggen.se:80/presentation/din-presentation,301,text/html,https://web.archive.org/web/20190128212639/http://cwaste.skolbloggen.se:80/presentation/din-presentation
raw_http_prefix,20190130124047,http://cwaste.skolbloggen.se:80/svenska/referera/ova-referatskrivning-nathat-bland-unga,301,text/html,https://web.archive.org/web/20190130124047/http://cwaste.skolbloggen.se:80/svenska/referera/ova-referatskrivning-nathat-bland-unga
raw_http_prefix,20190206031706,http://cwaste.skolbloggen.se:80/studieteknik/uppgift,301,text/html,https://web.archive.org/web/20190206031706/http://cwaste.skolbloggen.se:80/studieteknik/uppgift
raw_http_prefix,20190206040955,http://cwaste.skolbloggen.se:80/svenska/referera/ex-pa-kallhanvisning,301,text/html,https://web.archive.org/web/20190206040955/http://cwaste.skolbloggen.se:80/svenska/referera/ex-pa-kallhanvisning
raw_http_prefix,20190206041719,http://cwaste.skolbloggen.se:80/svenska/referera/fler-exempel,301,text/html,https://web.archive.org/web/20190206041719/http://cwaste.skolbloggen.se:80/svenska/referera/fler-exempel
raw_http_prefix,20190206135102,http://cwaste.skolbloggen.se:80/svenska/referera,301,text/html,https://web.archive.org/web/20190206135102/http://cwaste.skolbloggen.se:80/svenska/referera
raw_http_prefix,20190221194720,http://cwaste.skolbloggen.se:80/svenska/referera/ex-pa-referatmarkorer,301,text/html,https://web.archive.org/web/20190221194720/http://cwaste.skolbloggen.se:80/svenska/referera/ex-pa-referatmarkorer
raw_http_prefix,20190228161121,http://cwaste.skolbloggen.se:80/presentation/din-presentation,301,text/html,https://web.archive.org/web/20190228161121/http://cwaste.skolbloggen.se:80/presentation/din-presentation
raw_http_prefix,20190302173406,http://cwaste.skolbloggen.se:80/svenska/referera/ova-referatskrivning-nathat-bland-unga,301,text/html,https://web.archive.org/web/20190302173406/http://cwaste.skolbloggen.se:80/svenska/referera/ova-referatskrivning-nathat-bland-unga
raw_http_prefix,20190309095312,http://cwaste.skolbloggen.se:80/svenska/referera/ex-pa-kallhanvisning,301,text/html,https://web.archive.org/web/20190309095312/http://cwaste.skolbloggen.se:80/svenska/referera/ex-pa-kallhanvisning
raw_http_prefix,20190309100723,http://cwaste.skolbloggen.se:80/svenska/referera,301,text/html,https://web.archive.org/web/20190309100723/http://cwaste.skolbloggen.se:80/svenska/referera
raw_http_prefix,20190309102214,http://cwaste.skolbloggen.se:80/svenska/referera/fler-exempel,301,text/html,https://web.archive.org/web/20190309102214/http://cwaste.skolbloggen.se:80/svenska/referera/fler-exempel
raw_http_prefix,20190309105330,http://cwaste.skolbloggen.se:80/studieteknik/uppgift,301,text/html,https://web.archive.org/web/20190309105330/http://cwaste.skolbloggen.se:80/studieteknik/uppgift
raw_http_prefix,20190324163409,http://cwaste.skolbloggen.se:80/svenska/referera/ex-pa-referatmarkorer,301,text/html,https://web.archive.org/web/20190324163409/http://cwaste.skolbloggen.se:80/svenska/referera/ex-pa-referatmarkorer
raw_http_prefix,20190331135445,http://cwaste.skolbloggen.se:80/presentation/din-presentation,301,text/html,https://web.archive.org/web/20190331135445/http://cwaste.skolbloggen.se:80/presentation/din-presentation
raw_http_prefix,20190402183306,http://cwaste.skolbloggen.se:80/svenska/referera/ova-referatskrivning-nathat-bland-unga,301,text/html,https://web.archive.org/web/20190402183306/http://cwaste.skolbloggen.se:80/svenska/referera/ova-referatskrivning-nathat-bland-unga
raw_http_prefix,20190408204757,http://cwaste.skolbloggen.se:80/svenska/referera/ex-pa-kallhanvisning,301,text/html,https://web.archive.org/web/20190408204757/http://cwaste.skolbloggen.se:80/svenska/referera/ex-pa-kallhanvisning
raw_http_prefix,20190409175620,http://cwaste.skolbloggen.se:80/svenska/referera,301,text/html,https://web.archive.org/web/20190409175620/http://cwaste.skolbloggen.se:80/svenska/referera
raw_http_prefix,20190409175912,http://cwaste.skolbloggen.se:80/svenska/referera/fler-exempel,301,text/html,https://web.archive.org/web/20190409175912/http://cwaste.skolbloggen.se:80/svenska/referera/fler-exempel
raw_http_prefix,20190409181354,http://cwaste.skolbloggen.se:80/studieteknik/uppgift,301,text/html,https://web.archive.org/web/20190409181354/http://cwaste.skolbloggen.se:80/studieteknik/uppgift
raw_http_prefix,20190424111046,http://cwaste.skolbloggen.se:80/svenska/referera/ex-pa-referatmarkorer,301,text/html,https://web.archive.org/web/20190424111046/http://cwaste.skolbloggen.se:80/svenska/referera/ex-pa-referatmarkorer
raw_http_prefix,20190501104039,http://cwaste.skolbloggen.se:80/presentation/din-presentation,301,text/html,https://web.archive.org/web/20190501104039/http://cwaste.skolbloggen.se:80/presentation/din-presentation
raw_http_prefix,20190503164605,http://cwaste.skolbloggen.se:80/svenska/referera/ova-referatskrivning-nathat-bland-unga,301,text/html,https://web.archive.org/web/20190503164605/http://cwaste.skolbloggen.se:80/svenska/referera/ova-referatskrivning-nathat-bland-unga
raw_http_prefix,20190509123334,http://cwaste.skolbloggen.se:80/svenska/referera/ex-pa-kallhanvisning,301,text/html,https://web.archive.org/web/20190509123334/http://cwaste.skolbloggen.se:80/svenska/referera/ex-pa-kallhanvisning
raw_http_prefix,20190510222949,http://cwaste.skolbloggen.se:80/svenska/referera,301,text/html,https://web.archive.org/web/20190510222949/http://cwaste.skolbloggen.se:80/svenska/referera
raw_http_prefix,20190510230118,http://cwaste.skolbloggen.se:80/svenska/referera/fler-exempel,301,text/html,https://web.archive.org/web/20190510230118/http://cwaste.skolbloggen.se:80/svenska/referera/fler-exempel
raw_http_prefix,20190510230219,http://cwaste.skolbloggen.se:80/studieteknik/uppgift,301,text/html,https://web.archive.org/web/20190510230219/http://cwaste.skolbloggen.se:80/studieteknik/uppgift
raw_http_prefix,20190525180235,http://cwaste.skolbloggen.se:80/svenska/referera/ex-pa-referatmarkorer,301,text/html,https://web.archive.org/web/20190525180235/http://cwaste.skolbloggen.se:80/svenska/referera/ex-pa-referatmarkorer
raw_http_prefix,20190601215543,http://cwaste.skolbloggen.se:80/presentation/din-presentation,301,text/html,https://web.archive.org/web/20190601215543/http://cwaste.skolbloggen.se:80/presentation/din-presentation
raw_http_prefix,20190604071940,http://cwaste.skolbloggen.se:80/svenska/referera/ova-referatskrivning-nathat-bland-unga,301,text/html,https://web.archive.org/web/20190604071940/http://cwaste.skolbloggen.se:80/svenska/referera/ova-referatskrivning-nathat-bland-unga
raw_http_prefix,20190609073204,http://cwaste.skolbloggen.se:80/svenska/referera/ex-pa-kallhanvisning,301,text/html,https://web.archive.org/web/20190609073204/http://cwaste.skolbloggen.se:80/svenska/referera/ex-pa-kallhanvisning
raw_http_prefix,20190611051503,http://cwaste.skolbloggen.se:80/svenska/referera/fler-exempel,301,text/html,https://web.archive.org/web/20190611051503/http://cwaste.skolbloggen.se:80/svenska/referera/fler-exempel
raw_http_prefix,20190611052235,http://cwaste.skolbloggen.se:80/studieteknik/uppgift,301,text/html,https://web.archive.org/web/20190611052235/http://cwaste.skolbloggen.se:80/studieteknik/uppgift
raw_http_prefix,20190611052357,http://cwaste.skolbloggen.se:80/svenska/referera,301,text/html,https://web.archive.org/web/20190611052357/http://cwaste.skolbloggen.se:80/svenska/referera
raw_http_prefix,20190625103832,http://cwaste.skolbloggen.se:80/svenska/referera/ex-pa-referatmarkorer,301,text/html,https://web.archive.org/web/20190625103832/http://cwaste.skolbloggen.se:80/svenska/referera/ex-pa-referatmarkorer
raw_http_prefix,20190704103804,http://cwaste.skolbloggen.se:80/presentation/din-presentation,301,text/html,https://web.archive.org/web/20190704103804/http://cwaste.skolbloggen.se:80/presentation/din-presentation
raw_http_prefix,20190705015247,http://cwaste.skolbloggen.se:80/svenska/referera/ova-referatskrivning-nathat-bland-unga,301,text/html,https://web.archive.org/web/20190705015247/http://cwaste.skolbloggen.se:80/svenska/referera/ova-referatskrivning-nathat-bland-unga
html_200_root,20190721170215,https://cwaste.skolbloggen.se/,200,text/html,https://web.archive.org/web/20190721170215/https://cwaste.skolbloggen.se/
raw_http_prefix,20190722052530,http://cwaste.skolbloggen.se:80/svenska/referera/fler-exempel,301,text/html,https://web.archive.org/web/20190722052530/http://cwaste.skolbloggen.se:80/svenska/referera/fler-exempel
raw_http_prefix,20190722064820,http://cwaste.skolbloggen.se:80/studieteknik/uppgift,301,text/html,https://web.archive.org/web/20190722064820/http://cwaste.skolbloggen.se:80/studieteknik/uppgift
raw_http_prefix,20190722065006,http://cwaste.skolbloggen.se:80/svenska/referera,301,text/html,https://web.archive.org/web/20190722065006/http://cwaste.skolbloggen.se:80/svenska/referera
raw_http_prefix,20190722071349,http://cwaste.skolbloggen.se:80/svenska/referera/ex-pa-kallhanvisning,301,text/html,https://web.archive.org/web/20190722071349/http://cwaste.skolbloggen.se:80/svenska/referera/ex-pa-kallhanvisning
raw_http_prefix,20190723085439,http://cwaste.skolbloggen.se:80/svenska/referera/ex-pa-kallhanvisning,301,text/html,https://web.archive.org/web/20190723085439/http://cwaste.skolbloggen.se:80/svenska/referera/ex-pa-kallhanvisning
raw_http_prefix,20190723115141,http://cwaste.skolbloggen.se:80/studieteknik/uppgift,301,text/html,https://web.archive.org/web/20190723115141/http://cwaste.skolbloggen.se:80/studieteknik/uppgift
raw_http_prefix,20190723133039,http://cwaste.skolbloggen.se:80/svenska/referera,301,text/html,https://web.archive.org/web/20190723133039/http://cwaste.skolbloggen.se:80/svenska/referera
raw_http_prefix,20190726190601,http://cwaste.skolbloggen.se:80/svenska/referera/ex-pa-referatmarkorer,301,text/html,https://web.archive.org/web/20190726190601/http://cwaste.skolbloggen.se:80/svenska/referera/ex-pa-referatmarkorer
raw_http_prefix,20190805123627,http://cwaste.skolbloggen.se:80/presentation/din-presentation,301,text/html,https://web.archive.org/web/20190805123627/http://cwaste.skolbloggen.se:80/presentation/din-presentation
raw_http_prefix,20190805123702,http://cwaste.skolbloggen.se:80/svenska/referera/ova-referatskrivning-nathat-bland-unga,301,text/html,https://web.archive.org/web/20190805123702/http://cwaste.skolbloggen.se:80/svenska/referera/ova-referatskrivning-nathat-bland-unga
raw_http_prefix,20190806172305,http://cwaste.skolbloggen.se:80/presentation/din-presentation,301,text/html,https://web.archive.org/web/20190806172305/http://cwaste.skolbloggen.se:80/presentation/din-presentation
raw_http_prefix,20190806190635,http://cwaste.skolbloggen.se:80/svenska/referera/ova-referatskrivning-nathat-bland-unga,301,text/html,https://web.archive.org/web/20190806190635/http://cwaste.skolbloggen.se:80/svenska/referera/ova-referatskrivning-nathat-bland-unga
raw_http_prefix,20190821233949,http://cwaste.skolbloggen.se:80/svenska/referera/fler-exempel,301,text/html,https://web.archive.org/web/20190821233949/http://cwaste.skolbloggen.se:80/svenska/referera/fler-exempel
html_200_root,20190822221227,https://cwaste.skolbloggen.se/,200,text/html,https://web.archive.org/web/20190822221227/https://cwaste.skolbloggen.se/
raw_http_prefix,20190823092943,http://cwaste.skolbloggen.se:80/svenska/referera/ex-pa-kallhanvisning,301,text/html,https://web.archive.org/web/20190823092943/http://cwaste.skolbloggen.se:80/svenska/referera/ex-pa-kallhanvisning
raw_http_prefix,20190823093210,http://cwaste.skolbloggen.se:80/svenska/referera,301,text/html,https://web.archive.org/web/20190823093210/http://cwaste.skolbloggen.se:80/svenska/referera
raw_http_prefix,20190823103348,http://cwaste.skolbloggen.se:80/studieteknik/uppgift,301,text/html,https://web.archive.org/web/20190823103348/http://cwaste.skolbloggen.se:80/studieteknik/uppgift
raw_http_prefix,20190826201836,http://cwaste.skolbloggen.se:80/svenska/referera/ex-pa-referatmarkorer,301,text/html,https://web.archive.org/web/20190826201836/http://cwaste.skolbloggen.se:80/svenska/referera/ex-pa-referatmarkorer
