normalized_url,kind,first_timestamp,last_timestamp,capture_count,best_timestamp,best_original,best_statuscode,best_mimetype,best_wayback_url
http://cwaste.skolbloggen.se/,homepage,20100225154500,20181104010509,26,20180321020140,http://cwaste.skolbloggen.se:80/,200,text/html,https://web.archive.org/web/20180321020140/http://cwaste.skolbloggen.se:80/
http://cwaste.skolbloggen.se/2010/01/,other,20100227062135,20100227062135,1,20100227062135,http://cwaste.skolbloggen.se:80/2010/01/,200,text/html,https://web.archive.org/web/20100227062135/http://cwaste.skolbloggen.se:80/2010/01/
http://cwaste.skolbloggen.se/2010/01/05/valkommen-till-sv-b/,post_like,20100227040927,20100227040927,1,20100227040927,http://cwaste.skolbloggen.se:80/2010/01/05/valkommen-till-sv-b/,200,text/html,https://web.archive.org/web/20100227040927/http://cwaste.skolbloggen.se:80/2010/01/05/valkommen-till-sv-b/
http://cwaste.skolbloggen.se/2010/01/10/vilka-ar-dina-tankar-kring-kursplanen-for-svenska-b/,post_like,20100227040931,20100227040931,1,20100227040931,http://cwaste.skolbloggen.se:80/2010/01/10/vilka-ar-dina-tankar-kring-kursplanen-for-svenska-b/,200,text/html,https://web.archive.org/web/20100227040931/http://cwaste.skolbloggen.se:80/2010/01/10/vilka-ar-dina-tankar-kring-kursplanen-for-svenska-b/
http://cwaste.skolbloggen.se/2010/01/17/vecka-3/,post_like,20100227040936,20100227040936,1,20100227040936,http://cwaste.skolbloggen.se:80/2010/01/17/vecka-3/,200,text/html,https://web.archive.org/web/20100227040936/http://cwaste.skolbloggen.se:80/2010/01/17/vecka-3/
http://cwaste.skolbloggen.se/2010/01/22/vecka-4/,post_like,20100227041141,20130402090457,5,20100227041141,http://cwaste.skolbloggen.se:80/2010/01/22/vecka-4/,200,text/html,https://web.archive.org/web/20100227041141/http://cwaste.skolbloggen.se:80/2010/01/22/vecka-4/
http://cwaste.skolbloggen.se/2010/01/29/vecka-5/,post_like,20100227040941,20100227040941,1,20100227040941,http://cwaste.skolbloggen.se:80/2010/01/29/vecka-5/,200,text/html,https://web.archive.org/web/20100227040941/http://cwaste.skolbloggen.se:80/2010/01/29/vecka-5/
http://cwaste.skolbloggen.se/2010/02/,other,20100227062140,20100227062140,1,20100227062140,http://cwaste.skolbloggen.se:80/2010/02/,200,text/html,https://web.archive.org/web/20100227062140/http://cwaste.skolbloggen.se:80/2010/02/
http://cwaste.skolbloggen.se/2010/02/19/nu-fyller-jag-inte-pa-mer-har/,post_like,20100227025312,20100227025312,1,20100227025312,http://cwaste.skolbloggen.se:80/2010/02/19/nu-fyller-jag-inte-pa-mer-har/,200,text/html,https://web.archive.org/web/20100227025312/http://cwaste.skolbloggen.se:80/2010/02/19/nu-fyller-jag-inte-pa-mer-har/
http://cwaste.skolbloggen.se/2013/08/,other,20160128153101,20180323111148,8,20180323111148,http://cwaste.skolbloggen.se:80/2013/08/,200,text/html,https://web.archive.org/web/20180323111148/http://cwaste.skolbloggen.se:80/2013/08/
http://cwaste.skolbloggen.se/2013/08/14/vi-bloggar/,post_like,20160128170856,20180323111346,6,20180323111346,http://cwaste.skolbloggen.se:80/2013/08/14/vi-bloggar/,200,text/html,https://web.archive.org/web/20180323111346/http://cwaste.skolbloggen.se:80/2013/08/14/vi-bloggar/
http://cwaste.skolbloggen.se/?p=258,homepage,20180119211217,20180119211217,1,20180119211217,http://cwaste.skolbloggen.se:80/?p=258,301,text/html,https://web.archive.org/web/20180119211217/http://cwaste.skolbloggen.se:80/?p=258
http://cwaste.skolbloggen.se/?p=402,homepage,20180228161313,20180228161313,1,20180228161313,http://cwaste.skolbloggen.se:80/?p=402,301,text/html,https://web.archive.org/web/20180228161313/http://cwaste.skolbloggen.se:80/?p=402
http://cwaste.skolbloggen.se/?p=445,homepage,20180228161319,20180228161319,1,20180228161319,http://cwaste.skolbloggen.se:80/?p=445,301,text/html,https://web.archive.org/web/20180228161319/http://cwaste.skolbloggen.se:80/?p=445
http://cwaste.skolbloggen.se/?p=475,homepage,20180301022907,20180301022907,1,20180301022907,http://cwaste.skolbloggen.se:80/?p=475,301,text/html,https://web.archive.org/web/20180301022907/http://cwaste.skolbloggen.se:80/?p=475
http://cwaste.skolbloggen.se/?p=609,homepage,20160403082450,20160403082450,1,20160403082450,http://cwaste.skolbloggen.se:80/?p=609,301,text/html,https://web.archive.org/web/20160403082450/http://cwaste.skolbloggen.se:80/?p=609
http://cwaste.skolbloggen.se/?p=672,homepage,20180227184841,20180227184841,1,20180227184841,http://cwaste.skolbloggen.se:80/?p=672,301,text/html,https://web.archive.org/web/20180227184841/http://cwaste.skolbloggen.se:80/?p=672
http://cwaste.skolbloggen.se/?p=762,homepage,20180227184705,20180227184705,1,20180227184705,http://cwaste.skolbloggen.se:80/?p=762,301,text/html,https://web.archive.org/web/20180227184705/http://cwaste.skolbloggen.se:80/?p=762
http://cwaste.skolbloggen.se/?p=829,homepage,20160416114435,20160416114435,1,20160416114435,http://cwaste.skolbloggen.se:80/?p=829,301,text/html,https://web.archive.org/web/20160416114435/http://cwaste.skolbloggen.se:80/?p=829
http://cwaste.skolbloggen.se/?wordfence_logHuman=1&hid=90A5558022A5FD8FDFBDA2C8A37BDF8E,homepage,20160402212300,20160402212300,1,20160402212300,http://cwaste.skolbloggen.se:80/?wordfence_logHuman=1&hid=90A5558022A5FD8FDFBDA2C8A37BDF8E,200,text/javascript,https://web.archive.org/web/20160402212300/http://cwaste.skolbloggen.se:80/?wordfence_logHuman=1&hid=90A5558022A5FD8FDFBDA2C8A37BDF8E
http://cwaste.skolbloggen.se/?wordfence_logHuman=1&hid=C7390D5F6D306E24A133E1180B9A8AF1,homepage,20160416125604,20160416125604,1,20160416125604,http://cwaste.skolbloggen.se:80/?wordfence_logHuman=1&hid=C7390D5F6D306E24A133E1180B9A8AF1,200,text/javascript,https://web.archive.org/web/20160416125604/http://cwaste.skolbloggen.se:80/?wordfence_logHuman=1&hid=C7390D5F6D306E24A133E1180B9A8AF1
http://cwaste.skolbloggen.se/?wordfence_syncAttackData=1516186116.6389,homepage,20180119210957,20180119210957,1,20180119210957,http://cwaste.skolbloggen.se:80/?wordfence_syncAttackData=1516186116.6389,200,text/javascript,https://web.archive.org/web/20180119210957/http://cwaste.skolbloggen.se:80/?wordfence_syncAttackData=1516186116.6389
http://cwaste.skolbloggen.se/a.thickbox,other,20100824212302,20100824212302,1,20100824212302,http://cwaste.skolbloggen.se/a.thickbox,404,text/html,https://web.archive.org/web/20100824212302/http://cwaste.skolbloggen.se/a.thickbox
http://cwaste.skolbloggen.se/author/cwaste/,other,20100227011113,20180323110857,9,20180323110857,http://cwaste.skolbloggen.se:80/author/cwaste/,200,text/html,https://web.archive.org/web/20180323110857/http://cwaste.skolbloggen.se:80/author/cwaste/
http://cwaste.skolbloggen.se/category/introduktion/,category,20100227041147,20100227041147,1,20100227041147,http://cwaste.skolbloggen.se:80/category/introduktion/,200,text/html,https://web.archive.org/web/20100227041147/http://cwaste.skolbloggen.se:80/category/introduktion/
http://cwaste.skolbloggen.se/category/okategoriserad/,category,20100227062421,20180323111351,7,20180323111351,http://cwaste.skolbloggen.se:80/category/okategoriserad/,200,text/html,https://web.archive.org/web/20180323111351/http://cwaste.skolbloggen.se:80/category/okategoriserad/
http://cwaste.skolbloggen.se/category/planering/,category,20100227025321,20100227025321,1,20100227025321,http://cwaste.skolbloggen.se:80/category/planering/,200,text/html,https://web.archive.org/web/20100227025321/http://cwaste.skolbloggen.se:80/category/planering/
http://cwaste.skolbloggen.se/comments/feed/,feed,20100227123323,20180323111620,12,20180323111620,http://cwaste.skolbloggen.se:80/comments/feed/,200,application/rss+xml,https://web.archive.org/web/20180323111620/http://cwaste.skolbloggen.se:80/comments/feed/
http://cwaste.skolbloggen.se/det-utvidgade-textbegreppet/,other,20120830053903,20180323111356,7,20180323111356,http://cwaste.skolbloggen.se:80/det-utvidgade-textbegreppet/,200,text/html,https://web.archive.org/web/20180323111356/http://cwaste.skolbloggen.se:80/det-utvidgade-textbegreppet/
http://cwaste.skolbloggen.se/det-utvidgade-textbegreppet/bildanalys-ett-exempel,other,20160520154414,20161025010612,7,20161025010612,http://cwaste.skolbloggen.se:80/det-utvidgade-textbegreppet/bildanalys-ett-exempel,301,text/html,https://web.archive.org/web/20161025010612/http://cwaste.skolbloggen.se:80/det-utvidgade-textbegreppet/bildanalys-ett-exempel
http://cwaste.skolbloggen.se/det-utvidgade-textbegreppet/bildanalys-ett-exempel/,other,20120830053905,20180323110902,15,20180323110902,http://cwaste.skolbloggen.se:80/det-utvidgade-textbegreppet/bildanalys-ett-exempel/,200,text/html,https://web.archive.org/web/20180323110902/http://cwaste.skolbloggen.se:80/det-utvidgade-textbegreppet/bildanalys-ett-exempel/
http://cwaste.skolbloggen.se/det-utvidgade-textbegreppet/bildanalys-ett-exempel/feed/,feed,20160523172459,20160523172459,1,20160523172459,http://cwaste.skolbloggen.se:80/det-utvidgade-textbegreppet/bildanalys-ett-exempel/feed/,200,application/rss+xml,https://web.archive.org/web/20160523172459/http://cwaste.skolbloggen.se:80/det-utvidgade-textbegreppet/bildanalys-ett-exempel/feed/
http://cwaste.skolbloggen.se/div.post,other,20100824212315,20100824212315,1,20100824212315,http://cwaste.skolbloggen.se/div.post,404,text/html,https://web.archive.org/web/20100824212315/http://cwaste.skolbloggen.se/div.post
http://cwaste.skolbloggen.se/favicon.ico,media,20100824212018,20181121063301,5,20160624154634,http://cwaste.skolbloggen.se/favicon.ico,200,image/x-icon,https://web.archive.org/web/20160624154634/http://cwaste.skolbloggen.se/favicon.ico
http://cwaste.skolbloggen.se/feed/,feed,20100227062428,20180321030013,14,20180321030013,http://cwaste.skolbloggen.se:80/feed/,200,application/rss+xml,https://web.archive.org/web/20180321030013/http://cwaste.skolbloggen.se:80/feed/
http://cwaste.skolbloggen.se/feed/atom/,feed,20100227123328,20100227123328,1,20100227123328,http://cwaste.skolbloggen.se:80/feed/atom/,200,application/atom+xml,https://web.archive.org/web/20100227123328/http://cwaste.skolbloggen.se:80/feed/atom/
http://cwaste.skolbloggen.se/feed/rss/,feed,20100227124732,20100227124732,1,20100227124732,http://cwaste.skolbloggen.se:80/feed/rss/,200,text/xml,https://web.archive.org/web/20100227124732/http://cwaste.skolbloggen.se:80/feed/rss/
http://cwaste.skolbloggen.se/files/2010/05/lankskafferiet_logga.gif,media,20100824212359,20181211154401,4,20160624154051,http://cwaste.skolbloggen.se/files/2010/05/lankskafferiet_logga.gif,200,image/gif,https://web.archive.org/web/20160624154051/http://cwaste.skolbloggen.se/files/2010/05/lankskafferiet_logga.gif
http://cwaste.skolbloggen.se/files/2010/05/logga_forskning_se.gif,media,20100824212348,20181207023358,4,20160624095658,http://cwaste.skolbloggen.se/files/2010/05/logga_forskning_se.gif,200,image/gif,https://web.archive.org/web/20160624095658/http://cwaste.skolbloggen.se/files/2010/05/logga_forskning_se.gif
http://cwaste.skolbloggen.se/files/2010/05/logga_multimediabyran.jpg,media,20100824212409,20181209102612,3,20100824212409,http://cwaste.skolbloggen.se/files/2010/05/logga_multimediabyran.jpg,200,image/jpeg,https://web.archive.org/web/20100824212409/http://cwaste.skolbloggen.se/files/2010/05/logga_multimediabyran.jpg
http://cwaste.skolbloggen.se/files/2010/05/logga_pim.gif,media,20100824212419,20181205075749,4,20160624095728,http://cwaste.skolbloggen.se/files/2010/05/logga_pim.gif,200,image/gif,https://web.archive.org/web/20160624095728/http://cwaste.skolbloggen.se/files/2010/05/logga_pim.gif
http://cwaste.skolbloggen.se/files/2010/05/logo-jamendo.jpg,media,20100824212429,20181214070216,4,20160624094519,http://cwaste.skolbloggen.se/files/2010/05/logo-jamendo.jpg,200,image/jpeg,https://web.archive.org/web/20160624094519/http://cwaste.skolbloggen.se/files/2010/05/logo-jamendo.jpg
http://cwaste.skolbloggen.se/files/2010/05/logotype-mediekompass.jpg,media,20100824212438,20181205171646,4,20160624160156,http://cwaste.skolbloggen.se/files/2010/05/logotype-mediekompass.jpg,200,image/jpeg,https://web.archive.org/web/20160624160156/http://cwaste.skolbloggen.se/files/2010/05/logotype-mediekompass.jpg
http://cwaste.skolbloggen.se/files/2010/05/logotype.gif,media,20100824212339,20181206052459,4,20160624160220,http://cwaste.skolbloggen.se/files/2010/05/logotype.gif,200,image/gif,https://web.archive.org/web/20160624160220/http://cwaste.skolbloggen.se/files/2010/05/logotype.gif
http://cwaste.skolbloggen.se/om-froken-waste/,other,20100227062433,20100227062433,1,20100227062433,http://cwaste.skolbloggen.se:80/om-froken-waste/,200,text/html,https://web.archive.org/web/20100227062433/http://cwaste.skolbloggen.se:80/om-froken-waste/
http://cwaste.skolbloggen.se/om-tavlingsbidraget/,other,20110511202203,20180323111401,9,20180323111401,http://cwaste.skolbloggen.se:80/om-tavlingsbidraget/,200,text/html,https://web.archive.org/web/20180323111401/http://cwaste.skolbloggen.se:80/om-tavlingsbidraget/
http://cwaste.skolbloggen.se/oppna-larresurser/,other,20110511202208,20180323110907,9,20180323110907,http://cwaste.skolbloggen.se:80/oppna-larresurser/,200,text/html,https://web.archive.org/web/20180323110907/http://cwaste.skolbloggen.se:80/oppna-larresurser/
http://cwaste.skolbloggen.se/oppna-larresurser/csu-affordable-learning-solutions/,other,20110511202213,20180323110913,9,20180323110913,http://cwaste.skolbloggen.se:80/oppna-larresurser/csu-affordable-learning-solutions/,200,text/html,https://web.archive.org/web/20180323110913/http://cwaste.skolbloggen.se:80/oppna-larresurser/csu-affordable-learning-solutions/
http://cwaste.skolbloggen.se/oppna-larresurser/itunes-u/,other,20110511202219,20180323111625,9,20180323111625,http://cwaste.skolbloggen.se:80/oppna-larresurser/itunes-u/,200,text/html,https://web.archive.org/web/20180323111625/http://cwaste.skolbloggen.se:80/oppna-larresurser/itunes-u/
http://cwaste.skolbloggen.se/oppna-larresurser/ne-skola/,other,20110511054031,20180323110917,9,20180323110917,http://cwaste.skolbloggen.se:80/oppna-larresurser/ne-skola/,200,text/html,https://web.archive.org/web/20180323110917/http://cwaste.skolbloggen.se:80/oppna-larresurser/ne-skola/
http://cwaste.skolbloggen.se/oppna-larresurser/wikibooks/,other,20110511203914,20180323111154,9,20180323111154,http://cwaste.skolbloggen.se:80/oppna-larresurser/wikibooks/,200,text/html,https://web.archive.org/web/20180323111154/http://cwaste.skolbloggen.se:80/oppna-larresurser/wikibooks/
http://cwaste.skolbloggen.se/oppna-larresurser/wikiversity/,other,20110511202223,20180323111630,9,20180323111630,http://cwaste.skolbloggen.se:80/oppna-larresurser/wikiversity/,200,text/html,https://web.archive.org/web/20180323111630/http://cwaste.skolbloggen.se:80/oppna-larresurser/wikiversity/
http://cwaste.skolbloggen.se/oppna-larresurser/youtube-edu/,other,20110511202613,20180323111406,9,20180323111406,http://cwaste.skolbloggen.se:80/oppna-larresurser/youtube-edu/,200,text/html,https://web.archive.org/web/20180323111406/http://cwaste.skolbloggen.se:80/oppna-larresurser/youtube-edu/
http://cwaste.skolbloggen.se/presentation/,other,20110511201819,20180323111411,9,20180323111411,http://cwaste.skolbloggen.se:80/presentation/,200,text/html,https://web.archive.org/web/20180323111411/http://cwaste.skolbloggen.se:80/presentation/
http://cwaste.skolbloggen.se/presentation/din-presentation,other,20170128014432,20190806172305,22,20190806172305,http://cwaste.skolbloggen.se:80/presentation/din-presentation,301,text/html,https://web.archive.org/web/20190806172305/http://cwaste.skolbloggen.se:80/presentation/din-presentation
http://cwaste.skolbloggen.se/presentation/din-presentation/,other,20110511203920,20180323111416,14,20180323111416,http://cwaste.skolbloggen.se:80/presentation/din-presentation/,200,text/html,https://web.archive.org/web/20180323111416/http://cwaste.skolbloggen.se:80/presentation/din-presentation/
http://cwaste.skolbloggen.se/presentation/din-presentation/feed/,feed,20170129091107,20180324134610,3,20180324134610,http://cwaste.skolbloggen.se:80/presentation/din-presentation/feed/,200,application/rss+xml,https://web.archive.org/web/20180324134610/http://cwaste.skolbloggen.se:80/presentation/din-presentation/feed/
http://cwaste.skolbloggen.se/presentation/om-froken-waste,other,20170128024154,20170128024154,1,20170128024154,http://cwaste.skolbloggen.se:80/presentation/om-froken-waste,301,text/html,https://web.archive.org/web/20170128024154/http://cwaste.skolbloggen.se:80/presentation/om-froken-waste
http://cwaste.skolbloggen.se/presentation/om-froken-waste/,other,20110511203924,20180321045840,10,20180321045840,http://cwaste.skolbloggen.se:80/presentation/om-froken-waste/,200,text/html,https://web.archive.org/web/20180321045840/http://cwaste.skolbloggen.se:80/presentation/om-froken-waste/
http://cwaste.skolbloggen.se/redovisning/,other,20110511202618,20180323110922,9,20180323110922,http://cwaste.skolbloggen.se:80/redovisning/,200,text/html,https://web.archive.org/web/20180323110922/http://cwaste.skolbloggen.se:80/redovisning/
http://cwaste.skolbloggen.se/redovisning/akademisk-hederlighet/,other,20110511202228,20180323111159,10,20180323111159,http://cwaste.skolbloggen.se:80/redovisning/akademisk-hederlighet/,200,text/html,https://web.archive.org/web/20180323111159/http://cwaste.skolbloggen.se:80/redovisning/akademisk-hederlighet/
http://cwaste.skolbloggen.se/redovisning/akademisk-hederlighet/upphovsratt-och-creative-commons/,other,20110511202623,20180323111635,9,20180323111635,http://cwaste.skolbloggen.se:80/redovisning/akademisk-hederlighet/upphovsratt-och-creative-commons/,200,text/html,https://web.archive.org/web/20180323111635/http://cwaste.skolbloggen.se:80/redovisning/akademisk-hederlighet/upphovsratt-och-creative-commons/
http://cwaste.skolbloggen.se/redovisning/bilder-och-bildtexter/,other,20111025085628,20180323111640,8,20180323111640,http://cwaste.skolbloggen.se:80/redovisning/bilder-och-bildtexter/,200,text/html,https://web.archive.org/web/20180323111640/http://cwaste.skolbloggen.se:80/redovisning/bilder-och-bildtexter/
http://cwaste.skolbloggen.se/redovisning/bilder-som-du-far-anvanda-till-dina-redovisningar/,other,20111025085419,20180323111421,8,20180323111421,http://cwaste.skolbloggen.se:80/redovisning/bilder-som-du-far-anvanda-till-dina-redovisningar/,200,text/html,https://web.archive.org/web/20180323111421/http://cwaste.skolbloggen.se:80/redovisning/bilder-som-du-far-anvanda-till-dina-redovisningar/
http://cwaste.skolbloggen.se/redovisning/hur-du-hanterar-powerpoint/,other,20110511054202,20180323111426,9,20180323111426,http://cwaste.skolbloggen.se:80/redovisning/hur-du-hanterar-powerpoint/,200,text/html,https://web.archive.org/web/20180323111426/http://cwaste.skolbloggen.se:80/redovisning/hur-du-hanterar-powerpoint/
http://cwaste.skolbloggen.se/redovisning/overkurs/,other,20110511202238,20180323111645,9,20180323111645,http://cwaste.skolbloggen.se:80/redovisning/overkurs/,200,text/html,https://web.archive.org/web/20180323111645/http://cwaste.skolbloggen.se:80/redovisning/overkurs/
http://cwaste.skolbloggen.se/redovisning/publicering/,other,20110511202241,20180323111204,9,20180323111204,http://cwaste.skolbloggen.se:80/redovisning/publicering/,200,text/html,https://web.archive.org/web/20180323111204/http://cwaste.skolbloggen.se:80/redovisning/publicering/
http://cwaste.skolbloggen.se/redovisning/tankekartor/,other,20110511201823,20180323111431,9,20180323111431,http://cwaste.skolbloggen.se:80/redovisning/tankekartor/,200,text/html,https://web.archive.org/web/20180323111431/http://cwaste.skolbloggen.se:80/redovisning/tankekartor/
http://cwaste.skolbloggen.se/redovisning/textformatering,other,20160512171030,20160715022914,4,20160715022914,http://cwaste.skolbloggen.se:80/redovisning/textformatering,301,text/html,https://web.archive.org/web/20160715022914/http://cwaste.skolbloggen.se:80/redovisning/textformatering
http://cwaste.skolbloggen.se/redovisning/textformatering/,other,20110511202247,20180323111438,12,20180323111438,http://cwaste.skolbloggen.se:80/redovisning/textformatering/,200,text/html,https://web.archive.org/web/20180323111438/http://cwaste.skolbloggen.se:80/redovisning/textformatering/
http://cwaste.skolbloggen.se/robots.txt,other,20100824211950,20190127164712,50,20160803205502,http://cwaste.skolbloggen.se/robots.txt,200,text/plain,https://web.archive.org/web/20160803205502/http://cwaste.skolbloggen.se/robots.txt
http://cwaste.skolbloggen.se/search/matris++referat,other,20170402054613,20170605221313,3,20170605221313,http://cwaste.skolbloggen.se:80/search/matris++referat,200,text/html,https://web.archive.org/web/20170605221313/http://cwaste.skolbloggen.se:80/search/matris++referat
http://cwaste.skolbloggen.se/studieteknik,other,20160908110216,20161111011203,4,20161111011203,http://cwaste.skolbloggen.se:80/studieteknik,301,text/html,https://web.archive.org/web/20161111011203/http://cwaste.skolbloggen.se:80/studieteknik
http://cwaste.skolbloggen.se/studieteknik/,other,20110511201828,20180315041541,12,20180315041541,http://cwaste.skolbloggen.se:80/studieteknik/,200,text/html,https://web.archive.org/web/20180315041541/http://cwaste.skolbloggen.se:80/studieteknik/
http://cwaste.skolbloggen.se/studieteknik/att-hitta-information/,other,20110511202628,20180323111209,9,20180323111209,http://cwaste.skolbloggen.se:80/studieteknik/att-hitta-information/,200,text/html,https://web.archive.org/web/20180323111209/http://cwaste.skolbloggen.se:80/studieteknik/att-hitta-information/
http://cwaste.skolbloggen.se/studieteknik/att-vardera-information/,other,20110511202251,20180323111214,9,20180323111214,http://cwaste.skolbloggen.se:80/studieteknik/att-vardera-information/,200,text/html,https://web.archive.org/web/20180323111214/http://cwaste.skolbloggen.se:80/studieteknik/att-vardera-information/
http://cwaste.skolbloggen.se/studieteknik/kallkritik,other,20170327000355,20170327000355,1,20170327000355,http://cwaste.skolbloggen.se:80/studieteknik/kallkritik,301,text/html,https://web.archive.org/web/20170327000355/http://cwaste.skolbloggen.se:80/studieteknik/kallkritik
http://cwaste.skolbloggen.se/studieteknik/kallkritik/,other,20110511203929,20180119211317,8,20180119211317,http://cwaste.skolbloggen.se:80/studieteknik/kallkritik/,200,text/html,https://web.archive.org/web/20180119211317/http://cwaste.skolbloggen.se:80/studieteknik/kallkritik/
http://cwaste.skolbloggen.se/studieteknik/kallkritik/arkiv-och-samlingar-i-din-narhet/,other,20110511202256,20180323111650,9,20180323111650,http://cwaste.skolbloggen.se:80/studieteknik/kallkritik/arkiv-och-samlingar-i-din-narhet/,200,text/html,https://web.archive.org/web/20180323111650/http://cwaste.skolbloggen.se:80/studieteknik/kallkritik/arkiv-och-samlingar-i-din-narhet/
http://cwaste.skolbloggen.se/studieteknik/kallkritik/de-kallkritiska-principerna,other,20170423224642,20180325144204,7,20180325144204,http://cwaste.skolbloggen.se:80/studieteknik/kallkritik/de-kallkritiska-principerna,301,text/html,https://web.archive.org/web/20180325144204/http://cwaste.skolbloggen.se:80/studieteknik/kallkritik/de-kallkritiska-principerna
http://cwaste.skolbloggen.se/studieteknik/kallkritik/de-kallkritiska-principerna/,other,20110511202633,20180325144204,16,20180325144204,http://cwaste.skolbloggen.se:80/studieteknik/kallkritik/de-kallkritiska-principerna/,200,text/html,https://web.archive.org/web/20180325144204/http://cwaste.skolbloggen.se:80/studieteknik/kallkritik/de-kallkritiska-principerna/
http://cwaste.skolbloggen.se/studieteknik/kallkritik/de-kallkritiska-principerna/feed/,feed,20180225141703,20180225141703,1,20180225141703,http://cwaste.skolbloggen.se:80/studieteknik/kallkritik/de-kallkritiska-principerna/feed/,200,application/rss+xml,https://web.archive.org/web/20180225141703/http://cwaste.skolbloggen.se:80/studieteknik/kallkritik/de-kallkritiska-principerna/feed/
http://cwaste.skolbloggen.se/studieteknik/kallkritik/ovningar-i-kallkritik/,other,20110511202301,20180323111219,9,20180323111219,http://cwaste.skolbloggen.se:80/studieteknik/kallkritik/ovningar-i-kallkritik/,200,text/html,https://web.archive.org/web/20180323111219/http://cwaste.skolbloggen.se:80/studieteknik/kallkritik/ovningar-i-kallkritik/
http://cwaste.skolbloggen.se/studieteknik/sjalvskattning-av-studievanor,other,20160512171034,20160715014257,4,20160715014257,http://cwaste.skolbloggen.se:80/studieteknik/sjalvskattning-av-studievanor,301,text/html,https://web.archive.org/web/20160715014257/http://cwaste.skolbloggen.se:80/studieteknik/sjalvskattning-av-studievanor
http://cwaste.skolbloggen.se/studieteknik/sjalvskattning-av-studievanor/,other,20110511202306,20180323111444,13,20180323111444,http://cwaste.skolbloggen.se:80/studieteknik/sjalvskattning-av-studievanor/,200,text/html,https://web.archive.org/web/20180323111444/http://cwaste.skolbloggen.se:80/studieteknik/sjalvskattning-av-studievanor/
http://cwaste.skolbloggen.se/studieteknik/uppgift,other,20180226024551,20190823103348,19,20190823103348,http://cwaste.skolbloggen.se:80/studieteknik/uppgift,301,text/html,https://web.archive.org/web/20190823103348/http://cwaste.skolbloggen.se:80/studieteknik/uppgift
http://cwaste.skolbloggen.se/studieteknik/uppgift/,other,20110511203934,20180329122410,11,20180329122410,http://cwaste.skolbloggen.se:80/studieteknik/uppgift/,200,text/html,https://web.archive.org/web/20180329122410/http://cwaste.skolbloggen.se:80/studieteknik/uppgift/
http://cwaste.skolbloggen.se/studieteknik/uppgift/feed/,feed,20180228075211,20180228075211,1,20180228075211,http://cwaste.skolbloggen.se:80/studieteknik/uppgift/feed/,200,application/rss+xml,https://web.archive.org/web/20180228075211/http://cwaste.skolbloggen.se:80/studieteknik/uppgift/feed/
http://cwaste.skolbloggen.se/svenska,other,20160512171117,20160715024947,4,20160715024947,http://cwaste.skolbloggen.se:80/svenska,301,text/html,https://web.archive.org/web/20160715024947/http://cwaste.skolbloggen.se:80/svenska
http://cwaste.skolbloggen.se/svenska/,other,20110511202311,20180323110927,12,20180323110927,http://cwaste.skolbloggen.se:80/svenska/,200,text/html,https://web.archive.org/web/20180323110927/http://cwaste.skolbloggen.se:80/svenska/
http://cwaste.skolbloggen.se/svenska/argumenterande-texter,other,20160512171922,20180325150029,7,20180325150029,http://cwaste.skolbloggen.se:80/svenska/argumenterande-texter,301,text/html,https://web.archive.org/web/20180325150029/http://cwaste.skolbloggen.se:80/svenska/argumenterande-texter
http://cwaste.skolbloggen.se/svenska/argumenterande-texter/,other,20110511201833,20180325150029,17,20180325150029,http://cwaste.skolbloggen.se:80/svenska/argumenterande-texter/,200,text/html,https://web.archive.org/web/20180325150029/http://cwaste.skolbloggen.se:80/svenska/argumenterande-texter/
http://cwaste.skolbloggen.se/svenska/argumenterande-texter/argumentation-ett-exempel,other,20150211195105,20150625011307,5,20150625011307,http://cwaste.skolbloggen.se:80/svenska/argumenterande-texter/argumentation-ett-exempel,301,text/html,https://web.archive.org/web/20150625011307/http://cwaste.skolbloggen.se:80/svenska/argumenterande-texter/argumentation-ett-exempel
http://cwaste.skolbloggen.se/svenska/argumenterande-texter/argumentation-ett-exempel/,other,20111025085501,20180323111225,13,20180323111225,http://cwaste.skolbloggen.se:80/svenska/argumenterande-texter/argumentation-ett-exempel/,200,text/html,https://web.archive.org/web/20180323111225/http://cwaste.skolbloggen.se:80/svenska/argumenterande-texter/argumentation-ett-exempel/
http://cwaste.skolbloggen.se/svenska/argumenterande-texter/argumenterande-tal,other,20170512124615,20170512124615,1,20170512124615,http://cwaste.skolbloggen.se:80/svenska/argumenterande-texter/argumenterande-tal,301,text/html,https://web.archive.org/web/20170512124615/http://cwaste.skolbloggen.se:80/svenska/argumenterande-texter/argumenterande-tal
http://cwaste.skolbloggen.se/svenska/argumenterande-texter/argumenterande-tal/,other,20120830054751,20180227090539,7,20180227090539,http://cwaste.skolbloggen.se:80/svenska/argumenterande-texter/argumenterande-tal/,200,text/html,https://web.archive.org/web/20180227090539/http://cwaste.skolbloggen.se:80/svenska/argumenterande-texter/argumenterande-tal/
http://cwaste.skolbloggen.se/svenska/argumenterande-texter/skriva-insandaredebattartikel,other,20111024142733,20180325142712,12,20180325142712,http://cwaste.skolbloggen.se:80/svenska/argumenterande-texter/skriva-insandaredebattartikel,301,text/html,https://web.archive.org/web/20180325142712/http://cwaste.skolbloggen.se:80/svenska/argumenterande-texter/skriva-insandaredebattartikel
http://cwaste.skolbloggen.se/svenska/argumenterande-texter/skriva-insandaredebattartikel/,other,20111024142733,20180325142712,20,20180325142712,http://cwaste.skolbloggen.se:80/svenska/argumenterande-texter/skriva-insandaredebattartikel/,200,text/html,https://web.archive.org/web/20180325142712/http://cwaste.skolbloggen.se:80/svenska/argumenterande-texter/skriva-insandaredebattartikel/
http://cwaste.skolbloggen.se/svenska/argumenterande-texter/skriva-insandaredebattartikel/arbetsgang-vid-respons-och-bearbetning/,other,20110511203939,20180323110937,9,20180323110937,http://cwaste.skolbloggen.se:80/svenska/argumenterande-texter/skriva-insandaredebattartikel/arbetsgang-vid-respons-och-bearbetning/,200,text/html,https://web.archive.org/web/20180323110937/http://cwaste.skolbloggen.se:80/svenska/argumenterande-texter/skriva-insandaredebattartikel/arbetsgang-vid-respons-och-bearbetning/
http://cwaste.skolbloggen.se/svenska/argumenterande-texter/skriva-insandaredebattartikel/bedomning-av-skrivuppgift-skriva-insandaredebattartikel,other,20130611210529,20130611210529,1,20130611210529,http://cwaste.skolbloggen.se:80/svenska/argumenterande-texter/skriva-insandaredebattartikel/bedomning-av-skrivuppgift-skriva-insandaredebattartikel,301,text/html,https://web.archive.org/web/20130611210529/http://cwaste.skolbloggen.se:80/svenska/argumenterande-texter/skriva-insandaredebattartikel/bedomning-av-skrivuppgift-skriva-insandaredebattartikel
http://cwaste.skolbloggen.se/svenska/argumenterande-texter/skriva-insandaredebattartikel/bedomning-av-skrivuppgift-skriva-insandaredebattartikel/,other,20111026013516,20180323111454,10,20180323111454,http://cwaste.skolbloggen.se:80/svenska/argumenterande-texter/skriva-insandaredebattartikel/bedomning-av-skrivuppgift-skriva-insandaredebattartikel/,200,text/html,https://web.archive.org/web/20180323111454/http://cwaste.skolbloggen.se:80/svenska/argumenterande-texter/skriva-insandaredebattartikel/bedomning-av-skrivuppgift-skriva-insandaredebattartikel/
http://cwaste.skolbloggen.se/svenska/argumenterande-texter/skriva-insandaredebattartikel/feed/,feed,20111025072144,20160428023411,2,20160428023411,http://cwaste.skolbloggen.se:80/svenska/argumenterande-texter/skriva-insandaredebattartikel/feed/,200,application/rss+xml,https://web.archive.org/web/20160428023411/http://cwaste.skolbloggen.se:80/svenska/argumenterande-texter/skriva-insandaredebattartikel/feed/
http://cwaste.skolbloggen.se/svenska/argumenterande-texter/skriva-insandaredebattartikel/trackback/,other,20111025085643,20111025085643,1,20111025085643,http://cwaste.skolbloggen.se:80/svenska/argumenterande-texter/skriva-insandaredebattartikel/trackback/,302,text/html,https://web.archive.org/web/20111025085643/http://cwaste.skolbloggen.se:80/svenska/argumenterande-texter/skriva-insandaredebattartikel/trackback/
http://cwaste.skolbloggen.se/svenska/argumenterande-texter/skriva-insandaredebattartikel/vad-man-ska-tanka-pa-nar-man-skriver-argumenterande-texter/,other,20110511203946,20180323110942,9,20180323110942,http://cwaste.skolbloggen.se:80/svenska/argumenterande-texter/skriva-insandaredebattartikel/vad-man-ska-tanka-pa-nar-man-skriver-argumenterande-texter/,200,text/html,https://web.archive.org/web/20180323110942/http://cwaste.skolbloggen.se:80/svenska/argumenterande-texter/skriva-insandaredebattartikel/vad-man-ska-tanka-pa-nar-man-skriver-argumenterande-texter/
http://cwaste.skolbloggen.se/svenska/bedomning/,other,20110509001107,20180323111655,9,20180323111655,http://cwaste.skolbloggen.se:80/svenska/bedomning/,200,text/html,https://web.archive.org/web/20180323111655/http://cwaste.skolbloggen.se:80/svenska/bedomning/
http://cwaste.skolbloggen.se/svenska/bedomning/bedomning-av-muntliga-uppgifter/,other,20110511202640,20180323111459,9,20180323111459,http://cwaste.skolbloggen.se:80/svenska/bedomning/bedomning-av-muntliga-uppgifter/,200,text/html,https://web.archive.org/web/20180323111459/http://cwaste.skolbloggen.se:80/svenska/bedomning/bedomning-av-muntliga-uppgifter/
http://cwaste.skolbloggen.se/svenska/bedomning/bedomning-av-skriftliga-uppgifter,other,20110507080907,20110825091738,2,20110825091738,http://cwaste.skolbloggen.se:80/svenska/bedomning/bedomning-av-skriftliga-uppgifter,301,text/html,https://web.archive.org/web/20110825091738/http://cwaste.skolbloggen.se:80/svenska/bedomning/bedomning-av-skriftliga-uppgifter
http://cwaste.skolbloggen.se/svenska/bedomning/bedomning-av-skriftliga-uppgifter/,other,20110507080907,20180323111504,10,20180323111504,http://cwaste.skolbloggen.se:80/svenska/bedomning/bedomning-av-skriftliga-uppgifter/,200,text/html,https://web.archive.org/web/20180323111504/http://cwaste.skolbloggen.se:80/svenska/bedomning/bedomning-av-skriftliga-uppgifter/
http://cwaste.skolbloggen.se/svenska/bedomning/bedomning-av-skriftliga-uppgifter/feed/,feed,20110510211714,20110510211714,1,20110510211714,http://cwaste.skolbloggen.se:80/svenska/bedomning/bedomning-av-skriftliga-uppgifter/feed/,200,text/xml,https://web.archive.org/web/20110510211714/http://cwaste.skolbloggen.se:80/svenska/bedomning/bedomning-av-skriftliga-uppgifter/feed/
http://cwaste.skolbloggen.se/svenska/bedomning/bedomning-av-skriftliga-uppgifter/matris-bedomning-av-skriftliga-uppgifter/,other,20110510213322,20180323111509,9,20180323111509,http://cwaste.skolbloggen.se:80/svenska/bedomning/bedomning-av-skriftliga-uppgifter/matris-bedomning-av-skriftliga-uppgifter/,200,text/html,https://web.archive.org/web/20180323111509/http://cwaste.skolbloggen.se:80/svenska/bedomning/bedomning-av-skriftliga-uppgifter/matris-bedomning-av-skriftliga-uppgifter/
http://cwaste.skolbloggen.se/svenska/berattelser/,other,20110511201838,20180323111514,9,20180323111514,http://cwaste.skolbloggen.se:80/svenska/berattelser/,200,text/html,https://web.archive.org/web/20180323111514/http://cwaste.skolbloggen.se:80/svenska/berattelser/
http://cwaste.skolbloggen.se/svenska/berattelser/berattarkne/,other,20110511201843,20180323111230,9,20180323111230,http://cwaste.skolbloggen.se:80/svenska/berattelser/berattarkne/,200,text/html,https://web.archive.org/web/20180323111230/http://cwaste.skolbloggen.se:80/svenska/berattelser/berattarkne/
http://cwaste.skolbloggen.se/svenska/berattelser/skriva-berattelser/,other,20110511202316,20180323111519,10,20180323111519,http://cwaste.skolbloggen.se:80/svenska/berattelser/skriva-berattelser/,200,text/html,https://web.archive.org/web/20180323111519/http://cwaste.skolbloggen.se:80/svenska/berattelser/skriva-berattelser/
http://cwaste.skolbloggen.se/svenska/berattelser/skriva-berattelser/huset/,other,20120830055314,20180323110947,7,20180323110947,http://cwaste.skolbloggen.se:80/svenska/berattelser/skriva-berattelser/huset/,200,text/html,https://web.archive.org/web/20180323110947/http://cwaste.skolbloggen.se:80/svenska/berattelser/skriva-berattelser/huset/
http://cwaste.skolbloggen.se/svenska/bild-och-film/,other,20110511201848,20180323111235,9,20180323111235,http://cwaste.skolbloggen.se:80/svenska/bild-och-film/,200,text/html,https://web.archive.org/web/20180323111235/http://cwaste.skolbloggen.se:80/svenska/bild-och-film/
http://cwaste.skolbloggen.se/svenska/bild-och-film/hur-d-hanterar-bilder/,other,20110511201853,20180323110952,9,20180323110952,http://cwaste.skolbloggen.se:80/svenska/bild-och-film/hur-d-hanterar-bilder/,200,text/html,https://web.archive.org/web/20180323110952/http://cwaste.skolbloggen.se:80/svenska/bild-och-film/hur-d-hanterar-bilder/
http://cwaste.skolbloggen.se/svenska/bild-och-film/regler-vid-fotografering-pa-allmanna-platser,other,20120829005101,20120829005101,1,20120829005101,http://cwaste.skolbloggen.se:80/svenska/bild-och-film/regler-vid-fotografering-pa-allmanna-platser,301,text/html,https://web.archive.org/web/20120829005101/http://cwaste.skolbloggen.se:80/svenska/bild-och-film/regler-vid-fotografering-pa-allmanna-platser
http://cwaste.skolbloggen.se/svenska/bild-och-film/regler-vid-fotografering-pa-allmanna-platser/,other,20110511202321,20180323111240,10,20180323111240,http://cwaste.skolbloggen.se:80/svenska/bild-och-film/regler-vid-fotografering-pa-allmanna-platser/,200,text/html,https://web.archive.org/web/20180323111240/http://cwaste.skolbloggen.se:80/svenska/bild-och-film/regler-vid-fotografering-pa-allmanna-platser/
http://cwaste.skolbloggen.se/svenska/bild-och-film/regler-vid-fotografering-pa-allmanna-platser/feed/,feed,20120830032552,20120830032552,1,20120830032552,http://cwaste.skolbloggen.se:80/svenska/bild-och-film/regler-vid-fotografering-pa-allmanna-platser/feed/,200,text/xml,https://web.archive.org/web/20120830032552/http://cwaste.skolbloggen.se:80/svenska/bild-och-film/regler-vid-fotografering-pa-allmanna-platser/feed/
http://cwaste.skolbloggen.se/svenska/bild-och-film/regler-vid-fotografering-pa-allmanna-platser/trackback/,other,20120830055323,20120830055323,1,20120830055323,http://cwaste.skolbloggen.se:80/svenska/bild-och-film/regler-vid-fotografering-pa-allmanna-platser/trackback/,302,text/html,https://web.archive.org/web/20120830055323/http://cwaste.skolbloggen.se:80/svenska/bild-och-film/regler-vid-fotografering-pa-allmanna-platser/trackback/
http://cwaste.skolbloggen.se/svenska/dikter/,other,20110511201858,20180323110958,9,20180323110958,http://cwaste.skolbloggen.se:80/svenska/dikter/,200,text/html,https://web.archive.org/web/20180323110958/http://cwaste.skolbloggen.se:80/svenska/dikter/
http://cwaste.skolbloggen.se/svenska/dikter/diktanalys/,other,20110511201903,20180323111524,9,20180323111524,http://cwaste.skolbloggen.se:80/svenska/dikter/diktanalys/,200,text/html,https://web.archive.org/web/20180323111524/http://cwaste.skolbloggen.se:80/svenska/dikter/diktanalys/
http://cwaste.skolbloggen.se/svenska/dikter/ovning-i-diktanalys/,other,20110511203950,20180323111003,10,20180323111003,http://cwaste.skolbloggen.se:80/svenska/dikter/ovning-i-diktanalys/,200,text/html,https://web.archive.org/web/20180323111003/http://cwaste.skolbloggen.se:80/svenska/dikter/ovning-i-diktanalys/
http://cwaste.skolbloggen.se/svenska/dikter/skriva-dikter-ovning-i/,other,20110511201908,20180323111245,9,20180323111245,http://cwaste.skolbloggen.se:80/svenska/dikter/skriva-dikter-ovning-i/,200,text/html,https://web.archive.org/web/20180323111245/http://cwaste.skolbloggen.se:80/svenska/dikter/skriva-dikter-ovning-i/
http://cwaste.skolbloggen.se/svenska/dikter/skriva-dikter-ovning-ii/,other,20110511202645,20180323111008,9,20180323111008,http://cwaste.skolbloggen.se:80/svenska/dikter/skriva-dikter-ovning-ii/,200,text/html,https://web.archive.org/web/20180323111008/http://cwaste.skolbloggen.se:80/svenska/dikter/skriva-dikter-ovning-ii/
http://cwaste.skolbloggen.se/svenska/instruktioner/,other,20110510212127,20180323111700,9,20180323111700,http://cwaste.skolbloggen.se:80/svenska/instruktioner/,200,text/html,https://web.archive.org/web/20180323111700/http://cwaste.skolbloggen.se:80/svenska/instruktioner/
http://cwaste.skolbloggen.se/svenska/litteraturanalys-och-lasloggar,other,20160916083623,20161118054646,3,20161118054646,http://cwaste.skolbloggen.se:80/svenska/litteraturanalys-och-lasloggar,301,text/html,https://web.archive.org/web/20161118054646/http://cwaste.skolbloggen.se:80/svenska/litteraturanalys-och-lasloggar
http://cwaste.skolbloggen.se/svenska/litteraturanalys-och-lasloggar/,other,20111025085954,20180323111711,12,20180323111711,http://cwaste.skolbloggen.se:80/svenska/litteraturanalys-och-lasloggar/,200,text/html,https://web.archive.org/web/20180323111711/http://cwaste.skolbloggen.se:80/svenska/litteraturanalys-och-lasloggar/
http://cwaste.skolbloggen.se/svenska/litteraturanalys-och-lasloggar/forfattarportratt,other,20160414110046,20160718153015,4,20160718153015,http://cwaste.skolbloggen.se:80/svenska/litteraturanalys-och-lasloggar/forfattarportratt,301,text/html,https://web.archive.org/web/20160718153015/http://cwaste.skolbloggen.se:80/svenska/litteraturanalys-och-lasloggar/forfattarportratt
http://cwaste.skolbloggen.se/svenska/litteraturanalys-och-lasloggar/forfattarportratt/,other,20111025090144,20180323111716,13,20180323111716,http://cwaste.skolbloggen.se:80/svenska/litteraturanalys-och-lasloggar/forfattarportratt/,200,text/html,https://web.archive.org/web/20180323111716/http://cwaste.skolbloggen.se:80/svenska/litteraturanalys-och-lasloggar/forfattarportratt/
http://cwaste.skolbloggen.se/svenska/litteraturanalys-och-lasloggar/forfattarportratt/feed/,feed,20160416034643,20160416034643,1,20160416034643,http://cwaste.skolbloggen.se:80/svenska/litteraturanalys-och-lasloggar/forfattarportratt/feed/,200,application/rss+xml,https://web.archive.org/web/20160416034643/http://cwaste.skolbloggen.se:80/svenska/litteraturanalys-och-lasloggar/forfattarportratt/feed/
http://cwaste.skolbloggen.se/svenska/litteraturanalys-och-lasloggar/forfattarportratt/trackback/,other,20160416235826,20160416235826,1,20160416235826,http://cwaste.skolbloggen.se:80/svenska/litteraturanalys-och-lasloggar/forfattarportratt/trackback/,302,text/html,https://web.archive.org/web/20160416235826/http://cwaste.skolbloggen.se:80/svenska/litteraturanalys-och-lasloggar/forfattarportratt/trackback/
http://cwaste.skolbloggen.se/svenska/litteraturanalys-och-lasloggar/laslogg-1-presentation-bokens-inledning-berattarteknik,other,20160916093759,20161017070009,2,20161017070009,http://cwaste.skolbloggen.se:80/svenska/litteraturanalys-och-lasloggar/laslogg-1-presentation-bokens-inledning-berattarteknik,301,text/html,https://web.archive.org/web/20161017070009/http://cwaste.skolbloggen.se:80/svenska/litteraturanalys-och-lasloggar/laslogg-1-presentation-bokens-inledning-berattarteknik
http://cwaste.skolbloggen.se/svenska/litteraturanalys-och-lasloggar/laslogg-1-presentation-bokens-inledning-berattarteknik/,other,20111025085715,20180323111250,9,20180323111250,http://cwaste.skolbloggen.se:80/svenska/litteraturanalys-och-lasloggar/laslogg-1-presentation-bokens-inledning-berattarteknik/,200,text/html,https://web.archive.org/web/20180323111250/http://cwaste.skolbloggen.se:80/svenska/litteraturanalys-och-lasloggar/laslogg-1-presentation-bokens-inledning-berattarteknik/
http://cwaste.skolbloggen.se/svenska/litteraturanalys-och-lasloggar/laslogg-2-miljo-personbeskrivn-huvudkonflikt/,other,20111025085720,20180331174951,8,20180331174951,http://cwaste.skolbloggen.se:80/svenska/litteraturanalys-och-lasloggar/laslogg-2-miljo-personbeskrivn-huvudkonflikt/,200,text/html,https://web.archive.org/web/20180331174951/http://cwaste.skolbloggen.se:80/svenska/litteraturanalys-och-lasloggar/laslogg-2-miljo-personbeskrivn-huvudkonflikt/
http://cwaste.skolbloggen.se/svenska/litteraturanalys-och-lasloggar/laslogg-3-titel-form-dramaturgi-budskap,other,20170506073847,20170506073847,1,20170506073847,http://cwaste.skolbloggen.se:80/svenska/litteraturanalys-och-lasloggar/laslogg-3-titel-form-dramaturgi-budskap,301,text/html,https://web.archive.org/web/20170506073847/http://cwaste.skolbloggen.se:80/svenska/litteraturanalys-och-lasloggar/laslogg-3-titel-form-dramaturgi-budskap
http://cwaste.skolbloggen.se/svenska/litteraturanalys-och-lasloggar/laslogg-3-titel-form-dramaturgi-budskap/,other,20111025090000,20180323111255,8,20180323111255,http://cwaste.skolbloggen.se:80/svenska/litteraturanalys-och-lasloggar/laslogg-3-titel-form-dramaturgi-budskap/,200,text/html,https://web.archive.org/web/20180323111255/http://cwaste.skolbloggen.se:80/svenska/litteraturanalys-och-lasloggar/laslogg-3-titel-form-dramaturgi-budskap/
http://cwaste.skolbloggen.se/svenska/litteraturhistoria,other,20170406103727,20170406103727,1,20170406103727,http://cwaste.skolbloggen.se:80/svenska/litteraturhistoria,301,text/html,https://web.archive.org/web/20170406103727/http://cwaste.skolbloggen.se:80/svenska/litteraturhistoria
http://cwaste.skolbloggen.se/svenska/litteraturhistoria/,other,20110511201913,20180323111529,10,20180323111529,http://cwaste.skolbloggen.se:80/svenska/litteraturhistoria/,200,text/html,https://web.archive.org/web/20180323111529/http://cwaste.skolbloggen.se:80/svenska/litteraturhistoria/
http://cwaste.skolbloggen.se/svenska/litteraturhistoria/1720-upplysningen,other,20170402065227,20170808100209,5,20170808100209,http://cwaste.skolbloggen.se:80/svenska/litteraturhistoria/1720-upplysningen,301,text/html,https://web.archive.org/web/20170808100209/http://cwaste.skolbloggen.se:80/svenska/litteraturhistoria/1720-upplysningen
http://cwaste.skolbloggen.se/svenska/litteraturhistoria/1720-upplysningen/,other,20111025090005,20180323111300,13,20180323111300,http://cwaste.skolbloggen.se:80/svenska/litteraturhistoria/1720-upplysningen/,200,text/html,https://web.archive.org/web/20180323111300/http://cwaste.skolbloggen.se:80/svenska/litteraturhistoria/1720-upplysningen/
http://cwaste.skolbloggen.se/svenska/litteraturhistoria/1790-romantiken/,other,20110511203956,20180321045904,8,20180321045904,http://cwaste.skolbloggen.se:80/svenska/litteraturhistoria/1790-romantiken/,200,text/html,https://web.archive.org/web/20180321045904/http://cwaste.skolbloggen.se:80/svenska/litteraturhistoria/1790-romantiken/
http://cwaste.skolbloggen.se/svenska/litteraturhistoria/1830-realismen/,other,20110511202650,20180323111534,10,20180323111534,http://cwaste.skolbloggen.se:80/svenska/litteraturhistoria/1830-realismen/,200,text/html,https://web.archive.org/web/20180323111534/http://cwaste.skolbloggen.se:80/svenska/litteraturhistoria/1830-realismen/
http://cwaste.skolbloggen.se/svenska/litteraturhistoria/1910-modernismen/,other,20111025090149,20180323111539,9,20180323111539,http://cwaste.skolbloggen.se:80/svenska/litteraturhistoria/1910-modernismen/,200,text/html,https://web.archive.org/web/20180323111539/http://cwaste.skolbloggen.se:80/svenska/litteraturhistoria/1910-modernismen/
http://cwaste.skolbloggen.se/svenska/nationellt-prov-i-svenska-b-kursen,other,20120830181941,20120830181941,1,20120830181941,http://cwaste.skolbloggen.se:80/svenska/nationellt-prov-i-svenska-b-kursen,301,text/html,https://web.archive.org/web/20120830181941/http://cwaste.skolbloggen.se:80/svenska/nationellt-prov-i-svenska-b-kursen
http://cwaste.skolbloggen.se/svenska/nationellt-prov-i-svenska-b-kursen/,other,20111025085537,20180323111305,10,20180323111305,http://cwaste.skolbloggen.se:80/svenska/nationellt-prov-i-svenska-b-kursen/,200,text/html,https://web.archive.org/web/20180323111305/http://cwaste.skolbloggen.se:80/svenska/nationellt-prov-i-svenska-b-kursen/
http://cwaste.skolbloggen.se/svenska/nationellt-prov-i-svenska-b-kursen/feed/,feed,20120901075653,20120901075653,1,20120901075653,http://cwaste.skolbloggen.se:80/svenska/nationellt-prov-i-svenska-b-kursen/feed/,200,text/xml,https://web.archive.org/web/20120901075653/http://cwaste.skolbloggen.se:80/svenska/nationellt-prov-i-svenska-b-kursen/feed/
http://cwaste.skolbloggen.se/svenska/nationellt-prov-i-svenska-b-kursen/nationellt-prov,other,20120830182053,20120830182053,1,20120830182053,http://cwaste.skolbloggen.se:80/svenska/nationellt-prov-i-svenska-b-kursen/nationellt-prov,301,text/html,https://web.archive.org/web/20120830182053/http://cwaste.skolbloggen.se:80/svenska/nationellt-prov-i-svenska-b-kursen/nationellt-prov
http://cwaste.skolbloggen.se/svenska/nationellt-prov-i-svenska-b-kursen/nationellt-prov/,other,20111025085730,20180323111544,11,20180323111544,http://cwaste.skolbloggen.se:80/svenska/nationellt-prov-i-svenska-b-kursen/nationellt-prov/,200,text/html,https://web.archive.org/web/20180323111544/http://cwaste.skolbloggen.se:80/svenska/nationellt-prov-i-svenska-b-kursen/nationellt-prov/
http://cwaste.skolbloggen.se/svenska/nationellt-prov-i-svenska-b-kursen/nationellt-prov/feed/,feed,20120901130124,20120901130124,1,20120901130124,http://cwaste.skolbloggen.se:80/svenska/nationellt-prov-i-svenska-b-kursen/nationellt-prov/feed/,200,text/xml,https://web.archive.org/web/20120901130124/http://cwaste.skolbloggen.se:80/svenska/nationellt-prov-i-svenska-b-kursen/nationellt-prov/feed/
http://cwaste.skolbloggen.se/svenska/nationellt-prov-i-svenska-b-kursen/nationellt-prov/trackback/,other,20120902045911,20120902045911,1,20120902045911,http://cwaste.skolbloggen.se:80/svenska/nationellt-prov-i-svenska-b-kursen/nationellt-prov/trackback/,302,text/html,https://web.archive.org/web/20120902045911/http://cwaste.skolbloggen.se:80/svenska/nationellt-prov-i-svenska-b-kursen/nationellt-prov/trackback/
http://cwaste.skolbloggen.se/svenska/nationellt-prov-i-svenska-b-kursen/trackback/,other,20120902045250,20120902045250,1,20120902045250,http://cwaste.skolbloggen.se:80/svenska/nationellt-prov-i-svenska-b-kursen/trackback/,302,text/html,https://web.archive.org/web/20120902045250/http://cwaste.skolbloggen.se:80/svenska/nationellt-prov-i-svenska-b-kursen/trackback/
http://cwaste.skolbloggen.se/svenska/referera,other,20180226002526,20190823093210,19,20190823093210,http://cwaste.skolbloggen.se:80/svenska/referera,301,text/html,https://web.archive.org/web/20190823093210/http://cwaste.skolbloggen.se:80/svenska/referera
http://cwaste.skolbloggen.se/svenska/referera/,other,20110511054207,20180329124146,11,20180329124146,http://cwaste.skolbloggen.se:80/svenska/referera/,200,text/html,https://web.archive.org/web/20180329124146/http://cwaste.skolbloggen.se:80/svenska/referera/
http://cwaste.skolbloggen.se/svenska/referera/bedomning-av-referat,other,20161213202725,20170808071328,5,20170808071328,http://cwaste.skolbloggen.se:80/svenska/referera/bedomning-av-referat,301,text/html,https://web.archive.org/web/20170808071328/http://cwaste.skolbloggen.se:80/svenska/referera/bedomning-av-referat
http://cwaste.skolbloggen.se/svenska/referera/bedomning-av-referat/,other,20110511201918,20180323075624,14,20180323075624,http://cwaste.skolbloggen.se:80/svenska/referera/bedomning-av-referat/,200,text/html,https://web.archive.org/web/20180323075624/http://cwaste.skolbloggen.se:80/svenska/referera/bedomning-av-referat/
http://cwaste.skolbloggen.se/svenska/referera/ex-pa-kallhanvisning,other,20180226024857,20190823092943,19,20190823092943,http://cwaste.skolbloggen.se:80/svenska/referera/ex-pa-kallhanvisning,301,text/html,https://web.archive.org/web/20190823092943/http://cwaste.skolbloggen.se:80/svenska/referera/ex-pa-kallhanvisning
http://cwaste.skolbloggen.se/svenska/referera/ex-pa-kallhanvisning/,other,20110511054213,20180329122550,14,20180329122550,http://cwaste.skolbloggen.se:80/svenska/referera/ex-pa-kallhanvisning/,200,text/html,https://web.archive.org/web/20180329122550/http://cwaste.skolbloggen.se:80/svenska/referera/ex-pa-kallhanvisning/
http://cwaste.skolbloggen.se/svenska/referera/ex-pa-kallhanvisning/feed/,feed,20180227185238,20180227185238,1,20180227185238,http://cwaste.skolbloggen.se:80/svenska/referera/ex-pa-kallhanvisning/feed/,200,application/rss+xml,https://web.archive.org/web/20180227185238/http://cwaste.skolbloggen.se:80/svenska/referera/ex-pa-kallhanvisning/feed/
http://cwaste.skolbloggen.se/svenska/referera/ex-pa-referatmarkorer,other,20120905181408,20190826201836,38,20190826201836,http://cwaste.skolbloggen.se:80/svenska/referera/ex-pa-referatmarkorer,301,text/html,https://web.archive.org/web/20190826201836/http://cwaste.skolbloggen.se:80/svenska/referera/ex-pa-referatmarkorer
http://cwaste.skolbloggen.se/svenska/referera/ex-pa-referatmarkorer/,other,20110511054042,20180313065533,27,20180313065533,http://cwaste.skolbloggen.se:80/svenska/referera/ex-pa-referatmarkorer/,200,text/html,https://web.archive.org/web/20180313065533/http://cwaste.skolbloggen.se:80/svenska/referera/ex-pa-referatmarkorer/
http://cwaste.skolbloggen.se/svenska/referera/ex-pa-referatmarkorer/feed/,feed,20120909012422,20160709203504,2,20160709203504,http://cwaste.skolbloggen.se:80/svenska/referera/ex-pa-referatmarkorer/feed/,200,application/rss+xml,https://web.archive.org/web/20160709203504/http://cwaste.skolbloggen.se:80/svenska/referera/ex-pa-referatmarkorer/feed/
http://cwaste.skolbloggen.se/svenska/referera/ex-pa-referatmarkorer/trackback/,other,20120910085136,20120910085136,1,20120910085136,http://cwaste.skolbloggen.se:80/svenska/referera/ex-pa-referatmarkorer/trackback/,302,text/html,https://web.archive.org/web/20120910085136/http://cwaste.skolbloggen.se:80/svenska/referera/ex-pa-referatmarkorer/trackback/
http://cwaste.skolbloggen.se/svenska/referera/feed/,feed,20180227113229,20180227113229,1,20180227113229,http://cwaste.skolbloggen.se:80/svenska/referera/feed/,200,application/rss+xml,https://web.archive.org/web/20180227113229/http://cwaste.skolbloggen.se:80/svenska/referera/feed/
http://cwaste.skolbloggen.se/svenska/referera/fler-exempel,other,20160127020442,20190821233949,35,20190821233949,http://cwaste.skolbloggen.se:80/svenska/referera/fler-exempel,301,text/html,https://web.archive.org/web/20190821233949/http://cwaste.skolbloggen.se:80/svenska/referera/fler-exempel
http://cwaste.skolbloggen.se/svenska/referera/fler-exempel/,other,20110511054036,20180329122040,26,20180329122040,http://cwaste.skolbloggen.se:80/svenska/referera/fler-exempel/,200,text/html,https://web.archive.org/web/20180329122040/http://cwaste.skolbloggen.se:80/svenska/referera/fler-exempel/
http://cwaste.skolbloggen.se/svenska/referera/fler-exempel/feed/,feed,20160128165143,20180227113234,3,20180227113234,http://cwaste.skolbloggen.se:80/svenska/referera/fler-exempel/feed/,200,application/rss+xml,https://web.archive.org/web/20180227113234/http://cwaste.skolbloggen.se:80/svenska/referera/fler-exempel/feed/
http://cwaste.skolbloggen.se/svenska/referera/ova-referatskrivning-attityder-kring-sprak/,other,20110511202326,20180323111310,9,20180323111310,http://cwaste.skolbloggen.se:80/svenska/referera/ova-referatskrivning-attityder-kring-sprak/,200,text/html,https://web.archive.org/web/20180323111310/http://cwaste.skolbloggen.se:80/svenska/referera/ova-referatskrivning-attityder-kring-sprak/
http://cwaste.skolbloggen.se/svenska/referera/ova-referatskrivning-klass-o-sprak/,other,20110511201923,20180323111721,10,20180323111721,http://cwaste.skolbloggen.se:80/svenska/referera/ova-referatskrivning-klass-o-sprak/,200,text/html,https://web.archive.org/web/20180323111721/http://cwaste.skolbloggen.se:80/svenska/referera/ova-referatskrivning-klass-o-sprak/
http://cwaste.skolbloggen.se/svenska/referera/ova-referatskrivning-nathat-bland-unga,other,20110510015225,20190806190635,22,20190806190635,http://cwaste.skolbloggen.se:80/svenska/referera/ova-referatskrivning-nathat-bland-unga,301,text/html,https://web.archive.org/web/20190806190635/http://cwaste.skolbloggen.se:80/svenska/referera/ova-referatskrivning-nathat-bland-unga
http://cwaste.skolbloggen.se/svenska/referera/ova-referatskrivning-nathat-bland-unga/,other,20110510015225,20180323195355,15,20180323195355,http://cwaste.skolbloggen.se:80/svenska/referera/ova-referatskrivning-nathat-bland-unga/,200,text/html,https://web.archive.org/web/20180323195355/http://cwaste.skolbloggen.se:80/svenska/referera/ova-referatskrivning-nathat-bland-unga/
http://cwaste.skolbloggen.se/svenska/referera/ova-referatskrivning-nathat-bland-unga/feed/,feed,20110511202329,20110511202329,1,20110511202329,http://cwaste.skolbloggen.se:80/svenska/referera/ova-referatskrivning-nathat-bland-unga/feed/,200,text/xml,https://web.archive.org/web/20110511202329/http://cwaste.skolbloggen.se:80/svenska/referera/ova-referatskrivning-nathat-bland-unga/feed/
http://cwaste.skolbloggen.se/svenska/referera/skriva-referat,other,20120905181545,20180325144743,11,20180325144743,http://cwaste.skolbloggen.se:80/svenska/referera/skriva-referat,301,text/html,https://web.archive.org/web/20180325144743/http://cwaste.skolbloggen.se:80/svenska/referera/skriva-referat
http://cwaste.skolbloggen.se/svenska/referera/skriva-referat/,other,20110511032159,20180331174956,19,20180331174956,http://cwaste.skolbloggen.se:80/svenska/referera/skriva-referat/,200,text/html,https://web.archive.org/web/20180331174956/http://cwaste.skolbloggen.se:80/svenska/referera/skriva-referat/
http://cwaste.skolbloggen.se/svenska/referera/skriva-referat/ex-pa-kallhanvisning/,other,20110511054213,20180227190503,2,20180227190503,http://cwaste.skolbloggen.se:80/svenska/referera/skriva-referat/ex-pa-kallhanvisning/,301,text/html,https://web.archive.org/web/20180227190503/http://cwaste.skolbloggen.se:80/svenska/referera/skriva-referat/ex-pa-kallhanvisning/
http://cwaste.skolbloggen.se/svenska/referera/skriva-referat/ex-pa-referatmarkorer/,other,20110511054042,20180227184909,2,20180227184909,http://cwaste.skolbloggen.se:80/svenska/referera/skriva-referat/ex-pa-referatmarkorer/,301,text/html,https://web.archive.org/web/20180227184909/http://cwaste.skolbloggen.se:80/svenska/referera/skriva-referat/ex-pa-referatmarkorer/
http://cwaste.skolbloggen.se/svenska/referera/skriva-referat/feed/,feed,20120909012208,20160129074530,3,20160129074530,http://cwaste.skolbloggen.se:80/svenska/referera/skriva-referat/feed/,200,application/rss+xml,https://web.archive.org/web/20160129074530/http://cwaste.skolbloggen.se:80/svenska/referera/skriva-referat/feed/
http://cwaste.skolbloggen.se/svenska/referera/skriva-referat/fler-exempel/,other,20110513042911,20110513042911,1,20110513042911,http://cwaste.skolbloggen.se:80/svenska/referera/skriva-referat/fler-exempel/,301,text/html,https://web.archive.org/web/20110513042911/http://cwaste.skolbloggen.se:80/svenska/referera/skriva-referat/fler-exempel/
http://cwaste.skolbloggen.se/svenska/referera/skriva-referat/ova-referatskrivning-klass-o-sprak/,other,20110513042915,20110513042915,1,20110513042915,http://cwaste.skolbloggen.se:80/svenska/referera/skriva-referat/ova-referatskrivning-klass-o-sprak/,301,text/html,https://web.archive.org/web/20110513042915/http://cwaste.skolbloggen.se:80/svenska/referera/skriva-referat/ova-referatskrivning-klass-o-sprak/
http://cwaste.skolbloggen.se/svenska/referera/skriva-referat/ova-referatskrivning-nathat-bland-unga/,other,20110513042921,20110513042921,1,20110513042921,http://cwaste.skolbloggen.se:80/svenska/referera/skriva-referat/ova-referatskrivning-nathat-bland-unga/,301,text/html,https://web.archive.org/web/20110513042921/http://cwaste.skolbloggen.se:80/svenska/referera/skriva-referat/ova-referatskrivning-nathat-bland-unga/
http://cwaste.skolbloggen.se/svenska/referera/skriva-referat/trackback/,other,20120910085140,20120910085140,1,20120910085140,http://cwaste.skolbloggen.se:80/svenska/referera/skriva-referat/trackback/,302,text/html,https://web.archive.org/web/20120910085140/http://cwaste.skolbloggen.se:80/svenska/referera/skriva-referat/trackback/
http://cwaste.skolbloggen.se/svenska/retorik/,other,20110511201933,20180323111549,9,20180323111549,http://cwaste.skolbloggen.se:80/svenska/retorik/,200,text/html,https://web.archive.org/web/20180323111549/http://cwaste.skolbloggen.se:80/svenska/retorik/
http://cwaste.skolbloggen.se/svenska/retorik/ett-exempel-som-inspirerar-mig-vad-tycker-du/,other,20120830055037,20180323111013,8,20180323111013,http://cwaste.skolbloggen.se:80/svenska/retorik/ett-exempel-som-inspirerar-mig-vad-tycker-du/,200,text/html,https://web.archive.org/web/20180323111013/http://cwaste.skolbloggen.se:80/svenska/retorik/ett-exempel-som-inspirerar-mig-vad-tycker-du/
http://cwaste.skolbloggen.se/svenska/samarbetsskrivande/,other,20110511201936,20180323111018,9,20180323111018,http://cwaste.skolbloggen.se:80/svenska/samarbetsskrivande/,200,text/html,https://web.archive.org/web/20180323111018/http://cwaste.skolbloggen.se:80/svenska/samarbetsskrivande/
http://cwaste.skolbloggen.se/svenska/skriva-referat/ex-pa-kallhanvisning/,other,20120910090114,20120910090114,1,20120910090114,http://cwaste.skolbloggen.se:80/svenska/skriva-referat/ex-pa-kallhanvisning/,301,text/html,https://web.archive.org/web/20120910090114/http://cwaste.skolbloggen.se:80/svenska/skriva-referat/ex-pa-kallhanvisning/
http://cwaste.skolbloggen.se/svenska/skriva-referat/ex-pa-referatmarkorer/,other,20120902045049,20120902045049,1,20120902045049,http://cwaste.skolbloggen.se:80/svenska/skriva-referat/ex-pa-referatmarkorer/,301,text/html,https://web.archive.org/web/20120902045049/http://cwaste.skolbloggen.se:80/svenska/skriva-referat/ex-pa-referatmarkorer/
http://cwaste.skolbloggen.se/svenska/skrivprocessen/,other,20110511201941,20180323111321,9,20180323111321,http://cwaste.skolbloggen.se:80/svenska/skrivprocessen/,200,text/html,https://web.archive.org/web/20180323111321/http://cwaste.skolbloggen.se:80/svenska/skrivprocessen/
http://cwaste.skolbloggen.se/svenska/skrivprocessen/kommentera-blogginlagg/,other,20110511202655,20180323111326,9,20180323111326,http://cwaste.skolbloggen.se:80/svenska/skrivprocessen/kommentera-blogginlagg/,200,text/html,https://web.archive.org/web/20180323111326/http://cwaste.skolbloggen.se:80/svenska/skrivprocessen/kommentera-blogginlagg/
http://cwaste.skolbloggen.se/svenska/skrivprocessen/responsgivning/,other,20110511202336,20180323111554,9,20180323111554,http://cwaste.skolbloggen.se:80/svenska/skrivprocessen/responsgivning/,200,text/html,https://web.archive.org/web/20180323111554/http://cwaste.skolbloggen.se:80/svenska/skrivprocessen/responsgivning/
http://cwaste.skolbloggen.se/svenska/skrivprocessen/responsgivning/skriva-kommentarer/,other,20110511202341,20180323111331,9,20180323111331,http://cwaste.skolbloggen.se:80/svenska/skrivprocessen/responsgivning/skriva-kommentarer/,200,text/html,https://web.archive.org/web/20180323111331/http://cwaste.skolbloggen.se:80/svenska/skrivprocessen/responsgivning/skriva-kommentarer/
http://cwaste.skolbloggen.se/svenska/skrivrad/,other,20110511054046,20180323111726,9,20180323111726,http://cwaste.skolbloggen.se:80/svenska/skrivrad/,200,text/html,https://web.archive.org/web/20180323111726/http://cwaste.skolbloggen.se:80/svenska/skrivrad/
http://cwaste.skolbloggen.se/svenska/skrivrad/nagra-vanliga-misstag,other,20160410154346,20160610190717,3,20160610190717,http://cwaste.skolbloggen.se:80/svenska/skrivrad/nagra-vanliga-misstag,301,text/html,https://web.archive.org/web/20160610190717/http://cwaste.skolbloggen.se:80/svenska/skrivrad/nagra-vanliga-misstag
http://cwaste.skolbloggen.se/svenska/skrivrad/nagra-vanliga-misstag/,other,20111025085558,20180323111732,11,20180323111732,http://cwaste.skolbloggen.se:80/svenska/skrivrad/nagra-vanliga-misstag/,200,text/html,https://web.archive.org/web/20180323111732/http://cwaste.skolbloggen.se:80/svenska/skrivrad/nagra-vanliga-misstag/
http://cwaste.skolbloggen.se/svenska/skrivrad/nagra-vanliga-misstag/feed/,feed,20160412223232,20160412223232,1,20160412223232,http://cwaste.skolbloggen.se:80/svenska/skrivrad/nagra-vanliga-misstag/feed/,200,application/rss+xml,https://web.archive.org/web/20160412223232/http://cwaste.skolbloggen.se:80/svenska/skrivrad/nagra-vanliga-misstag/feed/
http://cwaste.skolbloggen.se/svenska/soka-jobb/,other,20110511202346,20180323111336,9,20180323111336,http://cwaste.skolbloggen.se:80/svenska/soka-jobb/,200,text/html,https://web.archive.org/web/20180323111336/http://cwaste.skolbloggen.se:80/svenska/soka-jobb/
http://cwaste.skolbloggen.se/svenska/sprakhistoria/,other,20110511204001,20180323111341,9,20180323111341,http://cwaste.skolbloggen.se:80/svenska/sprakhistoria/,200,text/html,https://web.archive.org/web/20180323111341/http://cwaste.skolbloggen.se:80/svenska/sprakhistoria/
http://cwaste.skolbloggen.se/svenska/talovningar,other,20160331090008,20170607021252,7,20170607021252,http://cwaste.skolbloggen.se:80/svenska/talovningar,301,text/html,https://web.archive.org/web/20170607021252/http://cwaste.skolbloggen.se:80/svenska/talovningar
http://cwaste.skolbloggen.se/svenska/talovningar/,other,20110511204006,20180323111737,15,20180323111737,http://cwaste.skolbloggen.se:80/svenska/talovningar/,200,text/html,https://web.archive.org/web/20180323111737/http://cwaste.skolbloggen.se:80/svenska/talovningar/
http://cwaste.skolbloggen.se/svenska/talovningar/feed/,feed,20160402025703,20160402025703,1,20160402025703,http://cwaste.skolbloggen.se:80/svenska/talovningar/feed/,200,application/rss+xml,https://web.archive.org/web/20160402025703/http://cwaste.skolbloggen.se:80/svenska/talovningar/feed/
http://cwaste.skolbloggen.se/svenska/talovningar/trackback/,other,20160402214914,20160402214914,1,20160402214914,http://cwaste.skolbloggen.se:80/svenska/talovningar/trackback/,302,text/html,https://web.archive.org/web/20160402214914/http://cwaste.skolbloggen.se:80/svenska/talovningar/trackback/
http://cwaste.skolbloggen.se/tag/erfarenheter/,tag,20100227124738,20100227124738,1,20100227124738,http://cwaste.skolbloggen.se:80/tag/erfarenheter/,200,text/html,https://web.archive.org/web/20100227124738/http://cwaste.skolbloggen.se:80/tag/erfarenheter/
http://cwaste.skolbloggen.se/tag/forvantningar/,tag,20100227124743,20100227124743,1,20100227124743,http://cwaste.skolbloggen.se:80/tag/forvantningar/,200,text/html,https://web.archive.org/web/20100227124743/http://cwaste.skolbloggen.se:80/tag/forvantningar/
http://cwaste.skolbloggen.se/tag/introduktion/,tag,20100227062439,20100227062439,1,20100227062439,http://cwaste.skolbloggen.se:80/tag/introduktion/,200,text/html,https://web.archive.org/web/20100227062439/http://cwaste.skolbloggen.se:80/tag/introduktion/
http://cwaste.skolbloggen.se/tag/kursmal/,tag,20100227124748,20100227124748,1,20100227124748,http://cwaste.skolbloggen.se:80/tag/kursmal/,200,text/html,https://web.archive.org/web/20100227124748/http://cwaste.skolbloggen.se:80/tag/kursmal/
http://cwaste.skolbloggen.se/tag/kursplan/,tag,20100227124753,20100227124753,1,20100227124753,http://cwaste.skolbloggen.se:80/tag/kursplan/,200,text/html,https://web.archive.org/web/20100227124753/http://cwaste.skolbloggen.se:80/tag/kursplan/
http://cwaste.skolbloggen.se/tag/presentation/,tag,20100227124758,20100227124758,1,20100227124758,http://cwaste.skolbloggen.se:80/tag/presentation/,200,text/html,https://web.archive.org/web/20100227124758/http://cwaste.skolbloggen.se:80/tag/presentation/
http://cwaste.skolbloggen.se/tag/skolverket/,tag,20100227123332,20100227123332,1,20100227123332,http://cwaste.skolbloggen.se:80/tag/skolverket/,200,text/html,https://web.archive.org/web/20100227123332/http://cwaste.skolbloggen.se:80/tag/skolverket/
http://cwaste.skolbloggen.se/tag/svenska-b/,tag,20100227124803,20100227124803,1,20100227124803,http://cwaste.skolbloggen.se:80/tag/svenska-b/,200,text/html,https://web.archive.org/web/20100227124803/http://cwaste.skolbloggen.se:80/tag/svenska-b/
http://cwaste.skolbloggen.se/tag/vecka-2/,tag,20100227123337,20100227123337,1,20100227123337,http://cwaste.skolbloggen.se:80/tag/vecka-2/,200,text/html,https://web.archive.org/web/20100227123337/http://cwaste.skolbloggen.se:80/tag/vecka-2/
http://cwaste.skolbloggen.se/tag/vecka-3/,tag,20100227123342,20100227123342,1,20100227123342,http://cwaste.skolbloggen.se:80/tag/vecka-3/,200,text/html,https://web.archive.org/web/20100227123342/http://cwaste.skolbloggen.se:80/tag/vecka-3/
http://cwaste.skolbloggen.se/wp-admin/,other,20100227124304,20100227124304,1,20100227124304,http://cwaste.skolbloggen.se:80/wp-admin/,302,text/html,https://web.archive.org/web/20100227124304/http://cwaste.skolbloggen.se:80/wp-admin/
http://cwaste.skolbloggen.se/wp-admin/admin-ajax.php,other,20160128155915,20160920044342,3,20160920044342,http://cwaste.skolbloggen.se:80/wp-admin/admin-ajax.php,200,text/html,https://web.archive.org/web/20160920044342/http://cwaste.skolbloggen.se:80/wp-admin/admin-ajax.php
http://cwaste.skolbloggen.se/wp-comments-post.php,other,20110511204008,20120830055516,3,20120830055516,http://cwaste.skolbloggen.se:80/wp-comments-post.php,405,text/plain,https://web.archive.org/web/20120830055516/http://cwaste.skolbloggen.se:80/wp-comments-post.php
http://cwaste.skolbloggen.se/wp-content/mu-plugins/anarchy_media/anarchy_media_player.php?anarchy.js,other,20100227124308,20111025090224,4,20111025090224,http://cwaste.skolbloggen.se:80/wp-content/mu-plugins/anarchy_media/anarchy_media_player.php?anarchy.js,200,text/javascript,https://web.archive.org/web/20111025090224/http://cwaste.skolbloggen.se:80/wp-content/mu-plugins/anarchy_media/anarchy_media_player.php?anarchy.js
http://cwaste.skolbloggen.se/wp-content/mu-plugins/wp-recaptcha/recaptcha.css,other,20100824212222,20100824212222,1,20100824212222,http://cwaste.skolbloggen.se/wp-content/mu-plugins/wp-recaptcha/recaptcha.css,200,text/css,https://web.archive.org/web/20100824212222/http://cwaste.skolbloggen.se/wp-content/mu-plugins/wp-recaptcha/recaptcha.css
http://cwaste.skolbloggen.se/wp-content/plugins/admin-bar-login/admin-bar-login.css?ver=1.0.1,other,20180308034456,20180308034456,1,20180308034456,http://cwaste.skolbloggen.se/wp-content/plugins/admin-bar-login/admin-bar-login.css?ver=1.0.1,200,text/css,https://web.archive.org/web/20180308034456/http://cwaste.skolbloggen.se/wp-content/plugins/admin-bar-login/admin-bar-login.css?ver=1.0.1
http://cwaste.skolbloggen.se/wp-content/plugins/admin-bar-login/admin-bar-login.css?ver=761af2ca77b52d7047b2224a7b120f13,other,20160624154624,20160624154624,1,20160624154624,http://cwaste.skolbloggen.se/wp-content/plugins/admin-bar-login/admin-bar-login.css?ver=761af2ca77b52d7047b2224a7b120f13,200,text/css,https://web.archive.org/web/20160624154624/http://cwaste.skolbloggen.se/wp-content/plugins/admin-bar-login/admin-bar-login.css?ver=761af2ca77b52d7047b2224a7b120f13
http://cwaste.skolbloggen.se/wp-content/plugins/buddypress/bp-core/css/buddybar.min.css?ver=2.5.1,other,20160804030822,20160804030822,1,20160804030822,http://cwaste.skolbloggen.se/wp-content/plugins/buddypress/bp-core/css/buddybar.min.css?ver=2.5.1,200,text/css,https://web.archive.org/web/20160804030822/http://cwaste.skolbloggen.se/wp-content/plugins/buddypress/bp-core/css/buddybar.min.css?ver=2.5.1
http://cwaste.skolbloggen.se/wp-content/plugins/buddypress/bp-core/css/buddybar.min.css?ver=761af2ca77b52d7047b2224a7b120f13,other,20160624095644,20160624095644,1,20160624095644,http://cwaste.skolbloggen.se/wp-content/plugins/buddypress/bp-core/css/buddybar.min.css?ver=761af2ca77b52d7047b2224a7b120f13,200,text/css,https://web.archive.org/web/20160624095644/http://cwaste.skolbloggen.se/wp-content/plugins/buddypress/bp-core/css/buddybar.min.css?ver=761af2ca77b52d7047b2224a7b120f13
http://cwaste.skolbloggen.se/wp-content/plugins/buddypress/bp-core/images/60pc_black.png,media,20160803211003,20160803211003,1,20160803211003,http://cwaste.skolbloggen.se/wp-content/plugins/buddypress/bp-core/images/60pc_black.png,200,image/png,https://web.archive.org/web/20160803211003/http://cwaste.skolbloggen.se/wp-content/plugins/buddypress/bp-core/images/60pc_black.png
http://cwaste.skolbloggen.se/wp-content/plugins/buddypress/bp-core/images/admin-menu-arrow.gif,media,20160803210007,20160803210007,1,20160803210007,http://cwaste.skolbloggen.se/wp-content/plugins/buddypress/bp-core/images/admin-menu-arrow.gif,200,image/gif,https://web.archive.org/web/20160803210007/http://cwaste.skolbloggen.se/wp-content/plugins/buddypress/bp-core/images/admin-menu-arrow.gif
http://cwaste.skolbloggen.se/wp-content/plugins/buddypress/bp-core/js/confirm.min.js?ver=2.5.1,other,20160804025312,20160804025312,1,20160804025312,http://cwaste.skolbloggen.se/wp-content/plugins/buddypress/bp-core/js/confirm.min.js?ver=2.5.1,200,application/javascript,https://web.archive.org/web/20160804025312/http://cwaste.skolbloggen.se/wp-content/plugins/buddypress/bp-core/js/confirm.min.js?ver=2.5.1
http://cwaste.skolbloggen.se/wp-content/plugins/buddypress/bp-core/js/confirm.min.js?ver=761af2ca77b52d7047b2224a7b120f13,other,20160624093831,20160624093831,1,20160624093831,http://cwaste.skolbloggen.se/wp-content/plugins/buddypress/bp-core/js/confirm.min.js?ver=761af2ca77b52d7047b2224a7b120f13,200,application/javascript,https://web.archive.org/web/20160624093831/http://cwaste.skolbloggen.se/wp-content/plugins/buddypress/bp-core/js/confirm.min.js?ver=761af2ca77b52d7047b2224a7b120f13
http://cwaste.skolbloggen.se/wp-content/plugins/buddypress/bp-core/js/jquery-cookie.min.js?ver=761af2ca77b52d7047b2224a7b120f13,other,20160624160202,20160624160202,1,20160624160202,http://cwaste.skolbloggen.se/wp-content/plugins/buddypress/bp-core/js/jquery-cookie.min.js?ver=761af2ca77b52d7047b2224a7b120f13,200,application/javascript,https://web.archive.org/web/20160624160202/http://cwaste.skolbloggen.se/wp-content/plugins/buddypress/bp-core/js/jquery-cookie.min.js?ver=761af2ca77b52d7047b2224a7b120f13
http://cwaste.skolbloggen.se/wp-content/plugins/buddypress/bp-core/js/jquery-query.min.js?ver=2.5.1,other,20160804030736,20160804030736,1,20160804030736,http://cwaste.skolbloggen.se/wp-content/plugins/buddypress/bp-core/js/jquery-query.min.js?ver=2.5.1,200,application/javascript,https://web.archive.org/web/20160804030736/http://cwaste.skolbloggen.se/wp-content/plugins/buddypress/bp-core/js/jquery-query.min.js?ver=2.5.1
http://cwaste.skolbloggen.se/wp-content/plugins/buddypress/bp-core/js/jquery-query.min.js?ver=761af2ca77b52d7047b2224a7b120f13,other,20160624094154,20160624094154,1,20160624094154,http://cwaste.skolbloggen.se/wp-content/plugins/buddypress/bp-core/js/jquery-query.min.js?ver=761af2ca77b52d7047b2224a7b120f13,200,application/javascript,https://web.archive.org/web/20160624094154/http://cwaste.skolbloggen.se/wp-content/plugins/buddypress/bp-core/js/jquery-query.min.js?ver=761af2ca77b52d7047b2224a7b120f13
http://cwaste.skolbloggen.se/wp-content/plugins/buddypress/bp-core/js/jquery-scroll-to.min.js?ver=761af2ca77b52d7047b2224a7b120f13,other,20160624094938,20160624094938,1,20160624094938,http://cwaste.skolbloggen.se/wp-content/plugins/buddypress/bp-core/js/jquery-scroll-to.min.js?ver=761af2ca77b52d7047b2224a7b120f13,200,application/javascript,https://web.archive.org/web/20160624094938/http://cwaste.skolbloggen.se/wp-content/plugins/buddypress/bp-core/js/jquery-scroll-to.min.js?ver=761af2ca77b52d7047b2224a7b120f13
http://cwaste.skolbloggen.se/wp-content/plugins/buddypress/bp-core/js/widget-members.min.js?ver=2.5.1,other,20160804030819,20160804030819,1,20160804030819,http://cwaste.skolbloggen.se/wp-content/plugins/buddypress/bp-core/js/widget-members.min.js?ver=2.5.1,200,application/javascript,https://web.archive.org/web/20160804030819/http://cwaste.skolbloggen.se/wp-content/plugins/buddypress/bp-core/js/widget-members.min.js?ver=2.5.1
http://cwaste.skolbloggen.se/wp-content/plugins/buddypress/bp-core/js/widget-members.min.js?ver=761af2ca77b52d7047b2224a7b120f13,other,20160624154045,20160624154045,1,20160624154045,http://cwaste.skolbloggen.se/wp-content/plugins/buddypress/bp-core/js/widget-members.min.js?ver=761af2ca77b52d7047b2224a7b120f13,200,application/javascript,https://web.archive.org/web/20160624154045/http://cwaste.skolbloggen.se/wp-content/plugins/buddypress/bp-core/js/widget-members.min.js?ver=761af2ca77b52d7047b2224a7b120f13
http://cwaste.skolbloggen.se/wp-content/plugins/buddypress/bp-templates/bp-legacy/js/buddypress.min.js?ver=2.5.1,other,20160804030815,20160804030815,1,20160804030815,http://cwaste.skolbloggen.se/wp-content/plugins/buddypress/bp-templates/bp-legacy/js/buddypress.min.js?ver=2.5.1,200,application/javascript,https://web.archive.org/web/20160804030815/http://cwaste.skolbloggen.se/wp-content/plugins/buddypress/bp-templates/bp-legacy/js/buddypress.min.js?ver=2.5.1
http://cwaste.skolbloggen.se/wp-content/plugins/buddypress/bp-templates/bp-legacy/js/buddypress.min.js?ver=761af2ca77b52d7047b2224a7b120f13,other,20160624093932,20160624093932,1,20160624093932,http://cwaste.skolbloggen.se/wp-content/plugins/buddypress/bp-templates/bp-legacy/js/buddypress.min.js?ver=761af2ca77b52d7047b2224a7b120f13,200,application/javascript,https://web.archive.org/web/20160624093932/http://cwaste.skolbloggen.se/wp-content/plugins/buddypress/bp-templates/bp-legacy/js/buddypress.min.js?ver=761af2ca77b52d7047b2224a7b120f13
http://cwaste.skolbloggen.se/wp-content/plugins/buddypress/bp-themes/bp-default/_inc/css/adminbar.css?ver=2.9.2,other,20100824212104,20100824212104,1,20100824212104,http://cwaste.skolbloggen.se/wp-content/plugins/buddypress/bp-themes/bp-default/_inc/css/adminbar.css?ver=2.9.2,200,text/css,https://web.archive.org/web/20100824212104/http://cwaste.skolbloggen.se/wp-content/plugins/buddypress/bp-themes/bp-default/_inc/css/adminbar.css?ver=2.9.2
http://cwaste.skolbloggen.se/wp-content/plugins/pro-sites/pro-sites-files/js/tax.js?ver=3.5.2,other,20160804030812,20160804030812,1,20160804030812,http://cwaste.skolbloggen.se/wp-content/plugins/pro-sites/pro-sites-files/js/tax.js?ver=3.5.2,200,application/javascript,https://web.archive.org/web/20160804030812/http://cwaste.skolbloggen.se/wp-content/plugins/pro-sites/pro-sites-files/js/tax.js?ver=3.5.2
http://cwaste.skolbloggen.se/wp-content/plugins/pro-sites/pro-sites-files/js/tax.js?ver=3.5.8,other,20180308084401,20180308084401,1,20180308084401,http://cwaste.skolbloggen.se/wp-content/plugins/pro-sites/pro-sites-files/js/tax.js?ver=3.5.8,200,application/javascript,https://web.archive.org/web/20180308084401/http://cwaste.skolbloggen.se/wp-content/plugins/pro-sites/pro-sites-files/js/tax.js?ver=3.5.8
http://cwaste.skolbloggen.se/wp-content/plugins/pro-sites/pro-sites-files/js/tax.js?ver=761af2ca77b52d7047b2224a7b120f13,other,20160624154102,20160624154102,1,20160624154102,http://cwaste.skolbloggen.se/wp-content/plugins/pro-sites/pro-sites-files/js/tax.js?ver=761af2ca77b52d7047b2224a7b120f13,200,application/javascript,https://web.archive.org/web/20160624154102/http://cwaste.skolbloggen.se/wp-content/plugins/pro-sites/pro-sites-files/js/tax.js?ver=761af2ca77b52d7047b2224a7b120f13
http://cwaste.skolbloggen.se/wp-content/themes/carrington-blog.2.0/carrington-blog/carrington-core/lightbox/css/thickbox.css,other,20100824212243,20180308073005,3,20160629091722,http://cwaste.skolbloggen.se/wp-content/themes/carrington-blog.2.0/carrington-blog/carrington-core/lightbox/css/thickbox.css,200,text/css,https://web.archive.org/web/20160629091722/http://cwaste.skolbloggen.se/wp-content/themes/carrington-blog.2.0/carrington-blog/carrington-core/lightbox/css/thickbox.css
http://cwaste.skolbloggen.se/wp-content/themes/carrington-blog.2.0/carrington-blog/carrington-core/lightbox/img/blank.gif,media,20160804025319,20180315181855,2,20160804025319,http://cwaste.skolbloggen.se/wp-content/themes/carrington-blog.2.0/carrington-blog/carrington-core/lightbox/img/blank.gif,200,image/gif,https://web.archive.org/web/20160804025319/http://cwaste.skolbloggen.se/wp-content/themes/carrington-blog.2.0/carrington-blog/carrington-core/lightbox/img/blank.gif
http://cwaste.skolbloggen.se/wp-content/themes/carrington-blog.2.0/carrington-blog/carrington-core/lightbox/img/loadingAnimation.gif,media,20100824212252,20100824212252,1,20100824212252,http://cwaste.skolbloggen.se/wp-content/themes/carrington-blog.2.0/carrington-blog/carrington-core/lightbox/img/loadingAnimation.gif,200,image/gif,https://web.archive.org/web/20100824212252/http://cwaste.skolbloggen.se/wp-content/themes/carrington-blog.2.0/carrington-blog/carrington-core/lightbox/img/loadingAnimation.gif
http://cwaste.skolbloggen.se/wp-content/themes/carrington-blog.2.0/carrington-blog/carrington-core/lightbox/img/macFFBgHack.png,media,20160804025410,20180315170301,2,20160804025410,http://cwaste.skolbloggen.se/wp-content/themes/carrington-blog.2.0/carrington-blog/carrington-core/lightbox/img/macFFBgHack.png,200,image/png,https://web.archive.org/web/20160804025410/http://cwaste.skolbloggen.se/wp-content/themes/carrington-blog.2.0/carrington-blog/carrington-core/lightbox/img/macFFBgHack.png
http://cwaste.skolbloggen.se/wp-content/themes/carrington-blog.2.0/carrington-blog/carrington-core/lightbox/thickbox.js?ver=1.0,other,20100824212135,20180308035800,2,20100824212135,http://cwaste.skolbloggen.se/wp-content/themes/carrington-blog.2.0/carrington-blog/carrington-core/lightbox/thickbox.js?ver=1.0,200,application/javascript,https://web.archive.org/web/20100824212135/http://cwaste.skolbloggen.se/wp-content/themes/carrington-blog.2.0/carrington-blog/carrington-core/lightbox/thickbox.js?ver=1.0
http://cwaste.skolbloggen.se/wp-content/themes/carrington-blog.2.0/carrington-blog/carrington-core/lightbox/thickbox.js?ver=761af2ca77b52d7047b2224a7b120f13,other,20160624100451,20160624100451,1,20160624100451,http://cwaste.skolbloggen.se/wp-content/themes/carrington-blog.2.0/carrington-blog/carrington-core/lightbox/thickbox.js?ver=761af2ca77b52d7047b2224a7b120f13,200,application/javascript,https://web.archive.org/web/20160624100451/http://cwaste.skolbloggen.se/wp-content/themes/carrington-blog.2.0/carrington-blog/carrington-core/lightbox/thickbox.js?ver=761af2ca77b52d7047b2224a7b120f13
http://cwaste.skolbloggen.se/wp-content/themes/carrington-blog.2.0/carrington-blog/css/css.php,other,20100824212056,20180308031241,3,20160624093856,http://cwaste.skolbloggen.se/wp-content/themes/carrington-blog.2.0/carrington-blog/css/css.php,200,text/css,https://web.archive.org/web/20160624093856/http://cwaste.skolbloggen.se/wp-content/themes/carrington-blog.2.0/carrington-blog/css/css.php
http://cwaste.skolbloggen.se/wp-content/themes/carrington-blog.2.0/carrington-blog/css/ie.css,other,20160624095406,20180308040246,2,20160624095406,http://cwaste.skolbloggen.se/wp-content/themes/carrington-blog.2.0/carrington-blog/css/ie.css,200,text/css,https://web.archive.org/web/20160624095406/http://cwaste.skolbloggen.se/wp-content/themes/carrington-blog.2.0/carrington-blog/css/ie.css
http://cwaste.skolbloggen.se/wp-content/themes/carrington-blog.2.0/carrington-blog/css/ie6.css,other,20160624095741,20180308041513,2,20160624095741,http://cwaste.skolbloggen.se/wp-content/themes/carrington-blog.2.0/carrington-blog/css/ie6.css,200,text/css,https://web.archive.org/web/20160624095741/http://cwaste.skolbloggen.se/wp-content/themes/carrington-blog.2.0/carrington-blog/css/ie6.css
http://cwaste.skolbloggen.se/wp-content/themes/carrington-blog.2.0/carrington-blog/css/iepngfix.htc,other,20160629091937,20180308085046,2,20160629091937,http://cwaste.skolbloggen.se/wp-content/themes/carrington-blog.2.0/carrington-blog/css/iepngfix.htc,200,text/x-component,https://web.archive.org/web/20160629091937/http://cwaste.skolbloggen.se/wp-content/themes/carrington-blog.2.0/carrington-blog/css/iepngfix.htc
http://cwaste.skolbloggen.se/wp-content/themes/carrington-blog.2.0/carrington-blog/img/arrow-bullet.gif,media,20160803210925,20180314203851,2,20160803210925,http://cwaste.skolbloggen.se/wp-content/themes/carrington-blog.2.0/carrington-blog/img/arrow-bullet.gif,200,image/gif,https://web.archive.org/web/20160803210925/http://cwaste.skolbloggen.se/wp-content/themes/carrington-blog.2.0/carrington-blog/img/arrow-bullet.gif
http://cwaste.skolbloggen.se/wp-content/themes/carrington-blog.2.0/carrington-blog/img/attachment/150px-flourish-left-dark.png,media,20160803205511,20180314184452,2,20160803205511,http://cwaste.skolbloggen.se/wp-content/themes/carrington-blog.2.0/carrington-blog/img/attachment/150px-flourish-left-dark.png,200,image/png,https://web.archive.org/web/20160803205511/http://cwaste.skolbloggen.se/wp-content/themes/carrington-blog.2.0/carrington-blog/img/attachment/150px-flourish-left-dark.png
http://cwaste.skolbloggen.se/wp-content/themes/carrington-blog.2.0/carrington-blog/img/attachment/150px-flourish-right-dark.png,media,20160803205332,20180314182504,2,20160803205332,http://cwaste.skolbloggen.se/wp-content/themes/carrington-blog.2.0/carrington-blog/img/attachment/150px-flourish-right-dark.png,200,image/png,https://web.archive.org/web/20160803205332/http://cwaste.skolbloggen.se/wp-content/themes/carrington-blog.2.0/carrington-blog/img/attachment/150px-flourish-right-dark.png
http://cwaste.skolbloggen.se/wp-content/themes/carrington-blog.2.0/carrington-blog/img/comment-thread.gif,media,20160803205407,20180314183409,2,20160803205407,http://cwaste.skolbloggen.se/wp-content/themes/carrington-blog.2.0/carrington-blog/img/comment-thread.gif,200,image/gif,https://web.archive.org/web/20160803205407/http://cwaste.skolbloggen.se/wp-content/themes/carrington-blog.2.0/carrington-blog/img/comment-thread.gif
http://cwaste.skolbloggen.se/wp-content/themes/carrington-blog.2.0/carrington-blog/img/comment.gif,media,20160803210813,20160803210813,1,20160803210813,http://cwaste.skolbloggen.se/wp-content/themes/carrington-blog.2.0/carrington-blog/img/comment.gif,200,image/gif,https://web.archive.org/web/20160803210813/http://cwaste.skolbloggen.se/wp-content/themes/carrington-blog.2.0/carrington-blog/img/comment.gif
http://cwaste.skolbloggen.se/wp-content/themes/carrington-blog.2.0/carrington-blog/img/comments-divider.gif,media,20160803205519,20180314184606,2,20160803205519,http://cwaste.skolbloggen.se/wp-content/themes/carrington-blog.2.0/carrington-blog/img/comments-divider.gif,200,image/gif,https://web.archive.org/web/20160803205519/http://cwaste.skolbloggen.se/wp-content/themes/carrington-blog.2.0/carrington-blog/img/comments-divider.gif
http://cwaste.skolbloggen.se/wp-content/themes/carrington-blog.2.0/carrington-blog/img/divider-ornament-wide-dark.png,media,20160803210713,20180314202324,2,20160803210713,http://cwaste.skolbloggen.se/wp-content/themes/carrington-blog.2.0/carrington-blog/img/divider-ornament-wide-dark.png,200,image/png,https://web.archive.org/web/20160803210713/http://cwaste.skolbloggen.se/wp-content/themes/carrington-blog.2.0/carrington-blog/img/divider-ornament-wide-dark.png
http://cwaste.skolbloggen.se/wp-content/themes/carrington-blog.2.0/carrington-blog/img/divider-ornament.gif,media,20160803211423,20180314211351,2,20160803211423,http://cwaste.skolbloggen.se/wp-content/themes/carrington-blog.2.0/carrington-blog/img/divider-ornament.gif,200,image/gif,https://web.archive.org/web/20160803211423/http://cwaste.skolbloggen.se/wp-content/themes/carrington-blog.2.0/carrington-blog/img/divider-ornament.gif
http://cwaste.skolbloggen.se/wp-content/themes/carrington-blog.2.0/carrington-blog/img/dropdown-divider.gif,media,20160803205742,20180314190748,2,20160803205742,http://cwaste.skolbloggen.se/wp-content/themes/carrington-blog.2.0/carrington-blog/img/dropdown-divider.gif,200,image/gif,https://web.archive.org/web/20160803205742/http://cwaste.skolbloggen.se/wp-content/themes/carrington-blog.2.0/carrington-blog/img/dropdown-divider.gif
http://cwaste.skolbloggen.se/wp-content/themes/carrington-blog.2.0/carrington-blog/img/footer/by-crowd-favorite-light.png,media,20160803211404,20180314210946,2,20160803211404,http://cwaste.skolbloggen.se/wp-content/themes/carrington-blog.2.0/carrington-blog/img/footer/by-crowd-favorite-light.png,200,image/png,https://web.archive.org/web/20160803211404/http://cwaste.skolbloggen.se/wp-content/themes/carrington-blog.2.0/carrington-blog/img/footer/by-crowd-favorite-light.png
http://cwaste.skolbloggen.se/wp-content/themes/carrington-blog.2.0/carrington-blog/img/footer/divider-ornament-wide-light.png,media,20160803211451,20180314211739,2,20160803211451,http://cwaste.skolbloggen.se/wp-content/themes/carrington-blog.2.0/carrington-blog/img/footer/divider-ornament-wide-light.png,200,image/png,https://web.archive.org/web/20160803211451/http://cwaste.skolbloggen.se/wp-content/themes/carrington-blog.2.0/carrington-blog/img/footer/divider-ornament-wide-light.png
http://cwaste.skolbloggen.se/wp-content/themes/carrington-blog.2.0/carrington-blog/img/footer/gradient-dark.png,media,20160803205601,20180314185242,2,20160803205601,http://cwaste.skolbloggen.se/wp-content/themes/carrington-blog.2.0/carrington-blog/img/footer/gradient-dark.png,200,image/png,https://web.archive.org/web/20160803205601/http://cwaste.skolbloggen.se/wp-content/themes/carrington-blog.2.0/carrington-blog/img/footer/gradient-dark.png
http://cwaste.skolbloggen.se/wp-content/themes/carrington-blog.2.0/carrington-blog/img/grey-to-white-gradient.png,media,20160803205607,20160803205607,1,20160803205607,http://cwaste.skolbloggen.se/wp-content/themes/carrington-blog.2.0/carrington-blog/img/grey-to-white-gradient.png,200,image/png,https://web.archive.org/web/20160803205607/http://cwaste.skolbloggen.se/wp-content/themes/carrington-blog.2.0/carrington-blog/img/grey-to-white-gradient.png
http://cwaste.skolbloggen.se/wp-content/themes/carrington-blog.2.0/carrington-blog/img/header/gradient-dark.png,media,20160803205929,20180314192301,2,20160803205929,http://cwaste.skolbloggen.se/wp-content/themes/carrington-blog.2.0/carrington-blog/img/header/gradient-dark.png,200,image/png,https://web.archive.org/web/20160803205929/http://cwaste.skolbloggen.se/wp-content/themes/carrington-blog.2.0/carrington-blog/img/header/gradient-dark.png
http://cwaste.skolbloggen.se/wp-content/themes/carrington-blog.2.0/carrington-blog/img/header/texture-dark.png,media,20160803211439,20180314211549,2,20160803211439,http://cwaste.skolbloggen.se/wp-content/themes/carrington-blog.2.0/carrington-blog/img/header/texture-dark.png,200,image/png,https://web.archive.org/web/20160803211439/http://cwaste.skolbloggen.se/wp-content/themes/carrington-blog.2.0/carrington-blog/img/header/texture-dark.png
http://cwaste.skolbloggen.se/wp-content/themes/carrington-blog.2.0/carrington-blog/img/header/texture-light.png,media,20160803211528,20180314212249,2,20160803211528,http://cwaste.skolbloggen.se/wp-content/themes/carrington-blog.2.0/carrington-blog/img/header/texture-light.png,200,image/png,https://web.archive.org/web/20160803211528/http://cwaste.skolbloggen.se/wp-content/themes/carrington-blog.2.0/carrington-blog/img/header/texture-light.png
http://cwaste.skolbloggen.se/wp-content/themes/carrington-blog.2.0/carrington-blog/img/ie/by-crowd-favorite.gif,media,20160803205506,20180314223202,2,20160803205506,http://cwaste.skolbloggen.se/wp-content/themes/carrington-blog.2.0/carrington-blog/img/ie/by-crowd-favorite.gif,200,image/gif,https://web.archive.org/web/20160803205506/http://cwaste.skolbloggen.se/wp-content/themes/carrington-blog.2.0/carrington-blog/img/ie/by-crowd-favorite.gif
http://cwaste.skolbloggen.se/wp-content/themes/carrington-blog.2.0/carrington-blog/img/lightbox/nextlabel.gif,media,20160803210042,20180314193523,2,20160803210042,http://cwaste.skolbloggen.se/wp-content/themes/carrington-blog.2.0/carrington-blog/img/lightbox/nextlabel.gif,200,image/gif,https://web.archive.org/web/20160803210042/http://cwaste.skolbloggen.se/wp-content/themes/carrington-blog.2.0/carrington-blog/img/lightbox/nextlabel.gif
http://cwaste.skolbloggen.se/wp-content/themes/carrington-blog.2.0/carrington-blog/img/lightbox/prevlabel.gif,media,20160803211155,20180314205403,2,20160803211155,http://cwaste.skolbloggen.se/wp-content/themes/carrington-blog.2.0/carrington-blog/img/lightbox/prevlabel.gif,200,image/gif,https://web.archive.org/web/20160803211155/http://cwaste.skolbloggen.se/wp-content/themes/carrington-blog.2.0/carrington-blog/img/lightbox/prevlabel.gif
http://cwaste.skolbloggen.se/wp-content/themes/carrington-blog.2.0/carrington-blog/img/rss-button.gif,media,20100824212327,20180308041821,3,20160624095838,http://cwaste.skolbloggen.se/wp-content/themes/carrington-blog.2.0/carrington-blog/img/rss-button.gif,200,image/gif,https://web.archive.org/web/20160624095838/http://cwaste.skolbloggen.se/wp-content/themes/carrington-blog.2.0/carrington-blog/img/rss-button.gif
http://cwaste.skolbloggen.se/wp-content/themes/carrington-blog.2.0/carrington-blog/img/sidebar-background.gif,media,20160803205021,20180314174617,2,20160803205021,http://cwaste.skolbloggen.se/wp-content/themes/carrington-blog.2.0/carrington-blog/img/sidebar-background.gif,200,image/gif,https://web.archive.org/web/20160803205021/http://cwaste.skolbloggen.se/wp-content/themes/carrington-blog.2.0/carrington-blog/img/sidebar-background.gif
http://cwaste.skolbloggen.se/wp-content/themes/carrington-blog.2.0/carrington-blog/img/spinner.gif,media,20160803210753,20180314202911,2,20160803210753,http://cwaste.skolbloggen.se/wp-content/themes/carrington-blog.2.0/carrington-blog/img/spinner.gif,200,image/gif,https://web.archive.org/web/20160803210753/http://cwaste.skolbloggen.se/wp-content/themes/carrington-blog.2.0/carrington-blog/img/spinner.gif
http://cwaste.skolbloggen.se/wp-content/themes/carrington-blog.2.0/carrington-blog/img/sub-header-border-bottom.gif,media,20160803205142,20180314180546,2,20160803205142,http://cwaste.skolbloggen.se/wp-content/themes/carrington-blog.2.0/carrington-blog/img/sub-header-border-bottom.gif,200,image/gif,https://web.archive.org/web/20160803205142/http://cwaste.skolbloggen.se/wp-content/themes/carrington-blog.2.0/carrington-blog/img/sub-header-border-bottom.gif
http://cwaste.skolbloggen.se/wp-content/themes/carrington-blog.2.0/carrington-blog/img/watermark-light.gif,media,20160803205814,20180314191157,2,20160803205814,http://cwaste.skolbloggen.se/wp-content/themes/carrington-blog.2.0/carrington-blog/img/watermark-light.gif,200,image/gif,https://web.archive.org/web/20160803205814/http://cwaste.skolbloggen.se/wp-content/themes/carrington-blog.2.0/carrington-blog/img/watermark-light.gif
http://cwaste.skolbloggen.se/wp-content/themes/carrington-blog.2.0/carrington-blog/js/carrington.js?ver=1.0,other,20100824212125,20180308085707,2,20100824212125,http://cwaste.skolbloggen.se/wp-content/themes/carrington-blog.2.0/carrington-blog/js/carrington.js?ver=1.0,200,application/javascript,https://web.archive.org/web/20100824212125/http://cwaste.skolbloggen.se/wp-content/themes/carrington-blog.2.0/carrington-blog/js/carrington.js?ver=1.0
http://cwaste.skolbloggen.se/wp-content/themes/carrington-blog.2.0/carrington-blog/js/carrington.js?ver=761af2ca77b52d7047b2224a7b120f13,other,20160624094636,20160624094636,1,20160624094636,http://cwaste.skolbloggen.se/wp-content/themes/carrington-blog.2.0/carrington-blog/js/carrington.js?ver=761af2ca77b52d7047b2224a7b120f13,200,application/javascript,https://web.archive.org/web/20160624094636/http://cwaste.skolbloggen.se/wp-content/themes/carrington-blog.2.0/carrington-blog/js/carrington.js?ver=761af2ca77b52d7047b2224a7b120f13
http://cwaste.skolbloggen.se/wp-content/themes/carrington-blog.2.0/carrington-blog/js/iepngfix_tilebg.js,other,20160624154114,20180308093412,2,20160624154114,http://cwaste.skolbloggen.se/wp-content/themes/carrington-blog.2.0/carrington-blog/js/iepngfix_tilebg.js,200,application/javascript,https://web.archive.org/web/20160624154114/http://cwaste.skolbloggen.se/wp-content/themes/carrington-blog.2.0/carrington-blog/js/iepngfix_tilebg.js
http://cwaste.skolbloggen.se/wp-includes/css/admin-bar.min.css?ver=61a4cb4f392d662a87866245baf7a704,other,20160804025407,20160804025407,1,20160804025407,http://cwaste.skolbloggen.se/wp-includes/css/admin-bar.min.css?ver=61a4cb4f392d662a87866245baf7a704,200,text/css,https://web.archive.org/web/20160804025407/http://cwaste.skolbloggen.se/wp-includes/css/admin-bar.min.css?ver=61a4cb4f392d662a87866245baf7a704
http://cwaste.skolbloggen.se/wp-includes/css/admin-bar.min.css?ver=63a1754c5b1d2ffcae81f9988ee0db8c,other,20180308084522,20180308084522,1,20180308084522,http://cwaste.skolbloggen.se/wp-includes/css/admin-bar.min.css?ver=63a1754c5b1d2ffcae81f9988ee0db8c,200,text/css,https://web.archive.org/web/20180308084522/http://cwaste.skolbloggen.se/wp-includes/css/admin-bar.min.css?ver=63a1754c5b1d2ffcae81f9988ee0db8c
http://cwaste.skolbloggen.se/wp-includes/css/admin-bar.min.css?ver=761af2ca77b52d7047b2224a7b120f13,other,20160624154627,20160624154627,1,20160624154627,http://cwaste.skolbloggen.se/wp-includes/css/admin-bar.min.css?ver=761af2ca77b52d7047b2224a7b120f13,200,text/css,https://web.archive.org/web/20160624154627/http://cwaste.skolbloggen.se/wp-includes/css/admin-bar.min.css?ver=761af2ca77b52d7047b2224a7b120f13
http://cwaste.skolbloggen.se/wp-includes/css/dashicons.min.css?ver=61a4cb4f392d662a87866245baf7a704,other,20160804025403,20160804025403,1,20160804025403,http://cwaste.skolbloggen.se/wp-includes/css/dashicons.min.css?ver=61a4cb4f392d662a87866245baf7a704,200,text/css,https://web.archive.org/web/20160804025403/http://cwaste.skolbloggen.se/wp-includes/css/dashicons.min.css?ver=61a4cb4f392d662a87866245baf7a704
http://cwaste.skolbloggen.se/wp-includes/css/dashicons.min.css?ver=63a1754c5b1d2ffcae81f9988ee0db8c,other,20180308064152,20180308064152,1,20180308064152,http://cwaste.skolbloggen.se/wp-includes/css/dashicons.min.css?ver=63a1754c5b1d2ffcae81f9988ee0db8c,200,text/css,https://web.archive.org/web/20180308064152/http://cwaste.skolbloggen.se/wp-includes/css/dashicons.min.css?ver=63a1754c5b1d2ffcae81f9988ee0db8c
http://cwaste.skolbloggen.se/wp-includes/fonts/dashicons.eot,other,20180315121950,20180315121950,1,20180315121950,http://cwaste.skolbloggen.se/wp-includes/fonts/dashicons.eot,200,application/vnd.ms-fontobject,https://web.archive.org/web/20180315121950/http://cwaste.skolbloggen.se/wp-includes/fonts/dashicons.eot
http://cwaste.skolbloggen.se/wp-includes/fonts/dashicons.svg,media,20180315151502,20180315151502,1,20180315151502,http://cwaste.skolbloggen.se/wp-includes/fonts/dashicons.svg,200,image/svg+xml,https://web.archive.org/web/20180315151502/http://cwaste.skolbloggen.se/wp-includes/fonts/dashicons.svg
http://cwaste.skolbloggen.se/wp-includes/fonts/dashicons.ttf,other,20180315124329,20180315124329,1,20180315124329,http://cwaste.skolbloggen.se/wp-includes/fonts/dashicons.ttf,403,text/html,https://web.archive.org/web/20180315124329/http://cwaste.skolbloggen.se/wp-includes/fonts/dashicons.ttf
http://cwaste.skolbloggen.se/wp-includes/js/admin-bar.min.js?ver=61a4cb4f392d662a87866245baf7a704,other,20160804025315,20160804025315,1,20160804025315,http://cwaste.skolbloggen.se/wp-includes/js/admin-bar.min.js?ver=61a4cb4f392d662a87866245baf7a704,200,application/javascript,https://web.archive.org/web/20160804025315/http://cwaste.skolbloggen.se/wp-includes/js/admin-bar.min.js?ver=61a4cb4f392d662a87866245baf7a704
http://cwaste.skolbloggen.se/wp-includes/js/admin-bar.min.js?ver=63a1754c5b1d2ffcae81f9988ee0db8c,other,20180308031743,20180308031743,1,20180308031743,http://cwaste.skolbloggen.se/wp-includes/js/admin-bar.min.js?ver=63a1754c5b1d2ffcae81f9988ee0db8c,200,application/javascript,https://web.archive.org/web/20180308031743/http://cwaste.skolbloggen.se/wp-includes/js/admin-bar.min.js?ver=63a1754c5b1d2ffcae81f9988ee0db8c
http://cwaste.skolbloggen.se/wp-includes/js/admin-bar.min.js?ver=761af2ca77b52d7047b2224a7b120f13,other,20160624095008,20160624095008,1,20160624095008,http://cwaste.skolbloggen.se/wp-includes/js/admin-bar.min.js?ver=761af2ca77b52d7047b2224a7b120f13,200,application/javascript,https://web.archive.org/web/20160624095008/http://cwaste.skolbloggen.se/wp-includes/js/admin-bar.min.js?ver=761af2ca77b52d7047b2224a7b120f13
http://cwaste.skolbloggen.se/wp-includes/js/jquery/jquery-migrate.min.js?ver=1.4.1,other,20160804030733,20180308044033,2,20160804030733,http://cwaste.skolbloggen.se/wp-includes/js/jquery/jquery-migrate.min.js?ver=1.4.1,200,application/javascript,https://web.archive.org/web/20160804030733/http://cwaste.skolbloggen.se/wp-includes/js/jquery/jquery-migrate.min.js?ver=1.4.1
http://cwaste.skolbloggen.se/wp-includes/js/jquery/jquery-migrate.min.js?ver=761af2ca77b52d7047b2224a7b120f13,other,20160624154631,20160624154631,1,20160624154631,http://cwaste.skolbloggen.se/wp-includes/js/jquery/jquery-migrate.min.js?ver=761af2ca77b52d7047b2224a7b120f13,200,application/javascript,https://web.archive.org/web/20160624154631/http://cwaste.skolbloggen.se/wp-includes/js/jquery/jquery-migrate.min.js?ver=761af2ca77b52d7047b2224a7b120f13
http://cwaste.skolbloggen.se/wp-includes/js/jquery/jquery.js?ver=1.12.4,other,20180308030644,20180308030644,1,20180308030644,http://cwaste.skolbloggen.se/wp-includes/js/jquery/jquery.js?ver=1.12.4,200,application/javascript,https://web.archive.org/web/20180308030644/http://cwaste.skolbloggen.se/wp-includes/js/jquery/jquery.js?ver=1.12.4
http://cwaste.skolbloggen.se/wp-includes/js/jquery/jquery.js?ver=1.3.2,other,20100824212114,20100824212114,1,20100824212114,http://cwaste.skolbloggen.se/wp-includes/js/jquery/jquery.js?ver=1.3.2,200,application/javascript,https://web.archive.org/web/20100824212114/http://cwaste.skolbloggen.se/wp-includes/js/jquery/jquery.js?ver=1.3.2
http://cwaste.skolbloggen.se/wp-includes/js/wp-embed.min.js?ver=63a1754c5b1d2ffcae81f9988ee0db8c,other,20180308053832,20180308053832,1,20180308053832,http://cwaste.skolbloggen.se/wp-includes/js/wp-embed.min.js?ver=63a1754c5b1d2ffcae81f9988ee0db8c,200,application/javascript,https://web.archive.org/web/20180308053832/http://cwaste.skolbloggen.se/wp-includes/js/wp-embed.min.js?ver=63a1754c5b1d2ffcae81f9988ee0db8c
http://cwaste.skolbloggen.se/wp-includes/js/wp-embed.min.js?ver=761af2ca77b52d7047b2224a7b120f13,other,20160624100448,20160624100448,1,20160624100448,http://cwaste.skolbloggen.se/wp-includes/js/wp-embed.min.js?ver=761af2ca77b52d7047b2224a7b120f13,200,application/javascript,https://web.archive.org/web/20160624100448/http://cwaste.skolbloggen.se/wp-includes/js/wp-embed.min.js?ver=761af2ca77b52d7047b2224a7b120f13
http://cwaste.skolbloggen.se/wp-includes/wlwmanifest.xml,other,20100227124807,20180323111741,12,20180323111741,http://cwaste.skolbloggen.se:80/wp-includes/wlwmanifest.xml,200,application/xml,https://web.archive.org/web/20180323111741/http://cwaste.skolbloggen.se:80/wp-includes/wlwmanifest.xml
http://cwaste.skolbloggen.se/wp-json/,other,20160402213531,20180323111022,7,20180323111022,http://cwaste.skolbloggen.se:80/wp-json/,404,text/html,https://web.archive.org/web/20180323111022/http://cwaste.skolbloggen.se:80/wp-json/
http://cwaste.skolbloggen.se/wp-json/oembed/1.0/embed?url=http%3A%2F%2Fcwaste.skolbloggen.se%2F,other,20180308073238,20180308073238,1,20180308073238,http://cwaste.skolbloggen.se/wp-json/oembed/1.0/embed?url=http%3A%2F%2Fcwaste.skolbloggen.se%2F,404,text/html,https://web.archive.org/web/20180308073238/http://cwaste.skolbloggen.se/wp-json/oembed/1.0/embed?url=http%3A%2F%2Fcwaste.skolbloggen.se%2F
http://cwaste.skolbloggen.se/wp-json/oembed/1.0/embed?url=http%3A%2F%2Fcwaste.skolbloggen.se%2F&format=xml,other,20180308080535,20180308080535,1,20180308080535,http://cwaste.skolbloggen.se/wp-json/oembed/1.0/embed?url=http%3A%2F%2Fcwaste.skolbloggen.se%2F&format=xml,404,text/html,https://web.archive.org/web/20180308080535/http://cwaste.skolbloggen.se/wp-json/oembed/1.0/embed?url=http%3A%2F%2Fcwaste.skolbloggen.se%2F&format=xml
http://cwaste.skolbloggen.se/wp-json/oembed/1.0/embed?url=http%3A%2F%2Fcwaste.skolbloggen.se%2Fsvenska%2Flitteraturanalys-och-lasloggar%2Fforfattarportratt%2F,other,20160417021748,20160417021748,1,20160417021748,http://cwaste.skolbloggen.se:80/wp-json/oembed/1.0/embed?url=http%3A%2F%2Fcwaste.skolbloggen.se%2Fsvenska%2Flitteraturanalys-och-lasloggar%2Fforfattarportratt%2F,404,text/html,https://web.archive.org/web/20160417021748/http://cwaste.skolbloggen.se:80/wp-json/oembed/1.0/embed?url=http%3A%2F%2Fcwaste.skolbloggen.se%2Fsvenska%2Flitteraturanalys-och-lasloggar%2Fforfattarportratt%2F
http://cwaste.skolbloggen.se/wp-json/oembed/1.0/embed?url=http%3A%2F%2Fcwaste.skolbloggen.se%2Fsvenska%2Flitteraturanalys-och-lasloggar%2Fforfattarportratt%2F&format=xml,other,20160416114437,20160416114437,1,20160416114437,http://cwaste.skolbloggen.se:80/wp-json/oembed/1.0/embed?url=http%3A%2F%2Fcwaste.skolbloggen.se%2Fsvenska%2Flitteraturanalys-och-lasloggar%2Fforfattarportratt%2F&format=xml,404,text/html,https://web.archive.org/web/20160416114437/http://cwaste.skolbloggen.se:80/wp-json/oembed/1.0/embed?url=http%3A%2F%2Fcwaste.skolbloggen.se%2Fsvenska%2Flitteraturanalys-och-lasloggar%2Fforfattarportratt%2F&format=xml
http://cwaste.skolbloggen.se/wp-json/oembed/1.0/embed?url=http%3A%2F%2Fcwaste.skolbloggen.se%2Fsvenska%2Ftalovningar%2F,other,20160402213535,20160402213535,1,20160402213535,http://cwaste.skolbloggen.se:80/wp-json/oembed/1.0/embed?url=http%3A%2F%2Fcwaste.skolbloggen.se%2Fsvenska%2Ftalovningar%2F,404,text/html,https://web.archive.org/web/20160402213535/http://cwaste.skolbloggen.se:80/wp-json/oembed/1.0/embed?url=http%3A%2F%2Fcwaste.skolbloggen.se%2Fsvenska%2Ftalovningar%2F
http://cwaste.skolbloggen.se/wp-json/oembed/1.0/embed?url=http%3A%2F%2Fcwaste.skolbloggen.se%2Fsvenska%2Ftalovningar%2F&format=xml,other,20160402213942,20160402213942,1,20160402213942,http://cwaste.skolbloggen.se:80/wp-json/oembed/1.0/embed?url=http%3A%2F%2Fcwaste.skolbloggen.se%2Fsvenska%2Ftalovningar%2F&format=xml,404,text/html,https://web.archive.org/web/20160402213942/http://cwaste.skolbloggen.se:80/wp-json/oembed/1.0/embed?url=http%3A%2F%2Fcwaste.skolbloggen.se%2Fsvenska%2Ftalovningar%2F&format=xml
http://cwaste.skolbloggen.se/wp-json/oembed/1.0/embed?url=http://cwaste.skolbloggen.se/presentation/din-presentation/,other,20180119211858,20180119211858,1,20180119211858,http://cwaste.skolbloggen.se:80/wp-json/oembed/1.0/embed?url=http://cwaste.skolbloggen.se/presentation/din-presentation/,404,text/html,https://web.archive.org/web/20180119211858/http://cwaste.skolbloggen.se:80/wp-json/oembed/1.0/embed?url=http://cwaste.skolbloggen.se/presentation/din-presentation/
http://cwaste.skolbloggen.se/wp-json/oembed/1.0/embed?url=http://cwaste.skolbloggen.se/presentation/din-presentation/&format=xml,other,20180119211427,20180119211427,1,20180119211427,http://cwaste.skolbloggen.se:80/wp-json/oembed/1.0/embed?url=http://cwaste.skolbloggen.se/presentation/din-presentation/&format=xml,404,text/html,https://web.archive.org/web/20180119211427/http://cwaste.skolbloggen.se:80/wp-json/oembed/1.0/embed?url=http://cwaste.skolbloggen.se/presentation/din-presentation/&format=xml
http://cwaste.skolbloggen.se/wp-json/oembed/1.0/embed?url=http://cwaste.skolbloggen.se/studieteknik/kallkritik/de-kallkritiska-principerna/,other,20180301023836,20180301023836,1,20180301023836,http://cwaste.skolbloggen.se:80/wp-json/oembed/1.0/embed?url=http://cwaste.skolbloggen.se/studieteknik/kallkritik/de-kallkritiska-principerna/,404,text/html,https://web.archive.org/web/20180301023836/http://cwaste.skolbloggen.se:80/wp-json/oembed/1.0/embed?url=http://cwaste.skolbloggen.se/studieteknik/kallkritik/de-kallkritiska-principerna/
http://cwaste.skolbloggen.se/wp-json/oembed/1.0/embed?url=http://cwaste.skolbloggen.se/studieteknik/kallkritik/de-kallkritiska-principerna/&format=xml,other,20180228161533,20180228161533,1,20180228161533,http://cwaste.skolbloggen.se:80/wp-json/oembed/1.0/embed?url=http://cwaste.skolbloggen.se/studieteknik/kallkritik/de-kallkritiska-principerna/&format=xml,404,text/html,https://web.archive.org/web/20180228161533/http://cwaste.skolbloggen.se:80/wp-json/oembed/1.0/embed?url=http://cwaste.skolbloggen.se/studieteknik/kallkritik/de-kallkritiska-principerna/&format=xml
http://cwaste.skolbloggen.se/wp-json/oembed/1.0/embed?url=http://cwaste.skolbloggen.se/studieteknik/uppgift/,other,20180228161439,20180228161439,1,20180228161439,http://cwaste.skolbloggen.se:80/wp-json/oembed/1.0/embed?url=http://cwaste.skolbloggen.se/studieteknik/uppgift/,404,text/html,https://web.archive.org/web/20180228161439/http://cwaste.skolbloggen.se:80/wp-json/oembed/1.0/embed?url=http://cwaste.skolbloggen.se/studieteknik/uppgift/
http://cwaste.skolbloggen.se/wp-json/oembed/1.0/embed?url=http://cwaste.skolbloggen.se/studieteknik/uppgift/&format=xml,other,20180301023841,20180301023841,1,20180301023841,http://cwaste.skolbloggen.se:80/wp-json/oembed/1.0/embed?url=http://cwaste.skolbloggen.se/studieteknik/uppgift/&format=xml,404,text/html,https://web.archive.org/web/20180301023841/http://cwaste.skolbloggen.se:80/wp-json/oembed/1.0/embed?url=http://cwaste.skolbloggen.se/studieteknik/uppgift/&format=xml
http://cwaste.skolbloggen.se/wp-json/oembed/1.0/embed?url=http://cwaste.skolbloggen.se/svenska/referera/,other,20180227184820,20180227184820,1,20180227184820,http://cwaste.skolbloggen.se:80/wp-json/oembed/1.0/embed?url=http://cwaste.skolbloggen.se/svenska/referera/,404,text/html,https://web.archive.org/web/20180227184820/http://cwaste.skolbloggen.se:80/wp-json/oembed/1.0/embed?url=http://cwaste.skolbloggen.se/svenska/referera/
http://cwaste.skolbloggen.se/wp-json/oembed/1.0/embed?url=http://cwaste.skolbloggen.se/svenska/referera/&format=xml,other,20180227185228,20180227185228,1,20180227185228,http://cwaste.skolbloggen.se:80/wp-json/oembed/1.0/embed?url=http://cwaste.skolbloggen.se/svenska/referera/&format=xml,404,text/html,https://web.archive.org/web/20180227185228/http://cwaste.skolbloggen.se:80/wp-json/oembed/1.0/embed?url=http://cwaste.skolbloggen.se/svenska/referera/&format=xml
http://cwaste.skolbloggen.se/wp-json/oembed/1.0/embed?url=http://cwaste.skolbloggen.se/svenska/referera/ex-pa-kallhanvisning/,other,20180228155155,20180228155155,1,20180228155155,http://cwaste.skolbloggen.se:80/wp-json/oembed/1.0/embed?url=http://cwaste.skolbloggen.se/svenska/referera/ex-pa-kallhanvisning/,404,text/html,https://web.archive.org/web/20180228155155/http://cwaste.skolbloggen.se:80/wp-json/oembed/1.0/embed?url=http://cwaste.skolbloggen.se/svenska/referera/ex-pa-kallhanvisning/
http://cwaste.skolbloggen.se/wp-json/oembed/1.0/embed?url=http://cwaste.skolbloggen.se/svenska/referera/ex-pa-kallhanvisning/&format=xml,other,20180228155322,20180228155322,1,20180228155322,http://cwaste.skolbloggen.se:80/wp-json/oembed/1.0/embed?url=http://cwaste.skolbloggen.se/svenska/referera/ex-pa-kallhanvisning/&format=xml,404,text/html,https://web.archive.org/web/20180228155322/http://cwaste.skolbloggen.se:80/wp-json/oembed/1.0/embed?url=http://cwaste.skolbloggen.se/svenska/referera/ex-pa-kallhanvisning/&format=xml
http://cwaste.skolbloggen.se/wp-json/oembed/1.0/embed?url=http://cwaste.skolbloggen.se/svenska/referera/fler-exempel/,other,20180227190522,20180227190522,1,20180227190522,http://cwaste.skolbloggen.se:80/wp-json/oembed/1.0/embed?url=http://cwaste.skolbloggen.se/svenska/referera/fler-exempel/,404,text/html,https://web.archive.org/web/20180227190522/http://cwaste.skolbloggen.se:80/wp-json/oembed/1.0/embed?url=http://cwaste.skolbloggen.se/svenska/referera/fler-exempel/
http://cwaste.skolbloggen.se/wp-json/oembed/1.0/embed?url=http://cwaste.skolbloggen.se/svenska/referera/fler-exempel/&format=xml,other,20180227185233,20180227185233,1,20180227185233,http://cwaste.skolbloggen.se:80/wp-json/oembed/1.0/embed?url=http://cwaste.skolbloggen.se/svenska/referera/fler-exempel/&format=xml,404,text/html,https://web.archive.org/web/20180227185233/http://cwaste.skolbloggen.se:80/wp-json/oembed/1.0/embed?url=http://cwaste.skolbloggen.se/svenska/referera/fler-exempel/&format=xml
http://cwaste.skolbloggen.se/wp-load.php,other,20100824212232,20111025090235,3,20111025090235,http://cwaste.skolbloggen.se:80/wp-load.php,200,text/html,https://web.archive.org/web/20111025090235/http://cwaste.skolbloggen.se:80/wp-load.php
http://cwaste.skolbloggen.se/wp-login.php,other,20100227124813,20180323111559,11,20180323111559,http://cwaste.skolbloggen.se:80/wp-login.php,200,text/html,https://web.archive.org/web/20180323111559/http://cwaste.skolbloggen.se:80/wp-login.php
http://cwaste.skolbloggen.se/wp-login.php?action=register,other,20100227124314,20180321030025,10,20180321030025,http://cwaste.skolbloggen.se:80/wp-login.php?action=register,302,text/html,https://web.archive.org/web/20180321030025/http://cwaste.skolbloggen.se:80/wp-login.php?action=register
http://cwaste.skolbloggen.se/wp-login.php?redirect_to=http%3A%2F%2Fcwaste.skolbloggen.se%2Fwp-admin%2F,other,20100227124304,20100227124304,1,20100227124304,http://cwaste.skolbloggen.se:80/wp-login.php?redirect_to=http%3A%2F%2Fcwaste.skolbloggen.se%2Fwp-admin%2F,200,text/html,https://web.archive.org/web/20100227124304/http://cwaste.skolbloggen.se:80/wp-login.php?redirect_to=http%3A%2F%2Fcwaste.skolbloggen.se%2Fwp-admin%2F
http://cwaste.skolbloggen.se/wp-login.php?redirect_to=http://cwaste.skolbloggen.se/presentation/din-presentation/,other,20180119211233,20180119211233,1,20180119211233,http://cwaste.skolbloggen.se:80/wp-login.php?redirect_to=http://cwaste.skolbloggen.se/presentation/din-presentation/,200,text/html,https://web.archive.org/web/20180119211233/http://cwaste.skolbloggen.se:80/wp-login.php?redirect_to=http://cwaste.skolbloggen.se/presentation/din-presentation/
http://cwaste.skolbloggen.se/wp-login.php?redirect_to=http://cwaste.skolbloggen.se/studieteknik/kallkritik/de-kallkritiska-principerna/,other,20180301025336,20180301025336,1,20180301025336,http://cwaste.skolbloggen.se:80/wp-login.php?redirect_to=http://cwaste.skolbloggen.se/studieteknik/kallkritik/de-kallkritiska-principerna/,200,text/html,https://web.archive.org/web/20180301025336/http://cwaste.skolbloggen.se:80/wp-login.php?redirect_to=http://cwaste.skolbloggen.se/studieteknik/kallkritik/de-kallkritiska-principerna/
http://cwaste.skolbloggen.se/wp-login.php?redirect_to=http://cwaste.skolbloggen.se/studieteknik/uppgift/,other,20180228161620,20180228161620,1,20180228161620,http://cwaste.skolbloggen.se:80/wp-login.php?redirect_to=http://cwaste.skolbloggen.se/studieteknik/uppgift/,200,text/html,https://web.archive.org/web/20180228161620/http://cwaste.skolbloggen.se:80/wp-login.php?redirect_to=http://cwaste.skolbloggen.se/studieteknik/uppgift/
http://cwaste.skolbloggen.se/wp-login.php?redirect_to=http://cwaste.skolbloggen.se/svenska/referera/,other,20180227184749,20180227184749,1,20180227184749,http://cwaste.skolbloggen.se:80/wp-login.php?redirect_to=http://cwaste.skolbloggen.se/svenska/referera/,200,text/html,https://web.archive.org/web/20180227184749/http://cwaste.skolbloggen.se:80/wp-login.php?redirect_to=http://cwaste.skolbloggen.se/svenska/referera/
http://cwaste.skolbloggen.se/wp-login.php?redirect_to=http://cwaste.skolbloggen.se/svenska/referera/ex-pa-kallhanvisning/,other,20180228161331,20180228161331,1,20180228161331,http://cwaste.skolbloggen.se:80/wp-login.php?redirect_to=http://cwaste.skolbloggen.se/svenska/referera/ex-pa-kallhanvisning/,200,text/html,https://web.archive.org/web/20180228161331/http://cwaste.skolbloggen.se:80/wp-login.php?redirect_to=http://cwaste.skolbloggen.se/svenska/referera/ex-pa-kallhanvisning/
http://cwaste.skolbloggen.se/wp-login.php?redirect_to=http://cwaste.skolbloggen.se/svenska/referera/fler-exempel/,other,20180227190815,20180227190815,1,20180227190815,http://cwaste.skolbloggen.se:80/wp-login.php?redirect_to=http://cwaste.skolbloggen.se/svenska/referera/fler-exempel/,200,text/html,https://web.archive.org/web/20180227190815/http://cwaste.skolbloggen.se:80/wp-login.php?redirect_to=http://cwaste.skolbloggen.se/svenska/referera/fler-exempel/
http://cwaste.skolbloggen.se/wp-signup.php,other,20100227124314,20100227124314,1,20100227124314,http://cwaste.skolbloggen.se:80/wp-signup.php,302,text/html,https://web.archive.org/web/20100227124314/http://cwaste.skolbloggen.se:80/wp-signup.php
http://cwaste.skolbloggen.se/xmlrpc.php,other,20100227124318,20180323111604,13,20120830055527,http://cwaste.skolbloggen.se:80/xmlrpc.php,200,text/plain,https://web.archive.org/web/20120830055527/http://cwaste.skolbloggen.se:80/xmlrpc.php
http://cwaste.skolbloggen.se/xmlrpc.php?rsd,other,20100227124818,20180323111027,13,20180323111027,http://cwaste.skolbloggen.se:80/xmlrpc.php?rsd,200,text/xml,https://web.archive.org/web/20180323111027/http://cwaste.skolbloggen.se:80/xmlrpc.php?rsd
http://www.cwaste.skolbloggen.se/robots.txt,other,20120313143734,20130506051858,13,20130506051858,http://www.cwaste.skolbloggen.se/robots.txt,200,text/plain,https://web.archive.org/web/20130506051858/http://www.cwaste.skolbloggen.se/robots.txt
https://cwaste.skolbloggen.se/,homepage,20181120031953,20190822221227,3,20190822221227,https://cwaste.skolbloggen.se/,200,text/html,https://web.archive.org/web/20190822221227/https://cwaste.skolbloggen.se/
https://cwaste.skolbloggen.se/2013/08/,other,20181205010233,20181205010233,1,20181205010233,https://cwaste.skolbloggen.se/2013/08/,200,text/html,https://web.archive.org/web/20181205010233/https://cwaste.skolbloggen.se/2013/08/
https://cwaste.skolbloggen.se/comments/feed/,feed,20181205144909,20181205144909,1,20181205144909,https://cwaste.skolbloggen.se/comments/feed/,200,application/rss+xml,https://web.archive.org/web/20181205144909/https://cwaste.skolbloggen.se/comments/feed/
https://cwaste.skolbloggen.se/favicon.ico,media,20181120032008,20181120032008,1,20181120032008,https://cwaste.skolbloggen.se/favicon.ico,-,warc/revisit,https://web.archive.org/web/20181120032008/https://cwaste.skolbloggen.se/favicon.ico
https://cwaste.skolbloggen.se/feed/,feed,20181208223443,20181208223443,1,20181208223443,https://cwaste.skolbloggen.se/feed/,200,application/rss+xml,https://web.archive.org/web/20181208223443/https://cwaste.skolbloggen.se/feed/
https://cwaste.skolbloggen.se/files/2010/05/lankskafferiet_logga.gif,media,20190103082531,20190103082531,1,20190103082531,https://cwaste.skolbloggen.se/files/2010/05/lankskafferiet_logga.gif,200,image/gif,https://web.archive.org/web/20190103082531/https://cwaste.skolbloggen.se/files/2010/05/lankskafferiet_logga.gif
https://cwaste.skolbloggen.se/files/2010/05/logga_forskning_se.gif,media,20190102184359,20190102184359,1,20190102184359,https://cwaste.skolbloggen.se/files/2010/05/logga_forskning_se.gif,200,image/gif,https://web.archive.org/web/20190102184359/https://cwaste.skolbloggen.se/files/2010/05/logga_forskning_se.gif
https://cwaste.skolbloggen.se/files/2010/05/logga_multimediabyran.jpg,media,20190103012218,20190103012218,1,20190103012218,https://cwaste.skolbloggen.se/files/2010/05/logga_multimediabyran.jpg,200,image/jpeg,https://web.archive.org/web/20190103012218/https://cwaste.skolbloggen.se/files/2010/05/logga_multimediabyran.jpg
https://cwaste.skolbloggen.se/files/2010/05/logga_pim.gif,media,20190105195825,20190105195825,1,20190105195825,https://cwaste.skolbloggen.se/files/2010/05/logga_pim.gif,200,image/gif,https://web.archive.org/web/20190105195825/https://cwaste.skolbloggen.se/files/2010/05/logga_pim.gif
https://cwaste.skolbloggen.se/files/2010/05/logo-jamendo.jpg,media,20181231070743,20181231070743,1,20181231070743,https://cwaste.skolbloggen.se/files/2010/05/logo-jamendo.jpg,200,image/jpeg,https://web.archive.org/web/20181231070743/https://cwaste.skolbloggen.se/files/2010/05/logo-jamendo.jpg
https://cwaste.skolbloggen.se/files/2010/05/logotype-mediekompass.jpg,media,20190107060353,20190107060353,1,20190107060353,https://cwaste.skolbloggen.se/files/2010/05/logotype-mediekompass.jpg,200,image/jpeg,https://web.archive.org/web/20190107060353/https://cwaste.skolbloggen.se/files/2010/05/logotype-mediekompass.jpg
https://cwaste.skolbloggen.se/files/2010/05/logotype.gif,media,20181229035606,20181229035606,1,20181229035606,https://cwaste.skolbloggen.se/files/2010/05/logotype.gif,200,image/gif,https://web.archive.org/web/20181229035606/https://cwaste.skolbloggen.se/files/2010/05/logotype.gif
https://cwaste.skolbloggen.se/robots.txt,other,20181104010504,20190127164713,42,20190127164713,https://cwaste.skolbloggen.se/robots.txt,200,text/html,https://web.archive.org/web/20190127164713/https://cwaste.skolbloggen.se/robots.txt
https://cwaste.skolbloggen.se/wp-content/plugins/admin-bar-login/admin-bar-login.css?ver=1.0.1,other,20181206052344,20181206052344,1,20181206052344,https://cwaste.skolbloggen.se/wp-content/plugins/admin-bar-login/admin-bar-login.css?ver=1.0.1,-,warc/revisit,https://web.archive.org/web/20181206052344/https://cwaste.skolbloggen.se/wp-content/plugins/admin-bar-login/admin-bar-login.css?ver=1.0.1
https://cwaste.skolbloggen.se/wp-content/themes/carrington-blog.2.0/carrington-blog/carrington-core/lightbox/css/thickbox.css,other,20181205001334,20181205001334,1,20181205001334,https://cwaste.skolbloggen.se/wp-content/themes/carrington-blog.2.0/carrington-blog/carrington-core/lightbox/css/thickbox.css,-,warc/revisit,https://web.archive.org/web/20181205001334/https://cwaste.skolbloggen.se/wp-content/themes/carrington-blog.2.0/carrington-blog/carrington-core/lightbox/css/thickbox.css
https://cwaste.skolbloggen.se/wp-content/themes/carrington-blog.2.0/carrington-blog/carrington-core/lightbox/img/blank.gif,media,20190106030741,20190106030741,1,20190106030741,https://cwaste.skolbloggen.se/wp-content/themes/carrington-blog.2.0/carrington-blog/carrington-core/lightbox/img/blank.gif,-,warc/revisit,https://web.archive.org/web/20190106030741/https://cwaste.skolbloggen.se/wp-content/themes/carrington-blog.2.0/carrington-blog/carrington-core/lightbox/img/blank.gif
https://cwaste.skolbloggen.se/wp-content/themes/carrington-blog.2.0/carrington-blog/carrington-core/lightbox/img/macFFBgHack.png,media,20190107040604,20190107040604,1,20190107040604,https://cwaste.skolbloggen.se/wp-content/themes/carrington-blog.2.0/carrington-blog/carrington-core/lightbox/img/macFFBgHack.png,-,warc/revisit,https://web.archive.org/web/20190107040604/https://cwaste.skolbloggen.se/wp-content/themes/carrington-blog.2.0/carrington-blog/carrington-core/lightbox/img/macFFBgHack.png
https://cwaste.skolbloggen.se/wp-content/themes/carrington-blog.2.0/carrington-blog/carrington-core/lightbox/thickbox.js?ver=1.0,other,20181212190059,20181212190059,1,20181212190059,https://cwaste.skolbloggen.se/wp-content/themes/carrington-blog.2.0/carrington-blog/carrington-core/lightbox/thickbox.js?ver=1.0,-,warc/revisit,https://web.archive.org/web/20181212190059/https://cwaste.skolbloggen.se/wp-content/themes/carrington-blog.2.0/carrington-blog/carrington-core/lightbox/thickbox.js?ver=1.0
https://cwaste.skolbloggen.se/wp-content/themes/carrington-blog.2.0/carrington-blog/css/css.php,other,20181206052447,20181206052447,1,20181206052447,https://cwaste.skolbloggen.se/wp-content/themes/carrington-blog.2.0/carrington-blog/css/css.php,-,warc/revisit,https://web.archive.org/web/20181206052447/https://cwaste.skolbloggen.se/wp-content/themes/carrington-blog.2.0/carrington-blog/css/css.php
https://cwaste.skolbloggen.se/wp-content/themes/carrington-blog.2.0/carrington-blog/css/ie.css,other,20181205034808,20181205034808,1,20181205034808,https://cwaste.skolbloggen.se/wp-content/themes/carrington-blog.2.0/carrington-blog/css/ie.css,-,warc/revisit,https://web.archive.org/web/20181205034808/https://cwaste.skolbloggen.se/wp-content/themes/carrington-blog.2.0/carrington-blog/css/ie.css
https://cwaste.skolbloggen.se/wp-content/themes/carrington-blog.2.0/carrington-blog/css/ie6.css,other,20181205171651,20181205171651,1,20181205171651,https://cwaste.skolbloggen.se/wp-content/themes/carrington-blog.2.0/carrington-blog/css/ie6.css,-,warc/revisit,https://web.archive.org/web/20181205171651/https://cwaste.skolbloggen.se/wp-content/themes/carrington-blog.2.0/carrington-blog/css/ie6.css
https://cwaste.skolbloggen.se/wp-content/themes/carrington-blog.2.0/carrington-blog/css/iepngfix.htc,other,20181207074446,20181207074446,1,20181207074446,https://cwaste.skolbloggen.se/wp-content/themes/carrington-blog.2.0/carrington-blog/css/iepngfix.htc,-,warc/revisit,https://web.archive.org/web/20181207074446/https://cwaste.skolbloggen.se/wp-content/themes/carrington-blog.2.0/carrington-blog/css/iepngfix.htc
https://cwaste.skolbloggen.se/wp-content/themes/carrington-blog.2.0/carrington-blog/img/arrow-bullet.gif,media,20190109014529,20190109014529,1,20190109014529,https://cwaste.skolbloggen.se/wp-content/themes/carrington-blog.2.0/carrington-blog/img/arrow-bullet.gif,-,warc/revisit,https://web.archive.org/web/20190109014529/https://cwaste.skolbloggen.se/wp-content/themes/carrington-blog.2.0/carrington-blog/img/arrow-bullet.gif
https://cwaste.skolbloggen.se/wp-content/themes/carrington-blog.2.0/carrington-blog/img/attachment/150px-flourish-left-dark.png,media,20190109210158,20190109210158,1,20190109210158,https://cwaste.skolbloggen.se/wp-content/themes/carrington-blog.2.0/carrington-blog/img/attachment/150px-flourish-left-dark.png,-,warc/revisit,https://web.archive.org/web/20190109210158/https://cwaste.skolbloggen.se/wp-content/themes/carrington-blog.2.0/carrington-blog/img/attachment/150px-flourish-left-dark.png
https://cwaste.skolbloggen.se/wp-content/themes/carrington-blog.2.0/carrington-blog/img/attachment/150px-flourish-right-dark.png,media,20190102033315,20190102033315,1,20190102033315,https://cwaste.skolbloggen.se/wp-content/themes/carrington-blog.2.0/carrington-blog/img/attachment/150px-flourish-right-dark.png,-,warc/revisit,https://web.archive.org/web/20190102033315/https://cwaste.skolbloggen.se/wp-content/themes/carrington-blog.2.0/carrington-blog/img/attachment/150px-flourish-right-dark.png
https://cwaste.skolbloggen.se/wp-content/themes/carrington-blog.2.0/carrington-blog/img/comment-thread.gif,media,20190103000553,20190103000553,1,20190103000553,https://cwaste.skolbloggen.se/wp-content/themes/carrington-blog.2.0/carrington-blog/img/comment-thread.gif,-,warc/revisit,https://web.archive.org/web/20190103000553/https://cwaste.skolbloggen.se/wp-content/themes/carrington-blog.2.0/carrington-blog/img/comment-thread.gif
https://cwaste.skolbloggen.se/wp-content/themes/carrington-blog.2.0/carrington-blog/img/comment.gif,media,20181228045139,20181228045139,1,20181228045139,https://cwaste.skolbloggen.se/wp-content/themes/carrington-blog.2.0/carrington-blog/img/comment.gif,-,warc/revisit,https://web.archive.org/web/20181228045139/https://cwaste.skolbloggen.se/wp-content/themes/carrington-blog.2.0/carrington-blog/img/comment.gif
https://cwaste.skolbloggen.se/wp-content/themes/carrington-blog.2.0/carrington-blog/img/comments-divider.gif,media,20190101101739,20190101101739,1,20190101101739,https://cwaste.skolbloggen.se/wp-content/themes/carrington-blog.2.0/carrington-blog/img/comments-divider.gif,-,warc/revisit,https://web.archive.org/web/20190101101739/https://cwaste.skolbloggen.se/wp-content/themes/carrington-blog.2.0/carrington-blog/img/comments-divider.gif
https://cwaste.skolbloggen.se/wp-content/themes/carrington-blog.2.0/carrington-blog/img/divider-ornament-wide-dark.png,media,20190103061843,20190103061843,1,20190103061843,https://cwaste.skolbloggen.se/wp-content/themes/carrington-blog.2.0/carrington-blog/img/divider-ornament-wide-dark.png,-,warc/revisit,https://web.archive.org/web/20190103061843/https://cwaste.skolbloggen.se/wp-content/themes/carrington-blog.2.0/carrington-blog/img/divider-ornament-wide-dark.png
https://cwaste.skolbloggen.se/wp-content/themes/carrington-blog.2.0/carrington-blog/img/divider-ornament.gif,media,20190103051921,20190103051921,1,20190103051921,https://cwaste.skolbloggen.se/wp-content/themes/carrington-blog.2.0/carrington-blog/img/divider-ornament.gif,-,warc/revisit,https://web.archive.org/web/20190103051921/https://cwaste.skolbloggen.se/wp-content/themes/carrington-blog.2.0/carrington-blog/img/divider-ornament.gif
https://cwaste.skolbloggen.se/wp-content/themes/carrington-blog.2.0/carrington-blog/img/dropdown-divider.gif,media,20181225093758,20181225093758,1,20181225093758,https://cwaste.skolbloggen.se/wp-content/themes/carrington-blog.2.0/carrington-blog/img/dropdown-divider.gif,-,warc/revisit,https://web.archive.org/web/20181225093758/https://cwaste.skolbloggen.se/wp-content/themes/carrington-blog.2.0/carrington-blog/img/dropdown-divider.gif
https://cwaste.skolbloggen.se/wp-content/themes/carrington-blog.2.0/carrington-blog/img/footer/by-crowd-favorite-light.png,media,20190102222000,20190102222000,1,20190102222000,https://cwaste.skolbloggen.se/wp-content/themes/carrington-blog.2.0/carrington-blog/img/footer/by-crowd-favorite-light.png,-,warc/revisit,https://web.archive.org/web/20190102222000/https://cwaste.skolbloggen.se/wp-content/themes/carrington-blog.2.0/carrington-blog/img/footer/by-crowd-favorite-light.png
https://cwaste.skolbloggen.se/wp-content/themes/carrington-blog.2.0/carrington-blog/img/footer/divider-ornament-wide-light.png,media,20190101131931,20190101131931,1,20190101131931,https://cwaste.skolbloggen.se/wp-content/themes/carrington-blog.2.0/carrington-blog/img/footer/divider-ornament-wide-light.png,-,warc/revisit,https://web.archive.org/web/20190101131931/https://cwaste.skolbloggen.se/wp-content/themes/carrington-blog.2.0/carrington-blog/img/footer/divider-ornament-wide-light.png
https://cwaste.skolbloggen.se/wp-content/themes/carrington-blog.2.0/carrington-blog/img/footer/gradient-dark.png,media,20181227025108,20181227025108,1,20181227025108,https://cwaste.skolbloggen.se/wp-content/themes/carrington-blog.2.0/carrington-blog/img/footer/gradient-dark.png,-,warc/revisit,https://web.archive.org/web/20181227025108/https://cwaste.skolbloggen.se/wp-content/themes/carrington-blog.2.0/carrington-blog/img/footer/gradient-dark.png
https://cwaste.skolbloggen.se/wp-content/themes/carrington-blog.2.0/carrington-blog/img/grey-to-white-gradient.png,media,20190104111718,20190104111718,1,20190104111718,https://cwaste.skolbloggen.se/wp-content/themes/carrington-blog.2.0/carrington-blog/img/grey-to-white-gradient.png,-,warc/revisit,https://web.archive.org/web/20190104111718/https://cwaste.skolbloggen.se/wp-content/themes/carrington-blog.2.0/carrington-blog/img/grey-to-white-gradient.png
https://cwaste.skolbloggen.se/wp-content/themes/carrington-blog.2.0/carrington-blog/img/header/gradient-dark.png,media,20181225123233,20181225123233,1,20181225123233,https://cwaste.skolbloggen.se/wp-content/themes/carrington-blog.2.0/carrington-blog/img/header/gradient-dark.png,-,warc/revisit,https://web.archive.org/web/20181225123233/https://cwaste.skolbloggen.se/wp-content/themes/carrington-blog.2.0/carrington-blog/img/header/gradient-dark.png
https://cwaste.skolbloggen.se/wp-content/themes/carrington-blog.2.0/carrington-blog/img/header/texture-dark.png,media,20181229035610,20181229035610,1,20181229035610,https://cwaste.skolbloggen.se/wp-content/themes/carrington-blog.2.0/carrington-blog/img/header/texture-dark.png,-,warc/revisit,https://web.archive.org/web/20181229035610/https://cwaste.skolbloggen.se/wp-content/themes/carrington-blog.2.0/carrington-blog/img/header/texture-dark.png
https://cwaste.skolbloggen.se/wp-content/themes/carrington-blog.2.0/carrington-blog/img/header/texture-light.png,media,20190106004322,20190106004322,1,20190106004322,https://cwaste.skolbloggen.se/wp-content/themes/carrington-blog.2.0/carrington-blog/img/header/texture-light.png,-,warc/revisit,https://web.archive.org/web/20190106004322/https://cwaste.skolbloggen.se/wp-content/themes/carrington-blog.2.0/carrington-blog/img/header/texture-light.png
https://cwaste.skolbloggen.se/wp-content/themes/carrington-blog.2.0/carrington-blog/img/ie/by-crowd-favorite.gif,media,20181226211602,20181226211602,1,20181226211602,https://cwaste.skolbloggen.se/wp-content/themes/carrington-blog.2.0/carrington-blog/img/ie/by-crowd-favorite.gif,-,warc/revisit,https://web.archive.org/web/20181226211602/https://cwaste.skolbloggen.se/wp-content/themes/carrington-blog.2.0/carrington-blog/img/ie/by-crowd-favorite.gif
https://cwaste.skolbloggen.se/wp-content/themes/carrington-blog.2.0/carrington-blog/img/lightbox/nextlabel.gif,media,20190105114350,20190105114350,1,20190105114350,https://cwaste.skolbloggen.se/wp-content/themes/carrington-blog.2.0/carrington-blog/img/lightbox/nextlabel.gif,-,warc/revisit,https://web.archive.org/web/20190105114350/https://cwaste.skolbloggen.se/wp-content/themes/carrington-blog.2.0/carrington-blog/img/lightbox/nextlabel.gif
https://cwaste.skolbloggen.se/wp-content/themes/carrington-blog.2.0/carrington-blog/img/lightbox/prevlabel.gif,media,20181227025103,20181227025103,1,20181227025103,https://cwaste.skolbloggen.se/wp-content/themes/carrington-blog.2.0/carrington-blog/img/lightbox/prevlabel.gif,-,warc/revisit,https://web.archive.org/web/20181227025103/https://cwaste.skolbloggen.se/wp-content/themes/carrington-blog.2.0/carrington-blog/img/lightbox/prevlabel.gif
https://cwaste.skolbloggen.se/wp-content/themes/carrington-blog.2.0/carrington-blog/img/rss-button.gif,media,20181207153816,20181207153816,1,20181207153816,https://cwaste.skolbloggen.se/wp-content/themes/carrington-blog.2.0/carrington-blog/img/rss-button.gif,-,warc/revisit,https://web.archive.org/web/20181207153816/https://cwaste.skolbloggen.se/wp-content/themes/carrington-blog.2.0/carrington-blog/img/rss-button.gif
https://cwaste.skolbloggen.se/wp-content/themes/carrington-blog.2.0/carrington-blog/img/sidebar-background.gif,media,20181228014039,20181228014039,1,20181228014039,https://cwaste.skolbloggen.se/wp-content/themes/carrington-blog.2.0/carrington-blog/img/sidebar-background.gif,-,warc/revisit,https://web.archive.org/web/20181228014039/https://cwaste.skolbloggen.se/wp-content/themes/carrington-blog.2.0/carrington-blog/img/sidebar-background.gif
https://cwaste.skolbloggen.se/wp-content/themes/carrington-blog.2.0/carrington-blog/img/spinner.gif,media,20190109141455,20190109141455,1,20190109141455,https://cwaste.skolbloggen.se/wp-content/themes/carrington-blog.2.0/carrington-blog/img/spinner.gif,-,warc/revisit,https://web.archive.org/web/20190109141455/https://cwaste.skolbloggen.se/wp-content/themes/carrington-blog.2.0/carrington-blog/img/spinner.gif
https://cwaste.skolbloggen.se/wp-content/themes/carrington-blog.2.0/carrington-blog/img/sub-header-border-bottom.gif,media,20190103014238,20190103014238,1,20190103014238,https://cwaste.skolbloggen.se/wp-content/themes/carrington-blog.2.0/carrington-blog/img/sub-header-border-bottom.gif,-,warc/revisit,https://web.archive.org/web/20190103014238/https://cwaste.skolbloggen.se/wp-content/themes/carrington-blog.2.0/carrington-blog/img/sub-header-border-bottom.gif
https://cwaste.skolbloggen.se/wp-content/themes/carrington-blog.2.0/carrington-blog/img/watermark-light.gif,media,20190103014720,20190103014720,1,20190103014720,https://cwaste.skolbloggen.se/wp-content/themes/carrington-blog.2.0/carrington-blog/img/watermark-light.gif,-,warc/revisit,https://web.archive.org/web/20190103014720/https://cwaste.skolbloggen.se/wp-content/themes/carrington-blog.2.0/carrington-blog/img/watermark-light.gif
https://cwaste.skolbloggen.se/wp-content/themes/carrington-blog.2.0/carrington-blog/js/carrington.js?ver=1.0,other,20181210142325,20181210142325,1,20181210142325,https://cwaste.skolbloggen.se/wp-content/themes/carrington-blog.2.0/carrington-blog/js/carrington.js?ver=1.0,-,warc/revisit,https://web.archive.org/web/20181210142325/https://cwaste.skolbloggen.se/wp-content/themes/carrington-blog.2.0/carrington-blog/js/carrington.js?ver=1.0
https://cwaste.skolbloggen.se/wp-content/themes/carrington-blog.2.0/carrington-blog/js/iepngfix_tilebg.js,other,20181209115303,20181209115303,1,20181209115303,https://cwaste.skolbloggen.se/wp-content/themes/carrington-blog.2.0/carrington-blog/js/iepngfix_tilebg.js,-,warc/revisit,https://web.archive.org/web/20181209115303/https://cwaste.skolbloggen.se/wp-content/themes/carrington-blog.2.0/carrington-blog/js/iepngfix_tilebg.js
https://cwaste.skolbloggen.se/wp-includes/css/admin-bar.min.css?ver=4.9.8,other,20181208211340,20181208211340,1,20181208211340,https://cwaste.skolbloggen.se/wp-includes/css/admin-bar.min.css?ver=4.9.8,200,text/css,https://web.archive.org/web/20181208211340/https://cwaste.skolbloggen.se/wp-includes/css/admin-bar.min.css?ver=4.9.8
https://cwaste.skolbloggen.se/wp-includes/css/dashicons.min.css?ver=4.9.8,other,20181212024819,20181212024819,1,20181212024819,https://cwaste.skolbloggen.se/wp-includes/css/dashicons.min.css?ver=4.9.8,200,text/css,https://web.archive.org/web/20181212024819/https://cwaste.skolbloggen.se/wp-includes/css/dashicons.min.css?ver=4.9.8
https://cwaste.skolbloggen.se/wp-includes/fonts/dashicons.eot,other,20190103091604,20190103091604,1,20190103091604,https://cwaste.skolbloggen.se/wp-includes/fonts/dashicons.eot,-,warc/revisit,https://web.archive.org/web/20190103091604/https://cwaste.skolbloggen.se/wp-includes/fonts/dashicons.eot
https://cwaste.skolbloggen.se/wp-includes/fonts/dashicons.svg,media,20181227111059,20181227111059,1,20181227111059,https://cwaste.skolbloggen.se/wp-includes/fonts/dashicons.svg,-,warc/revisit,https://web.archive.org/web/20181227111059/https://cwaste.skolbloggen.se/wp-includes/fonts/dashicons.svg
https://cwaste.skolbloggen.se/wp-includes/fonts/dashicons.ttf,other,20190103104317,20190103104317,1,20190103104317,https://cwaste.skolbloggen.se/wp-includes/fonts/dashicons.ttf,200,unk,https://web.archive.org/web/20190103104317/https://cwaste.skolbloggen.se/wp-includes/fonts/dashicons.ttf
https://cwaste.skolbloggen.se/wp-includes/js/admin-bar.min.js?ver=4.9.8,other,20181207015233,20181207015233,1,20181207015233,https://cwaste.skolbloggen.se/wp-includes/js/admin-bar.min.js?ver=4.9.8,200,application/javascript,https://web.archive.org/web/20181207015233/https://cwaste.skolbloggen.se/wp-includes/js/admin-bar.min.js?ver=4.9.8
https://cwaste.skolbloggen.se/wp-includes/js/jquery/jquery-migrate.min.js?ver=1.4.1,other,20181205010250,20181205010250,1,20181205010250,https://cwaste.skolbloggen.se/wp-includes/js/jquery/jquery-migrate.min.js?ver=1.4.1,-,warc/revisit,https://web.archive.org/web/20181205010250/https://cwaste.skolbloggen.se/wp-includes/js/jquery/jquery-migrate.min.js?ver=1.4.1
https://cwaste.skolbloggen.se/wp-includes/js/jquery/jquery.js?ver=1.12.4,other,20181208110623,20181208110623,1,20181208110623,https://cwaste.skolbloggen.se/wp-includes/js/jquery/jquery.js?ver=1.12.4,-,warc/revisit,https://web.archive.org/web/20181208110623/https://cwaste.skolbloggen.se/wp-includes/js/jquery/jquery.js?ver=1.12.4
https://cwaste.skolbloggen.se/wp-includes/js/wp-embed.min.js?ver=4.9.8,other,20181210142329,20181210142329,1,20181210142329,https://cwaste.skolbloggen.se/wp-includes/js/wp-embed.min.js?ver=4.9.8,200,application/javascript,https://web.archive.org/web/20181210142329/https://cwaste.skolbloggen.se/wp-includes/js/wp-embed.min.js?ver=4.9.8
https://cwaste.skolbloggen.se/wp-includes/wlwmanifest.xml,other,20181209135451,20181209135451,1,20181209135451,https://cwaste.skolbloggen.se/wp-includes/wlwmanifest.xml,-,warc/revisit,https://web.archive.org/web/20181209135451/https://cwaste.skolbloggen.se/wp-includes/wlwmanifest.xml
https://cwaste.skolbloggen.se/wp-json/,other,20181207035505,20181207035505,1,20181207035505,https://cwaste.skolbloggen.se/wp-json/,404,text/html,https://web.archive.org/web/20181207035505/https://cwaste.skolbloggen.se/wp-json/
https://cwaste.skolbloggen.se/wp-json/oembed/1.0/embed?url=https%3A%2F%2Fcwaste.skolbloggen.se%2F,other,20181206061709,20181206061709,1,20181206061709,https://cwaste.skolbloggen.se/wp-json/oembed/1.0/embed?url=https%3A%2F%2Fcwaste.skolbloggen.se%2F,404,text/html,https://web.archive.org/web/20181206061709/https://cwaste.skolbloggen.se/wp-json/oembed/1.0/embed?url=https%3A%2F%2Fcwaste.skolbloggen.se%2F
https://cwaste.skolbloggen.se/wp-json/oembed/1.0/embed?url=https%3A%2F%2Fcwaste.skolbloggen.se%2F&format=xml,other,20181206170653,20181206170653,1,20181206170653,https://cwaste.skolbloggen.se/wp-json/oembed/1.0/embed?url=https%3A%2F%2Fcwaste.skolbloggen.se%2F&format=xml,404,text/html,https://web.archive.org/web/20181206170653/https://cwaste.skolbloggen.se/wp-json/oembed/1.0/embed?url=https%3A%2F%2Fcwaste.skolbloggen.se%2F&format=xml
https://cwaste.skolbloggen.se/xmlrpc.php,other,20181205015642,20181205015642,1,20181205015642,https://cwaste.skolbloggen.se/xmlrpc.php,-,warc/revisit,https://web.archive.org/web/20181205015642/https://cwaste.skolbloggen.se/xmlrpc.php
https://cwaste.skolbloggen.se/xmlrpc.php?rsd,other,20181209135437,20181209135437,1,20181209135437,https://cwaste.skolbloggen.se/xmlrpc.php?rsd,200,text/xml,https://web.archive.org/web/20181209135437/https://cwaste.skolbloggen.se/xmlrpc.php?rsd
