query_id,timestamp,original,statuscode,mimetype,wayback_url
html_200_root,20100207113347,http://cwastes.skolbloggen.se:80/,200,text/html,https://web.archive.org/web/20100207113347/http://cwastes.skolbloggen.se:80/
html_200_root,20100208165309,http://cwastes.skolbloggen.se:80/2010/02/05/gratisprogram/,200,text/html,https://web.archive.org/web/20100208165309/http://cwastes.skolbloggen.se:80/2010/02/05/gratisprogram/
html_200_root,20100220181436,http://cwastes.skolbloggen.se:80/,200,text/html,https://web.archive.org/web/20100220181436/http://cwastes.skolbloggen.se:80/
raw_http_prefix,20100220194645,http://cwastes.skolbloggen.se:80/2010/02/17/svensk-engelskt-lexikon-pa-natet,301,text/html,https://web.archive.org/web/20100220194645/http://cwastes.skolbloggen.se:80/2010/02/17/svensk-engelskt-lexikon-pa-natet
html_200_root,20100220194645,http://cwastes.skolbloggen.se:80/2010/02/17/svensk-engelskt-lexikon-pa-natet/,200,text/html,https://web.archive.org/web/20100220194645/http://cwastes.skolbloggen.se:80/2010/02/17/svensk-engelskt-lexikon-pa-natet/
raw_http_prefix,20100220194815,http://cwastes.skolbloggen.se:80/2010/02/17/svensk-engelskt-lexikon-pa-natet/comment-page-1,301,text/html,https://web.archive.org/web/20100220194815/http://cwastes.skolbloggen.se:80/2010/02/17/svensk-engelskt-lexikon-pa-natet/comment-page-1
html_200_root,20100220194815,http://cwastes.skolbloggen.se:80/2010/02/17/svensk-engelskt-lexikon-pa-natet/comment-page-1/,200,text/html,https://web.archive.org/web/20100220194815/http://cwastes.skolbloggen.se:80/2010/02/17/svensk-engelskt-lexikon-pa-natet/comment-page-1/
html_200_root,20100222035706,http://cwastes.skolbloggen.se:80/2010/01/,200,text/html,https://web.archive.org/web/20100222035706/http://cwastes.skolbloggen.se:80/2010/01/
html_200_root,20100222035709,http://cwastes.skolbloggen.se:80/2010/02/,200,text/html,https://web.archive.org/web/20100222035709/http://cwastes.skolbloggen.se:80/2010/02/
html_200_root,20100222035713,http://cwastes.skolbloggen.se:80/2010/02/15/lar-dig-mer-om-trollen-pa-natet/,200,text/html,https://web.archive.org/web/20100222035713/http://cwastes.skolbloggen.se:80/2010/02/15/lar-dig-mer-om-trollen-pa-natet/
html_200_root,20100222035718,http://cwastes.skolbloggen.se:80/2010/02/17/kanner-du-igen-affarsiden/,200,text/html,https://web.archive.org/web/20100222035718/http://cwastes.skolbloggen.se:80/2010/02/17/kanner-du-igen-affarsiden/
html_200_root,20100222035725,http://cwastes.skolbloggen.se:80/author/cwaste/,200,text/html,https://web.archive.org/web/20100222035725/http://cwastes.skolbloggen.se:80/author/cwaste/
html_200_root,20100222035825,http://cwastes.skolbloggen.se:80/category/diskutera/,200,text/html,https://web.archive.org/web/20100222035825/http://cwastes.skolbloggen.se:80/category/diskutera/
html_200_root,20100222035831,http://cwastes.skolbloggen.se:80/category/tips/,200,text/html,https://web.archive.org/web/20100222035831/http://cwastes.skolbloggen.se:80/category/tips/
raw_http_prefix,20100222035836,http://cwastes.skolbloggen.se:80/feed/,200,text/xml,https://web.archive.org/web/20100222035836/http://cwastes.skolbloggen.se:80/feed/
html_200_root,20100222053152,http://cwastes.skolbloggen.se:80/2010/01/22/hur-man-byter-utseende-pa-sin-blogg/comment-page-1/,200,text/html,https://web.archive.org/web/20100222053152/http://cwastes.skolbloggen.se:80/2010/01/22/hur-man-byter-utseende-pa-sin-blogg/comment-page-1/
html_200_root,20100222053155,http://cwastes.skolbloggen.se:80/2010/02/05/gratisprogram/comment-page-1/,200,text/html,https://web.archive.org/web/20100222053155/http://cwastes.skolbloggen.se:80/2010/02/05/gratisprogram/comment-page-1/
html_200_root,20100222053201,http://cwastes.skolbloggen.se:80/2010/02/06/%E2%80%9Cone-for-one%E2%80%9D-%E2%80%93-om-inbaddad-givmildhet/,200,text/html,https://web.archive.org/web/20100222053201/http://cwastes.skolbloggen.se:80/2010/02/06/%E2%80%9Cone-for-one%E2%80%9D-%E2%80%93-om-inbaddad-givmildhet/
html_200_root,20100222053205,http://cwastes.skolbloggen.se:80/2010/02/07/ar-ny-teknik-farlig/,200,text/html,https://web.archive.org/web/20100222053205/http://cwastes.skolbloggen.se:80/2010/02/07/ar-ny-teknik-farlig/
html_200_root,20100222053210,http://cwastes.skolbloggen.se:80/2010/02/19/klotterplank/,200,text/html,https://web.archive.org/web/20100222053210/http://cwastes.skolbloggen.se:80/2010/02/19/klotterplank/
html_200_root,20100222053215,http://cwastes.skolbloggen.se:80/category/ikt-verktyg/,200,text/html,https://web.archive.org/web/20100222053215/http://cwastes.skolbloggen.se:80/category/ikt-verktyg/
html_200_root,20100222053220,http://cwastes.skolbloggen.se:80/category/okategoriserad/,200,text/html,https://web.archive.org/web/20100222053220/http://cwastes.skolbloggen.se:80/category/okategoriserad/
raw_http_prefix,20100222053225,http://cwastes.skolbloggen.se:80/comments/feed/,200,text/xml,https://web.archive.org/web/20100222053225/http://cwastes.skolbloggen.se:80/comments/feed/
html_200_root,20100222053230,http://cwastes.skolbloggen.se:80/tag/affarside/,200,text/html,https://web.archive.org/web/20100222053230/http://cwastes.skolbloggen.se:80/tag/affarside/
html_200_root,20100222053236,http://cwastes.skolbloggen.se:80/tag/blogga/,200,text/html,https://web.archive.org/web/20100222053236/http://cwastes.skolbloggen.se:80/tag/blogga/
html_200_root,20100222053241,http://cwastes.skolbloggen.se:80/tag/film/,200,text/html,https://web.archive.org/web/20100222053241/http://cwastes.skolbloggen.se:80/tag/film/
html_200_root,20100222053247,http://cwastes.skolbloggen.se:80/tag/givmildhet/,200,text/html,https://web.archive.org/web/20100222053247/http://cwastes.skolbloggen.se:80/tag/givmildhet/
html_200_root,20100222053251,http://cwastes.skolbloggen.se:80/tag/gratis/,200,text/html,https://web.archive.org/web/20100222053251/http://cwastes.skolbloggen.se:80/tag/gratis/
html_200_root,20100222053256,http://cwastes.skolbloggen.se:80/tag/hallemar/,200,text/html,https://web.archive.org/web/20100222053256/http://cwastes.skolbloggen.se:80/tag/hallemar/
html_200_root,20100222053301,http://cwastes.skolbloggen.se:80/tag/internet/,200,text/html,https://web.archive.org/web/20100222053301/http://cwastes.skolbloggen.se:80/tag/internet/
html_200_root,20100222053306,http://cwastes.skolbloggen.se:80/tag/klotterplank/,200,text/html,https://web.archive.org/web/20100222053306/http://cwastes.skolbloggen.se:80/tag/klotterplank/
html_200_root,20100222053311,http://cwastes.skolbloggen.se:80/tag/kommentarer/,200,text/html,https://web.archive.org/web/20100222053311/http://cwastes.skolbloggen.se:80/tag/kommentarer/
html_200_root,20100222053316,http://cwastes.skolbloggen.se:80/tag/miljodebatt/,200,text/html,https://web.archive.org/web/20100222053316/http://cwastes.skolbloggen.se:80/tag/miljodebatt/
html_200_root,20100222053321,http://cwastes.skolbloggen.se:80/tag/program/,200,text/html,https://web.archive.org/web/20100222053321/http://cwastes.skolbloggen.se:80/tag/program/
html_200_root,20100222053326,http://cwastes.skolbloggen.se:80/tag/troll/,200,text/html,https://web.archive.org/web/20100222053326/http://cwastes.skolbloggen.se:80/tag/troll/
html_200_root,20100222053332,http://cwastes.skolbloggen.se:80/tag/voddler/,200,text/html,https://web.archive.org/web/20100222053332/http://cwastes.skolbloggen.se:80/tag/voddler/
html_200_root,20100222053338,http://cwastes.skolbloggen.se:80/tag/webbsida/,200,text/html,https://web.archive.org/web/20100222053338/http://cwastes.skolbloggen.se:80/tag/webbsida/
html_200_root,20100222053342,http://cwastes.skolbloggen.se:80/wp-login.php,200,text/html,https://web.archive.org/web/20100222053342/http://cwastes.skolbloggen.se:80/wp-login.php
raw_http_prefix,20100222053349,http://cwastes.skolbloggen.se:80/wp-login.php?action=register,302,text/html,https://web.archive.org/web/20100222053349/http://cwastes.skolbloggen.se:80/wp-login.php?action=register
raw_http_prefix,20100222053349,http://cwastes.skolbloggen.se:80/wp-signup.php,302,text/html,https://web.archive.org/web/20100222053349/http://cwastes.skolbloggen.se:80/wp-signup.php
html_200_root,20100222063650,http://cwastes.skolbloggen.se:80/2010/01/31/samlarobjkt-eller-revirmarkering-for-unga-man/,200,text/html,https://web.archive.org/web/20100222063650/http://cwastes.skolbloggen.se:80/2010/01/31/samlarobjkt-eller-revirmarkering-for-unga-man/
html_200_root,20100222063655,http://cwastes.skolbloggen.se:80/2010/02/06/%E2%80%9Cone-for-one%E2%80%9D-%E2%80%93-om-inbaddad-givmildhet/comment-page-1/,200,text/html,https://web.archive.org/web/20100222063655/http://cwastes.skolbloggen.se:80/2010/02/06/%E2%80%9Cone-for-one%E2%80%9D-%E2%80%93-om-inbaddad-givmildhet/comment-page-1/
raw_http_prefix,20100222063701,http://cwastes.skolbloggen.se:80/2010/02/17/svensk-engelskt-lexikon-pa-natet/feed/,200,text/xml,https://web.archive.org/web/20100222063701/http://cwastes.skolbloggen.se:80/2010/02/17/svensk-engelskt-lexikon-pa-natet/feed/
html_200_root,20100222063706,http://cwastes.skolbloggen.se:80/om/,200,text/html,https://web.archive.org/web/20100222063706/http://cwastes.skolbloggen.se:80/om/
html_200_root,20100222063712,http://cwastes.skolbloggen.se:80/tag/asa-kronkvist/,200,text/html,https://web.archive.org/web/20100222063712/http://cwastes.skolbloggen.se:80/tag/asa-kronkvist/
html_200_root,20100222063717,http://cwastes.skolbloggen.se:80/tag/betygskriterier/,200,text/html,https://web.archive.org/web/20100222063717/http://cwastes.skolbloggen.se:80/tag/betygskriterier/
html_200_root,20100222063722,http://cwastes.skolbloggen.se:80/tag/bild/,200,text/html,https://web.archive.org/web/20100222063722/http://cwastes.skolbloggen.se:80/tag/bild/
html_200_root,20100222063727,http://cwastes.skolbloggen.se:80/tag/kunskap/,200,text/html,https://web.archive.org/web/20100222063727/http://cwastes.skolbloggen.se:80/tag/kunskap/
html_200_root,20100222063732,http://cwastes.skolbloggen.se:80/tag/kunskapssyn/,200,text/html,https://web.archive.org/web/20100222063732/http://cwastes.skolbloggen.se:80/tag/kunskapssyn/
html_200_root,20100222063737,http://cwastes.skolbloggen.se:80/tag/kursplan/,200,text/html,https://web.archive.org/web/20100222063737/http://cwastes.skolbloggen.se:80/tag/kursplan/
html_200_root,20100222063742,http://cwastes.skolbloggen.se:80/tag/ljud/,200,text/html,https://web.archive.org/web/20100222063742/http://cwastes.skolbloggen.se:80/tag/ljud/
html_200_root,20100222063748,http://cwastes.skolbloggen.se:80/tag/media/,200,text/html,https://web.archive.org/web/20100222063748/http://cwastes.skolbloggen.se:80/tag/media/
html_200_root,20100222063753,http://cwastes.skolbloggen.se:80/tag/redigera/,200,text/html,https://web.archive.org/web/20100222063753/http://cwastes.skolbloggen.se:80/tag/redigera/
html_200_root,20100222063758,http://cwastes.skolbloggen.se:80/tag/skonlitteratur/,200,text/html,https://web.archive.org/web/20100222063758/http://cwastes.skolbloggen.se:80/tag/skonlitteratur/
html_200_root,20100222063803,http://cwastes.skolbloggen.se:80/tag/tema/,200,text/html,https://web.archive.org/web/20100222063803/http://cwastes.skolbloggen.se:80/tag/tema/
html_200_root,20100222064011,http://cwastes.skolbloggen.se:80/tag/tips/,200,text/html,https://web.archive.org/web/20100222064011/http://cwastes.skolbloggen.se:80/tag/tips/
html_200_root,20100222064016,http://cwastes.skolbloggen.se:80/tag/utseende/,200,text/html,https://web.archive.org/web/20100222064016/http://cwastes.skolbloggen.se:80/tag/utseende/
html_200_root,20100222064021,http://cwastes.skolbloggen.se:80/tag/wordle/,200,text/html,https://web.archive.org/web/20100222064021/http://cwastes.skolbloggen.se:80/tag/wordle/
raw_http_prefix,20100222064028,http://cwastes.skolbloggen.se:80/xmlrpc.php,200,text/plain,https://web.archive.org/web/20100222064028/http://cwastes.skolbloggen.se:80/xmlrpc.php
raw_http_prefix,20100222064033,http://cwastes.skolbloggen.se:80/xmlrpc.php?rsd,200,text/xml,https://web.archive.org/web/20100222064033/http://cwastes.skolbloggen.se:80/xmlrpc.php?rsd
html_200_root,20100222064248,http://cwastes.skolbloggen.se:80/2010/01/28/voddler/,200,text/html,https://web.archive.org/web/20100222064248/http://cwastes.skolbloggen.se:80/2010/01/28/voddler/
html_200_root,20100222064253,http://cwastes.skolbloggen.se:80/2010/01/31/vad-ar-vackert/,200,text/html,https://web.archive.org/web/20100222064253/http://cwastes.skolbloggen.se:80/2010/01/31/vad-ar-vackert/
html_200_root,20100222064258,http://cwastes.skolbloggen.se:80/category/instruktion/,200,text/html,https://web.archive.org/web/20100222064258/http://cwastes.skolbloggen.se:80/category/instruktion/
html_200_root,20100222064303,http://cwastes.skolbloggen.se:80/tag/diskussion/,200,text/html,https://web.archive.org/web/20100222064303/http://cwastes.skolbloggen.se:80/tag/diskussion/
html_200_root,20100222064308,http://cwastes.skolbloggen.se:80/tag/hur-gora/,200,text/html,https://web.archive.org/web/20100222064308/http://cwastes.skolbloggen.se:80/tag/hur-gora/
html_200_root,20100222064313,http://cwastes.skolbloggen.se:80/tag/inlagg/,200,text/html,https://web.archive.org/web/20100222064313/http://cwastes.skolbloggen.se:80/tag/inlagg/
html_200_root,20100222064318,http://cwastes.skolbloggen.se:80/tag/instruktionsfilm/,200,text/html,https://web.archive.org/web/20100222064318/http://cwastes.skolbloggen.se:80/tag/instruktionsfilm/
html_200_root,20100222064323,http://cwastes.skolbloggen.se:80/tag/livslangt-larande/,200,text/html,https://web.archive.org/web/20100222064323/http://cwastes.skolbloggen.se:80/tag/livslangt-larande/
html_200_root,20100222064328,http://cwastes.skolbloggen.se:80/tag/naturvetenskapsprogrammet/,200,text/html,https://web.archive.org/web/20100222064328/http://cwastes.skolbloggen.se:80/tag/naturvetenskapsprogrammet/
html_200_root,20100222064333,http://cwastes.skolbloggen.se:80/tag/nv08/,200,text/html,https://web.archive.org/web/20100222064333/http://cwastes.skolbloggen.se:80/tag/nv08/
html_200_root,20100222064339,http://cwastes.skolbloggen.se:80/tag/programmal/,200,text/html,https://web.archive.org/web/20100222064339/http://cwastes.skolbloggen.se:80/tag/programmal/
html_200_root,20100222064344,http://cwastes.skolbloggen.se:80/tag/rubriker/,200,text/html,https://web.archive.org/web/20100222064344/http://cwastes.skolbloggen.se:80/tag/rubriker/
html_200_root,20100222064350,http://cwastes.skolbloggen.se:80/tag/svenska-b/,200,text/html,https://web.archive.org/web/20100222064350/http://cwastes.skolbloggen.se:80/tag/svenska-b/
html_200_root,20100222065305,http://cwastes.skolbloggen.se:80/tag/visualisering/,200,text/html,https://web.archive.org/web/20100222065305/http://cwastes.skolbloggen.se:80/tag/visualisering/
html_200_root,20100222065310,http://cwastes.skolbloggen.se:80/tag/youtube/,200,text/html,https://web.archive.org/web/20100222065310/http://cwastes.skolbloggen.se:80/tag/youtube/
raw_http_prefix,20100222065316,http://cwastes.skolbloggen.se:80/wp-content/mu-plugins/anarchy_media/anarchy_media_player.php?anarchy.js,200,text/javascript,https://web.archive.org/web/20100222065316/http://cwastes.skolbloggen.se:80/wp-content/mu-plugins/anarchy_media/anarchy_media_player.php?anarchy.js
raw_http_prefix,20100222065325,http://cwastes.skolbloggen.se:80/wp-includes/wlwmanifest.xml,200,application/xml,https://web.archive.org/web/20100222065325/http://cwastes.skolbloggen.se:80/wp-includes/wlwmanifest.xml
html_200_root,20100222102950,http://cwastes.skolbloggen.se:80/2010/01/14/en-digital-invandrare-tipsar/,200,text/html,https://web.archive.org/web/20100222102950/http://cwastes.skolbloggen.se:80/2010/01/14/en-digital-invandrare-tipsar/
html_200_root,20100222102956,http://cwastes.skolbloggen.se:80/2010/02/17/svensk-engelskt-lexikon-pa-natet/,200,text/html,https://web.archive.org/web/20100222102956/http://cwastes.skolbloggen.se:80/2010/02/17/svensk-engelskt-lexikon-pa-natet/
raw_http_prefix,20100222102956,http://cwastes.skolbloggen.se:80/2010/02/17/svensk-engelskt-lexikon-pa-natet/trackback/,302,text/html,https://web.archive.org/web/20100222102956/http://cwastes.skolbloggen.se:80/2010/02/17/svensk-engelskt-lexikon-pa-natet/trackback/
raw_http_prefix,20100222103237,http://cwastes.skolbloggen.se:80/wp-comments-post.php,405,text/plain,https://web.archive.org/web/20100222103237/http://cwastes.skolbloggen.se:80/wp-comments-post.php
html_200_root,20100223044610,http://cwastes.skolbloggen.se:80/2010/02/17/svensk-engelskt-lexikon-pa-natet/comment-page-1/,200,text/html,https://web.archive.org/web/20100223044610/http://cwastes.skolbloggen.se:80/2010/02/17/svensk-engelskt-lexikon-pa-natet/comment-page-1/
html_200_root,20100223085907,http://cwastes.skolbloggen.se:80/category/instruktion/,200,text/html,https://web.archive.org/web/20100223085907/http://cwastes.skolbloggen.se:80/category/instruktion/
html_200_root,20100223085911,http://cwastes.skolbloggen.se:80/tag/hur-gora/,200,text/html,https://web.archive.org/web/20100223085911/http://cwastes.skolbloggen.se:80/tag/hur-gora/
html_200_root,20100223085917,http://cwastes.skolbloggen.se:80/tag/inlagg/,200,text/html,https://web.archive.org/web/20100223085917/http://cwastes.skolbloggen.se:80/tag/inlagg/
html_200_root,20100223085922,http://cwastes.skolbloggen.se:80/tag/instruktionsfilm/,200,text/html,https://web.archive.org/web/20100223085922/http://cwastes.skolbloggen.se:80/tag/instruktionsfilm/
html_200_root,20100223085927,http://cwastes.skolbloggen.se:80/tag/naturvetenskapsprogrammet/,200,text/html,https://web.archive.org/web/20100223085927/http://cwastes.skolbloggen.se:80/tag/naturvetenskapsprogrammet/
html_200_root,20100223085932,http://cwastes.skolbloggen.se:80/tag/nv08/,200,text/html,https://web.archive.org/web/20100223085932/http://cwastes.skolbloggen.se:80/tag/nv08/
html_200_root,20100223085937,http://cwastes.skolbloggen.se:80/tag/programmal/,200,text/html,https://web.archive.org/web/20100223085937/http://cwastes.skolbloggen.se:80/tag/programmal/
html_200_root,20100223085942,http://cwastes.skolbloggen.se:80/tag/rubriker/,200,text/html,https://web.archive.org/web/20100223085942/http://cwastes.skolbloggen.se:80/tag/rubriker/
html_200_root,20100223085947,http://cwastes.skolbloggen.se:80/tag/svenska-b/,200,text/html,https://web.archive.org/web/20100223085947/http://cwastes.skolbloggen.se:80/tag/svenska-b/
html_200_root,20100223085952,http://cwastes.skolbloggen.se:80/tag/visualisering/,200,text/html,https://web.archive.org/web/20100223085952/http://cwastes.skolbloggen.se:80/tag/visualisering/
html_200_root,20100223085957,http://cwastes.skolbloggen.se:80/tag/voddler/,200,text/html,https://web.archive.org/web/20100223085957/http://cwastes.skolbloggen.se:80/tag/voddler/
html_200_root,20100223090002,http://cwastes.skolbloggen.se:80/tag/webbsida/,200,text/html,https://web.archive.org/web/20100223090002/http://cwastes.skolbloggen.se:80/tag/webbsida/
raw_http_prefix,20100223090007,http://cwastes.skolbloggen.se:80/wp-content/mu-plugins/anarchy_media/anarchy_media_player.php?anarchy.js,200,text/javascript,https://web.archive.org/web/20100223090007/http://cwastes.skolbloggen.se:80/wp-content/mu-plugins/anarchy_media/anarchy_media_player.php?anarchy.js
raw_http_prefix,20100223090016,http://cwastes.skolbloggen.se:80/wp-includes/wlwmanifest.xml,200,application/xml,https://web.archive.org/web/20100223090016/http://cwastes.skolbloggen.se:80/wp-includes/wlwmanifest.xml
html_200_root,20100223090344,http://cwastes.skolbloggen.se:80/2010/02/06/%E2%80%9Cone-for-one%E2%80%9D-%E2%80%93-om-inbaddad-givmildhet/comment-page-1/,200,text/html,https://web.archive.org/web/20100223090344/http://cwastes.skolbloggen.se:80/2010/02/06/%E2%80%9Cone-for-one%E2%80%9D-%E2%80%93-om-inbaddad-givmildhet/comment-page-1/
html_200_root,20100223090349,http://cwastes.skolbloggen.se:80/tag/bild/,200,text/html,https://web.archive.org/web/20100223090349/http://cwastes.skolbloggen.se:80/tag/bild/
html_200_root,20100223090355,http://cwastes.skolbloggen.se:80/tag/hallemar/,200,text/html,https://web.archive.org/web/20100223090355/http://cwastes.skolbloggen.se:80/tag/hallemar/
html_200_root,20100223090400,http://cwastes.skolbloggen.se:80/tag/kommentarer/,200,text/html,https://web.archive.org/web/20100223090400/http://cwastes.skolbloggen.se:80/tag/kommentarer/
html_200_root,20100223090405,http://cwastes.skolbloggen.se:80/tag/kursplan/,200,text/html,https://web.archive.org/web/20100223090405/http://cwastes.skolbloggen.se:80/tag/kursplan/
html_200_root,20100223090410,http://cwastes.skolbloggen.se:80/tag/program/,200,text/html,https://web.archive.org/web/20100223090410/http://cwastes.skolbloggen.se:80/tag/program/
html_200_root,20100223090415,http://cwastes.skolbloggen.se:80/tag/skonlitteratur/,200,text/html,https://web.archive.org/web/20100223090415/http://cwastes.skolbloggen.se:80/tag/skonlitteratur/
html_200_root,20100223090420,http://cwastes.skolbloggen.se:80/tag/utseende/,200,text/html,https://web.archive.org/web/20100223090420/http://cwastes.skolbloggen.se:80/tag/utseende/
html_200_root,20100223090528,http://cwastes.skolbloggen.se:80/tag/diskussion/,200,text/html,https://web.archive.org/web/20100223090528/http://cwastes.skolbloggen.se:80/tag/diskussion/
html_200_root,20100223090533,http://cwastes.skolbloggen.se:80/tag/film/,200,text/html,https://web.archive.org/web/20100223090533/http://cwastes.skolbloggen.se:80/tag/film/
html_200_root,20100223090539,http://cwastes.skolbloggen.se:80/tag/givmildhet/,200,text/html,https://web.archive.org/web/20100223090539/http://cwastes.skolbloggen.se:80/tag/givmildhet/
html_200_root,20100223090544,http://cwastes.skolbloggen.se:80/tag/livslangt-larande/,200,text/html,https://web.archive.org/web/20100223090544/http://cwastes.skolbloggen.se:80/tag/livslangt-larande/
html_200_root,20100223090549,http://cwastes.skolbloggen.se:80/tag/miljodebatt/,200,text/html,https://web.archive.org/web/20100223090549/http://cwastes.skolbloggen.se:80/tag/miljodebatt/
html_200_root,20100223090554,http://cwastes.skolbloggen.se:80/tag/youtube/,200,text/html,https://web.archive.org/web/20100223090554/http://cwastes.skolbloggen.se:80/tag/youtube/
raw_http_prefix,20100223090929,http://cwastes.skolbloggen.se:80/2010/02/17/svensk-engelskt-lexikon-pa-natet/feed/,200,text/xml,https://web.archive.org/web/20100223090929/http://cwastes.skolbloggen.se:80/2010/02/17/svensk-engelskt-lexikon-pa-natet/feed/
html_200_root,20100223090937,http://cwastes.skolbloggen.se:80/om/,200,text/html,https://web.archive.org/web/20100223090937/http://cwastes.skolbloggen.se:80/om/
html_200_root,20100223090941,http://cwastes.skolbloggen.se:80/tag/asa-kronkvist/,200,text/html,https://web.archive.org/web/20100223090941/http://cwastes.skolbloggen.se:80/tag/asa-kronkvist/
html_200_root,20100223090946,http://cwastes.skolbloggen.se:80/tag/betygskriterier/,200,text/html,https://web.archive.org/web/20100223090946/http://cwastes.skolbloggen.se:80/tag/betygskriterier/
html_200_root,20100223090951,http://cwastes.skolbloggen.se:80/tag/blogga/,200,text/html,https://web.archive.org/web/20100223090951/http://cwastes.skolbloggen.se:80/tag/blogga/
html_200_root,20100223090957,http://cwastes.skolbloggen.se:80/tag/internet/,200,text/html,https://web.archive.org/web/20100223090957/http://cwastes.skolbloggen.se:80/tag/internet/
html_200_root,20100223091001,http://cwastes.skolbloggen.se:80/tag/klotterplank/,200,text/html,https://web.archive.org/web/20100223091001/http://cwastes.skolbloggen.se:80/tag/klotterplank/
html_200_root,20100223091007,http://cwastes.skolbloggen.se:80/tag/kunskap/,200,text/html,https://web.archive.org/web/20100223091007/http://cwastes.skolbloggen.se:80/tag/kunskap/
html_200_root,20100223091012,http://cwastes.skolbloggen.se:80/tag/kunskapssyn/,200,text/html,https://web.archive.org/web/20100223091012/http://cwastes.skolbloggen.se:80/tag/kunskapssyn/
html_200_root,20100223091016,http://cwastes.skolbloggen.se:80/tag/ljud/,200,text/html,https://web.archive.org/web/20100223091016/http://cwastes.skolbloggen.se:80/tag/ljud/
html_200_root,20100223091022,http://cwastes.skolbloggen.se:80/tag/media/,200,text/html,https://web.archive.org/web/20100223091022/http://cwastes.skolbloggen.se:80/tag/media/
html_200_root,20100223091027,http://cwastes.skolbloggen.se:80/tag/redigera/,200,text/html,https://web.archive.org/web/20100223091027/http://cwastes.skolbloggen.se:80/tag/redigera/
html_200_root,20100223091032,http://cwastes.skolbloggen.se:80/tag/tema/,200,text/html,https://web.archive.org/web/20100223091032/http://cwastes.skolbloggen.se:80/tag/tema/
html_200_root,20100223091037,http://cwastes.skolbloggen.se:80/tag/tips/,200,text/html,https://web.archive.org/web/20100223091037/http://cwastes.skolbloggen.se:80/tag/tips/
html_200_root,20100223091042,http://cwastes.skolbloggen.se:80/tag/troll/,200,text/html,https://web.archive.org/web/20100223091042/http://cwastes.skolbloggen.se:80/tag/troll/
html_200_root,20100223091047,http://cwastes.skolbloggen.se:80/tag/wordle/,200,text/html,https://web.archive.org/web/20100223091047/http://cwastes.skolbloggen.se:80/tag/wordle/
raw_http_prefix,20100223091051,http://cwastes.skolbloggen.se:80/xmlrpc.php,200,text/plain,https://web.archive.org/web/20100223091051/http://cwastes.skolbloggen.se:80/xmlrpc.php
raw_http_prefix,20100223091057,http://cwastes.skolbloggen.se:80/xmlrpc.php?rsd,200,text/xml,https://web.archive.org/web/20100223091057/http://cwastes.skolbloggen.se:80/xmlrpc.php?rsd
raw_http_prefix,20100226033051,http://cwastes.skolbloggen.se:80/Thom%20Watson,404,text/html,https://web.archive.org/web/20100226033051/http://cwastes.skolbloggen.se:80/Thom%20Watson
html_200_root,20100226033350,http://cwastes.skolbloggen.se:80/page/2/,200,text/html,https://web.archive.org/web/20100226033350/http://cwastes.skolbloggen.se:80/page/2/
html_200_root,20100324150735,http://cwastes.skolbloggen.se:80/,200,text/html,https://web.archive.org/web/20100324150735/http://cwastes.skolbloggen.se:80/
raw_http_prefix,20100324150804,http://cwastes.skolbloggen.se:80/2010/02/17/svensk-engelskt-lexikon-pa-natet,301,text/html,https://web.archive.org/web/20100324150804/http://cwastes.skolbloggen.se:80/2010/02/17/svensk-engelskt-lexikon-pa-natet
html_200_root,20100324150804,http://cwastes.skolbloggen.se:80/2010/02/17/svensk-engelskt-lexikon-pa-natet/,200,text/html,https://web.archive.org/web/20100324150804/http://cwastes.skolbloggen.se:80/2010/02/17/svensk-engelskt-lexikon-pa-natet/
raw_http_prefix,20100324152313,http://cwastes.skolbloggen.se:80/2010/02/17/svensk-engelskt-lexikon-pa-natet/comment-page-1,301,text/html,https://web.archive.org/web/20100324152313/http://cwastes.skolbloggen.se:80/2010/02/17/svensk-engelskt-lexikon-pa-natet/comment-page-1
html_200_root,20100324152313,http://cwastes.skolbloggen.se:80/2010/02/17/svensk-engelskt-lexikon-pa-natet/comment-page-1/,200,text/html,https://web.archive.org/web/20100324152313/http://cwastes.skolbloggen.se:80/2010/02/17/svensk-engelskt-lexikon-pa-natet/comment-page-1/
html_200_root,20100410115453,http://cwastes.skolbloggen.se:80/2010/02/05/gratisprogram/,200,text/html,https://web.archive.org/web/20100410115453/http://cwastes.skolbloggen.se:80/2010/02/05/gratisprogram/
html_200_root,20100506004835,http://cwastes.skolbloggen.se:80/,200,text/html,https://web.archive.org/web/20100506004835/http://cwastes.skolbloggen.se:80/
html_200_root,20100809185418,http://cwastes.skolbloggen.se:80/2010/07/25/pinsamt-inom-it/,200,text/html,https://web.archive.org/web/20100809185418/http://cwastes.skolbloggen.se:80/2010/07/25/pinsamt-inom-it/
raw_http_prefix,20100821004420,http://cwastes.skolbloggen.se/robots.txt,200,text/plain,https://web.archive.org/web/20100821004420/http://cwastes.skolbloggen.se/robots.txt
raw_http_prefix,20100821004435,http://cwastes.skolbloggen.se/files/2010/08/get-a-brain-bearb-300x224.jpg,200,image/jpeg,https://web.archive.org/web/20100821004435/http://cwastes.skolbloggen.se/files/2010/08/get-a-brain-bearb-300x224.jpg
raw_http_prefix,20100824212957,http://cwastes.skolbloggen.se/robots.txt,200,text/plain,https://web.archive.org/web/20100824212957/http://cwastes.skolbloggen.se/robots.txt
html_200_root,20100824213006,http://cwastes.skolbloggen.se/,200,text/html,https://web.archive.org/web/20100824213006/http://cwastes.skolbloggen.se/
raw_http_prefix,20100824213021,http://cwastes.skolbloggen.se/wp-content/themes/thematic.0.9/thematic/style.css,200,text/css,https://web.archive.org/web/20100824213021/http://cwastes.skolbloggen.se/wp-content/themes/thematic.0.9/thematic/style.css
raw_http_prefix,20100824213030,http://cwastes.skolbloggen.se/feed/,200,text/xml,https://web.archive.org/web/20100824213030/http://cwastes.skolbloggen.se/feed/
raw_http_prefix,20100824213040,http://cwastes.skolbloggen.se/comments/feed/,200,text/xml,https://web.archive.org/web/20100824213040/http://cwastes.skolbloggen.se/comments/feed/
raw_http_prefix,20100824213056,http://cwastes.skolbloggen.se/xmlrpc.php,200,text/plain,https://web.archive.org/web/20100824213056/http://cwastes.skolbloggen.se/xmlrpc.php
raw_http_prefix,20100824213110,http://cwastes.skolbloggen.se/wp-content/plugins/buddypress/bp-themes/bp-default/_inc/css/adminbar.css?ver=2.9.2,200,text/css,https://web.archive.org/web/20100824213110/http://cwastes.skolbloggen.se/wp-content/plugins/buddypress/bp-themes/bp-default/_inc/css/adminbar.css?ver=2.9.2
raw_http_prefix,20100824213118,http://cwastes.skolbloggen.se/wp-includes/js/jquery/jquery.js?ver=1.3.2,200,application/javascript,https://web.archive.org/web/20100824213118/http://cwastes.skolbloggen.se/wp-includes/js/jquery/jquery.js?ver=1.3.2
raw_http_prefix,20100824213130,http://cwastes.skolbloggen.se/xmlrpc.php?rsd,200,text/xml,https://web.archive.org/web/20100824213130/http://cwastes.skolbloggen.se/xmlrpc.php?rsd
raw_http_prefix,20100824213142,http://cwastes.skolbloggen.se/wp-includes/wlwmanifest.xml,200,application/xml,https://web.archive.org/web/20100824213142/http://cwastes.skolbloggen.se/wp-includes/wlwmanifest.xml
raw_http_prefix,20100824213150,http://cwastes.skolbloggen.se/wp-content/mu-plugins/anarchy_media/anarchy_media_player.php?anarchy.js,200,text/javascript,https://web.archive.org/web/20100824213150/http://cwastes.skolbloggen.se/wp-content/mu-plugins/anarchy_media/anarchy_media_player.php?anarchy.js
raw_http_prefix,20100824213203,http://cwastes.skolbloggen.se/wp-content/mu-plugins/wp-recaptcha/recaptcha.css,200,text/css,https://web.archive.org/web/20100824213203/http://cwastes.skolbloggen.se/wp-content/mu-plugins/wp-recaptcha/recaptcha.css
html_200_root,20100824213212,http://cwastes.skolbloggen.se/wp-load.php,200,text/html,https://web.archive.org/web/20100824213212/http://cwastes.skolbloggen.se/wp-load.php
raw_http_prefix,20100824213223,http://cwastes.skolbloggen.se/wp-content/themes/thematic.0.9/thematic/library/scripts/hoverIntent.js,200,application/javascript,https://web.archive.org/web/20100824213223/http://cwastes.skolbloggen.se/wp-content/themes/thematic.0.9/thematic/library/scripts/hoverIntent.js
raw_http_prefix,20100824213234,http://cwastes.skolbloggen.se/wp-content/themes/thematic.0.9/thematic/library/scripts/superfish.js,200,application/javascript,https://web.archive.org/web/20100824213234/http://cwastes.skolbloggen.se/wp-content/themes/thematic.0.9/thematic/library/scripts/superfish.js
raw_http_prefix,20100824213246,http://cwastes.skolbloggen.se/wp-content/themes/thematic.0.9/thematic/library/scripts/supersubs.js,200,application/javascript,https://web.archive.org/web/20100824213246/http://cwastes.skolbloggen.se/wp-content/themes/thematic.0.9/thematic/library/scripts/supersubs.js
raw_http_prefix,20100824213258,http://cwastes.skolbloggen.se/wp-content/themes/thematic.0.9/thematic/library/scripts/thematic-dropdowns.js,200,application/javascript,https://web.archive.org/web/20100824213258/http://cwastes.skolbloggen.se/wp-content/themes/thematic.0.9/thematic/library/scripts/thematic-dropdowns.js
raw_http_prefix,20101006211954,http://cwastes.skolbloggen.se:80/2010/09/03/halva-matte-b-pa-en-genomgang/comment-page-1,301,text/html,https://web.archive.org/web/20101006211954/http://cwastes.skolbloggen.se:80/2010/09/03/halva-matte-b-pa-en-genomgang/comment-page-1
html_200_root,20101006211954,http://cwastes.skolbloggen.se:80/2010/09/03/halva-matte-b-pa-en-genomgang/comment-page-1/,200,text/html,https://web.archive.org/web/20101006211954/http://cwastes.skolbloggen.se:80/2010/09/03/halva-matte-b-pa-en-genomgang/comment-page-1/
html_200_root,20101009172625,http://cwastes.skolbloggen.se:80/,200,text/html,https://web.archive.org/web/20101009172625/http://cwastes.skolbloggen.se:80/
html_200_root,20101009173319,http://cwastes.skolbloggen.se:80/2010/09/03/halva-matte-b-pa-en-genomgang/,200,text/html,https://web.archive.org/web/20101009173319/http://cwastes.skolbloggen.se:80/2010/09/03/halva-matte-b-pa-en-genomgang/
html_200_root,20101009173408,http://cwastes.skolbloggen.se:80/2010/08/31/ska-lararen-behalla-badkladerna-pa/,200,text/html,https://web.archive.org/web/20101009173408/http://cwastes.skolbloggen.se:80/2010/08/31/ska-lararen-behalla-badkladerna-pa/
html_200_root,20101009173428,http://cwastes.skolbloggen.se:80/2010/09/06/far-man-ata-glass-har-fragar-sig-fotografen/,200,text/html,https://web.archive.org/web/20101009173428/http://cwastes.skolbloggen.se:80/2010/09/06/far-man-ata-glass-har-fragar-sig-fotografen/
raw_http_prefix,20101105030534,http://cwastes.skolbloggen.se:80/2010/09/03/halva-matte-b-pa-en-genomgang,301,text/html,https://web.archive.org/web/20101105030534/http://cwastes.skolbloggen.se:80/2010/09/03/halva-matte-b-pa-en-genomgang
html_200_root,20101105030534,http://cwastes.skolbloggen.se:80/2010/09/03/halva-matte-b-pa-en-genomgang/,200,text/html,https://web.archive.org/web/20101105030534/http://cwastes.skolbloggen.se:80/2010/09/03/halva-matte-b-pa-en-genomgang/
raw_http_prefix,20101106132535,http://cwastes.skolbloggen.se:80/2010/09/03/halva-matte-b-pa-en-genomgang/comment-page-1,301,text/html,https://web.archive.org/web/20101106132535/http://cwastes.skolbloggen.se:80/2010/09/03/halva-matte-b-pa-en-genomgang/comment-page-1
html_200_root,20101106132535,http://cwastes.skolbloggen.se:80/2010/09/03/halva-matte-b-pa-en-genomgang/comment-page-1/,200,text/html,https://web.archive.org/web/20101106132535/http://cwastes.skolbloggen.se:80/2010/09/03/halva-matte-b-pa-en-genomgang/comment-page-1/
raw_http_prefix,20101205115012,http://cwastes.skolbloggen.se:80/2010/09/03/halva-matte-b-pa-en-genomgang,301,text/html,https://web.archive.org/web/20101205115012/http://cwastes.skolbloggen.se:80/2010/09/03/halva-matte-b-pa-en-genomgang
html_200_root,20101205115012,http://cwastes.skolbloggen.se:80/2010/09/03/halva-matte-b-pa-en-genomgang/,200,text/html,https://web.archive.org/web/20101205115012/http://cwastes.skolbloggen.se:80/2010/09/03/halva-matte-b-pa-en-genomgang/
raw_http_prefix,20110314071242,http://cwastes.skolbloggen.se:80/2010/08/08/photoshop-missar,301,text/html,https://web.archive.org/web/20110314071242/http://cwastes.skolbloggen.se:80/2010/08/08/photoshop-missar
html_200_root,20110314071242,http://cwastes.skolbloggen.se:80/2010/08/08/photoshop-missar/,200,text/html,https://web.archive.org/web/20110314071242/http://cwastes.skolbloggen.se:80/2010/08/08/photoshop-missar/
raw_http_prefix,20110314171031,http://cwastes.skolbloggen.se:80/2010/09/03/halva-matte-b-pa-en-genomgang,301,text/html,https://web.archive.org/web/20110314171031/http://cwastes.skolbloggen.se:80/2010/09/03/halva-matte-b-pa-en-genomgang
html_200_root,20110314171031,http://cwastes.skolbloggen.se:80/2010/09/03/halva-matte-b-pa-en-genomgang/,200,text/html,https://web.archive.org/web/20110314171031/http://cwastes.skolbloggen.se:80/2010/09/03/halva-matte-b-pa-en-genomgang/
html_200_root,20110315054650,http://cwastes.skolbloggen.se:80/2010/08/08/photoshop-missar/comment-page-1/,200,text/html,https://web.archive.org/web/20110315054650/http://cwastes.skolbloggen.se:80/2010/08/08/photoshop-missar/comment-page-1/
html_200_root,20110315054653,http://cwastes.skolbloggen.se:80/2010/09/07/tysklands-karnkraft/,200,text/html,https://web.archive.org/web/20110315054653/http://cwastes.skolbloggen.se:80/2010/09/07/tysklands-karnkraft/
html_200_root,20110315054826,http://cwastes.skolbloggen.se:80/2010/09/06/far-man-ata-glass-har-fragar-sig-fotografen/comment-page-1/,200,text/html,https://web.archive.org/web/20110315054826/http://cwastes.skolbloggen.se:80/2010/09/06/far-man-ata-glass-har-fragar-sig-fotografen/comment-page-1/
html_200_root,20110315085800,http://cwastes.skolbloggen.se:80/,200,text/html,https://web.archive.org/web/20110315085800/http://cwastes.skolbloggen.se:80/
html_200_root,20110315085805,http://cwastes.skolbloggen.se:80/2010/08/06/rosling-statistik-och-gapminder/,200,text/html,https://web.archive.org/web/20110315085805/http://cwastes.skolbloggen.se:80/2010/08/06/rosling-statistik-och-gapminder/
html_200_root,20110315085827,http://cwastes.skolbloggen.se:80/2010/08/09/slow-reading-movement/,200,text/html,https://web.archive.org/web/20110315085827/http://cwastes.skolbloggen.se:80/2010/08/09/slow-reading-movement/
html_200_root,20110315085842,http://cwastes.skolbloggen.se:80/2011/03/03/har-du-testat-att-gora-en-voki/comment-page-1/,200,text/html,https://web.archive.org/web/20110315085842/http://cwastes.skolbloggen.se:80/2011/03/03/har-du-testat-att-gora-en-voki/comment-page-1/
html_200_root,20110315162703,http://cwastes.skolbloggen.se:80/2010/08/08/photoshop-missar/,200,text/html,https://web.archive.org/web/20110315162703/http://cwastes.skolbloggen.se:80/2010/08/08/photoshop-missar/
html_200_root,20110316131238,http://cwastes.skolbloggen.se:80/category/diskutera/,200,text/html,https://web.archive.org/web/20110316131238/http://cwastes.skolbloggen.se:80/category/diskutera/
html_200_root,20110316132043,http://cwastes.skolbloggen.se:80/category/tips/,200,text/html,https://web.archive.org/web/20110316132043/http://cwastes.skolbloggen.se:80/category/tips/
html_200_root,20110316132707,http://cwastes.skolbloggen.se:80/category/ikt-verktyg/,200,text/html,https://web.archive.org/web/20110316132707/http://cwastes.skolbloggen.se:80/category/ikt-verktyg/
html_200_root,20110316133032,http://cwastes.skolbloggen.se:80/category/humor/,200,text/html,https://web.archive.org/web/20110316133032/http://cwastes.skolbloggen.se:80/category/humor/
raw_http_prefix,20110319051139,http://cwastes.skolbloggen.se:80/2010/08/29/projektarbetstider,301,text/html,https://web.archive.org/web/20110319051139/http://cwastes.skolbloggen.se:80/2010/08/29/projektarbetstider
html_200_root,20110319051139,http://cwastes.skolbloggen.se:80/2010/08/29/projektarbetstider/,200,text/html,https://web.archive.org/web/20110319051139/http://cwastes.skolbloggen.se:80/2010/08/29/projektarbetstider/
html_200_root,20110320090735,http://cwastes.skolbloggen.se:80/2010/08/22/framtidsspaning-via-sokstatistik/,200,text/html,https://web.archive.org/web/20110320090735/http://cwastes.skolbloggen.se:80/2010/08/22/framtidsspaning-via-sokstatistik/
html_200_root,20110320090743,http://cwastes.skolbloggen.se:80/2010/08/29/valtider-och-twitter/,200,text/html,https://web.archive.org/web/20110320090743/http://cwastes.skolbloggen.se:80/2010/08/29/valtider-och-twitter/
html_200_root,20110320090758,http://cwastes.skolbloggen.se:80/category/webbstjarnan/,200,text/html,https://web.archive.org/web/20110320090758/http://cwastes.skolbloggen.se:80/category/webbstjarnan/
html_200_root,20110320125703,http://cwastes.skolbloggen.se:80/2010/08/29/projektarbetstider/,200,text/html,https://web.archive.org/web/20110320125703/http://cwastes.skolbloggen.se:80/2010/08/29/projektarbetstider/
raw_http_prefix,20110323013025,http://cwastes.skolbloggen.se:80/2010/12/21/1900-talsforfattare-hjalmar-soderberg,301,text/html,https://web.archive.org/web/20110323013025/http://cwastes.skolbloggen.se:80/2010/12/21/1900-talsforfattare-hjalmar-soderberg
html_200_root,20110323013025,http://cwastes.skolbloggen.se:80/2010/12/21/1900-talsforfattare-hjalmar-soderberg/,200,text/html,https://web.archive.org/web/20110323013025/http://cwastes.skolbloggen.se:80/2010/12/21/1900-talsforfattare-hjalmar-soderberg/
raw_http_prefix,20110325015107,http://cwastes.skolbloggen.se:80/2011/01/11/det-finns-olika-satt-att-lara-och-lara-ut/,404,text/html,https://web.archive.org/web/20110325015107/http://cwastes.skolbloggen.se:80/2011/01/11/det-finns-olika-satt-att-lara-och-lara-ut/
raw_http_prefix,20110325015110,http://cwastes.skolbloggen.se:80/2011/02/08/urnordiska-fram-till-ca-800-e-kr/,404,text/html,https://web.archive.org/web/20110325015110/http://cwastes.skolbloggen.se:80/2011/02/08/urnordiska-fram-till-ca-800-e-kr/
html_200_root,20110325015115,http://cwastes.skolbloggen.se:80/tag/ikt/,200,text/html,https://web.archive.org/web/20110325015115/http://cwastes.skolbloggen.se:80/tag/ikt/
html_200_root,20110325015129,http://cwastes.skolbloggen.se:80/tag/spel/,200,text/html,https://web.archive.org/web/20110325015129/http://cwastes.skolbloggen.se:80/tag/spel/
html_200_root,20110325015445,http://cwastes.skolbloggen.se:80/tag/visualisering/,200,text/html,https://web.archive.org/web/20110325015445/http://cwastes.skolbloggen.se:80/tag/visualisering/
raw_http_prefix,20110325015548,http://cwastes.skolbloggen.se:80/wp-content/mu-plugins/anarchy_media/anarchy_media_player.php?anarchy.js,200,text/javascript,https://web.archive.org/web/20110325015548/http://cwastes.skolbloggen.se:80/wp-content/mu-plugins/anarchy_media/anarchy_media_player.php?anarchy.js
html_200_root,20110325020429,http://cwastes.skolbloggen.se:80/2010/07/,200,text/html,https://web.archive.org/web/20110325020429/http://cwastes.skolbloggen.se:80/2010/07/
html_200_root,20110325020435,http://cwastes.skolbloggen.se:80/2010/12/19/isaac-asimov/,200,text/html,https://web.archive.org/web/20110325020435/http://cwastes.skolbloggen.se:80/2010/12/19/isaac-asimov/
html_200_root,20110325020439,http://cwastes.skolbloggen.se:80/2010/12/20/c-s-lewis/,200,text/html,https://web.archive.org/web/20110325020439/http://cwastes.skolbloggen.se:80/2010/12/20/c-s-lewis/
html_200_root,20110325020445,http://cwastes.skolbloggen.se:80/2010/12/21/1900-talsforfattare-hjalmar-soderberg/,200,text/html,https://web.archive.org/web/20110325020445/http://cwastes.skolbloggen.se:80/2010/12/21/1900-talsforfattare-hjalmar-soderberg/
raw_http_prefix,20110325020449,http://cwastes.skolbloggen.se:80/feed/,200,text/xml,https://web.archive.org/web/20110325020449/http://cwastes.skolbloggen.se:80/feed/
html_200_root,20110325020457,http://cwastes.skolbloggen.se:80/tag/diskussion/,200,text/html,https://web.archive.org/web/20110325020457/http://cwastes.skolbloggen.se:80/tag/diskussion/
html_200_root,20110325020500,http://cwastes.skolbloggen.se:80/tag/engelska/,200,text/html,https://web.archive.org/web/20110325020500/http://cwastes.skolbloggen.se:80/tag/engelska/
html_200_root,20110325020506,http://cwastes.skolbloggen.se:80/tag/facebook/,200,text/html,https://web.archive.org/web/20110325020506/http://cwastes.skolbloggen.se:80/tag/facebook/
html_200_root,20110325020511,http://cwastes.skolbloggen.se:80/tag/film/,200,text/html,https://web.archive.org/web/20110325020511/http://cwastes.skolbloggen.se:80/tag/film/
html_200_root,20110325020516,http://cwastes.skolbloggen.se:80/tag/instruktionsfilm/,200,text/html,https://web.archive.org/web/20110325020516/http://cwastes.skolbloggen.se:80/tag/instruktionsfilm/
html_200_root,20110325020608,http://cwastes.skolbloggen.se:80/2010/01/,200,text/html,https://web.archive.org/web/20110325020608/http://cwastes.skolbloggen.se:80/2010/01/
html_200_root,20110325020613,http://cwastes.skolbloggen.se:80/2010/08/,200,text/html,https://web.archive.org/web/20110325020613/http://cwastes.skolbloggen.se:80/2010/08/
html_200_root,20110325020618,http://cwastes.skolbloggen.se:80/2010/09/,200,text/html,https://web.archive.org/web/20110325020618/http://cwastes.skolbloggen.se:80/2010/09/
html_200_root,20110325020623,http://cwastes.skolbloggen.se:80/2010/12/20/zadie-smith/,200,text/html,https://web.archive.org/web/20110325020623/http://cwastes.skolbloggen.se:80/2010/12/20/zadie-smith/
html_200_root,20110325020628,http://cwastes.skolbloggen.se:80/2011/01/,200,text/html,https://web.archive.org/web/20110325020628/http://cwastes.skolbloggen.se:80/2011/01/
html_200_root,20110325020633,http://cwastes.skolbloggen.se:80/2011/01/28/1450/,200,text/html,https://web.archive.org/web/20110325020633/http://cwastes.skolbloggen.se:80/2011/01/28/1450/
raw_http_prefix,20110325020638,http://cwastes.skolbloggen.se:80/2011/03/03/har-du-testat-att-gora-en-voki/,404,text/html,https://web.archive.org/web/20110325020638/http://cwastes.skolbloggen.se:80/2011/03/03/har-du-testat-att-gora-en-voki/
html_200_root,20110325020643,http://cwastes.skolbloggen.se:80/category/okategoriserad/,200,text/html,https://web.archive.org/web/20110325020643/http://cwastes.skolbloggen.se:80/category/okategoriserad/
html_200_root,20110325020648,http://cwastes.skolbloggen.se:80/category/tema-sprak/,200,text/html,https://web.archive.org/web/20110325020648/http://cwastes.skolbloggen.se:80/category/tema-sprak/
html_200_root,20110325020655,http://cwastes.skolbloggen.se:80/tag/affarside/,200,text/html,https://web.archive.org/web/20110325020655/http://cwastes.skolbloggen.se:80/tag/affarside/
html_200_root,20110325020700,http://cwastes.skolbloggen.se:80/tag/bildredigering/,200,text/html,https://web.archive.org/web/20110325020700/http://cwastes.skolbloggen.se:80/tag/bildredigering/
html_200_root,20110325020704,http://cwastes.skolbloggen.se:80/tag/blogg/,200,text/html,https://web.archive.org/web/20110325020704/http://cwastes.skolbloggen.se:80/tag/blogg/
html_200_root,20110325020710,http://cwastes.skolbloggen.se:80/tag/foto/,200,text/html,https://web.archive.org/web/20110325020710/http://cwastes.skolbloggen.se:80/tag/foto/
html_200_root,20110325020715,http://cwastes.skolbloggen.se:80/tag/kommentarer/,200,text/html,https://web.archive.org/web/20110325020715/http://cwastes.skolbloggen.se:80/tag/kommentarer/
html_200_root,20110325020718,http://cwastes.skolbloggen.se:80/wp-load.php,200,text/html,https://web.archive.org/web/20110325020718/http://cwastes.skolbloggen.se:80/wp-load.php
html_200_root,20110325020724,http://cwastes.skolbloggen.se:80/wp-login.php,200,text/html,https://web.archive.org/web/20110325020724/http://cwastes.skolbloggen.se:80/wp-login.php
raw_http_prefix,20110325020728,http://cwastes.skolbloggen.se:80/xmlrpc.php?rsd,200,text/xml,https://web.archive.org/web/20110325020728/http://cwastes.skolbloggen.se:80/xmlrpc.php?rsd
html_200_root,20110325020758,http://cwastes.skolbloggen.se:80/2010/03/,200,text/html,https://web.archive.org/web/20110325020758/http://cwastes.skolbloggen.se:80/2010/03/
html_200_root,20110325020803,http://cwastes.skolbloggen.se:80/2010/06/,200,text/html,https://web.archive.org/web/20110325020803/http://cwastes.skolbloggen.se:80/2010/06/
html_200_root,20110325020808,http://cwastes.skolbloggen.se:80/2010/12/19/vilhelm-moberg/,200,text/html,https://web.archive.org/web/20110325020808/http://cwastes.skolbloggen.se:80/2010/12/19/vilhelm-moberg/
html_200_root,20110325020823,http://cwastes.skolbloggen.se:80/category/1900-talsforfattare/,200,text/html,https://web.archive.org/web/20110325020823/http://cwastes.skolbloggen.se:80/category/1900-talsforfattare/
html_200_root,20110325020833,http://cwastes.skolbloggen.se:80/category/kom-igang-med-skolbloggen-se/,200,text/html,https://web.archive.org/web/20110325020833/http://cwastes.skolbloggen.se:80/category/kom-igang-med-skolbloggen-se/
html_200_root,20110325020837,http://cwastes.skolbloggen.se:80/tag/kunskapssyn/,200,text/html,https://web.archive.org/web/20110325020837/http://cwastes.skolbloggen.se:80/tag/kunskapssyn/
raw_http_prefix,20110325020844,http://cwastes.skolbloggen.se:80/wp-login.php?action=register,302,text/html,https://web.archive.org/web/20110325020844/http://cwastes.skolbloggen.se:80/wp-login.php?action=register
html_200_root,20110325020957,http://cwastes.skolbloggen.se:80/2010/05/,200,text/html,https://web.archive.org/web/20110325020957/http://cwastes.skolbloggen.se:80/2010/05/
html_200_root,20110325021002,http://cwastes.skolbloggen.se:80/2010/12/20/vem-var-franz-kafka/,200,text/html,https://web.archive.org/web/20110325021002/http://cwastes.skolbloggen.se:80/2010/12/20/vem-var-franz-kafka/
raw_http_prefix,20110325021007,http://cwastes.skolbloggen.se:80/2011/01/19/nyfiken-pa-eskimasprak/,404,text/html,https://web.archive.org/web/20110325021007/http://cwastes.skolbloggen.se:80/2011/01/19/nyfiken-pa-eskimasprak/
raw_http_prefix,20110325021012,http://cwastes.skolbloggen.se:80/2011/02/,404,text/html,https://web.archive.org/web/20110325021012/http://cwastes.skolbloggen.se:80/2011/02/
html_200_root,20110325021018,http://cwastes.skolbloggen.se:80/tag/blogga/,200,text/html,https://web.archive.org/web/20110325021018/http://cwastes.skolbloggen.se:80/tag/blogga/
html_200_root,20110325021023,http://cwastes.skolbloggen.se:80/tag/humor/,200,text/html,https://web.archive.org/web/20110325021023/http://cwastes.skolbloggen.se:80/tag/humor/
html_200_root,20110325021028,http://cwastes.skolbloggen.se:80/tag/inlagg/,200,text/html,https://web.archive.org/web/20110325021028/http://cwastes.skolbloggen.se:80/tag/inlagg/
html_200_root,20110325021033,http://cwastes.skolbloggen.se:80/tag/matematik/,200,text/html,https://web.archive.org/web/20110325021033/http://cwastes.skolbloggen.se:80/tag/matematik/
html_200_root,20110325021038,http://cwastes.skolbloggen.se:80/tag/politik/,200,text/html,https://web.archive.org/web/20110325021038/http://cwastes.skolbloggen.se:80/tag/politik/
html_200_root,20110325021044,http://cwastes.skolbloggen.se:80/tag/skola/,200,text/html,https://web.archive.org/web/20110325021044/http://cwastes.skolbloggen.se:80/tag/skola/
html_200_root,20110325021050,http://cwastes.skolbloggen.se:80/tag/skrivarskola/,200,text/html,https://web.archive.org/web/20110325021050/http://cwastes.skolbloggen.se:80/tag/skrivarskola/
html_200_root,20110325021054,http://cwastes.skolbloggen.se:80/tag/sprak/,200,text/html,https://web.archive.org/web/20110325021054/http://cwastes.skolbloggen.se:80/tag/sprak/
html_200_root,20110325021059,http://cwastes.skolbloggen.se:80/tag/svenska/,200,text/html,https://web.archive.org/web/20110325021059/http://cwastes.skolbloggen.se:80/tag/svenska/
html_200_root,20110325021104,http://cwastes.skolbloggen.se:80/tag/tips/,200,text/html,https://web.archive.org/web/20110325021104/http://cwastes.skolbloggen.se:80/tag/tips/
html_200_root,20110325021110,http://cwastes.skolbloggen.se:80/tag/utbildning/,200,text/html,https://web.archive.org/web/20110325021110/http://cwastes.skolbloggen.se:80/tag/utbildning/
html_200_root,20110325021114,http://cwastes.skolbloggen.se:80/tag/youtube-klipp/,200,text/html,https://web.archive.org/web/20110325021114/http://cwastes.skolbloggen.se:80/tag/youtube-klipp/
html_200_root,20110325021152,http://cwastes.skolbloggen.se:80/2010/01/14/en-digital-invandrare-tipsar/,200,text/html,https://web.archive.org/web/20110325021152/http://cwastes.skolbloggen.se:80/2010/01/14/en-digital-invandrare-tipsar/
html_200_root,20110325021159,http://cwastes.skolbloggen.se:80/2010/02/,200,text/html,https://web.archive.org/web/20110325021159/http://cwastes.skolbloggen.se:80/2010/02/
html_200_root,20110325021202,http://cwastes.skolbloggen.se:80/2010/11/14/sprak-ar-makt-men-inte-alltid-som-du-tror/comment-page-1/,200,text/html,https://web.archive.org/web/20110325021202/http://cwastes.skolbloggen.se:80/2010/11/14/sprak-ar-makt-men-inte-alltid-som-du-tror/comment-page-1/
html_200_root,20110325021208,http://cwastes.skolbloggen.se:80/2010/12/30/nyfiken-pa-latinamerika/,200,text/html,https://web.archive.org/web/20110325021208/http://cwastes.skolbloggen.se:80/2010/12/30/nyfiken-pa-latinamerika/
raw_http_prefix,20110325021211,http://cwastes.skolbloggen.se:80/2011/01/19/ett-bildspel-om-sprak-och-slaktskap/,404,text/html,https://web.archive.org/web/20110325021211/http://cwastes.skolbloggen.se:80/2011/01/19/ett-bildspel-om-sprak-och-slaktskap/
raw_http_prefix,20110325021217,http://cwastes.skolbloggen.se:80/2011/02/27/uppmarksamhetstest/,404,text/html,https://web.archive.org/web/20110325021217/http://cwastes.skolbloggen.se:80/2011/02/27/uppmarksamhetstest/
html_200_root,20110325021222,http://cwastes.skolbloggen.se:80/category/gott-och-blandat/,200,text/html,https://web.archive.org/web/20110325021222/http://cwastes.skolbloggen.se:80/category/gott-och-blandat/
html_200_root,20110325021227,http://cwastes.skolbloggen.se:80/category/oppna-larresurser/,200,text/html,https://web.archive.org/web/20110325021227/http://cwastes.skolbloggen.se:80/category/oppna-larresurser/
raw_http_prefix,20110325021231,http://cwastes.skolbloggen.se:80/comments/feed/,200,text/xml,https://web.archive.org/web/20110325021231/http://cwastes.skolbloggen.se:80/comments/feed/
html_200_root,20110325021237,http://cwastes.skolbloggen.se:80/tag/betygskriterier/,200,text/html,https://web.archive.org/web/20110325021237/http://cwastes.skolbloggen.se:80/tag/betygskriterier/
html_200_root,20110325021242,http://cwastes.skolbloggen.se:80/tag/kursplan/,200,text/html,https://web.archive.org/web/20110325021242/http://cwastes.skolbloggen.se:80/tag/kursplan/
html_200_root,20110325021248,http://cwastes.skolbloggen.se:80/tag/onlinespel/,200,text/html,https://web.archive.org/web/20110325021248/http://cwastes.skolbloggen.se:80/tag/onlinespel/
html_200_root,20110325021252,http://cwastes.skolbloggen.se:80/tag/sociala-medier/,200,text/html,https://web.archive.org/web/20110325021252/http://cwastes.skolbloggen.se:80/tag/sociala-medier/
html_200_root,20110325021301,http://cwastes.skolbloggen.se:80/tag/twitter/,200,text/html,https://web.archive.org/web/20110325021301/http://cwastes.skolbloggen.se:80/tag/twitter/
html_200_root,20110325021306,http://cwastes.skolbloggen.se:80/tag/wordle/,200,text/html,https://web.archive.org/web/20110325021306/http://cwastes.skolbloggen.se:80/tag/wordle/
html_200_root,20110325021311,http://cwastes.skolbloggen.se:80/tag/youtube/,200,text/html,https://web.archive.org/web/20110325021311/http://cwastes.skolbloggen.se:80/tag/youtube/
raw_http_prefix,20110325021315,http://cwastes.skolbloggen.se:80/wp-includes/wlwmanifest.xml,200,application/xml,https://web.archive.org/web/20110325021315/http://cwastes.skolbloggen.se:80/wp-includes/wlwmanifest.xml
html_200_root,20110325021330,http://cwastes.skolbloggen.se:80/2010/12/20/john-steinbeck/,200,text/html,https://web.archive.org/web/20110325021330/http://cwastes.skolbloggen.se:80/2010/12/20/john-steinbeck/
html_200_root,20110325021335,http://cwastes.skolbloggen.se:80/tag/asa-kronkvist/,200,text/html,https://web.archive.org/web/20110325021335/http://cwastes.skolbloggen.se:80/tag/asa-kronkvist/
html_200_root,20110325021340,http://cwastes.skolbloggen.se:80/tag/kollektivtrafik/,200,text/html,https://web.archive.org/web/20110325021340/http://cwastes.skolbloggen.se:80/tag/kollektivtrafik/
html_200_root,20110325021347,http://cwastes.skolbloggen.se:80/tag/kunskap/,200,text/html,https://web.archive.org/web/20110325021347/http://cwastes.skolbloggen.se:80/tag/kunskap/
html_200_root,20110325021351,http://cwastes.skolbloggen.se:80/tag/skolbloggen-se/,200,text/html,https://web.archive.org/web/20110325021351/http://cwastes.skolbloggen.se:80/tag/skolbloggen-se/
html_200_root,20110325021356,http://cwastes.skolbloggen.se:80/tag/studier/,200,text/html,https://web.archive.org/web/20110325021356/http://cwastes.skolbloggen.se:80/tag/studier/
html_200_root,20110325021407,http://cwastes.skolbloggen.se:80/tag/svenska-b/,200,text/html,https://web.archive.org/web/20110325021407/http://cwastes.skolbloggen.se:80/tag/svenska-b/
html_200_root,20110325021533,http://cwastes.skolbloggen.se:80/2010/04/,200,text/html,https://web.archive.org/web/20110325021533/http://cwastes.skolbloggen.se:80/2010/04/
html_200_root,20110325021537,http://cwastes.skolbloggen.se:80/2010/10/,200,text/html,https://web.archive.org/web/20110325021537/http://cwastes.skolbloggen.se:80/2010/10/
html_200_root,20110325021549,http://cwastes.skolbloggen.se:80/2010/11/,200,text/html,https://web.archive.org/web/20110325021549/http://cwastes.skolbloggen.se:80/2010/11/
html_200_root,20110325021553,http://cwastes.skolbloggen.se:80/2010/12/,200,text/html,https://web.archive.org/web/20110325021553/http://cwastes.skolbloggen.se:80/2010/12/
raw_http_prefix,20110325021608,http://cwastes.skolbloggen.se:80/2011/03/,404,text/html,https://web.archive.org/web/20110325021608/http://cwastes.skolbloggen.se:80/2011/03/
html_200_root,20110325021615,http://cwastes.skolbloggen.se:80/category/instruktion/,200,text/html,https://web.archive.org/web/20110325021615/http://cwastes.skolbloggen.se:80/category/instruktion/
html_200_root,20110325021635,http://cwastes.skolbloggen.se:80/om/,200,text/html,https://web.archive.org/web/20110325021635/http://cwastes.skolbloggen.se:80/om/
html_200_root,20110325021638,http://cwastes.skolbloggen.se:80/tag/gratis/,200,text/html,https://web.archive.org/web/20110325021638/http://cwastes.skolbloggen.se:80/tag/gratis/
html_200_root,20110325021654,http://cwastes.skolbloggen.se:80/tag/instruktion/,200,text/html,https://web.archive.org/web/20110325021654/http://cwastes.skolbloggen.se:80/tag/instruktion/
html_200_root,20110325021657,http://cwastes.skolbloggen.se:80/tag/internet/,200,text/html,https://web.archive.org/web/20110325021657/http://cwastes.skolbloggen.se:80/tag/internet/
html_200_root,20110325021708,http://cwastes.skolbloggen.se:80/tag/livslangt-larande/,200,text/html,https://web.archive.org/web/20110325021708/http://cwastes.skolbloggen.se:80/tag/livslangt-larande/
html_200_root,20110325021732,http://cwastes.skolbloggen.se:80/tag/louise/,200,text/html,https://web.archive.org/web/20110325021732/http://cwastes.skolbloggen.se:80/tag/louise/
html_200_root,20110325021736,http://cwastes.skolbloggen.se:80/tag/skonlitteratur/,200,text/html,https://web.archive.org/web/20110325021736/http://cwastes.skolbloggen.se:80/tag/skonlitteratur/
raw_http_prefix,20110325021741,http://cwastes.skolbloggen.se:80/wp-comments-post.php,405,text/plain,https://web.archive.org/web/20110325021741/http://cwastes.skolbloggen.se:80/wp-comments-post.php
raw_http_prefix,20110325021806,http://cwastes.skolbloggen.se:80/xmlrpc.php,200,text/plain,https://web.archive.org/web/20110325021806/http://cwastes.skolbloggen.se:80/xmlrpc.php
raw_http_prefix,20110509090215,http://cwastes.skolbloggen.se:80/2010/09/03/halva-matte-b-pa-en-genomgang,301,text/html,https://web.archive.org/web/20110509090215/http://cwastes.skolbloggen.se:80/2010/09/03/halva-matte-b-pa-en-genomgang
html_200_root,20110509090215,http://cwastes.skolbloggen.se:80/2010/09/03/halva-matte-b-pa-en-genomgang/,200,text/html,https://web.archive.org/web/20110509090215/http://cwastes.skolbloggen.se:80/2010/09/03/halva-matte-b-pa-en-genomgang/
raw_http_prefix,20110510082738,http://cwastes.skolbloggen.se:80/?p=1470,404,text/html,https://web.archive.org/web/20110510082738/http://cwastes.skolbloggen.se:80/?p=1470
raw_http_prefix,20110510082738,http://cwastes.skolbloggen.se:80/?p=1470/comment-page-1/,301,text/html,https://web.archive.org/web/20110510082738/http://cwastes.skolbloggen.se:80/?p=1470/comment-page-1/
html_200_root,20110510203729,http://cwastes.skolbloggen.se:80/2010/08/31/ska-lararen-behalla-badkladerna-pa/,200,text/html,https://web.archive.org/web/20110510203729/http://cwastes.skolbloggen.se:80/2010/08/31/ska-lararen-behalla-badkladerna-pa/
html_200_root,20110510212331,http://cwastes.skolbloggen.se:80/2010/09/03/halva-matte-b-pa-en-genomgang/,200,text/html,https://web.archive.org/web/20110510212331/http://cwastes.skolbloggen.se:80/2010/09/03/halva-matte-b-pa-en-genomgang/
html_200_root,20110510213327,http://cwastes.skolbloggen.se:80/2010/09/06/far-man-ata-glass-har-fragar-sig-fotografen/,200,text/html,https://web.archive.org/web/20110510213327/http://cwastes.skolbloggen.se:80/2010/09/06/far-man-ata-glass-har-fragar-sig-fotografen/
raw_http_prefix,20110512150315,http://cwastes.skolbloggen.se:80/2010/07/17/vad-lar-du-dig-nar-du-spelar-wow,301,text/html,https://web.archive.org/web/20110512150315/http://cwastes.skolbloggen.se:80/2010/07/17/vad-lar-du-dig-nar-du-spelar-wow
html_200_root,20110512150315,http://cwastes.skolbloggen.se:80/2010/07/17/vad-lar-du-dig-nar-du-spelar-wow/,200,text/html,https://web.archive.org/web/20110512150315/http://cwastes.skolbloggen.se:80/2010/07/17/vad-lar-du-dig-nar-du-spelar-wow/
html_200_root,20110513235227,http://cwastes.skolbloggen.se:80/2010/11/15/kommunikation-%E2%80%93-pa-olika-niva/,200,text/html,https://web.archive.org/web/20110513235227/http://cwastes.skolbloggen.se:80/2010/11/15/kommunikation-%E2%80%93-pa-olika-niva/
html_200_root,20110513235230,http://cwastes.skolbloggen.se:80/2010/11/15/varfor-kan-inte-alla-teckensprak/,200,text/html,https://web.archive.org/web/20110513235230/http://cwastes.skolbloggen.se:80/2010/11/15/varfor-kan-inte-alla-teckensprak/
html_200_root,20110513235236,http://cwastes.skolbloggen.se:80/2010/12/14/svenska-eller-engelska/,200,text/html,https://web.archive.org/web/20110513235236/http://cwastes.skolbloggen.se:80/2010/12/14/svenska-eller-engelska/
html_200_root,20110513235407,http://cwastes.skolbloggen.se:80/2010/12/16/skaningen-och-berattaren-fritiof-nilsson-piraten/,200,text/html,https://web.archive.org/web/20110513235407/http://cwastes.skolbloggen.se:80/2010/12/16/skaningen-och-berattaren-fritiof-nilsson-piraten/
html_200_root,20110513235413,http://cwastes.skolbloggen.se:80/2010/12/18/hyllad-forfattare-som-garna-varit-utan-berommelsen/,200,text/html,https://web.archive.org/web/20110513235413/http://cwastes.skolbloggen.se:80/2010/12/18/hyllad-forfattare-som-garna-varit-utan-berommelsen/
html_200_root,20110513235418,http://cwastes.skolbloggen.se:80/2010/12/19/maria-gripe/,200,text/html,https://web.archive.org/web/20110513235418/http://cwastes.skolbloggen.se:80/2010/12/19/maria-gripe/
html_200_root,20110513235521,http://cwastes.skolbloggen.se:80/2010/11/07/nivagrupperade-klasser-och-elitklasser-gynnar-alla-elever/comment-page-1/,200,text/html,https://web.archive.org/web/20110513235521/http://cwastes.skolbloggen.se:80/2010/11/07/nivagrupperade-klasser-och-elitklasser-gynnar-alla-elever/comment-page-1/
html_200_root,20110513235526,http://cwastes.skolbloggen.se:80/2010/11/15/nathatet-okar-flest-bland-ungdomar/,200,text/html,https://web.archive.org/web/20110513235526/http://cwastes.skolbloggen.se:80/2010/11/15/nathatet-okar-flest-bland-ungdomar/
html_200_root,20110513235531,http://cwastes.skolbloggen.se:80/2010/12/13/henning-mankell/,200,text/html,https://web.archive.org/web/20110513235531/http://cwastes.skolbloggen.se:80/2010/12/13/henning-mankell/
html_200_root,20110513235536,http://cwastes.skolbloggen.se:80/2010/12/14/d-h-lawrence/,200,text/html,https://web.archive.org/web/20110513235536/http://cwastes.skolbloggen.se:80/2010/12/14/d-h-lawrence/
html_200_root,20110513235541,http://cwastes.skolbloggen.se:80/2010/12/18/astrid-lindgren/,200,text/html,https://web.archive.org/web/20110513235541/http://cwastes.skolbloggen.se:80/2010/12/18/astrid-lindgren/
html_200_root,20110514000401,http://cwastes.skolbloggen.se:80/2010/12/19/h-p-lovecraft-%E2%80%93-den-moderna-skrackens-fader/,200,text/html,https://web.archive.org/web/20110514000401/http://cwastes.skolbloggen.se:80/2010/12/19/h-p-lovecraft-%E2%80%93-den-moderna-skrackens-fader/
html_200_root,20110514000451,http://cwastes.skolbloggen.se:80/2010/11/15/talande-gester/,200,text/html,https://web.archive.org/web/20110514000451/http://cwastes.skolbloggen.se:80/2010/11/15/talande-gester/
html_200_root,20110514000456,http://cwastes.skolbloggen.se:80/2010/11/15/tranbar-ar-tranbar-%E2%80%93-var-de-an-vaxer/,200,text/html,https://web.archive.org/web/20110514000456/http://cwastes.skolbloggen.se:80/2010/11/15/tranbar-ar-tranbar-%E2%80%93-var-de-an-vaxer/
html_200_root,20110514000501,http://cwastes.skolbloggen.se:80/2010/12/12/trottnat-pa-facebook/,200,text/html,https://web.archive.org/web/20110514000501/http://cwastes.skolbloggen.se:80/2010/12/12/trottnat-pa-facebook/
html_200_root,20110514000506,http://cwastes.skolbloggen.se:80/2010/12/13/per-christan-jersild/,200,text/html,https://web.archive.org/web/20110514000506/http://cwastes.skolbloggen.se:80/2010/12/13/per-christan-jersild/
html_200_root,20110514000512,http://cwastes.skolbloggen.se:80/2010/12/14/svenska-eller-engelska-2/,200,text/html,https://web.archive.org/web/20110514000512/http://cwastes.skolbloggen.se:80/2010/12/14/svenska-eller-engelska-2/
html_200_root,20110514123535,http://cwastes.skolbloggen.se:80/2010/07/25/pinsamt-inom-it/,200,text/html,https://web.archive.org/web/20110514123535/http://cwastes.skolbloggen.se:80/2010/07/25/pinsamt-inom-it/
html_200_root,20110514123541,http://cwastes.skolbloggen.se:80/2010/07/05/har-du-langtrakigt-i-sommar/,200,text/html,https://web.archive.org/web/20110514123541/http://cwastes.skolbloggen.se:80/2010/07/05/har-du-langtrakigt-i-sommar/
html_200_root,20110514175537,http://cwastes.skolbloggen.se:80/,200,text/html,https://web.archive.org/web/20110514175537/http://cwastes.skolbloggen.se:80/
html_200_root,20110517194649,http://cwastes.skolbloggen.se:80/category/diskutera/,200,text/html,https://web.archive.org/web/20110517194649/http://cwastes.skolbloggen.se:80/category/diskutera/
html_200_root,20110517194846,http://cwastes.skolbloggen.se:80/category/tips/,200,text/html,https://web.archive.org/web/20110517194846/http://cwastes.skolbloggen.se:80/category/tips/
html_200_root,20110519125751,http://cwastes.skolbloggen.se:80/category/humor/,200,text/html,https://web.archive.org/web/20110519125751/http://cwastes.skolbloggen.se:80/category/humor/
html_200_root,20110519125755,http://cwastes.skolbloggen.se:80/category/ikt-verktyg/,200,text/html,https://web.archive.org/web/20110519125755/http://cwastes.skolbloggen.se:80/category/ikt-verktyg/
raw_http_prefix,20110523073245,http://cwastes.skolbloggen.se/robots.txt,200,text/plain,https://web.archive.org/web/20110523073245/http://cwastes.skolbloggen.se/robots.txt
html_200_root,20110526034728,http://cwastes.skolbloggen.se:80/,200,text/html,https://web.archive.org/web/20110526034728/http://cwastes.skolbloggen.se:80/
html_200_root,20110527013611,http://cwastes.skolbloggen.se:80/category/tema-sprak/,200,text/html,https://web.archive.org/web/20110527013611/http://cwastes.skolbloggen.se:80/category/tema-sprak/
html_200_root,20110527075849,http://cwastes.skolbloggen.se:80/category/1900-talsforfattare/,200,text/html,https://web.archive.org/web/20110527075849/http://cwastes.skolbloggen.se:80/category/1900-talsforfattare/
html_200_root,20110527163912,http://cwastes.skolbloggen.se:80/2010/12/21/1900-talsforfattare-hjalmar-soderberg/,200,text/html,https://web.archive.org/web/20110527163912/http://cwastes.skolbloggen.se:80/2010/12/21/1900-talsforfattare-hjalmar-soderberg/
html_200_root,20110527163950,http://cwastes.skolbloggen.se:80/2010/12/20/zadie-smith/,200,text/html,https://web.archive.org/web/20110527163950/http://cwastes.skolbloggen.se:80/2010/12/20/zadie-smith/
html_200_root,20110527163957,http://cwastes.skolbloggen.se:80/category/okategoriserad/,200,text/html,https://web.archive.org/web/20110527163957/http://cwastes.skolbloggen.se:80/category/okategoriserad/
html_200_root,20110527164315,http://cwastes.skolbloggen.se:80/2010/12/20/c-s-lewis/,200,text/html,https://web.archive.org/web/20110527164315/http://cwastes.skolbloggen.se:80/2010/12/20/c-s-lewis/
html_200_root,20110527164400,http://cwastes.skolbloggen.se:80/2010/12/30/nyfiken-pa-latinamerika/,200,text/html,https://web.archive.org/web/20110527164400/http://cwastes.skolbloggen.se:80/2010/12/30/nyfiken-pa-latinamerika/
html_200_root,20110527164424,http://cwastes.skolbloggen.se:80/2010/12/19/isaac-asimov/,200,text/html,https://web.archive.org/web/20110527164424/http://cwastes.skolbloggen.se:80/2010/12/19/isaac-asimov/
html_200_root,20110527164429,http://cwastes.skolbloggen.se:80/2010/12/20/john-steinbeck/,200,text/html,https://web.archive.org/web/20110527164429/http://cwastes.skolbloggen.se:80/2010/12/20/john-steinbeck/
html_200_root,20110527164448,http://cwastes.skolbloggen.se:80/2010/12/20/vem-var-franz-kafka/,200,text/html,https://web.archive.org/web/20110527164448/http://cwastes.skolbloggen.se:80/2010/12/20/vem-var-franz-kafka/
html_200_root,20110527164517,http://cwastes.skolbloggen.se:80/2011/01/28/1450/,200,text/html,https://web.archive.org/web/20110527164517/http://cwastes.skolbloggen.se:80/2011/01/28/1450/
html_200_root,20110528004758,http://cwastes.skolbloggen.se:80/tag/betygskriterier/,200,text/html,https://web.archive.org/web/20110528004758/http://cwastes.skolbloggen.se:80/tag/betygskriterier/
html_200_root,20110528004803,http://cwastes.skolbloggen.se:80/tag/diskussion/,200,text/html,https://web.archive.org/web/20110528004803/http://cwastes.skolbloggen.se:80/tag/diskussion/
html_200_root,20110528004813,http://cwastes.skolbloggen.se:80/tag/engelska/,200,text/html,https://web.archive.org/web/20110528004813/http://cwastes.skolbloggen.se:80/tag/engelska/
html_200_root,20110528004818,http://cwastes.skolbloggen.se:80/tag/foto/,200,text/html,https://web.archive.org/web/20110528004818/http://cwastes.skolbloggen.se:80/tag/foto/
html_200_root,20110528004823,http://cwastes.skolbloggen.se:80/tag/humor/,200,text/html,https://web.archive.org/web/20110528004823/http://cwastes.skolbloggen.se:80/tag/humor/
html_200_root,20110528004843,http://cwastes.skolbloggen.se:80/tag/visualisering/,200,text/html,https://web.archive.org/web/20110528004843/http://cwastes.skolbloggen.se:80/tag/visualisering/
html_200_root,20110528004904,http://cwastes.skolbloggen.se:80/wp-load.php,200,text/html,https://web.archive.org/web/20110528004904/http://cwastes.skolbloggen.se:80/wp-load.php
html_200_root,20110528005716,http://cwastes.skolbloggen.se:80/2010/10/28/vilken-bild-ger-du-av-dig-sjalv-pa-natet/comment-page-1/,200,text/html,https://web.archive.org/web/20110528005716/http://cwastes.skolbloggen.se:80/2010/10/28/vilken-bild-ger-du-av-dig-sjalv-pa-natet/comment-page-1/
html_200_root,20110528005722,http://cwastes.skolbloggen.se:80/2010/11/,200,text/html,https://web.archive.org/web/20110528005722/http://cwastes.skolbloggen.se:80/2010/11/
html_200_root,20110528005727,http://cwastes.skolbloggen.se:80/category/instruktion/,200,text/html,https://web.archive.org/web/20110528005727/http://cwastes.skolbloggen.se:80/category/instruktion/
html_200_root,20110528005732,http://cwastes.skolbloggen.se:80/category/oppna-larresurser/,200,text/html,https://web.archive.org/web/20110528005732/http://cwastes.skolbloggen.se:80/category/oppna-larresurser/
raw_http_prefix,20110528005736,http://cwastes.skolbloggen.se:80/comments/feed/,200,text/xml,https://web.archive.org/web/20110528005736/http://cwastes.skolbloggen.se:80/comments/feed/
html_200_root,20110528005742,http://cwastes.skolbloggen.se:80/tag/bildredigering/,200,text/html,https://web.archive.org/web/20110528005742/http://cwastes.skolbloggen.se:80/tag/bildredigering/
html_200_root,20110528005747,http://cwastes.skolbloggen.se:80/tag/inlagg/,200,text/html,https://web.archive.org/web/20110528005747/http://cwastes.skolbloggen.se:80/tag/inlagg/
html_200_root,20110528005753,http://cwastes.skolbloggen.se:80/tag/instruktionsfilm/,200,text/html,https://web.archive.org/web/20110528005753/http://cwastes.skolbloggen.se:80/tag/instruktionsfilm/
html_200_root,20110528005758,http://cwastes.skolbloggen.se:80/tag/onlinespel/,200,text/html,https://web.archive.org/web/20110528005758/http://cwastes.skolbloggen.se:80/tag/onlinespel/
html_200_root,20110528005803,http://cwastes.skolbloggen.se:80/tag/skonlitteratur/,200,text/html,https://web.archive.org/web/20110528005803/http://cwastes.skolbloggen.se:80/tag/skonlitteratur/
html_200_root,20110528005808,http://cwastes.skolbloggen.se:80/tag/spel/,200,text/html,https://web.archive.org/web/20110528005808/http://cwastes.skolbloggen.se:80/tag/spel/
raw_http_prefix,20110528005828,http://cwastes.skolbloggen.se:80/wp-content/mu-plugins/anarchy_media/anarchy_media_player.php?anarchy.js,200,text/javascript,https://web.archive.org/web/20110528005828/http://cwastes.skolbloggen.se:80/wp-content/mu-plugins/anarchy_media/anarchy_media_player.php?anarchy.js
html_200_root,20110528010234,http://cwastes.skolbloggen.se:80/2010/04/,200,text/html,https://web.archive.org/web/20110528010234/http://cwastes.skolbloggen.se:80/2010/04/
html_200_root,20110528010240,http://cwastes.skolbloggen.se:80/2010/08/,200,text/html,https://web.archive.org/web/20110528010240/http://cwastes.skolbloggen.se:80/2010/08/
html_200_root,20110528010245,http://cwastes.skolbloggen.se:80/2011/05/19/tre-systrar-pa-teaterhogskolan-i-malmo/,200,text/html,https://web.archive.org/web/20110528010245/http://cwastes.skolbloggen.se:80/2011/05/19/tre-systrar-pa-teaterhogskolan-i-malmo/
html_200_root,20110528010250,http://cwastes.skolbloggen.se:80/category/netikett/,200,text/html,https://web.archive.org/web/20110528010250/http://cwastes.skolbloggen.se:80/category/netikett/
html_200_root,20110528010255,http://cwastes.skolbloggen.se:80/tag/sociala-medier/,200,text/html,https://web.archive.org/web/20110528010255/http://cwastes.skolbloggen.se:80/tag/sociala-medier/
html_200_root,20110528010300,http://cwastes.skolbloggen.se:80/tag/youtube/,200,text/html,https://web.archive.org/web/20110528010300/http://cwastes.skolbloggen.se:80/tag/youtube/
raw_http_prefix,20110528010306,http://cwastes.skolbloggen.se:80/wp-login.php?action=register,302,text/html,https://web.archive.org/web/20110528010306/http://cwastes.skolbloggen.se:80/wp-login.php?action=register
raw_http_prefix,20110528010336,http://cwastes.skolbloggen.se:80/xmlrpc.php,200,text/plain,https://web.archive.org/web/20110528010336/http://cwastes.skolbloggen.se:80/xmlrpc.php
html_200_root,20110528010405,http://cwastes.skolbloggen.se:80/2010/03/,200,text/html,https://web.archive.org/web/20110528010405/http://cwastes.skolbloggen.se:80/2010/03/
html_200_root,20110528010411,http://cwastes.skolbloggen.se:80/2011/05/13/netikett/,200,text/html,https://web.archive.org/web/20110528010411/http://cwastes.skolbloggen.se:80/2011/05/13/netikett/
html_200_root,20110528010416,http://cwastes.skolbloggen.se:80/category/kom-igang-med-skolbloggen-se/,200,text/html,https://web.archive.org/web/20110528010416/http://cwastes.skolbloggen.se:80/category/kom-igang-med-skolbloggen-se/
html_200_root,20110528010421,http://cwastes.skolbloggen.se:80/category/webbstjarnan/,200,text/html,https://web.archive.org/web/20110528010421/http://cwastes.skolbloggen.se:80/category/webbstjarnan/
html_200_root,20110528010426,http://cwastes.skolbloggen.se:80/tag/affarside/,200,text/html,https://web.archive.org/web/20110528010426/http://cwastes.skolbloggen.se:80/tag/affarside/
html_200_root,20110528010431,http://cwastes.skolbloggen.se:80/tag/blogga/,200,text/html,https://web.archive.org/web/20110528010431/http://cwastes.skolbloggen.se:80/tag/blogga/
html_200_root,20110528010437,http://cwastes.skolbloggen.se:80/tag/facebook/,200,text/html,https://web.archive.org/web/20110528010437/http://cwastes.skolbloggen.se:80/tag/facebook/
html_200_root,20110528010441,http://cwastes.skolbloggen.se:80/tag/instruktion/,200,text/html,https://web.archive.org/web/20110528010441/http://cwastes.skolbloggen.se:80/tag/instruktion/
html_200_root,20110528010446,http://cwastes.skolbloggen.se:80/tag/kommentarer/,200,text/html,https://web.archive.org/web/20110528010446/http://cwastes.skolbloggen.se:80/tag/kommentarer/
html_200_root,20110528010452,http://cwastes.skolbloggen.se:80/tag/livslangt-larande/,200,text/html,https://web.archive.org/web/20110528010452/http://cwastes.skolbloggen.se:80/tag/livslangt-larande/
html_200_root,20110528010457,http://cwastes.skolbloggen.se:80/tag/twitter/,200,text/html,https://web.archive.org/web/20110528010457/http://cwastes.skolbloggen.se:80/tag/twitter/
html_200_root,20110528010502,http://cwastes.skolbloggen.se:80/tag/youtube-klipp/,200,text/html,https://web.archive.org/web/20110528010502/http://cwastes.skolbloggen.se:80/tag/youtube-klipp/
raw_http_prefix,20110528010505,http://cwastes.skolbloggen.se:80/wp-includes/wlwmanifest.xml,200,application/xml,https://web.archive.org/web/20110528010505/http://cwastes.skolbloggen.se:80/wp-includes/wlwmanifest.xml
raw_http_prefix,20110528010818,http://cwastes.skolbloggen.se:80/xmlrpc.php?rsd,200,text/xml,https://web.archive.org/web/20110528010818/http://cwastes.skolbloggen.se:80/xmlrpc.php?rsd
html_200_root,20110528010910,http://cwastes.skolbloggen.se:80/2010/07/,200,text/html,https://web.archive.org/web/20110528010910/http://cwastes.skolbloggen.se:80/2010/07/
html_200_root,20110528010915,http://cwastes.skolbloggen.se:80/2010/12/19/vilhelm-moberg/,200,text/html,https://web.archive.org/web/20110528010915/http://cwastes.skolbloggen.se:80/2010/12/19/vilhelm-moberg/
html_200_root,20110528010921,http://cwastes.skolbloggen.se:80/tag/blogg/,200,text/html,https://web.archive.org/web/20110528010921/http://cwastes.skolbloggen.se:80/tag/blogg/
html_200_root,20110528010926,http://cwastes.skolbloggen.se:80/tag/ikt/,200,text/html,https://web.archive.org/web/20110528010926/http://cwastes.skolbloggen.se:80/tag/ikt/
html_200_root,20110528010932,http://cwastes.skolbloggen.se:80/tag/kollektivtrafik/,200,text/html,https://web.archive.org/web/20110528010932/http://cwastes.skolbloggen.se:80/tag/kollektivtrafik/
html_200_root,20110528010936,http://cwastes.skolbloggen.se:80/tag/politik/,200,text/html,https://web.archive.org/web/20110528010936/http://cwastes.skolbloggen.se:80/tag/politik/
html_200_root,20110528010941,http://cwastes.skolbloggen.se:80/tag/skrivarskola/,200,text/html,https://web.archive.org/web/20110528010941/http://cwastes.skolbloggen.se:80/tag/skrivarskola/
html_200_root,20110528010947,http://cwastes.skolbloggen.se:80/tag/studier/,200,text/html,https://web.archive.org/web/20110528010947/http://cwastes.skolbloggen.se:80/tag/studier/
html_200_root,20110528011446,http://cwastes.skolbloggen.se:80/wp-login.php,200,text/html,https://web.archive.org/web/20110528011446/http://cwastes.skolbloggen.se:80/wp-login.php
html_200_root,20110528011504,http://cwastes.skolbloggen.se:80/page/2/,200,text/html,https://web.archive.org/web/20110528011504/http://cwastes.skolbloggen.se:80/page/2/
html_200_root,20110528011508,http://cwastes.skolbloggen.se:80/tag/film/,200,text/html,https://web.archive.org/web/20110528011508/http://cwastes.skolbloggen.se:80/tag/film/
html_200_root,20110528011513,http://cwastes.skolbloggen.se:80/tag/gratis/,200,text/html,https://web.archive.org/web/20110528011513/http://cwastes.skolbloggen.se:80/tag/gratis/
html_200_root,20110528011518,http://cwastes.skolbloggen.se:80/tag/matematik/,200,text/html,https://web.archive.org/web/20110528011518/http://cwastes.skolbloggen.se:80/tag/matematik/
html_200_root,20110528011524,http://cwastes.skolbloggen.se:80/tag/skola/,200,text/html,https://web.archive.org/web/20110528011524/http://cwastes.skolbloggen.se:80/tag/skola/
html_200_root,20110528011529,http://cwastes.skolbloggen.se:80/tag/sprak/,200,text/html,https://web.archive.org/web/20110528011529/http://cwastes.skolbloggen.se:80/tag/sprak/
html_200_root,20110528011534,http://cwastes.skolbloggen.se:80/tag/utbildning/,200,text/html,https://web.archive.org/web/20110528011534/http://cwastes.skolbloggen.se:80/tag/utbildning/
html_200_root,20110529083139,http://cwastes.skolbloggen.se:80/category/tema-sprak/,200,text/html,https://web.archive.org/web/20110529083139/http://cwastes.skolbloggen.se:80/category/tema-sprak/
raw_http_prefix,20110612085550,http://cwastes.skolbloggen.se:80/2010/07/17/vad-lar-du-dig-nar-du-spelar-wow,301,text/html,https://web.archive.org/web/20110612085550/http://cwastes.skolbloggen.se:80/2010/07/17/vad-lar-du-dig-nar-du-spelar-wow
html_200_root,20110612085550,http://cwastes.skolbloggen.se:80/2010/07/17/vad-lar-du-dig-nar-du-spelar-wow/,200,text/html,https://web.archive.org/web/20110612085550/http://cwastes.skolbloggen.se:80/2010/07/17/vad-lar-du-dig-nar-du-spelar-wow/
raw_http_prefix,20110825114745,http://cwastes.skolbloggen.se:80/2010/09/03/halva-matte-b-pa-en-genomgang,301,text/html,https://web.archive.org/web/20110825114745/http://cwastes.skolbloggen.se:80/2010/09/03/halva-matte-b-pa-en-genomgang
html_200_root,20110825114745,http://cwastes.skolbloggen.se:80/2010/09/03/halva-matte-b-pa-en-genomgang/,200,text/html,https://web.archive.org/web/20110825114745/http://cwastes.skolbloggen.se:80/2010/09/03/halva-matte-b-pa-en-genomgang/
raw_http_prefix,20110826064308,http://cwastes.skolbloggen.se:80/2010/07/17/vad-lar-du-dig-nar-du-spelar-wow,301,text/html,https://web.archive.org/web/20110826064308/http://cwastes.skolbloggen.se:80/2010/07/17/vad-lar-du-dig-nar-du-spelar-wow
html_200_root,20110826064308,http://cwastes.skolbloggen.se:80/2010/07/17/vad-lar-du-dig-nar-du-spelar-wow/,200,text/html,https://web.archive.org/web/20110826064308/http://cwastes.skolbloggen.se:80/2010/07/17/vad-lar-du-dig-nar-du-spelar-wow/
html_200_root,20110826081904,http://cwastes.skolbloggen.se:80/,200,text/html,https://web.archive.org/web/20110826081904/http://cwastes.skolbloggen.se:80/
raw_http_prefix,20110827001541,http://cwastes.skolbloggen.se/robots.txt,200,text/plain,https://web.archive.org/web/20110827001541/http://cwastes.skolbloggen.se/robots.txt
raw_http_prefix,20110921103540,http://cwastes.skolbloggen.se/robots.txt,200,text/plain,https://web.archive.org/web/20110921103540/http://cwastes.skolbloggen.se/robots.txt
raw_http_prefix,20110928061600,http://cwastes.skolbloggen.se/robots.txt,200,text/plain,https://web.archive.org/web/20110928061600/http://cwastes.skolbloggen.se/robots.txt
html_200_root,20111025090256,http://cwastes.skolbloggen.se:80/,200,text/html,https://web.archive.org/web/20111025090256/http://cwastes.skolbloggen.se:80/
html_200_root,20120102005836,http://cwastes.skolbloggen.se:80/,200,text/html,https://web.archive.org/web/20120102005836/http://cwastes.skolbloggen.se:80/
raw_http_prefix,20120113232922,http://cwastes.skolbloggen.se:80/2011/11/14/inre-resor-elevtext,301,text/html,https://web.archive.org/web/20120113232922/http://cwastes.skolbloggen.se:80/2011/11/14/inre-resor-elevtext
html_200_root,20120113232922,http://cwastes.skolbloggen.se:80/2011/11/14/inre-resor-elevtext/,200,text/html,https://web.archive.org/web/20120113232922/http://cwastes.skolbloggen.se:80/2011/11/14/inre-resor-elevtext/
html_200_root,20120115074641,http://cwastes.skolbloggen.se:80/2011/10/27/inre-och-yttre-resor/comment-page-1/,200,text/html,https://web.archive.org/web/20120115074641/http://cwastes.skolbloggen.se:80/2011/10/27/inre-och-yttre-resor/comment-page-1/
html_200_root,20120115074721,http://cwastes.skolbloggen.se:80/2011/11/14/flyga-drake-elevtext-3/,200,text/html,https://web.archive.org/web/20120115074721/http://cwastes.skolbloggen.se:80/2011/11/14/flyga-drake-elevtext-3/
html_200_root,20120115080112,http://cwastes.skolbloggen.se:80/2011/11/15/din-stund-pa-jorden/,200,text/html,https://web.archive.org/web/20120115080112/http://cwastes.skolbloggen.se:80/2011/11/15/din-stund-pa-jorden/
html_200_root,20120115122054,http://cwastes.skolbloggen.se:80/2011/11/14/inre-resor-elevtext/,200,text/html,https://web.archive.org/web/20120115122054/http://cwastes.skolbloggen.se:80/2011/11/14/inre-resor-elevtext/
raw_http_prefix,20120204184944,http://cwastes.skolbloggen.se/robots.txt,200,text/plain,https://web.archive.org/web/20120204184944/http://cwastes.skolbloggen.se/robots.txt
raw_http_prefix,20120515211844,http://cwastes.skolbloggen.se/robots.txt,200,text/plain,https://web.archive.org/web/20120515211844/http://cwastes.skolbloggen.se/robots.txt
html_200_root,20120515211851,http://cwastes.skolbloggen.se/,200,text/html,https://web.archive.org/web/20120515211851/http://cwastes.skolbloggen.se/
html_200_root,20120516020936,http://cwastes.skolbloggen.se/,200,text/html,https://web.archive.org/web/20120516020936/http://cwastes.skolbloggen.se/
raw_http_prefix,20120803224702,http://www.cwastes.skolbloggen.se/robots.txt,200,text/plain,https://web.archive.org/web/20120803224702/http://www.cwastes.skolbloggen.se/robots.txt
html_200_root,20120830055534,http://cwastes.skolbloggen.se:80/,200,text/html,https://web.archive.org/web/20120830055534/http://cwastes.skolbloggen.se:80/
raw_http_prefix,20120901161650,http://www.cwastes.skolbloggen.se/robots.txt,200,text/plain,https://web.archive.org/web/20120901161650/http://www.cwastes.skolbloggen.se/robots.txt
raw_http_prefix,20120916010814,http://cwastes.skolbloggen.se:80/2011/09/21/bokpresentation-robinson-crusoe,301,text/html,https://web.archive.org/web/20120916010814/http://cwastes.skolbloggen.se:80/2011/09/21/bokpresentation-robinson-crusoe
html_200_root,20120916010814,http://cwastes.skolbloggen.se:80/2011/09/21/bokpresentation-robinson-crusoe/,200,text/html,https://web.archive.org/web/20120916010814/http://cwastes.skolbloggen.se:80/2011/09/21/bokpresentation-robinson-crusoe/
html_200_root,20120917042018,http://cwastes.skolbloggen.se:80/2011/09/16/om-man-skulle-gora-en-bokpresentation-av-till-exempel-gosta-berlings-saga/,200,text/html,https://web.archive.org/web/20120917042018/http://cwastes.skolbloggen.se:80/2011/09/16/om-man-skulle-gora-en-bokpresentation-av-till-exempel-gosta-berlings-saga/
html_200_root,20120917042022,http://cwastes.skolbloggen.se:80/2011/10/03/nathat-2/,200,text/html,https://web.archive.org/web/20120917042022/http://cwastes.skolbloggen.se:80/2011/10/03/nathat-2/
html_200_root,20120917042032,http://cwastes.skolbloggen.se:80/2012/03/29/hur-ar-en-bra-ledare/comment-page-1/,200,text/html,https://web.archive.org/web/20120917042032/http://cwastes.skolbloggen.se:80/2012/03/29/hur-ar-en-bra-ledare/comment-page-1/
html_200_root,20120917042041,http://cwastes.skolbloggen.se:80/category/tema-klassiker-romaner/,200,text/html,https://web.archive.org/web/20120917042041/http://cwastes.skolbloggen.se:80/category/tema-klassiker-romaner/
html_200_root,20120917042057,http://cwastes.skolbloggen.se:80/tag/forfattare/,200,text/html,https://web.archive.org/web/20120917042057/http://cwastes.skolbloggen.se:80/tag/forfattare/
raw_http_prefix,20120917042137,http://cwastes.skolbloggen.se:80/wp-login.php?action=register,302,text/html,https://web.archive.org/web/20120917042137/http://cwastes.skolbloggen.se:80/wp-login.php?action=register
html_200_root,20120917042509,http://cwastes.skolbloggen.se:80/wp-login.php,200,text/html,https://web.archive.org/web/20120917042509/http://cwastes.skolbloggen.se:80/wp-login.php
html_200_root,20120917064610,http://cwastes.skolbloggen.se:80/2011/09/21/bokpresentation-robinson-crusoe/,200,text/html,https://web.archive.org/web/20120917064610/http://cwastes.skolbloggen.se:80/2011/09/21/bokpresentation-robinson-crusoe/
html_200_root,20120917141552,http://cwastes.skolbloggen.se:80/2012/06/07/forgylla-nagons-vardag/,200,text/html,https://web.archive.org/web/20120917141552/http://cwastes.skolbloggen.se:80/2012/06/07/forgylla-nagons-vardag/
html_200_root,20120917233615,http://cwastes.skolbloggen.se:80/2010/04/,200,text/html,https://web.archive.org/web/20120917233615/http://cwastes.skolbloggen.se:80/2010/04/
html_200_root,20120917233621,http://cwastes.skolbloggen.se:80/2010/07/,200,text/html,https://web.archive.org/web/20120917233621/http://cwastes.skolbloggen.se:80/2010/07/
html_200_root,20120917233626,http://cwastes.skolbloggen.se:80/2012/03/20/kollektivavtal-borde-vara-en-sjalvklarhet/comment-page-1/,200,text/html,https://web.archive.org/web/20120917233626/http://cwastes.skolbloggen.se:80/2012/03/20/kollektivavtal-borde-vara-en-sjalvklarhet/comment-page-1/
html_200_root,20120917233631,http://cwastes.skolbloggen.se:80/2012/03/20/varldshandeln-gynnar-mest-de-rika-landerna/,200,text/html,https://web.archive.org/web/20120917233631/http://cwastes.skolbloggen.se:80/2012/03/20/varldshandeln-gynnar-mest-de-rika-landerna/
html_200_root,20120917233636,http://cwastes.skolbloggen.se:80/2012/03/26/lego-som-lego/,200,text/html,https://web.archive.org/web/20120917233636/http://cwastes.skolbloggen.se:80/2012/03/26/lego-som-lego/
html_200_root,20120917233642,http://cwastes.skolbloggen.se:80/2012/04/26/sank-priserna-pa-kollektivtrafiken/,200,text/html,https://web.archive.org/web/20120917233642/http://cwastes.skolbloggen.se:80/2012/04/26/sank-priserna-pa-kollektivtrafiken/
html_200_root,20120917233646,http://cwastes.skolbloggen.se:80/2012/06/,200,text/html,https://web.archive.org/web/20120917233646/http://cwastes.skolbloggen.se:80/2012/06/
html_200_root,20120917233651,http://cwastes.skolbloggen.se:80/category/netikett/,200,text/html,https://web.archive.org/web/20120917233651/http://cwastes.skolbloggen.se:80/category/netikett/
html_200_root,20120917233656,http://cwastes.skolbloggen.se:80/category/tips/,200,text/html,https://web.archive.org/web/20120917233656/http://cwastes.skolbloggen.se:80/category/tips/
raw_http_prefix,20120917233701,http://cwastes.skolbloggen.se:80/feed/,200,text/xml,https://web.archive.org/web/20120917233701/http://cwastes.skolbloggen.se:80/feed/
html_200_root,20120917233706,http://cwastes.skolbloggen.se:80/tag/blogga/,200,text/html,https://web.archive.org/web/20120917233706/http://cwastes.skolbloggen.se:80/tag/blogga/
html_200_root,20120917233711,http://cwastes.skolbloggen.se:80/tag/instruktionsfilm/,200,text/html,https://web.archive.org/web/20120917233711/http://cwastes.skolbloggen.se:80/tag/instruktionsfilm/
html_200_root,20120917233720,http://cwastes.skolbloggen.se:80/tag/ode-o/,200,text/html,https://web.archive.org/web/20120917233720/http://cwastes.skolbloggen.se:80/tag/ode-o/
html_200_root,20120917233725,http://cwastes.skolbloggen.se:80/tag/sociala-medier/,200,text/html,https://web.archive.org/web/20120917233725/http://cwastes.skolbloggen.se:80/tag/sociala-medier/
html_200_root,20120917233730,http://cwastes.skolbloggen.se:80/tag/studier/,200,text/html,https://web.archive.org/web/20120917233730/http://cwastes.skolbloggen.se:80/tag/studier/
raw_http_prefix,20120917233734,http://cwastes.skolbloggen.se:80/wp-comments-post.php,405,text/plain,https://web.archive.org/web/20120917233734/http://cwastes.skolbloggen.se:80/wp-comments-post.php
html_200_root,20120917233757,http://cwastes.skolbloggen.se:80/2010/01/,200,text/html,https://web.archive.org/web/20120917233757/http://cwastes.skolbloggen.se:80/2010/01/
html_200_root,20120917233803,http://cwastes.skolbloggen.se:80/2011/01/,200,text/html,https://web.archive.org/web/20120917233803/http://cwastes.skolbloggen.se:80/2011/01/
html_200_root,20120917233808,http://cwastes.skolbloggen.se:80/2011/11/,200,text/html,https://web.archive.org/web/20120917233808/http://cwastes.skolbloggen.se:80/2011/11/
html_200_root,20120917233813,http://cwastes.skolbloggen.se:80/2012/03/20/att-vara-organiserad-eller-ej/,200,text/html,https://web.archive.org/web/20120917233813/http://cwastes.skolbloggen.se:80/2012/03/20/att-vara-organiserad-eller-ej/
html_200_root,20120917233818,http://cwastes.skolbloggen.se:80/2012/03/26/lego-som-lego/comment-page-1/,200,text/html,https://web.archive.org/web/20120917233818/http://cwastes.skolbloggen.se:80/2012/03/26/lego-som-lego/comment-page-1/
html_200_root,20120917233826,http://cwastes.skolbloggen.se:80/2012/04/,200,text/html,https://web.archive.org/web/20120917233826/http://cwastes.skolbloggen.se:80/2012/04/
html_200_root,20120917233832,http://cwastes.skolbloggen.se:80/2012/05/28/anonyma-brev/,200,text/html,https://web.archive.org/web/20120917233832/http://cwastes.skolbloggen.se:80/2012/05/28/anonyma-brev/
html_200_root,20120917233836,http://cwastes.skolbloggen.se:80/2012/05/28/att-gora-varlden-till-en-battre-plats/,200,text/html,https://web.archive.org/web/20120917233836/http://cwastes.skolbloggen.se:80/2012/05/28/att-gora-varlden-till-en-battre-plats/
html_200_root,20120917233841,http://cwastes.skolbloggen.se:80/2012/06/05/att-kopa-aktier-ar-inte-farligt/,200,text/html,https://web.archive.org/web/20120917233841/http://cwastes.skolbloggen.se:80/2012/06/05/att-kopa-aktier-ar-inte-farligt/
html_200_root,20120917233847,http://cwastes.skolbloggen.se:80/2012/06/05/vi-bor-idrotta-mer-an-vad-vi-gor-idag/,200,text/html,https://web.archive.org/web/20120917233847/http://cwastes.skolbloggen.se:80/2012/06/05/vi-bor-idrotta-mer-an-vad-vi-gor-idag/
html_200_root,20120917233853,http://cwastes.skolbloggen.se:80/2012/06/07/hur-pantar-du/,200,text/html,https://web.archive.org/web/20120917233853/http://cwastes.skolbloggen.se:80/2012/06/07/hur-pantar-du/
html_200_root,20120917233858,http://cwastes.skolbloggen.se:80/category/diskussionreflektion/,200,text/html,https://web.archive.org/web/20120917233858/http://cwastes.skolbloggen.se:80/category/diskussionreflektion/
html_200_root,20120917233903,http://cwastes.skolbloggen.se:80/category/ikt-verktyg/,200,text/html,https://web.archive.org/web/20120917233903/http://cwastes.skolbloggen.se:80/category/ikt-verktyg/
html_200_root,20120917233908,http://cwastes.skolbloggen.se:80/category/teater/,200,text/html,https://web.archive.org/web/20120917233908/http://cwastes.skolbloggen.se:80/category/teater/
html_200_root,20120917233915,http://cwastes.skolbloggen.se:80/tag/internet/,200,text/html,https://web.archive.org/web/20120917233915/http://cwastes.skolbloggen.se:80/tag/internet/
html_200_root,20120917233920,http://cwastes.skolbloggen.se:80/tag/skola/,200,text/html,https://web.archive.org/web/20120917233920/http://cwastes.skolbloggen.se:80/tag/skola/
html_200_root,20120917233925,http://cwastes.skolbloggen.se:80/tag/tips/,200,text/html,https://web.archive.org/web/20120917233925/http://cwastes.skolbloggen.se:80/tag/tips/
html_200_root,20120917233957,http://cwastes.skolbloggen.se:80/2010/03/,200,text/html,https://web.archive.org/web/20120917233957/http://cwastes.skolbloggen.se:80/2010/03/
html_200_root,20120917234003,http://cwastes.skolbloggen.se:80/2010/12/14/svenska-eller-engelska-2/comment-page-1/,200,text/html,https://web.archive.org/web/20120917234003/http://cwastes.skolbloggen.se:80/2010/12/14/svenska-eller-engelska-2/comment-page-1/
raw_http_prefix,20120917234008,http://cwastes.skolbloggen.se:80/2011/09/21/bokpresentation-robinson-crusoe/trackback/,302,text/html,https://web.archive.org/web/20120917234008/http://cwastes.skolbloggen.se:80/2011/09/21/bokpresentation-robinson-crusoe/trackback/
html_200_root,20120917234013,http://cwastes.skolbloggen.se:80/2012/03/26/byt-ut-gammal-elutrustningen-pa-elprogrammen-i-gymnasieskolor/,200,text/html,https://web.archive.org/web/20120917234013/http://cwastes.skolbloggen.se:80/2012/03/26/byt-ut-gammal-elutrustningen-pa-elprogrammen-i-gymnasieskolor/
html_200_root,20120917234020,http://cwastes.skolbloggen.se:80/2012/05/08/mer-praktik-for-gymnasieelever/,200,text/html,https://web.archive.org/web/20120917234020/http://cwastes.skolbloggen.se:80/2012/05/08/mer-praktik-for-gymnasieelever/
html_200_root,20120917234023,http://cwastes.skolbloggen.se:80/category/webbstjarnan/,200,text/html,https://web.archive.org/web/20120917234023/http://cwastes.skolbloggen.se:80/category/webbstjarnan/
html_200_root,20120917234028,http://cwastes.skolbloggen.se:80/tag/kollektivtrafik/,200,text/html,https://web.archive.org/web/20120917234028/http://cwastes.skolbloggen.se:80/tag/kollektivtrafik/
html_200_root,20120917234033,http://cwastes.skolbloggen.se:80/tag/robinson-crusoe/,200,text/html,https://web.archive.org/web/20120917234033/http://cwastes.skolbloggen.se:80/tag/robinson-crusoe/
html_200_root,20120917234038,http://cwastes.skolbloggen.se:80/tag/skolbloggen-se/,200,text/html,https://web.archive.org/web/20120917234038/http://cwastes.skolbloggen.se:80/tag/skolbloggen-se/
raw_http_prefix,20120917234043,http://cwastes.skolbloggen.se:80/xmlrpc.php,200,text/plain,https://web.archive.org/web/20120917234043/http://cwastes.skolbloggen.se:80/xmlrpc.php
html_200_root,20120917234100,http://cwastes.skolbloggen.se:80/2011/09/,200,text/html,https://web.archive.org/web/20120917234100/http://cwastes.skolbloggen.se:80/2011/09/
html_200_root,20120917234411,http://cwastes.skolbloggen.se:80/2011/10/,200,text/html,https://web.archive.org/web/20120917234411/http://cwastes.skolbloggen.se:80/2011/10/
html_200_root,20120917234416,http://cwastes.skolbloggen.se:80/2012/03/20/kop-inte-klader-som-ar-tillverkade-av-barnarbetare/,200,text/html,https://web.archive.org/web/20120917234416/http://cwastes.skolbloggen.se:80/2012/03/20/kop-inte-klader-som-ar-tillverkade-av-barnarbetare/
html_200_root,20120917234421,http://cwastes.skolbloggen.se:80/2012/03/29/hogre-standard-pa-lararna/comment-page-1/,200,text/html,https://web.archive.org/web/20120917234421/http://cwastes.skolbloggen.se:80/2012/03/29/hogre-standard-pa-lararna/comment-page-1/
html_200_root,20120917234426,http://cwastes.skolbloggen.se:80/2012/03/29/mer-utbildning-for-praktikledare/comment-page-1/,200,text/html,https://web.archive.org/web/20120917234426/http://cwastes.skolbloggen.se:80/2012/03/29/mer-utbildning-for-praktikledare/comment-page-1/
html_200_root,20120917235243,http://cwastes.skolbloggen.se:80/2012/05/28/hur-kan-vi-forandra-varlden-till-det-battre/,200,text/html,https://web.archive.org/web/20120917235243/http://cwastes.skolbloggen.se:80/2012/05/28/hur-kan-vi-forandra-varlden-till-det-battre/
html_200_root,20120917235248,http://cwastes.skolbloggen.se:80/2012/06/05/svensk-vapenexport/,200,text/html,https://web.archive.org/web/20120917235248/http://cwastes.skolbloggen.se:80/2012/06/05/svensk-vapenexport/
html_200_root,20120917235256,http://cwastes.skolbloggen.se:80/author/hagstrom/,200,text/html,https://web.archive.org/web/20120917235256/http://cwastes.skolbloggen.se:80/author/hagstrom/
html_200_root,20120917235301,http://cwastes.skolbloggen.se:80/category/1900-talsforfattare/,200,text/html,https://web.archive.org/web/20120917235301/http://cwastes.skolbloggen.se:80/category/1900-talsforfattare/
html_200_root,20120917235306,http://cwastes.skolbloggen.se:80/category/forbattra-varlden/,200,text/html,https://web.archive.org/web/20120917235306/http://cwastes.skolbloggen.se:80/category/forbattra-varlden/
html_200_root,20120917235311,http://cwastes.skolbloggen.se:80/category/instruktion/,200,text/html,https://web.archive.org/web/20120917235311/http://cwastes.skolbloggen.se:80/category/instruktion/
html_200_root,20120917235316,http://cwastes.skolbloggen.se:80/category/tema-resor/,200,text/html,https://web.archive.org/web/20120917235316/http://cwastes.skolbloggen.se:80/category/tema-resor/
html_200_root,20120917235321,http://cwastes.skolbloggen.se:80/om/,200,text/html,https://web.archive.org/web/20120917235321/http://cwastes.skolbloggen.se:80/om/
html_200_root,20120917235326,http://cwastes.skolbloggen.se:80/tag/affarside/,200,text/html,https://web.archive.org/web/20120917235326/http://cwastes.skolbloggen.se:80/tag/affarside/
html_200_root,20120917235333,http://cwastes.skolbloggen.se:80/tag/betygskriterier/,200,text/html,https://web.archive.org/web/20120917235333/http://cwastes.skolbloggen.se:80/tag/betygskriterier/
html_200_root,20120917235339,http://cwastes.skolbloggen.se:80/tag/gratis/,200,text/html,https://web.archive.org/web/20120917235339/http://cwastes.skolbloggen.se:80/tag/gratis/
html_200_root,20120917235345,http://cwastes.skolbloggen.se:80/tag/ikt/,200,text/html,https://web.archive.org/web/20120917235345/http://cwastes.skolbloggen.se:80/tag/ikt/
html_200_root,20120917235350,http://cwastes.skolbloggen.se:80/tag/skrivarskola/,200,text/html,https://web.archive.org/web/20120917235350/http://cwastes.skolbloggen.se:80/tag/skrivarskola/
html_200_root,20120917235355,http://cwastes.skolbloggen.se:80/tag/utbildning/,200,text/html,https://web.archive.org/web/20120917235355/http://cwastes.skolbloggen.se:80/tag/utbildning/
html_200_root,20120917235400,http://cwastes.skolbloggen.se:80/tag/youtube-klipp/,200,text/html,https://web.archive.org/web/20120917235400/http://cwastes.skolbloggen.se:80/tag/youtube-klipp/
html_200_root,20120917235420,http://cwastes.skolbloggen.se:80/2010/02/,200,text/html,https://web.archive.org/web/20120917235420/http://cwastes.skolbloggen.se:80/2010/02/
html_200_root,20120917235425,http://cwastes.skolbloggen.se:80/2011/05/,200,text/html,https://web.archive.org/web/20120917235425/http://cwastes.skolbloggen.se:80/2011/05/
html_200_root,20120917235430,http://cwastes.skolbloggen.se:80/2012/03/,200,text/html,https://web.archive.org/web/20120917235430/http://cwastes.skolbloggen.se:80/2012/03/
html_200_root,20120917235437,http://cwastes.skolbloggen.se:80/2012/04/12/alla-butiker-borde-anvanda-sig-av-nathandel/comment-page-1/,200,text/html,https://web.archive.org/web/20120917235437/http://cwastes.skolbloggen.se:80/2012/04/12/alla-butiker-borde-anvanda-sig-av-nathandel/comment-page-1/
html_200_root,20120917235442,http://cwastes.skolbloggen.se:80/2012/05/,200,text/html,https://web.archive.org/web/20120917235442/http://cwastes.skolbloggen.se:80/2012/05/
html_200_root,20120917235447,http://cwastes.skolbloggen.se:80/2012/05/28/att-gor-varlden-battre/,200,text/html,https://web.archive.org/web/20120917235447/http://cwastes.skolbloggen.se:80/2012/05/28/att-gor-varlden-battre/
html_200_root,20120917235453,http://cwastes.skolbloggen.se:80/2012/06/05/infor-undervisning-om-arbetsratt/,200,text/html,https://web.archive.org/web/20120917235453/http://cwastes.skolbloggen.se:80/2012/06/05/infor-undervisning-om-arbetsratt/
html_200_root,20120917235458,http://cwastes.skolbloggen.se:80/2012/06/05/mediciner-gor-mer-nytta-an-skada/,200,text/html,https://web.archive.org/web/20120917235458/http://cwastes.skolbloggen.se:80/2012/06/05/mediciner-gor-mer-nytta-an-skada/
html_200_root,20120917235503,http://cwastes.skolbloggen.se:80/category/okategoriserad/,200,text/html,https://web.archive.org/web/20120917235503/http://cwastes.skolbloggen.se:80/category/okategoriserad/
html_200_root,20120917235508,http://cwastes.skolbloggen.se:80/category/tema-sprak/,200,text/html,https://web.archive.org/web/20120917235508/http://cwastes.skolbloggen.se:80/category/tema-sprak/
raw_http_prefix,20120917235512,http://cwastes.skolbloggen.se:80/comments/feed/,200,text/xml,https://web.archive.org/web/20120917235512/http://cwastes.skolbloggen.se:80/comments/feed/
html_200_root,20120917235518,http://cwastes.skolbloggen.se:80/tag/asa-kronkvist/,200,text/html,https://web.archive.org/web/20120917235518/http://cwastes.skolbloggen.se:80/tag/asa-kronkvist/
html_200_root,20120917235526,http://cwastes.skolbloggen.se:80/tag/fredag/,200,text/html,https://web.archive.org/web/20120917235526/http://cwastes.skolbloggen.se:80/tag/fredag/
html_200_root,20120917235531,http://cwastes.skolbloggen.se:80/tag/inlagg/,200,text/html,https://web.archive.org/web/20120917235531/http://cwastes.skolbloggen.se:80/tag/inlagg/
html_200_root,20120917235536,http://cwastes.skolbloggen.se:80/tag/kannibalism/,200,text/html,https://web.archive.org/web/20120917235536/http://cwastes.skolbloggen.se:80/tag/kannibalism/
html_200_root,20120917235541,http://cwastes.skolbloggen.se:80/tag/kunskapssyn/,200,text/html,https://web.archive.org/web/20120917235541/http://cwastes.skolbloggen.se:80/tag/kunskapssyn/
html_200_root,20120917235546,http://cwastes.skolbloggen.se:80/tag/livslangt-larande/,200,text/html,https://web.archive.org/web/20120917235546/http://cwastes.skolbloggen.se:80/tag/livslangt-larande/
html_200_root,20120917235551,http://cwastes.skolbloggen.se:80/tag/matematik/,200,text/html,https://web.archive.org/web/20120917235551/http://cwastes.skolbloggen.se:80/tag/matematik/
html_200_root,20120917235556,http://cwastes.skolbloggen.se:80/tag/spel/,200,text/html,https://web.archive.org/web/20120917235556/http://cwastes.skolbloggen.se:80/tag/spel/
html_200_root,20120917235601,http://cwastes.skolbloggen.se:80/tag/svenska/,200,text/html,https://web.archive.org/web/20120917235601/http://cwastes.skolbloggen.se:80/tag/svenska/
html_200_root,20120917235606,http://cwastes.skolbloggen.se:80/2010/08/,200,text/html,https://web.archive.org/web/20120917235606/http://cwastes.skolbloggen.se:80/2010/08/
html_200_root,20120917235612,http://cwastes.skolbloggen.se:80/2010/10/,200,text/html,https://web.archive.org/web/20120917235612/http://cwastes.skolbloggen.se:80/2010/10/
html_200_root,20120917235617,http://cwastes.skolbloggen.se:80/2010/12/20/john-steinbeck/comment-page-1/,200,text/html,https://web.archive.org/web/20120917235617/http://cwastes.skolbloggen.se:80/2010/12/20/john-steinbeck/comment-page-1/
html_200_root,20120917235622,http://cwastes.skolbloggen.se:80/2012/03/20/att-vara-organiserad-eller-ej/comment-page-1/,200,text/html,https://web.archive.org/web/20120917235622/http://cwastes.skolbloggen.se:80/2012/03/20/att-vara-organiserad-eller-ej/comment-page-1/
html_200_root,20120917235627,http://cwastes.skolbloggen.se:80/2012/03/26/byt-ut-gammal-elutrustningen-pa-elprogrammen-i-gymnasieskolor/comment-page-1/,200,text/html,https://web.archive.org/web/20120917235627/http://cwastes.skolbloggen.se:80/2012/03/26/byt-ut-gammal-elutrustningen-pa-elprogrammen-i-gymnasieskolor/comment-page-1/
html_200_root,20120917235632,http://cwastes.skolbloggen.se:80/2012/03/29/hur-ar-en-bra-ledare/,200,text/html,https://web.archive.org/web/20120917235632/http://cwastes.skolbloggen.se:80/2012/03/29/hur-ar-en-bra-ledare/
html_200_root,20120917235637,http://cwastes.skolbloggen.se:80/2012/03/29/mer-utbildning-for-praktikledare/,200,text/html,https://web.archive.org/web/20120917235637/http://cwastes.skolbloggen.se:80/2012/03/29/mer-utbildning-for-praktikledare/
html_200_root,20120917235642,http://cwastes.skolbloggen.se:80/2012/04/12/alla-butiker-borde-anvanda-sig-av-nathandel/,200,text/html,https://web.archive.org/web/20120917235642/http://cwastes.skolbloggen.se:80/2012/04/12/alla-butiker-borde-anvanda-sig-av-nathandel/
html_200_root,20120917235647,http://cwastes.skolbloggen.se:80/2012/04/26/att-sanka-ungdomslonerna-ar-daligt/,200,text/html,https://web.archive.org/web/20120917235647/http://cwastes.skolbloggen.se:80/2012/04/26/att-sanka-ungdomslonerna-ar-daligt/
html_200_root,20120917235652,http://cwastes.skolbloggen.se:80/2012/05/28/att-gora-varlden-till-en-battre-plats/comment-page-1/,200,text/html,https://web.archive.org/web/20120917235652/http://cwastes.skolbloggen.se:80/2012/05/28/att-gora-varlden-till-en-battre-plats/comment-page-1/
html_200_root,20120917235657,http://cwastes.skolbloggen.se:80/2012/05/28/en-liten-garning-kan-gora-stor-skillnad/,200,text/html,https://web.archive.org/web/20120917235657/http://cwastes.skolbloggen.se:80/2012/05/28/en-liten-garning-kan-gora-stor-skillnad/
html_200_root,20120917235702,http://cwastes.skolbloggen.se:80/category/diskutera/,200,text/html,https://web.archive.org/web/20120917235702/http://cwastes.skolbloggen.se:80/category/diskutera/
html_200_root,20120917235707,http://cwastes.skolbloggen.se:80/category/gott-och-blandat/,200,text/html,https://web.archive.org/web/20120917235707/http://cwastes.skolbloggen.se:80/category/gott-och-blandat/
html_200_root,20120917235713,http://cwastes.skolbloggen.se:80/category/oppna-larresurser/,200,text/html,https://web.archive.org/web/20120917235713/http://cwastes.skolbloggen.se:80/category/oppna-larresurser/
html_200_root,20120917235718,http://cwastes.skolbloggen.se:80/tag/bildredigering/,200,text/html,https://web.archive.org/web/20120917235718/http://cwastes.skolbloggen.se:80/tag/bildredigering/
html_200_root,20120917235723,http://cwastes.skolbloggen.se:80/tag/diskussion/,200,text/html,https://web.archive.org/web/20120917235723/http://cwastes.skolbloggen.se:80/tag/diskussion/
html_200_root,20120917235728,http://cwastes.skolbloggen.se:80/tag/foto/,200,text/html,https://web.archive.org/web/20120917235728/http://cwastes.skolbloggen.se:80/tag/foto/
html_200_root,20120917235733,http://cwastes.skolbloggen.se:80/tag/humor/,200,text/html,https://web.archive.org/web/20120917235733/http://cwastes.skolbloggen.se:80/tag/humor/
html_200_root,20120917235738,http://cwastes.skolbloggen.se:80/tag/klassiker/,200,text/html,https://web.archive.org/web/20120917235738/http://cwastes.skolbloggen.se:80/tag/klassiker/
html_200_root,20120917235744,http://cwastes.skolbloggen.se:80/tag/kursplan/,200,text/html,https://web.archive.org/web/20120917235744/http://cwastes.skolbloggen.se:80/tag/kursplan/
html_200_root,20120917235749,http://cwastes.skolbloggen.se:80/tag/louise/,200,text/html,https://web.archive.org/web/20120917235749/http://cwastes.skolbloggen.se:80/tag/louise/
html_200_root,20120917235755,http://cwastes.skolbloggen.se:80/tag/onlinespel/,200,text/html,https://web.archive.org/web/20120917235755/http://cwastes.skolbloggen.se:80/tag/onlinespel/
html_200_root,20120917235800,http://cwastes.skolbloggen.se:80/tag/roman/,200,text/html,https://web.archive.org/web/20120917235800/http://cwastes.skolbloggen.se:80/tag/roman/
html_200_root,20120917235805,http://cwastes.skolbloggen.se:80/tag/svenska-b/,200,text/html,https://web.archive.org/web/20120917235805/http://cwastes.skolbloggen.se:80/tag/svenska-b/
html_200_root,20120917235820,http://cwastes.skolbloggen.se:80/2010/11/,200,text/html,https://web.archive.org/web/20120917235820/http://cwastes.skolbloggen.se:80/2010/11/
html_200_root,20120917235826,http://cwastes.skolbloggen.se:80/2010/12/,200,text/html,https://web.archive.org/web/20120917235826/http://cwastes.skolbloggen.se:80/2010/12/
raw_http_prefix,20120917235832,http://cwastes.skolbloggen.se:80/2011/09/21/bokpresentation-robinson-crusoe/feed/,200,text/xml,https://web.archive.org/web/20120917235832/http://cwastes.skolbloggen.se:80/2011/09/21/bokpresentation-robinson-crusoe/feed/
html_200_root,20120917235836,http://cwastes.skolbloggen.se:80/2011/12/,200,text/html,https://web.archive.org/web/20120917235836/http://cwastes.skolbloggen.se:80/2011/12/
html_200_root,20120917235943,http://cwastes.skolbloggen.se:80/2012/03/20/varldshandeln-gynnar-mest-de-rika-landerna/comment-page-1/,200,text/html,https://web.archive.org/web/20120917235943/http://cwastes.skolbloggen.se:80/2012/03/20/varldshandeln-gynnar-mest-de-rika-landerna/comment-page-1/
html_200_root,20120917235948,http://cwastes.skolbloggen.se:80/2012/03/26/kop-inte-klader-som-ar-tillverkade-under-daliga-arbetsforhallanden/,200,text/html,https://web.archive.org/web/20120917235948/http://cwastes.skolbloggen.se:80/2012/03/26/kop-inte-klader-som-ar-tillverkade-under-daliga-arbetsforhallanden/
html_200_root,20120917235951,http://cwastes.skolbloggen.se:80/2012/03/29/hogre-standard-pa-lararna/,200,text/html,https://web.archive.org/web/20120917235951/http://cwastes.skolbloggen.se:80/2012/03/29/hogre-standard-pa-lararna/
html_200_root,20120917235956,http://cwastes.skolbloggen.se:80/2012/05/28/ler-du-sa-ler-varlden-tillbaka/,200,text/html,https://web.archive.org/web/20120917235956/http://cwastes.skolbloggen.se:80/2012/05/28/ler-du-sa-ler-varlden-tillbaka/
raw_http_prefix,20120918000005,http://cwastes.skolbloggen.se:80/?p=1528,301,text/html,https://web.archive.org/web/20120918000005/http://cwastes.skolbloggen.se:80/?p=1528
html_200_root,20120918000006,http://cwastes.skolbloggen.se:80/tag/daniel-defoe/,200,text/html,https://web.archive.org/web/20120918000006/http://cwastes.skolbloggen.se:80/tag/daniel-defoe/
html_200_root,20120918000013,http://cwastes.skolbloggen.se:80/tag/engelska/,200,text/html,https://web.archive.org/web/20120918000013/http://cwastes.skolbloggen.se:80/tag/engelska/
html_200_root,20120918000018,http://cwastes.skolbloggen.se:80/tag/film/,200,text/html,https://web.archive.org/web/20120918000018/http://cwastes.skolbloggen.se:80/tag/film/
html_200_root,20120918000023,http://cwastes.skolbloggen.se:80/tag/instruktion/,200,text/html,https://web.archive.org/web/20120918000023/http://cwastes.skolbloggen.se:80/tag/instruktion/
html_200_root,20120918000028,http://cwastes.skolbloggen.se:80/tag/kommentarer/,200,text/html,https://web.archive.org/web/20120918000028/http://cwastes.skolbloggen.se:80/tag/kommentarer/
html_200_root,20120918000034,http://cwastes.skolbloggen.se:80/tag/kunskap/,200,text/html,https://web.archive.org/web/20120918000034/http://cwastes.skolbloggen.se:80/tag/kunskap/
html_200_root,20120918000039,http://cwastes.skolbloggen.se:80/tag/politik/,200,text/html,https://web.archive.org/web/20120918000039/http://cwastes.skolbloggen.se:80/tag/politik/
html_200_root,20120918000044,http://cwastes.skolbloggen.se:80/tag/skonlitteratur/,200,text/html,https://web.archive.org/web/20120918000044/http://cwastes.skolbloggen.se:80/tag/skonlitteratur/
html_200_root,20120918000457,http://cwastes.skolbloggen.se:80/tag/sprak/,200,text/html,https://web.archive.org/web/20120918000457/http://cwastes.skolbloggen.se:80/tag/sprak/
html_200_root,20120918000501,http://cwastes.skolbloggen.se:80/tag/upplysningstiden/,200,text/html,https://web.archive.org/web/20120918000501/http://cwastes.skolbloggen.se:80/tag/upplysningstiden/
html_200_root,20120918000508,http://cwastes.skolbloggen.se:80/tag/wordle/,200,text/html,https://web.archive.org/web/20120918000508/http://cwastes.skolbloggen.se:80/tag/wordle/
html_200_root,20120918000512,http://cwastes.skolbloggen.se:80/tag/youtube/,200,text/html,https://web.archive.org/web/20120918000512/http://cwastes.skolbloggen.se:80/tag/youtube/
html_200_root,20120918000527,http://cwastes.skolbloggen.se:80/2010/05/,200,text/html,https://web.archive.org/web/20120918000527/http://cwastes.skolbloggen.se:80/2010/05/
html_200_root,20120918000532,http://cwastes.skolbloggen.se:80/2010/06/,200,text/html,https://web.archive.org/web/20120918000532/http://cwastes.skolbloggen.se:80/2010/06/
html_200_root,20120918000538,http://cwastes.skolbloggen.se:80/2010/09/,200,text/html,https://web.archive.org/web/20120918000538/http://cwastes.skolbloggen.se:80/2010/09/
html_200_root,20120918000543,http://cwastes.skolbloggen.se:80/2010/12/19/vilhelm-moberg/comment-page-1/,200,text/html,https://web.archive.org/web/20120918000543/http://cwastes.skolbloggen.se:80/2010/12/19/vilhelm-moberg/comment-page-1/
html_200_root,20120918001300,http://cwastes.skolbloggen.se:80/2011/06/,200,text/html,https://web.archive.org/web/20120918001300/http://cwastes.skolbloggen.se:80/2011/06/
html_200_root,20120918001305,http://cwastes.skolbloggen.se:80/2012/03/20/kollektivavtal-borde-vara-en-sjalvklarhet/,200,text/html,https://web.archive.org/web/20120918001305/http://cwastes.skolbloggen.se:80/2012/03/20/kollektivavtal-borde-vara-en-sjalvklarhet/
html_200_root,20120918001310,http://cwastes.skolbloggen.se:80/2012/03/26/kop-inte-klader-som-ar-tillverkade-under-daliga-arbetsforhallanden/comment-page-1/,200,text/html,https://web.archive.org/web/20120918001310/http://cwastes.skolbloggen.se:80/2012/03/26/kop-inte-klader-som-ar-tillverkade-under-daliga-arbetsforhallanden/comment-page-1/
html_200_root,20120918001315,http://cwastes.skolbloggen.se:80/category/humor/,200,text/html,https://web.archive.org/web/20120918001315/http://cwastes.skolbloggen.se:80/category/humor/
html_200_root,20120918001320,http://cwastes.skolbloggen.se:80/category/kom-igang-med-skolbloggen-se/,200,text/html,https://web.archive.org/web/20120918001320/http://cwastes.skolbloggen.se:80/category/kom-igang-med-skolbloggen-se/
html_200_root,20120918001325,http://cwastes.skolbloggen.se:80/tag/blogg/,200,text/html,https://web.archive.org/web/20120918001325/http://cwastes.skolbloggen.se:80/tag/blogg/
html_200_root,20120918001333,http://cwastes.skolbloggen.se:80/tag/budskap/,200,text/html,https://web.archive.org/web/20120918001333/http://cwastes.skolbloggen.se:80/tag/budskap/
html_200_root,20120918001340,http://cwastes.skolbloggen.se:80/tag/dramatiskt-berattande/,200,text/html,https://web.archive.org/web/20120918001340/http://cwastes.skolbloggen.se:80/tag/dramatiskt-berattande/
html_200_root,20120918001345,http://cwastes.skolbloggen.se:80/tag/episkt-berattande/,200,text/html,https://web.archive.org/web/20120918001345/http://cwastes.skolbloggen.se:80/tag/episkt-berattande/
html_200_root,20120918001350,http://cwastes.skolbloggen.se:80/tag/facebook/,200,text/html,https://web.archive.org/web/20120918001350/http://cwastes.skolbloggen.se:80/tag/facebook/
html_200_root,20120918001356,http://cwastes.skolbloggen.se:80/tag/twitter/,200,text/html,https://web.archive.org/web/20120918001356/http://cwastes.skolbloggen.se:80/tag/twitter/
raw_http_prefix,20120918001400,http://cwastes.skolbloggen.se:80/xmlrpc.php?rsd,200,text/xml,https://web.archive.org/web/20120918001400/http://cwastes.skolbloggen.se:80/xmlrpc.php?rsd
raw_http_prefix,20120919115646,http://www.cwastes.skolbloggen.se/robots.txt,200,text/plain,https://web.archive.org/web/20120919115646/http://www.cwastes.skolbloggen.se/robots.txt
html_200_root,20121031062141,http://cwastes.skolbloggen.se:80/,200,text/html,https://web.archive.org/web/20121031062141/http://cwastes.skolbloggen.se:80/
raw_http_prefix,20121104204509,http://www.cwastes.skolbloggen.se/robots.txt,200,text/plain,https://web.archive.org/web/20121104204509/http://www.cwastes.skolbloggen.se/robots.txt
raw_http_prefix,20121217202405,http://www.cwastes.skolbloggen.se/robots.txt,200,text/plain,https://web.archive.org/web/20121217202405/http://www.cwastes.skolbloggen.se/robots.txt
raw_http_prefix,20130124064204,http://www.cwastes.skolbloggen.se/robots.txt,200,text/plain,https://web.archive.org/web/20130124064204/http://www.cwastes.skolbloggen.se/robots.txt
html_200_root,20130221004232,http://cwastes.skolbloggen.se:80/,200,text/html,https://web.archive.org/web/20130221004232/http://cwastes.skolbloggen.se:80/
raw_http_prefix,20130221133541,http://www.cwastes.skolbloggen.se/robots.txt,200,text/plain,https://web.archive.org/web/20130221133541/http://www.cwastes.skolbloggen.se/robots.txt
html_200_root,20130222072020,http://cwastes.skolbloggen.se:80/2012/06/05/vi-bor-idrotta-mer-an-vad-vi-gor-idag/,200,text/html,https://web.archive.org/web/20130222072020/http://cwastes.skolbloggen.se:80/2012/06/05/vi-bor-idrotta-mer-an-vad-vi-gor-idag/
html_200_root,20130222072024,http://cwastes.skolbloggen.se:80/category/diskutera/,200,text/html,https://web.archive.org/web/20130222072024/http://cwastes.skolbloggen.se:80/category/diskutera/
html_200_root,20130222072052,http://cwastes.skolbloggen.se:80/wp-login.php,200,text/html,https://web.archive.org/web/20130222072052/http://cwastes.skolbloggen.se:80/wp-login.php
html_200_root,20130222072530,http://cwastes.skolbloggen.se:80/2012/06/05/att-kopa-aktier-ar-inte-farligt/,200,text/html,https://web.archive.org/web/20130222072530/http://cwastes.skolbloggen.se:80/2012/06/05/att-kopa-aktier-ar-inte-farligt/
html_200_root,20130222072547,http://cwastes.skolbloggen.se:80/2012/06/05/svensk-vapenexport/,200,text/html,https://web.archive.org/web/20130222072547/http://cwastes.skolbloggen.se:80/2012/06/05/svensk-vapenexport/
html_200_root,20130222072602,http://cwastes.skolbloggen.se:80/2012/06/07/forgylla-nagons-vardag/,200,text/html,https://web.archive.org/web/20130222072602/http://cwastes.skolbloggen.se:80/2012/06/07/forgylla-nagons-vardag/
html_200_root,20130222072612,http://cwastes.skolbloggen.se:80/2012/10/16/hur-kan-vi-gora-varlden-battre-elevtext/,200,text/html,https://web.archive.org/web/20130222072612/http://cwastes.skolbloggen.se:80/2012/10/16/hur-kan-vi-gora-varlden-battre-elevtext/
html_200_root,20130222072742,http://cwastes.skolbloggen.se:80/2012/05/28/ler-du-sa-ler-varlden-tillbaka/,200,text/html,https://web.archive.org/web/20130222072742/http://cwastes.skolbloggen.se:80/2012/05/28/ler-du-sa-ler-varlden-tillbaka/
html_200_root,20130222072747,http://cwastes.skolbloggen.se:80/2012/06/05/infor-undervisning-om-arbetsratt/,200,text/html,https://web.archive.org/web/20130222072747/http://cwastes.skolbloggen.se:80/2012/06/05/infor-undervisning-om-arbetsratt/
html_200_root,20130222072805,http://cwastes.skolbloggen.se:80/2012/06/05/mediciner-gor-mer-nytta-an-skada/,200,text/html,https://web.archive.org/web/20130222072805/http://cwastes.skolbloggen.se:80/2012/06/05/mediciner-gor-mer-nytta-an-skada/
html_200_root,20130222072810,http://cwastes.skolbloggen.se:80/2012/06/07/hur-pantar-du/,200,text/html,https://web.archive.org/web/20130222072810/http://cwastes.skolbloggen.se:80/2012/06/07/hur-pantar-du/
html_200_root,20130222072827,http://cwastes.skolbloggen.se:80/category/forbattra-varlden/,200,text/html,https://web.archive.org/web/20130222072827/http://cwastes.skolbloggen.se:80/category/forbattra-varlden/
html_200_root,20130222194137,http://cwastes.skolbloggen.se:80/category/okategoriserad/,200,text/html,https://web.archive.org/web/20130222194137/http://cwastes.skolbloggen.se:80/category/okategoriserad/
html_200_root,20130222212302,http://cwastes.skolbloggen.se:80/2012/05/28/att-gora-varlden-till-en-battre-plats/,200,text/html,https://web.archive.org/web/20130222212302/http://cwastes.skolbloggen.se:80/2012/05/28/att-gora-varlden-till-en-battre-plats/
raw_http_prefix,20130225200459,http://cwastes.skolbloggen.se:80/wp-login.php?action=register,302,text/html,https://web.archive.org/web/20130225200459/http://cwastes.skolbloggen.se:80/wp-login.php?action=register
html_200_root,20130225200513,http://cwastes.skolbloggen.se:80/2012/03/29/hur-ar-en-bra-ledare/comment-page-1/,200,text/html,https://web.archive.org/web/20130225200513/http://cwastes.skolbloggen.se:80/2012/03/29/hur-ar-en-bra-ledare/comment-page-1/
html_200_root,20130225201332,http://cwastes.skolbloggen.se:80/page/2/,200,text/html,https://web.archive.org/web/20130225201332/http://cwastes.skolbloggen.se:80/page/2/
raw_http_prefix,20130319130633,http://www.cwastes.skolbloggen.se/robots.txt,200,text/plain,https://web.archive.org/web/20130319130633/http://www.cwastes.skolbloggen.se/robots.txt
raw_http_prefix,20130330020222,http://cwastes.skolbloggen.se/robots.txt,-,warc/revisit,https://web.archive.org/web/20130330020222/http://cwastes.skolbloggen.se/robots.txt
html_200_root,20130330020228,http://cwastes.skolbloggen.se/,200,text/html,https://web.archive.org/web/20130330020228/http://cwastes.skolbloggen.se/
raw_http_prefix,20130402063153,http://cwastes.skolbloggen.se/robots.txt,-,warc/revisit,https://web.archive.org/web/20130402063153/http://cwastes.skolbloggen.se/robots.txt
html_200_root,20130402063200,http://cwastes.skolbloggen.se/,200,text/html,https://web.archive.org/web/20130402063200/http://cwastes.skolbloggen.se/
raw_http_prefix,20130404100152,http://cwastes.skolbloggen.se:80/2011/09/21/bokpresentation-robinson-crusoe,301,text/html,https://web.archive.org/web/20130404100152/http://cwastes.skolbloggen.se:80/2011/09/21/bokpresentation-robinson-crusoe
html_200_root,20130404100152,http://cwastes.skolbloggen.se:80/2011/09/21/bokpresentation-robinson-crusoe/,200,text/html,https://web.archive.org/web/20130404100152/http://cwastes.skolbloggen.se:80/2011/09/21/bokpresentation-robinson-crusoe/
html_200_root,20130407100530,http://cwastes.skolbloggen.se:80/2011/09/16/om-man-skulle-gora-en-bokpresentation-av-till-exempel-gosta-berlings-saga/,200,text/html,https://web.archive.org/web/20130407100530/http://cwastes.skolbloggen.se:80/2011/09/16/om-man-skulle-gora-en-bokpresentation-av-till-exempel-gosta-berlings-saga/
html_200_root,20130407100534,http://cwastes.skolbloggen.se:80/2011/10/03/nathat-2/,200,text/html,https://web.archive.org/web/20130407100534/http://cwastes.skolbloggen.se:80/2011/10/03/nathat-2/
html_200_root,20130407102002,http://cwastes.skolbloggen.se:80/2011/09/21/bokpresentation-robinson-crusoe/,200,text/html,https://web.archive.org/web/20130407102002/http://cwastes.skolbloggen.se:80/2011/09/21/bokpresentation-robinson-crusoe/
raw_http_prefix,20130423085212,http://www.cwastes.skolbloggen.se/robots.txt,200,text/plain,https://web.archive.org/web/20130423085212/http://www.cwastes.skolbloggen.se/robots.txt
raw_http_prefix,20130506014733,http://www.cwastes.skolbloggen.se/robots.txt,200,text/plain,https://web.archive.org/web/20130506014733/http://www.cwastes.skolbloggen.se/robots.txt
html_200_root,20130511020635,http://cwastes.skolbloggen.se/2010/12/13/henning-mankell/comment-page-1/,200,text/html,https://web.archive.org/web/20130511020635/http://cwastes.skolbloggen.se/2010/12/13/henning-mankell/comment-page-1/
raw_http_prefix,20130612220337,http://cwastes.skolbloggen.se/robots.txt,200,text/plain,https://web.archive.org/web/20130612220337/http://cwastes.skolbloggen.se/robots.txt
raw_http_prefix,20130615045339,http://cwastes.skolbloggen.se:80/2011/10/25/vaxandet-som-process,301,text/html,https://web.archive.org/web/20130615045339/http://cwastes.skolbloggen.se:80/2011/10/25/vaxandet-som-process
html_200_root,20130615045339,http://cwastes.skolbloggen.se:80/2011/10/25/vaxandet-som-process/,200,text/html,https://web.archive.org/web/20130615045339/http://cwastes.skolbloggen.se:80/2011/10/25/vaxandet-som-process/
raw_http_prefix,20130716045400,http://cwastes.skolbloggen.se:80/2010/01/22/hur-man-gor-for-att-lagga-till-en-ny-anvandare-2,301,text/html,https://web.archive.org/web/20130716045400/http://cwastes.skolbloggen.se:80/2010/01/22/hur-man-gor-for-att-lagga-till-en-ny-anvandare-2
html_200_root,20130716045400,http://cwastes.skolbloggen.se:80/2010/01/22/hur-man-gor-for-att-lagga-till-en-ny-anvandare-2/,200,text/html,https://web.archive.org/web/20130716045400/http://cwastes.skolbloggen.se:80/2010/01/22/hur-man-gor-for-att-lagga-till-en-ny-anvandare-2/
html_200_root,20130719040257,http://cwastes.skolbloggen.se:80/2010/01/22/test-youtube-klipp-i-ett-inlagg/,200,text/html,https://web.archive.org/web/20130719040257/http://cwastes.skolbloggen.se:80/2010/01/22/test-youtube-klipp-i-ett-inlagg/
html_200_root,20130719055231,http://cwastes.skolbloggen.se:80/2010/01/22/hur-byter-man-avatar/,200,text/html,https://web.archive.org/web/20130719055231/http://cwastes.skolbloggen.se:80/2010/01/22/hur-byter-man-avatar/
html_200_root,20131226170247,http://cwastes.skolbloggen.se:80/2013/06/03/fordelar-med-genteknik-vad-galler-medicinsk-utveckling/,200,text/html,https://web.archive.org/web/20131226170247/http://cwastes.skolbloggen.se:80/2013/06/03/fordelar-med-genteknik-vad-galler-medicinsk-utveckling/
html_200_root,20140226042019,http://cwastes.skolbloggen.se:80/2013/06/03/fordelar-med-genteknik-vad-galler-medicinsk-utveckling/,200,text/html,https://web.archive.org/web/20140226042019/http://cwastes.skolbloggen.se:80/2013/06/03/fordelar-med-genteknik-vad-galler-medicinsk-utveckling/
raw_http_prefix,20140305234649,http://cwastes.skolbloggen.se:80/2010/02/17/svensk-engelskt-lexikon-pa-natet,301,text/html,https://web.archive.org/web/20140305234649/http://cwastes.skolbloggen.se:80/2010/02/17/svensk-engelskt-lexikon-pa-natet
html_200_root,20140305234649,http://cwastes.skolbloggen.se:80/2010/02/17/svensk-engelskt-lexikon-pa-natet/,200,text/html,https://web.archive.org/web/20140305234649/http://cwastes.skolbloggen.se:80/2010/02/17/svensk-engelskt-lexikon-pa-natet/
raw_http_prefix,20140306091942,http://cwastes.skolbloggen.se:80/tag/lexikon/feed,301,text/html,https://web.archive.org/web/20140306091942/http://cwastes.skolbloggen.se:80/tag/lexikon/feed
raw_http_prefix,20140306091942,http://cwastes.skolbloggen.se:80/tag/lexikon/feed/,200,text/xml,https://web.archive.org/web/20140306091942/http://cwastes.skolbloggen.se:80/tag/lexikon/feed/
raw_http_prefix,20140530023844,http://cwastes.skolbloggen.se:80/2013/06/03/fordelar-med-genteknik-vad-galler-medicinsk-utveckling,301,text/html,https://web.archive.org/web/20140530023844/http://cwastes.skolbloggen.se:80/2013/06/03/fordelar-med-genteknik-vad-galler-medicinsk-utveckling
html_200_root,20140530023844,http://cwastes.skolbloggen.se:80/2013/06/03/fordelar-med-genteknik-vad-galler-medicinsk-utveckling/,200,text/html,https://web.archive.org/web/20140530023844/http://cwastes.skolbloggen.se:80/2013/06/03/fordelar-med-genteknik-vad-galler-medicinsk-utveckling/
html_200_root,20140531070300,http://cwastes.skolbloggen.se:80/2013/06/03/gmo-odlad-mat-ar-bra-for-manniskan-och-miljon/,200,text/html,https://web.archive.org/web/20140531070300/http://cwastes.skolbloggen.se:80/2013/06/03/gmo-odlad-mat-ar-bra-for-manniskan-och-miljon/
html_200_root,20140531082229,http://cwastes.skolbloggen.se:80/category/diskutera/,200,text/html,https://web.archive.org/web/20140531082229/http://cwastes.skolbloggen.se:80/category/diskutera/
html_200_root,20140531082234,http://cwastes.skolbloggen.se:80/category/tema-genteknik/,200,text/html,https://web.archive.org/web/20140531082234/http://cwastes.skolbloggen.se:80/category/tema-genteknik/
html_200_root,20140531082251,http://cwastes.skolbloggen.se:80/wp-login.php,200,text/html,https://web.archive.org/web/20140531082251/http://cwastes.skolbloggen.se:80/wp-login.php
html_200_root,20140531082400,http://cwastes.skolbloggen.se:80/2010/11/11/ingen-radsla/comment-page-1/,200,text/html,https://web.archive.org/web/20140531082400/http://cwastes.skolbloggen.se:80/2010/11/11/ingen-radsla/comment-page-1/
html_200_root,20140531082433,http://cwastes.skolbloggen.se:80/2011/06/01/natmobbning/comment-page-1/,200,text/html,https://web.archive.org/web/20140531082433/http://cwastes.skolbloggen.se:80/2011/06/01/natmobbning/comment-page-1/
html_200_root,20140531213828,http://cwastes.skolbloggen.se:80/2013/06/03/fordelar-med-genteknik-vad-galler-medicinsk-utveckling/,200,text/html,https://web.archive.org/web/20140531213828/http://cwastes.skolbloggen.se:80/2013/06/03/fordelar-med-genteknik-vad-galler-medicinsk-utveckling/
html_200_root,20140601001744,http://cwastes.skolbloggen.se:80/2010/03/,200,text/html,https://web.archive.org/web/20140601001744/http://cwastes.skolbloggen.se:80/2010/03/
html_200_root,20140601001750,http://cwastes.skolbloggen.se:80/2010/09/,200,text/html,https://web.archive.org/web/20140601001750/http://cwastes.skolbloggen.se:80/2010/09/
html_200_root,20140601001755,http://cwastes.skolbloggen.se:80/2010/12/20/john-steinbeck/comment-page-1/,200,text/html,https://web.archive.org/web/20140601001755/http://cwastes.skolbloggen.se:80/2010/12/20/john-steinbeck/comment-page-1/
html_200_root,20140601001800,http://cwastes.skolbloggen.se:80/2011/11/,200,text/html,https://web.archive.org/web/20140601001800/http://cwastes.skolbloggen.se:80/2011/11/
html_200_root,20140601001806,http://cwastes.skolbloggen.se:80/2012/03/20/kollektivavtal-borde-vara-en-sjalvklarhet/,200,text/html,https://web.archive.org/web/20140601001806/http://cwastes.skolbloggen.se:80/2012/03/20/kollektivavtal-borde-vara-en-sjalvklarhet/
html_200_root,20140601001811,http://cwastes.skolbloggen.se:80/2012/03/20/kop-inte-klader-som-ar-tillverkade-av-barnarbetare/comment-page-1/,200,text/html,https://web.archive.org/web/20140601001811/http://cwastes.skolbloggen.se:80/2012/03/20/kop-inte-klader-som-ar-tillverkade-av-barnarbetare/comment-page-1/
html_200_root,20140601001816,http://cwastes.skolbloggen.se:80/2012/03/29/hogre-standard-pa-lararna/,200,text/html,https://web.archive.org/web/20140601001816/http://cwastes.skolbloggen.se:80/2012/03/29/hogre-standard-pa-lararna/
html_200_root,20140601001821,http://cwastes.skolbloggen.se:80/2012/06/05/att-kopa-aktier-ar-inte-farligt/,200,text/html,https://web.archive.org/web/20140601001821/http://cwastes.skolbloggen.se:80/2012/06/05/att-kopa-aktier-ar-inte-farligt/
html_200_root,20140601001826,http://cwastes.skolbloggen.se:80/category/forbattra-varlden/,200,text/html,https://web.archive.org/web/20140601001826/http://cwastes.skolbloggen.se:80/category/forbattra-varlden/
html_200_root,20140601001831,http://cwastes.skolbloggen.se:80/category/instruktion/,200,text/html,https://web.archive.org/web/20140601001831/http://cwastes.skolbloggen.se:80/category/instruktion/
html_200_root,20140601001837,http://cwastes.skolbloggen.se:80/category/netikett/,200,text/html,https://web.archive.org/web/20140601001837/http://cwastes.skolbloggen.se:80/category/netikett/
html_200_root,20140601002550,http://cwastes.skolbloggen.se:80/category/webbstjarnan/,200,text/html,https://web.archive.org/web/20140601002550/http://cwastes.skolbloggen.se:80/category/webbstjarnan/
html_200_root,20140601002554,http://cwastes.skolbloggen.se:80/tag/betygskriterier/,200,text/html,https://web.archive.org/web/20140601002554/http://cwastes.skolbloggen.se:80/tag/betygskriterier/
html_200_root,20140601002559,http://cwastes.skolbloggen.se:80/tag/bildredigering/,200,text/html,https://web.archive.org/web/20140601002559/http://cwastes.skolbloggen.se:80/tag/bildredigering/
html_200_root,20140601002604,http://cwastes.skolbloggen.se:80/tag/forfattare/,200,text/html,https://web.archive.org/web/20140601002604/http://cwastes.skolbloggen.se:80/tag/forfattare/
html_200_root,20140601002609,http://cwastes.skolbloggen.se:80/tag/humor/,200,text/html,https://web.archive.org/web/20140601002609/http://cwastes.skolbloggen.se:80/tag/humor/
html_200_root,20140601002614,http://cwastes.skolbloggen.se:80/tag/instruktion/,200,text/html,https://web.archive.org/web/20140601002614/http://cwastes.skolbloggen.se:80/tag/instruktion/
html_200_root,20140601002624,http://cwastes.skolbloggen.se:80/tag/instruktionsfilm/,200,text/html,https://web.archive.org/web/20140601002624/http://cwastes.skolbloggen.se:80/tag/instruktionsfilm/
html_200_root,20140601002629,http://cwastes.skolbloggen.se:80/tag/matematik/,200,text/html,https://web.archive.org/web/20140601002629/http://cwastes.skolbloggen.se:80/tag/matematik/
html_200_root,20140601002634,http://cwastes.skolbloggen.se:80/tag/onlinespel/,200,text/html,https://web.archive.org/web/20140601002634/http://cwastes.skolbloggen.se:80/tag/onlinespel/
html_200_root,20140601003148,http://cwastes.skolbloggen.se:80/tag/skola/,200,text/html,https://web.archive.org/web/20140601003148/http://cwastes.skolbloggen.se:80/tag/skola/
html_200_root,20140601003154,http://cwastes.skolbloggen.se:80/tag/skolbloggen-se/,200,text/html,https://web.archive.org/web/20140601003154/http://cwastes.skolbloggen.se:80/tag/skolbloggen-se/
html_200_root,20140601003159,http://cwastes.skolbloggen.se:80/tag/sociala-medier/,200,text/html,https://web.archive.org/web/20140601003159/http://cwastes.skolbloggen.se:80/tag/sociala-medier/
html_200_root,20140601003204,http://cwastes.skolbloggen.se:80/tag/spel/,200,text/html,https://web.archive.org/web/20140601003204/http://cwastes.skolbloggen.se:80/tag/spel/
html_200_root,20140601003212,http://cwastes.skolbloggen.se:80/tag/svenska-b/,200,text/html,https://web.archive.org/web/20140601003212/http://cwastes.skolbloggen.se:80/tag/svenska-b/
html_200_root,20140601003214,http://cwastes.skolbloggen.se:80/tag/wordle/,200,text/html,https://web.archive.org/web/20140601003214/http://cwastes.skolbloggen.se:80/tag/wordle/
raw_http_prefix,20140601003218,http://cwastes.skolbloggen.se:80/wp-comments-post.php,405,text/plain,https://web.archive.org/web/20140601003218/http://cwastes.skolbloggen.se:80/wp-comments-post.php
html_200_root,20140601003250,http://cwastes.skolbloggen.se:80/2010/06/,200,text/html,https://web.archive.org/web/20140601003250/http://cwastes.skolbloggen.se:80/2010/06/
html_200_root,20140601003256,http://cwastes.skolbloggen.se:80/2010/10/,200,text/html,https://web.archive.org/web/20140601003256/http://cwastes.skolbloggen.se:80/2010/10/
html_200_root,20140601003301,http://cwastes.skolbloggen.se:80/2011/06/,200,text/html,https://web.archive.org/web/20140601003301/http://cwastes.skolbloggen.se:80/2011/06/
html_200_root,20140601003306,http://cwastes.skolbloggen.se:80/2011/10/,200,text/html,https://web.archive.org/web/20140601003306/http://cwastes.skolbloggen.se:80/2011/10/
html_200_root,20140601003311,http://cwastes.skolbloggen.se:80/2011/12/,200,text/html,https://web.archive.org/web/20140601003311/http://cwastes.skolbloggen.se:80/2011/12/
html_200_root,20140601003316,http://cwastes.skolbloggen.se:80/2012/03/26/byt-ut-gammal-elutrustningen-pa-elprogrammen-i-gymnasieskolor/,200,text/html,https://web.archive.org/web/20140601003316/http://cwastes.skolbloggen.se:80/2012/03/26/byt-ut-gammal-elutrustningen-pa-elprogrammen-i-gymnasieskolor/
html_200_root,20140601003321,http://cwastes.skolbloggen.se:80/2012/04/12/alla-butiker-borde-anvanda-sig-av-nathandel/,200,text/html,https://web.archive.org/web/20140601003321/http://cwastes.skolbloggen.se:80/2012/04/12/alla-butiker-borde-anvanda-sig-av-nathandel/
html_200_root,20140601003326,http://cwastes.skolbloggen.se:80/2012/04/26/sank-priserna-pa-kollektivtrafiken/,200,text/html,https://web.archive.org/web/20140601003326/http://cwastes.skolbloggen.se:80/2012/04/26/sank-priserna-pa-kollektivtrafiken/
html_200_root,20140601003331,http://cwastes.skolbloggen.se:80/2012/05/08/mer-praktik-for-gymnasieelever/,200,text/html,https://web.archive.org/web/20140601003331/http://cwastes.skolbloggen.se:80/2012/05/08/mer-praktik-for-gymnasieelever/
html_200_root,20140601003337,http://cwastes.skolbloggen.se:80/2012/06/05/svensk-vapenexport/,200,text/html,https://web.archive.org/web/20140601003337/http://cwastes.skolbloggen.se:80/2012/06/05/svensk-vapenexport/
html_200_root,20140601003343,http://cwastes.skolbloggen.se:80/2012/06/07/hur-pantar-du/,200,text/html,https://web.archive.org/web/20140601003343/http://cwastes.skolbloggen.se:80/2012/06/07/hur-pantar-du/
html_200_root,20140601005307,http://cwastes.skolbloggen.se:80/2012/10/16/hur-kan-vi-gora-varlden-battre-elevtext/,200,text/html,https://web.archive.org/web/20140601005307/http://cwastes.skolbloggen.se:80/2012/10/16/hur-kan-vi-gora-varlden-battre-elevtext/
html_200_root,20140601005312,http://cwastes.skolbloggen.se:80/category/1900-talsforfattare/,200,text/html,https://web.archive.org/web/20140601005312/http://cwastes.skolbloggen.se:80/category/1900-talsforfattare/
html_200_root,20140601005317,http://cwastes.skolbloggen.se:80/category/diskussionreflektion/,200,text/html,https://web.archive.org/web/20140601005317/http://cwastes.skolbloggen.se:80/category/diskussionreflektion/
html_200_root,20140601005322,http://cwastes.skolbloggen.se:80/category/teater/,200,text/html,https://web.archive.org/web/20140601005322/http://cwastes.skolbloggen.se:80/category/teater/
html_200_root,20140601005327,http://cwastes.skolbloggen.se:80/category/tema-resor/,200,text/html,https://web.archive.org/web/20140601005327/http://cwastes.skolbloggen.se:80/category/tema-resor/
raw_http_prefix,20140601005332,http://cwastes.skolbloggen.se:80/feed/,200,text/xml,https://web.archive.org/web/20140601005332/http://cwastes.skolbloggen.se:80/feed/
html_200_root,20140601005337,http://cwastes.skolbloggen.se:80/om/,200,text/html,https://web.archive.org/web/20140601005337/http://cwastes.skolbloggen.se:80/om/
html_200_root,20140601005342,http://cwastes.skolbloggen.se:80/tag/blogga/,200,text/html,https://web.archive.org/web/20140601005342/http://cwastes.skolbloggen.se:80/tag/blogga/
html_200_root,20140601005347,http://cwastes.skolbloggen.se:80/tag/diskussion/,200,text/html,https://web.archive.org/web/20140601005347/http://cwastes.skolbloggen.se:80/tag/diskussion/
html_200_root,20140601005352,http://cwastes.skolbloggen.se:80/tag/embryogallring/,200,text/html,https://web.archive.org/web/20140601005352/http://cwastes.skolbloggen.se:80/tag/embryogallring/
html_200_root,20140601005357,http://cwastes.skolbloggen.se:80/tag/engelska/,200,text/html,https://web.archive.org/web/20140601005357/http://cwastes.skolbloggen.se:80/tag/engelska/
html_200_root,20140601010314,http://cwastes.skolbloggen.se:80/tag/facebook/,200,text/html,https://web.archive.org/web/20140601010314/http://cwastes.skolbloggen.se:80/tag/facebook/
html_200_root,20140601010315,http://cwastes.skolbloggen.se:80/tag/film/,200,text/html,https://web.archive.org/web/20140601010315/http://cwastes.skolbloggen.se:80/tag/film/
html_200_root,20140601010320,http://cwastes.skolbloggen.se:80/tag/kunskapssyn/,200,text/html,https://web.archive.org/web/20140601010320/http://cwastes.skolbloggen.se:80/tag/kunskapssyn/
html_200_root,20140601010325,http://cwastes.skolbloggen.se:80/tag/livslangt-larande/,200,text/html,https://web.archive.org/web/20140601010325/http://cwastes.skolbloggen.se:80/tag/livslangt-larande/
html_200_root,20140601010330,http://cwastes.skolbloggen.se:80/tag/skrivarskola/,200,text/html,https://web.archive.org/web/20140601010330/http://cwastes.skolbloggen.se:80/tag/skrivarskola/
html_200_root,20140601010338,http://cwastes.skolbloggen.se:80/tag/tips/,200,text/html,https://web.archive.org/web/20140601010338/http://cwastes.skolbloggen.se:80/tag/tips/
html_200_root,20140601010343,http://cwastes.skolbloggen.se:80/tag/utbildning/,200,text/html,https://web.archive.org/web/20140601010343/http://cwastes.skolbloggen.se:80/tag/utbildning/
raw_http_prefix,20140601010348,http://cwastes.skolbloggen.se:80/wp-includes/wlwmanifest.xml,200,application/xml,https://web.archive.org/web/20140601010348/http://cwastes.skolbloggen.se:80/wp-includes/wlwmanifest.xml
html_200_root,20140601010418,http://cwastes.skolbloggen.se:80/2010/01/,200,text/html,https://web.archive.org/web/20140601010418/http://cwastes.skolbloggen.se:80/2010/01/
html_200_root,20140601010423,http://cwastes.skolbloggen.se:80/2010/04/,200,text/html,https://web.archive.org/web/20140601010423/http://cwastes.skolbloggen.se:80/2010/04/
html_200_root,20140601010428,http://cwastes.skolbloggen.se:80/2010/05/,200,text/html,https://web.archive.org/web/20140601010428/http://cwastes.skolbloggen.se:80/2010/05/
html_200_root,20140601010435,http://cwastes.skolbloggen.se:80/2010/07/,200,text/html,https://web.archive.org/web/20140601010435/http://cwastes.skolbloggen.se:80/2010/07/
html_200_root,20140601010438,http://cwastes.skolbloggen.se:80/2010/12/19/vilhelm-moberg/comment-page-1/,200,text/html,https://web.archive.org/web/20140601010438/http://cwastes.skolbloggen.se:80/2010/12/19/vilhelm-moberg/comment-page-1/
html_200_root,20140601010444,http://cwastes.skolbloggen.se:80/2011/01/,200,text/html,https://web.archive.org/web/20140601010444/http://cwastes.skolbloggen.se:80/2011/01/
html_200_root,20140601010448,http://cwastes.skolbloggen.se:80/2011/10/07/1561/comment-page-1/,200,text/html,https://web.archive.org/web/20140601010448/http://cwastes.skolbloggen.se:80/2011/10/07/1561/comment-page-1/
html_200_root,20140601010453,http://cwastes.skolbloggen.se:80/2011/10/13/frankenstein-bokpresentation/comment-page-1/,200,text/html,https://web.archive.org/web/20140601010453/http://cwastes.skolbloggen.se:80/2011/10/13/frankenstein-bokpresentation/comment-page-1/
html_200_root,20140601010458,http://cwastes.skolbloggen.se:80/2011/10/25/med-hjartat-i-1940-talet/comment-page-1/,200,text/html,https://web.archive.org/web/20140601010458/http://cwastes.skolbloggen.se:80/2011/10/25/med-hjartat-i-1940-talet/comment-page-1/
html_200_root,20140601010504,http://cwastes.skolbloggen.se:80/2011/10/27/inre-och-yttre-resor/comment-page-1/,200,text/html,https://web.archive.org/web/20140601010504/http://cwastes.skolbloggen.se:80/2011/10/27/inre-och-yttre-resor/comment-page-1/
html_200_root,20140601010508,http://cwastes.skolbloggen.se:80/2012/03/26/kop-inte-klader-som-ar-tillverkade-under-daliga-arbetsforhallanden/,200,text/html,https://web.archive.org/web/20140601010508/http://cwastes.skolbloggen.se:80/2012/03/26/kop-inte-klader-som-ar-tillverkade-under-daliga-arbetsforhallanden/
html_200_root,20140601010514,http://cwastes.skolbloggen.se:80/2012/03/29/hogre-standard-pa-lararna/comment-page-1/,200,text/html,https://web.archive.org/web/20140601010514/http://cwastes.skolbloggen.se:80/2012/03/29/hogre-standard-pa-lararna/comment-page-1/
html_200_root,20140601010520,http://cwastes.skolbloggen.se:80/2012/03/29/mer-utbildning-for-praktikledare/,200,text/html,https://web.archive.org/web/20140601010520/http://cwastes.skolbloggen.se:80/2012/03/29/mer-utbildning-for-praktikledare/
html_200_root,20140601010524,http://cwastes.skolbloggen.se:80/2012/04/,200,text/html,https://web.archive.org/web/20140601010524/http://cwastes.skolbloggen.se:80/2012/04/
html_200_root,20140601010530,http://cwastes.skolbloggen.se:80/2012/04/26/att-sanka-ungdomslonerna-ar-daligt/,200,text/html,https://web.archive.org/web/20140601010530/http://cwastes.skolbloggen.se:80/2012/04/26/att-sanka-ungdomslonerna-ar-daligt/
html_200_root,20140601010535,http://cwastes.skolbloggen.se:80/2012/05/28/anonyma-brev/,200,text/html,https://web.archive.org/web/20140601010535/http://cwastes.skolbloggen.se:80/2012/05/28/anonyma-brev/
html_200_root,20140601010541,http://cwastes.skolbloggen.se:80/2012/05/28/att-gora-varlden-till-en-battre-plats/,200,text/html,https://web.archive.org/web/20140601010541/http://cwastes.skolbloggen.se:80/2012/05/28/att-gora-varlden-till-en-battre-plats/
html_200_root,20140601010546,http://cwastes.skolbloggen.se:80/2012/05/28/en-liten-garning-kan-gora-stor-skillnad/,200,text/html,https://web.archive.org/web/20140601010546/http://cwastes.skolbloggen.se:80/2012/05/28/en-liten-garning-kan-gora-stor-skillnad/
html_200_root,20140601010551,http://cwastes.skolbloggen.se:80/2012/05/28/hur-kan-vi-forandra-varlden-till-det-battre/,200,text/html,https://web.archive.org/web/20140601010551/http://cwastes.skolbloggen.se:80/2012/05/28/hur-kan-vi-forandra-varlden-till-det-battre/
html_200_root,20140601010556,http://cwastes.skolbloggen.se:80/2012/06/,200,text/html,https://web.archive.org/web/20140601010556/http://cwastes.skolbloggen.se:80/2012/06/
html_200_root,20140601010601,http://cwastes.skolbloggen.se:80/2012/06/05/infor-undervisning-om-arbetsratt/,200,text/html,https://web.archive.org/web/20140601010601/http://cwastes.skolbloggen.se:80/2012/06/05/infor-undervisning-om-arbetsratt/
html_200_root,20140601010606,http://cwastes.skolbloggen.se:80/2012/06/05/vi-bor-idrotta-mer-an-vad-vi-gor-idag/,200,text/html,https://web.archive.org/web/20140601010606/http://cwastes.skolbloggen.se:80/2012/06/05/vi-bor-idrotta-mer-an-vad-vi-gor-idag/
html_200_root,20140601010611,http://cwastes.skolbloggen.se:80/2012/06/07/forgylla-nagons-vardag/,200,text/html,https://web.archive.org/web/20140601010611/http://cwastes.skolbloggen.se:80/2012/06/07/forgylla-nagons-vardag/
html_200_root,20140601010616,http://cwastes.skolbloggen.se:80/2013/06/,200,text/html,https://web.archive.org/web/20140601010616/http://cwastes.skolbloggen.se:80/2013/06/
raw_http_prefix,20140601010621,http://cwastes.skolbloggen.se:80/2013/06/03/fordelar-med-genteknik-vad-galler-medicinsk-utveckling/trackback/,302,text/html,https://web.archive.org/web/20140601010621/http://cwastes.skolbloggen.se:80/2013/06/03/fordelar-med-genteknik-vad-galler-medicinsk-utveckling/trackback/
raw_http_prefix,20140601010626,http://cwastes.skolbloggen.se:80/?p=1879,301,text/html,https://web.archive.org/web/20140601010626/http://cwastes.skolbloggen.se:80/?p=1879
html_200_root,20140601010631,http://cwastes.skolbloggen.se:80/category/kom-igang-med-skolbloggen-se/,200,text/html,https://web.archive.org/web/20140601010631/http://cwastes.skolbloggen.se:80/category/kom-igang-med-skolbloggen-se/
html_200_root,20140601010636,http://cwastes.skolbloggen.se:80/category/tema-sprak/,200,text/html,https://web.archive.org/web/20140601010636/http://cwastes.skolbloggen.se:80/category/tema-sprak/
html_200_root,20140601010642,http://cwastes.skolbloggen.se:80/category/tips/,200,text/html,https://web.archive.org/web/20140601010642/http://cwastes.skolbloggen.se:80/category/tips/
html_200_root,20140601010647,http://cwastes.skolbloggen.se:80/tag/affarside/,200,text/html,https://web.archive.org/web/20140601010647/http://cwastes.skolbloggen.se:80/tag/affarside/
html_200_root,20140601010652,http://cwastes.skolbloggen.se:80/tag/foto/,200,text/html,https://web.archive.org/web/20140601010652/http://cwastes.skolbloggen.se:80/tag/foto/
html_200_root,20140601010658,http://cwastes.skolbloggen.se:80/tag/inlagg/,200,text/html,https://web.archive.org/web/20140601010658/http://cwastes.skolbloggen.se:80/tag/inlagg/
html_200_root,20140601010702,http://cwastes.skolbloggen.se:80/tag/kollektivtrafik/,200,text/html,https://web.archive.org/web/20140601010702/http://cwastes.skolbloggen.se:80/tag/kollektivtrafik/
html_200_root,20140601010707,http://cwastes.skolbloggen.se:80/tag/kommentarer/,200,text/html,https://web.archive.org/web/20140601010707/http://cwastes.skolbloggen.se:80/tag/kommentarer/
html_200_root,20140601010814,http://cwastes.skolbloggen.se:80/tag/politik/,200,text/html,https://web.archive.org/web/20140601010814/http://cwastes.skolbloggen.se:80/tag/politik/
html_200_root,20140601010817,http://cwastes.skolbloggen.se:80/tag/studier/,200,text/html,https://web.archive.org/web/20140601010817/http://cwastes.skolbloggen.se:80/tag/studier/
html_200_root,20140601010822,http://cwastes.skolbloggen.se:80/tag/twitter/,200,text/html,https://web.archive.org/web/20140601010822/http://cwastes.skolbloggen.se:80/tag/twitter/
html_200_root,20140601010828,http://cwastes.skolbloggen.se:80/tag/youtube/,200,text/html,https://web.archive.org/web/20140601010828/http://cwastes.skolbloggen.se:80/tag/youtube/
raw_http_prefix,20140601010833,http://cwastes.skolbloggen.se:80/xmlrpc.php,200,text/plain,https://web.archive.org/web/20140601010833/http://cwastes.skolbloggen.se:80/xmlrpc.php
raw_http_prefix,20140601010838,http://cwastes.skolbloggen.se:80/xmlrpc.php?rsd,200,text/xml,https://web.archive.org/web/20140601010838/http://cwastes.skolbloggen.se:80/xmlrpc.php?rsd
html_200_root,20140601093448,http://cwastes.skolbloggen.se:80/2010/02/,200,text/html,https://web.archive.org/web/20140601093448/http://cwastes.skolbloggen.se:80/2010/02/
html_200_root,20140601093453,http://cwastes.skolbloggen.se:80/2010/08/,200,text/html,https://web.archive.org/web/20140601093453/http://cwastes.skolbloggen.se:80/2010/08/
html_200_root,20140601093458,http://cwastes.skolbloggen.se:80/2010/11/,200,text/html,https://web.archive.org/web/20140601093458/http://cwastes.skolbloggen.se:80/2010/11/
html_200_root,20140601093504,http://cwastes.skolbloggen.se:80/2011/05/,200,text/html,https://web.archive.org/web/20140601093504/http://cwastes.skolbloggen.se:80/2011/05/
html_200_root,20140601093509,http://cwastes.skolbloggen.se:80/2012/03/,200,text/html,https://web.archive.org/web/20140601093509/http://cwastes.skolbloggen.se:80/2012/03/
html_200_root,20140601093515,http://cwastes.skolbloggen.se:80/2012/05/28/att-gor-varlden-battre/,200,text/html,https://web.archive.org/web/20140601093515/http://cwastes.skolbloggen.se:80/2012/05/28/att-gor-varlden-battre/
html_200_root,20140601093519,http://cwastes.skolbloggen.se:80/category/gott-och-blandat/,200,text/html,https://web.archive.org/web/20140601093519/http://cwastes.skolbloggen.se:80/category/gott-och-blandat/
html_200_root,20140601093525,http://cwastes.skolbloggen.se:80/category/ikt-verktyg/,200,text/html,https://web.archive.org/web/20140601093525/http://cwastes.skolbloggen.se:80/category/ikt-verktyg/
html_200_root,20140601093530,http://cwastes.skolbloggen.se:80/tag/louise/,200,text/html,https://web.archive.org/web/20140601093530/http://cwastes.skolbloggen.se:80/tag/louise/
html_200_root,20140601093535,http://cwastes.skolbloggen.se:80/tag/sprak/,200,text/html,https://web.archive.org/web/20140601093535/http://cwastes.skolbloggen.se:80/tag/sprak/
raw_http_prefix,20140601093539,http://cwastes.skolbloggen.se:80/wp-login.php?action=register,302,text/html,https://web.archive.org/web/20140601093539/http://cwastes.skolbloggen.se:80/wp-login.php?action=register
html_200_root,20140601093602,http://cwastes.skolbloggen.se:80/2012/03/29/hur-ar-en-bra-ledare/,200,text/html,https://web.archive.org/web/20140601093602/http://cwastes.skolbloggen.se:80/2012/03/29/hur-ar-en-bra-ledare/
html_200_root,20140601093607,http://cwastes.skolbloggen.se:80/2012/03/29/mer-utbildning-for-praktikledare/comment-page-1/,200,text/html,https://web.archive.org/web/20140601093607/http://cwastes.skolbloggen.se:80/2012/03/29/mer-utbildning-for-praktikledare/comment-page-1/
html_200_root,20140601093612,http://cwastes.skolbloggen.se:80/2012/10/,200,text/html,https://web.archive.org/web/20140601093612/http://cwastes.skolbloggen.se:80/2012/10/
html_200_root,20140601093617,http://cwastes.skolbloggen.se:80/category/oppna-larresurser/,200,text/html,https://web.archive.org/web/20140601093617/http://cwastes.skolbloggen.se:80/category/oppna-larresurser/
html_200_root,20140601093623,http://cwastes.skolbloggen.se:80/tag/blogg/,200,text/html,https://web.archive.org/web/20140601093623/http://cwastes.skolbloggen.se:80/tag/blogg/
html_200_root,20140601093627,http://cwastes.skolbloggen.se:80/tag/internet/,200,text/html,https://web.archive.org/web/20140601093627/http://cwastes.skolbloggen.se:80/tag/internet/
html_200_root,20140601093722,http://cwastes.skolbloggen.se:80/2011/09/,200,text/html,https://web.archive.org/web/20140601093722/http://cwastes.skolbloggen.se:80/2011/09/
html_200_root,20140601093729,http://cwastes.skolbloggen.se:80/2011/10/25/bokpresentation-robinson-crusoe-2/comment-page-1/,200,text/html,https://web.archive.org/web/20140601093729/http://cwastes.skolbloggen.se:80/2011/10/25/bokpresentation-robinson-crusoe-2/comment-page-1/
html_200_root,20140601093734,http://cwastes.skolbloggen.se:80/2012/06/05/mediciner-gor-mer-nytta-an-skada/,200,text/html,https://web.archive.org/web/20140601093734/http://cwastes.skolbloggen.se:80/2012/06/05/mediciner-gor-mer-nytta-an-skada/
raw_http_prefix,20140601093739,http://cwastes.skolbloggen.se:80/2013/06/03/fordelar-med-genteknik-vad-galler-medicinsk-utveckling/feed/,200,text/xml,https://web.archive.org/web/20140601093739/http://cwastes.skolbloggen.se:80/2013/06/03/fordelar-med-genteknik-vad-galler-medicinsk-utveckling/feed/
html_200_root,20140601093744,http://cwastes.skolbloggen.se:80/category/humor/,200,text/html,https://web.archive.org/web/20140601093744/http://cwastes.skolbloggen.se:80/category/humor/
raw_http_prefix,20140601093750,http://cwastes.skolbloggen.se:80/comments/feed/,200,text/xml,https://web.archive.org/web/20140601093750/http://cwastes.skolbloggen.se:80/comments/feed/
html_200_root,20140601095211,http://cwastes.skolbloggen.se:80/tag/asa-kronkvist/,200,text/html,https://web.archive.org/web/20140601095211/http://cwastes.skolbloggen.se:80/tag/asa-kronkvist/
html_200_root,20140601095215,http://cwastes.skolbloggen.se:80/tag/genteknik/,200,text/html,https://web.archive.org/web/20140601095215/http://cwastes.skolbloggen.se:80/tag/genteknik/
html_200_root,20140601095220,http://cwastes.skolbloggen.se:80/tag/kursplan/,200,text/html,https://web.archive.org/web/20140601095220/http://cwastes.skolbloggen.se:80/tag/kursplan/
html_200_root,20140601095225,http://cwastes.skolbloggen.se:80/tag/skonlitteratur/,200,text/html,https://web.archive.org/web/20140601095225/http://cwastes.skolbloggen.se:80/tag/skonlitteratur/
html_200_root,20140601095231,http://cwastes.skolbloggen.se:80/tag/youtube-klipp/,200,text/html,https://web.archive.org/web/20140601095231/http://cwastes.skolbloggen.se:80/tag/youtube-klipp/
html_200_root,20140601095237,http://cwastes.skolbloggen.se:80/wp-admin/admin-ajax.php,200,text/html,https://web.archive.org/web/20140601095237/http://cwastes.skolbloggen.se:80/wp-admin/admin-ajax.php
html_200_root,20140601095252,http://cwastes.skolbloggen.se:80/2010/12/,200,text/html,https://web.archive.org/web/20140601095252/http://cwastes.skolbloggen.se:80/2010/12/
html_200_root,20140601095257,http://cwastes.skolbloggen.se:80/2012/03/26/lego-som-lego/,200,text/html,https://web.archive.org/web/20140601095257/http://cwastes.skolbloggen.se:80/2012/03/26/lego-som-lego/
html_200_root,20140601095302,http://cwastes.skolbloggen.se:80/2012/05/,200,text/html,https://web.archive.org/web/20140601095302/http://cwastes.skolbloggen.se:80/2012/05/
html_200_root,20140601095307,http://cwastes.skolbloggen.se:80/2012/05/28/ler-du-sa-ler-varlden-tillbaka/,200,text/html,https://web.archive.org/web/20140601095307/http://cwastes.skolbloggen.se:80/2012/05/28/ler-du-sa-ler-varlden-tillbaka/
html_200_root,20140601095312,http://cwastes.skolbloggen.se:80/2012/06/05/vi-bor-idrotta-mer-an-vad-vi-gor-idag/comment-page-1/,200,text/html,https://web.archive.org/web/20140601095312/http://cwastes.skolbloggen.se:80/2012/06/05/vi-bor-idrotta-mer-an-vad-vi-gor-idag/comment-page-1/
html_200_root,20140601095318,http://cwastes.skolbloggen.se:80/author/cwaste/,200,text/html,https://web.archive.org/web/20140601095318/http://cwastes.skolbloggen.se:80/author/cwaste/
html_200_root,20140601095324,http://cwastes.skolbloggen.se:80/category/okategoriserad/,200,text/html,https://web.archive.org/web/20140601095324/http://cwastes.skolbloggen.se:80/category/okategoriserad/
html_200_root,20140601095329,http://cwastes.skolbloggen.se:80/category/tema-klassiker-romaner/,200,text/html,https://web.archive.org/web/20140601095329/http://cwastes.skolbloggen.se:80/category/tema-klassiker-romaner/
html_200_root,20140601095335,http://cwastes.skolbloggen.se:80/tag/gratis/,200,text/html,https://web.archive.org/web/20140601095335/http://cwastes.skolbloggen.se:80/tag/gratis/
html_200_root,20140601095340,http://cwastes.skolbloggen.se:80/tag/ikt/,200,text/html,https://web.archive.org/web/20140601095340/http://cwastes.skolbloggen.se:80/tag/ikt/
html_200_root,20140601095344,http://cwastes.skolbloggen.se:80/tag/kunskap/,200,text/html,https://web.archive.org/web/20140601095344/http://cwastes.skolbloggen.se:80/tag/kunskap/
html_200_root,20140601095423,http://cwastes.skolbloggen.se:80/tag/svenska/,200,text/html,https://web.archive.org/web/20140601095423/http://cwastes.skolbloggen.se:80/tag/svenska/
raw_http_prefix,20140626223259,http://cwastes.skolbloggen.se/robots.txt,200,text/plain,https://web.archive.org/web/20140626223259/http://cwastes.skolbloggen.se/robots.txt
html_200_root,20140626223304,http://cwastes.skolbloggen.se/,200,text/html,https://web.archive.org/web/20140626223304/http://cwastes.skolbloggen.se/
raw_http_prefix,20140705101855,http://cwastes.skolbloggen.se:80/2013/06/03/fordelar-med-genteknik-vad-galler-medicinsk-utveckling,301,text/html,https://web.archive.org/web/20140705101855/http://cwastes.skolbloggen.se:80/2013/06/03/fordelar-med-genteknik-vad-galler-medicinsk-utveckling
html_200_root,20140705101855,http://cwastes.skolbloggen.se:80/2013/06/03/fordelar-med-genteknik-vad-galler-medicinsk-utveckling/,200,text/html,https://web.archive.org/web/20140705101855/http://cwastes.skolbloggen.se:80/2013/06/03/fordelar-med-genteknik-vad-galler-medicinsk-utveckling/
raw_http_prefix,20141025052157,http://cwastes.skolbloggen.se:80/2011/10/07/1561/comment-page-1,301,text/html,https://web.archive.org/web/20141025052157/http://cwastes.skolbloggen.se:80/2011/10/07/1561/comment-page-1
html_200_root,20141025052157,http://cwastes.skolbloggen.se:80/2011/10/07/1561/comment-page-1/,200,text/html,https://web.archive.org/web/20141025052157/http://cwastes.skolbloggen.se:80/2011/10/07/1561/comment-page-1/
raw_http_prefix,20141027145810,http://cwastes.skolbloggen.se:80/2011/10/07/1561/comment-page-1,301,text/html,https://web.archive.org/web/20141027145810/http://cwastes.skolbloggen.se:80/2011/10/07/1561/comment-page-1
html_200_root,20141027145810,http://cwastes.skolbloggen.se:80/2011/10/07/1561/comment-page-1/,200,text/html,https://web.archive.org/web/20141027145810/http://cwastes.skolbloggen.se:80/2011/10/07/1561/comment-page-1/
html_200_root,20141104025410,http://cwastes.skolbloggen.se:80/2011/10/11/bokcirkel-om-gosta-berlings-saga-av-selma-lagerlof/,200,text/html,https://web.archive.org/web/20141104025410/http://cwastes.skolbloggen.se:80/2011/10/11/bokcirkel-om-gosta-berlings-saga-av-selma-lagerlof/
html_200_root,20141104025603,http://cwastes.skolbloggen.se:80/2011/10/03/nathat-2/,200,text/html,https://web.archive.org/web/20141104025603/http://cwastes.skolbloggen.se:80/2011/10/03/nathat-2/
raw_http_prefix,20150424075309,http://cwastes.skolbloggen.se/robots.txt,200,text/plain,https://web.archive.org/web/20150424075309/http://cwastes.skolbloggen.se/robots.txt
html_200_root,20150424075313,http://cwastes.skolbloggen.se/,200,text/html,https://web.archive.org/web/20150424075313/http://cwastes.skolbloggen.se/
raw_http_prefix,20150602234749,http://cwastes.skolbloggen.se:80/2011/10/13/frankenstein-bokpresentation/comment-page-1,301,text/html,https://web.archive.org/web/20150602234749/http://cwastes.skolbloggen.se:80/2011/10/13/frankenstein-bokpresentation/comment-page-1
html_200_root,20150602234749,http://cwastes.skolbloggen.se:80/2011/10/13/frankenstein-bokpresentation/comment-page-1/,200,text/html,https://web.archive.org/web/20150602234749/http://cwastes.skolbloggen.se:80/2011/10/13/frankenstein-bokpresentation/comment-page-1/
raw_http_prefix,20150705080627,http://cwastes.skolbloggen.se:80/2011/10/13/frankenstein-bokpresentation/comment-page-1,301,text/html,https://web.archive.org/web/20150705080627/http://cwastes.skolbloggen.se:80/2011/10/13/frankenstein-bokpresentation/comment-page-1
html_200_root,20150705080627,http://cwastes.skolbloggen.se:80/2011/10/13/frankenstein-bokpresentation/comment-page-1/,200,text/html,https://web.archive.org/web/20150705080627/http://cwastes.skolbloggen.se:80/2011/10/13/frankenstein-bokpresentation/comment-page-1/
html_200_root,20151213091742,http://cwastes.skolbloggen.se:80/,200,text/html,https://web.archive.org/web/20151213091742/http://cwastes.skolbloggen.se:80/
raw_http_prefix,20160307141748,http://cwastes.skolbloggen.se:80/2010/12/16/skaningen-och-berattaren-fritiof-nilsson-piraten,301,text/html,https://web.archive.org/web/20160307141748/http://cwastes.skolbloggen.se:80/2010/12/16/skaningen-och-berattaren-fritiof-nilsson-piraten
html_200_root,20160307141748,http://cwastes.skolbloggen.se:80/2010/12/16/skaningen-och-berattaren-fritiof-nilsson-piraten/,200,text/html,https://web.archive.org/web/20160307141748/http://cwastes.skolbloggen.se:80/2010/12/16/skaningen-och-berattaren-fritiof-nilsson-piraten/
html_200_root,20160308181024,http://cwastes.skolbloggen.se:80/2010/12/18/astrid-lindgren/,200,text/html,https://web.archive.org/web/20160308181024/http://cwastes.skolbloggen.se:80/2010/12/18/astrid-lindgren/
html_200_root,20160308181144,http://cwastes.skolbloggen.se:80/2010/12/14/d-h-lawrence/,200,text/html,https://web.archive.org/web/20160308181144/http://cwastes.skolbloggen.se:80/2010/12/14/d-h-lawrence/
html_200_root,20160308231830,http://cwastes.skolbloggen.se:80/tag/forfattare/,200,text/html,https://web.archive.org/web/20160308231830/http://cwastes.skolbloggen.se:80/tag/forfattare/
html_200_root,20160308231835,http://cwastes.skolbloggen.se:80/wp-login.php,200,text/html,https://web.archive.org/web/20160308231835/http://cwastes.skolbloggen.se:80/wp-login.php
html_200_root,20160308232158,http://cwastes.skolbloggen.se:80/,200,text/html,https://web.archive.org/web/20160308232158/http://cwastes.skolbloggen.se:80/
html_200_root,20160308232203,http://cwastes.skolbloggen.se:80/2010/11/11/ingen-radsla/comment-page-1/,200,text/html,https://web.archive.org/web/20160308232203/http://cwastes.skolbloggen.se:80/2010/11/11/ingen-radsla/comment-page-1/
html_200_root,20160308232217,http://cwastes.skolbloggen.se:80/2011/06/01/natmobbning/comment-page-1/,200,text/html,https://web.archive.org/web/20160308232217/http://cwastes.skolbloggen.se:80/2011/06/01/natmobbning/comment-page-1/
html_200_root,20160308232611,http://cwastes.skolbloggen.se:80/category/1900-talsforfattare/,200,text/html,https://web.archive.org/web/20160308232611/http://cwastes.skolbloggen.se:80/category/1900-talsforfattare/
raw_http_prefix,20160407110317,http://cwastes.skolbloggen.se:80/2010/12/16/skaningen-och-berattaren-fritiof-nilsson-piraten,301,text/html,https://web.archive.org/web/20160407110317/http://cwastes.skolbloggen.se:80/2010/12/16/skaningen-och-berattaren-fritiof-nilsson-piraten
html_200_root,20160407110317,http://cwastes.skolbloggen.se:80/2010/12/16/skaningen-och-berattaren-fritiof-nilsson-piraten/,200,text/html,https://web.archive.org/web/20160407110317/http://cwastes.skolbloggen.se:80/2010/12/16/skaningen-och-berattaren-fritiof-nilsson-piraten/
raw_http_prefix,20160410154232,http://cwastes.skolbloggen.se:80/2011/10/07/1561/comment-page-1,301,text/html,https://web.archive.org/web/20160410154232/http://cwastes.skolbloggen.se:80/2011/10/07/1561/comment-page-1
html_200_root,20160410154232,http://cwastes.skolbloggen.se:80/2011/10/07/1561/comment-page-1/,200,text/html,https://web.archive.org/web/20160410154232/http://cwastes.skolbloggen.se:80/2011/10/07/1561/comment-page-1/
raw_http_prefix,20160411105211,http://cwastes.skolbloggen.se/robots.txt,200,text/plain,https://web.archive.org/web/20160411105211/http://cwastes.skolbloggen.se/robots.txt
html_200_root,20160411105214,http://cwastes.skolbloggen.se/,200,text/html,https://web.archive.org/web/20160411105214/http://cwastes.skolbloggen.se/
html_200_root,20160412225111,http://cwastes.skolbloggen.se:80/2011/10/03/nathat-2/,200,text/html,https://web.archive.org/web/20160412225111/http://cwastes.skolbloggen.se:80/2011/10/03/nathat-2/
html_200_root,20160412231700,http://cwastes.skolbloggen.se:80/2011/10/11/bokcirkel-om-gosta-berlings-saga-av-selma-lagerlof/,200,text/html,https://web.archive.org/web/20160412231700/http://cwastes.skolbloggen.se:80/2011/10/11/bokcirkel-om-gosta-berlings-saga-av-selma-lagerlof/
html_200_root,20160423124456,http://cwastes.skolbloggen.se:80/category/tema-klassiker-romaner/,200,text/html,https://web.archive.org/web/20160423124456/http://cwastes.skolbloggen.se:80/category/tema-klassiker-romaner/
raw_http_prefix,20160424023109,http://cwastes.skolbloggen.se:80/2011/10/18/1584,301,text/html,https://web.archive.org/web/20160424023109/http://cwastes.skolbloggen.se:80/2011/10/18/1584
html_200_root,20160424023109,http://cwastes.skolbloggen.se:80/2011/10/18/1584/,200,text/html,https://web.archive.org/web/20160424023109/http://cwastes.skolbloggen.se:80/2011/10/18/1584/
raw_http_prefix,20160427202321,http://cwastes.skolbloggen.se:80/2011/10/13/frankenstein-bokpresentation/comment-page-1,301,text/html,https://web.archive.org/web/20160427202321/http://cwastes.skolbloggen.se:80/2011/10/13/frankenstein-bokpresentation/comment-page-1
html_200_root,20160427202321,http://cwastes.skolbloggen.se:80/2011/10/13/frankenstein-bokpresentation/comment-page-1/,200,text/html,https://web.archive.org/web/20160427202321/http://cwastes.skolbloggen.se:80/2011/10/13/frankenstein-bokpresentation/comment-page-1/
raw_http_prefix,20160508132139,http://cwastes.skolbloggen.se:80/2010/12/16/skaningen-och-berattaren-fritiof-nilsson-piraten,301,text/html,https://web.archive.org/web/20160508132139/http://cwastes.skolbloggen.se:80/2010/12/16/skaningen-och-berattaren-fritiof-nilsson-piraten
html_200_root,20160508132139,http://cwastes.skolbloggen.se:80/2010/12/16/skaningen-och-berattaren-fritiof-nilsson-piraten/,200,text/html,https://web.archive.org/web/20160508132139/http://cwastes.skolbloggen.se:80/2010/12/16/skaningen-och-berattaren-fritiof-nilsson-piraten/
html_200_root,20160509173634,http://cwastes.skolbloggen.se:80/,200,text/html,https://web.archive.org/web/20160509173634/http://cwastes.skolbloggen.se:80/
raw_http_prefix,20160511025113,http://cwastes.skolbloggen.se:80/2011/10/07/1561/comment-page-1,301,text/html,https://web.archive.org/web/20160511025113/http://cwastes.skolbloggen.se:80/2011/10/07/1561/comment-page-1
html_200_root,20160511025113,http://cwastes.skolbloggen.se:80/2011/10/07/1561/comment-page-1/,200,text/html,https://web.archive.org/web/20160511025113/http://cwastes.skolbloggen.se:80/2011/10/07/1561/comment-page-1/
raw_http_prefix,20160525010124,http://cwastes.skolbloggen.se:80/2011/10/18/1584,301,text/html,https://web.archive.org/web/20160525010124/http://cwastes.skolbloggen.se:80/2011/10/18/1584
html_200_root,20160525010124,http://cwastes.skolbloggen.se:80/2011/10/18/1584/,200,text/html,https://web.archive.org/web/20160525010124/http://cwastes.skolbloggen.se:80/2011/10/18/1584/
raw_http_prefix,20160525182827,http://cwastes.skolbloggen.se:80/2011/10/25/bokpresentation-robinson-crusoe-2/comment-page-1,301,text/html,https://web.archive.org/web/20160525182827/http://cwastes.skolbloggen.se:80/2011/10/25/bokpresentation-robinson-crusoe-2/comment-page-1
html_200_root,20160525182827,http://cwastes.skolbloggen.se:80/2011/10/25/bokpresentation-robinson-crusoe-2/comment-page-1/,200,text/html,https://web.archive.org/web/20160525182827/http://cwastes.skolbloggen.se:80/2011/10/25/bokpresentation-robinson-crusoe-2/comment-page-1/
raw_http_prefix,20160526031404,http://cwastes.skolbloggen.se:80/2011/10/18/1584,301,text/html,https://web.archive.org/web/20160526031404/http://cwastes.skolbloggen.se:80/2011/10/18/1584
html_200_root,20160526031404,http://cwastes.skolbloggen.se:80/2011/10/18/1584/,200,text/html,https://web.archive.org/web/20160526031404/http://cwastes.skolbloggen.se:80/2011/10/18/1584/
raw_http_prefix,20160528223914,http://cwastes.skolbloggen.se:80/2011/10/13/frankenstein-bokpresentation/comment-page-1,301,text/html,https://web.archive.org/web/20160528223914/http://cwastes.skolbloggen.se:80/2011/10/13/frankenstein-bokpresentation/comment-page-1
html_200_root,20160528223914,http://cwastes.skolbloggen.se:80/2011/10/13/frankenstein-bokpresentation/comment-page-1/,200,text/html,https://web.archive.org/web/20160528223914/http://cwastes.skolbloggen.se:80/2011/10/13/frankenstein-bokpresentation/comment-page-1/
raw_http_prefix,20160610194336,http://cwastes.skolbloggen.se:80/2011/10/07/1561/comment-page-1,301,text/html,https://web.archive.org/web/20160610194336/http://cwastes.skolbloggen.se:80/2011/10/07/1561/comment-page-1
html_200_root,20160610194336,http://cwastes.skolbloggen.se:80/2011/10/07/1561/comment-page-1/,200,text/html,https://web.archive.org/web/20160610194336/http://cwastes.skolbloggen.se:80/2011/10/07/1561/comment-page-1/
raw_http_prefix,20160615144442,http://cwastes.skolbloggen.se:80/2010/10/18/sank-den-allmanna-rostrattsaldern-till-16-ar,301,text/html,https://web.archive.org/web/20160615144442/http://cwastes.skolbloggen.se:80/2010/10/18/sank-den-allmanna-rostrattsaldern-till-16-ar
html_200_root,20160615144442,http://cwastes.skolbloggen.se:80/2010/10/18/sank-den-allmanna-rostrattsaldern-till-16-ar/,200,text/html,https://web.archive.org/web/20160615144442/http://cwastes.skolbloggen.se:80/2010/10/18/sank-den-allmanna-rostrattsaldern-till-16-ar/
html_200_root,20160618131035,http://cwastes.skolbloggen.se:80/2010/10/18/har-du-fattat-hur-stort-afrika-ar/,200,text/html,https://web.archive.org/web/20160618131035/http://cwastes.skolbloggen.se:80/2010/10/18/har-du-fattat-hur-stort-afrika-ar/
html_200_root,20160618133437,http://cwastes.skolbloggen.se:80/2010/10/20/framtidens-satt-att-studera/,200,text/html,https://web.archive.org/web/20160618133437/http://cwastes.skolbloggen.se:80/2010/10/20/framtidens-satt-att-studera/
html_200_root,20160619004952,http://cwastes.skolbloggen.se:80/tag/politik/,200,text/html,https://web.archive.org/web/20160619004952/http://cwastes.skolbloggen.se:80/tag/politik/
html_200_root,20160619005204,http://cwastes.skolbloggen.se:80/wp-login.php,200,text/html,https://web.archive.org/web/20160619005204/http://cwastes.skolbloggen.se:80/wp-login.php
html_200_root,20160619012217,http://cwastes.skolbloggen.se:80/2011/06/01/natmobbning/comment-page-1/,200,text/html,https://web.archive.org/web/20160619012217/http://cwastes.skolbloggen.se:80/2011/06/01/natmobbning/comment-page-1/
html_200_root,20160619012733,http://cwastes.skolbloggen.se:80/2010/10/18/sank-den-allmanna-rostrattsaldern-till-16-ar/,200,text/html,https://web.archive.org/web/20160619012733/http://cwastes.skolbloggen.se:80/2010/10/18/sank-den-allmanna-rostrattsaldern-till-16-ar/
raw_http_prefix,20160620000252,http://cwastes.skolbloggen.se/robots.txt,200,text/plain,https://web.archive.org/web/20160620000252/http://cwastes.skolbloggen.se/robots.txt
raw_http_prefix,20160620000432,http://cwastes.skolbloggen.se/wp-content/plugins/buddypress/bp-core/css/buddybar.min.css?ver=761af2ca77b52d7047b2224a7b120f13,200,text/css,https://web.archive.org/web/20160620000432/http://cwastes.skolbloggen.se/wp-content/plugins/buddypress/bp-core/css/buddybar.min.css?ver=761af2ca77b52d7047b2224a7b120f13
html_200_root,20160620060610,http://cwastes.skolbloggen.se:80/tag/politik/,200,text/html,https://web.archive.org/web/20160620060610/http://cwastes.skolbloggen.se:80/tag/politik/
raw_http_prefix,20160620061305,http://cwastes.skolbloggen.se/wp-includes/js/jquery/jquery-migrate.min.js?ver=761af2ca77b52d7047b2224a7b120f13,200,application/javascript,https://web.archive.org/web/20160620061305/http://cwastes.skolbloggen.se/wp-includes/js/jquery/jquery-migrate.min.js?ver=761af2ca77b52d7047b2224a7b120f13
raw_http_prefix,20160620061310,http://cwastes.skolbloggen.se/files/2012/06/vap22-300x200.jpg,200,image/jpeg,https://web.archive.org/web/20160620061310/http://cwastes.skolbloggen.se/files/2012/06/vap22-300x200.jpg
raw_http_prefix,20160620061314,http://cwastes.skolbloggen.se/wp-content/plugins/buddypress/bp-core/js/jquery-cookie.min.js?ver=761af2ca77b52d7047b2224a7b120f13,200,application/javascript,https://web.archive.org/web/20160620061314/http://cwastes.skolbloggen.se/wp-content/plugins/buddypress/bp-core/js/jquery-cookie.min.js?ver=761af2ca77b52d7047b2224a7b120f13
html_200_root,20160620061314,http://cwastes.skolbloggen.se:80/wp-login.php,200,text/html,https://web.archive.org/web/20160620061314/http://cwastes.skolbloggen.se:80/wp-login.php
raw_http_prefix,20160620061317,http://cwastes.skolbloggen.se/wp-content/themes/thematic.0.9/thematic/library/scripts/supersubs.js,200,application/javascript,https://web.archive.org/web/20160620061317/http://cwastes.skolbloggen.se/wp-content/themes/thematic.0.9/thematic/library/scripts/supersubs.js
raw_http_prefix,20160620061327,http://cwastes.skolbloggen.se/wp-includes/css/admin-bar.min.css?ver=761af2ca77b52d7047b2224a7b120f13,200,text/css,https://web.archive.org/web/20160620061327/http://cwastes.skolbloggen.se/wp-includes/css/admin-bar.min.css?ver=761af2ca77b52d7047b2224a7b120f13
raw_http_prefix,20160620061331,http://cwastes.skolbloggen.se/wp-content/plugins/buddypress/bp-templates/bp-legacy/js/buddypress.min.js?ver=761af2ca77b52d7047b2224a7b120f13,200,application/javascript,https://web.archive.org/web/20160620061331/http://cwastes.skolbloggen.se/wp-content/plugins/buddypress/bp-templates/bp-legacy/js/buddypress.min.js?ver=761af2ca77b52d7047b2224a7b120f13
raw_http_prefix,20160620061337,http://cwastes.skolbloggen.se/wp-content/plugins/buddypress/bp-core/js/jquery-query.min.js?ver=761af2ca77b52d7047b2224a7b120f13,200,application/javascript,https://web.archive.org/web/20160620061337/http://cwastes.skolbloggen.se/wp-content/plugins/buddypress/bp-core/js/jquery-query.min.js?ver=761af2ca77b52d7047b2224a7b120f13
raw_http_prefix,20160620061342,http://cwastes.skolbloggen.se/wp-includes/js/admin-bar.min.js?ver=761af2ca77b52d7047b2224a7b120f13,200,application/javascript,https://web.archive.org/web/20160620061342/http://cwastes.skolbloggen.se/wp-includes/js/admin-bar.min.js?ver=761af2ca77b52d7047b2224a7b120f13
raw_http_prefix,20160620061346,http://cwastes.skolbloggen.se/wp-content/themes/thematic.0.9/thematic/style.css,200,text/css,https://web.archive.org/web/20160620061346/http://cwastes.skolbloggen.se/wp-content/themes/thematic.0.9/thematic/style.css
raw_http_prefix,20160620061437,http://cwastes.skolbloggen.se/files/2012/06/4745740382_2ab039b41a_m.jpg,200,image/jpeg,https://web.archive.org/web/20160620061437/http://cwastes.skolbloggen.se/files/2012/06/4745740382_2ab039b41a_m.jpg
raw_http_prefix,20160620061455,http://cwastes.skolbloggen.se/files/2012/06/me-tina-mom-long-ago-R-300x219.jpg,200,image/jpeg,https://web.archive.org/web/20160620061455/http://cwastes.skolbloggen.se/files/2012/06/me-tina-mom-long-ago-R-300x219.jpg
raw_http_prefix,20160620061459,http://cwastes.skolbloggen.se/wp-content/themes/thematic.0.9/thematic/library/scripts/thematic-dropdowns.js,200,application/javascript,https://web.archive.org/web/20160620061459/http://cwastes.skolbloggen.se/wp-content/themes/thematic.0.9/thematic/library/scripts/thematic-dropdowns.js
raw_http_prefix,20160620061505,http://cwastes.skolbloggen.se/wp-content/themes/thematic.0.9/thematic/library/scripts/superfish.js,200,application/javascript,https://web.archive.org/web/20160620061505/http://cwastes.skolbloggen.se/wp-content/themes/thematic.0.9/thematic/library/scripts/superfish.js
raw_http_prefix,20160620061510,http://cwastes.skolbloggen.se/comments/feed/,200,application/rss+xml,https://web.archive.org/web/20160620061510/http://cwastes.skolbloggen.se/comments/feed/
raw_http_prefix,20160620061518,http://cwastes.skolbloggen.se/wp-content/plugins/pro-sites/pro-sites-files/js/tax.js?ver=761af2ca77b52d7047b2224a7b120f13,200,application/javascript,https://web.archive.org/web/20160620061518/http://cwastes.skolbloggen.se/wp-content/plugins/pro-sites/pro-sites-files/js/tax.js?ver=761af2ca77b52d7047b2224a7b120f13
raw_http_prefix,20160620061523,http://cwastes.skolbloggen.se/wp-includes/js/wp-embed.min.js?ver=761af2ca77b52d7047b2224a7b120f13,200,application/javascript,https://web.archive.org/web/20160620061523/http://cwastes.skolbloggen.se/wp-includes/js/wp-embed.min.js?ver=761af2ca77b52d7047b2224a7b120f13
raw_http_prefix,20160620061527,http://cwastes.skolbloggen.se/wp-content/plugins/buddypress/bp-core/js/confirm.min.js?ver=761af2ca77b52d7047b2224a7b120f13,200,application/javascript,https://web.archive.org/web/20160620061527/http://cwastes.skolbloggen.se/wp-content/plugins/buddypress/bp-core/js/confirm.min.js?ver=761af2ca77b52d7047b2224a7b120f13
raw_http_prefix,20160620061530,http://cwastes.skolbloggen.se/wp-json/,200,application/json,https://web.archive.org/web/20160620061530/http://cwastes.skolbloggen.se/wp-json/
raw_http_prefix,20160620061535,http://cwastes.skolbloggen.se/wp-content/plugins/admin-bar-login/admin-bar-login.css?ver=761af2ca77b52d7047b2224a7b120f13,200,text/css,https://web.archive.org/web/20160620061535/http://cwastes.skolbloggen.se/wp-content/plugins/admin-bar-login/admin-bar-login.css?ver=761af2ca77b52d7047b2224a7b120f13
raw_http_prefix,20160620061540,http://cwastes.skolbloggen.se/wp-content/plugins/buddypress/bp-core/js/jquery-scroll-to.min.js?ver=761af2ca77b52d7047b2224a7b120f13,200,application/javascript,https://web.archive.org/web/20160620061540/http://cwastes.skolbloggen.se/wp-content/plugins/buddypress/bp-core/js/jquery-scroll-to.min.js?ver=761af2ca77b52d7047b2224a7b120f13
raw_http_prefix,20160620061610,http://cwastes.skolbloggen.se/wp-content/plugins/buddypress/bp-templates/bp-legacy/css/buddypress.min.css?ver=761af2ca77b52d7047b2224a7b120f13,200,text/css,https://web.archive.org/web/20160620061610/http://cwastes.skolbloggen.se/wp-content/plugins/buddypress/bp-templates/bp-legacy/css/buddypress.min.css?ver=761af2ca77b52d7047b2224a7b120f13
raw_http_prefix,20160620061615,http://cwastes.skolbloggen.se/xmlrpc.php?rsd,200,text/xml,https://web.archive.org/web/20160620061615/http://cwastes.skolbloggen.se/xmlrpc.php?rsd
raw_http_prefix,20160620061620,http://cwastes.skolbloggen.se/feed/,200,application/rss+xml,https://web.archive.org/web/20160620061620/http://cwastes.skolbloggen.se/feed/
raw_http_prefix,20160620061625,http://cwastes.skolbloggen.se/xmlrpc.php,405,text/plain,https://web.archive.org/web/20160620061625/http://cwastes.skolbloggen.se/xmlrpc.php
raw_http_prefix,20160620061633,http://cwastes.skolbloggen.se/wp-content/themes/thematic.0.9/thematic/library/scripts/hoverIntent.js,200,application/javascript,https://web.archive.org/web/20160620061633/http://cwastes.skolbloggen.se/wp-content/themes/thematic.0.9/thematic/library/scripts/hoverIntent.js
raw_http_prefix,20160620061637,http://cwastes.skolbloggen.se/wp-includes/wlwmanifest.xml,200,application/xml,https://web.archive.org/web/20160620061637/http://cwastes.skolbloggen.se/wp-includes/wlwmanifest.xml
raw_http_prefix,20160620061641,http://cwastes.skolbloggen.se/wp-content/plugins/buddypress/bp-core/js/widget-members.min.js?ver=761af2ca77b52d7047b2224a7b120f13,200,application/javascript,https://web.archive.org/web/20160620061641/http://cwastes.skolbloggen.se/wp-content/plugins/buddypress/bp-core/js/widget-members.min.js?ver=761af2ca77b52d7047b2224a7b120f13
raw_http_prefix,20160620061645,http://cwastes.skolbloggen.se/favicon.ico,200,image/x-icon,https://web.archive.org/web/20160620061645/http://cwastes.skolbloggen.se/favicon.ico
html_200_root,20160620062003,http://cwastes.skolbloggen.se:80/2010/11/11/ingen-radsla/comment-page-1/,200,text/html,https://web.archive.org/web/20160620062003/http://cwastes.skolbloggen.se:80/2010/11/11/ingen-radsla/comment-page-1/
html_200_root,20160620062334,http://cwastes.skolbloggen.se:80/2010/10/18/sank-den-allmanna-rostrattsaldern-till-16-ar/,200,text/html,https://web.archive.org/web/20160620062334/http://cwastes.skolbloggen.se:80/2010/10/18/sank-den-allmanna-rostrattsaldern-till-16-ar/
html_200_root,20160620062501,http://cwastes.skolbloggen.se:80/category/diskutera/,200,text/html,https://web.archive.org/web/20160620062501/http://cwastes.skolbloggen.se:80/category/diskutera/
html_200_root,20160620065254,http://cwastes.skolbloggen.se:80/2011/06/01/natmobbning/comment-page-1/,200,text/html,https://web.archive.org/web/20160620065254/http://cwastes.skolbloggen.se:80/2011/06/01/natmobbning/comment-page-1/
raw_http_prefix,20160626062609,http://cwastes.skolbloggen.se:80/2010/10/15/hardare-tag-mot-rokning-pa-skolorna,301,text/html,https://web.archive.org/web/20160626062609/http://cwastes.skolbloggen.se:80/2010/10/15/hardare-tag-mot-rokning-pa-skolorna
html_200_root,20160626062609,http://cwastes.skolbloggen.se:80/2010/10/15/hardare-tag-mot-rokning-pa-skolorna/,200,text/html,https://web.archive.org/web/20160626062609/http://cwastes.skolbloggen.se:80/2010/10/15/hardare-tag-mot-rokning-pa-skolorna/
raw_http_prefix,20160627053835,http://cwastes.skolbloggen.se:80/2011/10/25/bokpresentation-robinson-crusoe-2/comment-page-1,301,text/html,https://web.archive.org/web/20160627053835/http://cwastes.skolbloggen.se:80/2011/10/25/bokpresentation-robinson-crusoe-2/comment-page-1
html_200_root,20160627053835,http://cwastes.skolbloggen.se:80/2011/10/25/bokpresentation-robinson-crusoe-2/comment-page-1/,200,text/html,https://web.archive.org/web/20160627053835/http://cwastes.skolbloggen.se:80/2011/10/25/bokpresentation-robinson-crusoe-2/comment-page-1/
raw_http_prefix,20160627054606,http://cwastes.skolbloggen.se:80/2011/10/18/1584,301,text/html,https://web.archive.org/web/20160627054606/http://cwastes.skolbloggen.se:80/2011/10/18/1584
html_200_root,20160627054606,http://cwastes.skolbloggen.se:80/2011/10/18/1584/,200,text/html,https://web.archive.org/web/20160627054606/http://cwastes.skolbloggen.se:80/2011/10/18/1584/
raw_http_prefix,20160628141830,http://cwastes.skolbloggen.se:80/2011/10/13/frankenstein-bokpresentation/comment-page-1,301,text/html,https://web.archive.org/web/20160628141830/http://cwastes.skolbloggen.se:80/2011/10/13/frankenstein-bokpresentation/comment-page-1
html_200_root,20160628141830,http://cwastes.skolbloggen.se:80/2011/10/13/frankenstein-bokpresentation/comment-page-1/,200,text/html,https://web.archive.org/web/20160628141830/http://cwastes.skolbloggen.se:80/2011/10/13/frankenstein-bokpresentation/comment-page-1/
html_200_root,20160701002659,http://cwastes.skolbloggen.se:80/2010/10/14/pelle-snickars-pa-svt-play/,200,text/html,https://web.archive.org/web/20160701002659/http://cwastes.skolbloggen.se:80/2010/10/14/pelle-snickars-pa-svt-play/
html_200_root,20160701005947,http://cwastes.skolbloggen.se:80/2010/10/17/debattartikel-legalisera-sexkop/,200,text/html,https://web.archive.org/web/20160701005947/http://cwastes.skolbloggen.se:80/2010/10/17/debattartikel-legalisera-sexkop/
html_200_root,20160701012944,http://cwastes.skolbloggen.se:80/tag/skola/,200,text/html,https://web.archive.org/web/20160701012944/http://cwastes.skolbloggen.se:80/tag/skola/
html_200_root,20160701210102,http://cwastes.skolbloggen.se:80/2010/10/15/hardare-tag-mot-rokning-pa-skolorna/,200,text/html,https://web.archive.org/web/20160701210102/http://cwastes.skolbloggen.se:80/2010/10/15/hardare-tag-mot-rokning-pa-skolorna/
html_200_root,20160709123234,http://cwastes.skolbloggen.se:80/,200,text/html,https://web.archive.org/web/20160709123234/http://cwastes.skolbloggen.se:80/
raw_http_prefix,20160711182813,http://cwastes.skolbloggen.se:80/2011/10/07/1561/comment-page-1,301,text/html,https://web.archive.org/web/20160711182813/http://cwastes.skolbloggen.se:80/2011/10/07/1561/comment-page-1
html_200_root,20160711182813,http://cwastes.skolbloggen.se:80/2011/10/07/1561/comment-page-1/,200,text/html,https://web.archive.org/web/20160711182813/http://cwastes.skolbloggen.se:80/2011/10/07/1561/comment-page-1/
raw_http_prefix,20160716004811,http://cwastes.skolbloggen.se:80/2010/10/18/sank-den-allmanna-rostrattsaldern-till-16-ar,301,text/html,https://web.archive.org/web/20160716004811/http://cwastes.skolbloggen.se:80/2010/10/18/sank-den-allmanna-rostrattsaldern-till-16-ar
html_200_root,20160716004811,http://cwastes.skolbloggen.se:80/2010/10/18/sank-den-allmanna-rostrattsaldern-till-16-ar/,200,text/html,https://web.archive.org/web/20160716004811/http://cwastes.skolbloggen.se:80/2010/10/18/sank-den-allmanna-rostrattsaldern-till-16-ar/
raw_http_prefix,20160727060210,http://cwastes.skolbloggen.se:80/2010/10/15/hardare-tag-mot-rokning-pa-skolorna,301,text/html,https://web.archive.org/web/20160727060210/http://cwastes.skolbloggen.se:80/2010/10/15/hardare-tag-mot-rokning-pa-skolorna
html_200_root,20160727060210,http://cwastes.skolbloggen.se:80/2010/10/15/hardare-tag-mot-rokning-pa-skolorna/,200,text/html,https://web.archive.org/web/20160727060210/http://cwastes.skolbloggen.se:80/2010/10/15/hardare-tag-mot-rokning-pa-skolorna/
raw_http_prefix,20160729030808,http://cwastes.skolbloggen.se:80/2011/10/25/bokpresentation-robinson-crusoe-2/comment-page-1,301,text/html,https://web.archive.org/web/20160729030808/http://cwastes.skolbloggen.se:80/2011/10/25/bokpresentation-robinson-crusoe-2/comment-page-1
html_200_root,20160729030808,http://cwastes.skolbloggen.se:80/2011/10/25/bokpresentation-robinson-crusoe-2/comment-page-1/,200,text/html,https://web.archive.org/web/20160729030808/http://cwastes.skolbloggen.se:80/2011/10/25/bokpresentation-robinson-crusoe-2/comment-page-1/
raw_http_prefix,20160730110107,http://cwastes.skolbloggen.se:80/2011/10/13/frankenstein-bokpresentation/comment-page-1,301,text/html,https://web.archive.org/web/20160730110107/http://cwastes.skolbloggen.se:80/2011/10/13/frankenstein-bokpresentation/comment-page-1
html_200_root,20160730110107,http://cwastes.skolbloggen.se:80/2011/10/13/frankenstein-bokpresentation/comment-page-1/,200,text/html,https://web.archive.org/web/20160730110107/http://cwastes.skolbloggen.se:80/2011/10/13/frankenstein-bokpresentation/comment-page-1/
raw_http_prefix,20160802174719,http://cwastes.skolbloggen.se/robots.txt,200,text/plain,https://web.archive.org/web/20160802174719/http://cwastes.skolbloggen.se/robots.txt
raw_http_prefix,20160802174723,http://cwastes.skolbloggen.se/wp-content/plugins/buddypress/bp-core/images/admin-menu-arrow.gif,200,image/gif,https://web.archive.org/web/20160802174723/http://cwastes.skolbloggen.se/wp-content/plugins/buddypress/bp-core/images/admin-menu-arrow.gif
raw_http_prefix,20160802174855,http://cwastes.skolbloggen.se/wp-content/plugins/buddypress/bp-core/images/60pc_black.png,200,image/png,https://web.archive.org/web/20160802174855/http://cwastes.skolbloggen.se/wp-content/plugins/buddypress/bp-core/images/60pc_black.png
raw_http_prefix,20160803155818,http://cwastes.skolbloggen.se/wp-content/themes/thematic.0.9/thematic/library/styles/plugins.css,200,text/css,https://web.archive.org/web/20160803155818/http://cwastes.skolbloggen.se/wp-content/themes/thematic.0.9/thematic/library/styles/plugins.css
raw_http_prefix,20160803160035,http://cwastes.skolbloggen.se/wp-content/themes/thematic.0.9/thematic/library/styles/typography.css,200,text/css,https://web.archive.org/web/20160803160035/http://cwastes.skolbloggen.se/wp-content/themes/thematic.0.9/thematic/library/styles/typography.css
raw_http_prefix,20160803160312,http://cwastes.skolbloggen.se/wp-content/themes/thematic.0.9/thematic/library/styles/default.css,200,text/css,https://web.archive.org/web/20160803160312/http://cwastes.skolbloggen.se/wp-content/themes/thematic.0.9/thematic/library/styles/default.css
raw_http_prefix,20160803160518,http://cwastes.skolbloggen.se/wp-content/themes/thematic.0.9/thematic/library/styles/reset.css,200,text/css,https://web.archive.org/web/20160803160518/http://cwastes.skolbloggen.se/wp-content/themes/thematic.0.9/thematic/library/styles/reset.css
raw_http_prefix,20160803160659,http://cwastes.skolbloggen.se/wp-content/themes/thematic.0.9/thematic/library/layouts/2c-r-fixed.css,200,text/css,https://web.archive.org/web/20160803160659/http://cwastes.skolbloggen.se/wp-content/themes/thematic.0.9/thematic/library/layouts/2c-r-fixed.css
raw_http_prefix,20160813093154,http://cwastes.skolbloggen.se:80/2011/10/07/1561/comment-page-1,301,text/html,https://web.archive.org/web/20160813093154/http://cwastes.skolbloggen.se:80/2011/10/07/1561/comment-page-1
html_200_root,20160813093154,http://cwastes.skolbloggen.se:80/2011/10/07/1561/comment-page-1/,200,text/html,https://web.archive.org/web/20160813093154/http://cwastes.skolbloggen.se:80/2011/10/07/1561/comment-page-1/
raw_http_prefix,20160816065332,http://cwastes.skolbloggen.se:80/2010/10/18/sank-den-allmanna-rostrattsaldern-till-16-ar,301,text/html,https://web.archive.org/web/20160816065332/http://cwastes.skolbloggen.se:80/2010/10/18/sank-den-allmanna-rostrattsaldern-till-16-ar
html_200_root,20160816065332,http://cwastes.skolbloggen.se:80/2010/10/18/sank-den-allmanna-rostrattsaldern-till-16-ar/,200,text/html,https://web.archive.org/web/20160816065332/http://cwastes.skolbloggen.se:80/2010/10/18/sank-den-allmanna-rostrattsaldern-till-16-ar/
raw_http_prefix,20160822073705,http://cwastes.skolbloggen.se/robots.txt,-,warc/revisit,https://web.archive.org/web/20160822073705/http://cwastes.skolbloggen.se/robots.txt
html_200_root,20160822085223,http://cwastes.skolbloggen.se/,200,text/html,https://web.archive.org/web/20160822085223/http://cwastes.skolbloggen.se/
raw_http_prefix,20160827045255,http://cwastes.skolbloggen.se:80/2010/10/15/hardare-tag-mot-rokning-pa-skolorna,301,text/html,https://web.archive.org/web/20160827045255/http://cwastes.skolbloggen.se:80/2010/10/15/hardare-tag-mot-rokning-pa-skolorna
html_200_root,20160827045255,http://cwastes.skolbloggen.se:80/2010/10/15/hardare-tag-mot-rokning-pa-skolorna/,200,text/html,https://web.archive.org/web/20160827045255/http://cwastes.skolbloggen.se:80/2010/10/15/hardare-tag-mot-rokning-pa-skolorna/
raw_http_prefix,20160913041632,http://cwastes.skolbloggen.se/robots.txt,-,warc/revisit,https://web.archive.org/web/20160913041632/http://cwastes.skolbloggen.se/robots.txt
html_200_root,20160913041636,http://cwastes.skolbloggen.se/2010/12/20/vem-var-franz-kafka/,200,text/html,https://web.archive.org/web/20160913041636/http://cwastes.skolbloggen.se/2010/12/20/vem-var-franz-kafka/
html_200_root,20160918130710,http://cwastes.skolbloggen.se:80/,200,text/html,https://web.archive.org/web/20160918130710/http://cwastes.skolbloggen.se:80/
raw_http_prefix,20160929074631,http://cwastes.skolbloggen.se:80/2010/10/15/hardare-tag-mot-rokning-pa-skolorna,301,text/html,https://web.archive.org/web/20160929074631/http://cwastes.skolbloggen.se:80/2010/10/15/hardare-tag-mot-rokning-pa-skolorna
html_200_root,20160929074631,http://cwastes.skolbloggen.se:80/2010/10/15/hardare-tag-mot-rokning-pa-skolorna/,200,text/html,https://web.archive.org/web/20160929074631/http://cwastes.skolbloggen.se:80/2010/10/15/hardare-tag-mot-rokning-pa-skolorna/
raw_http_prefix,20161012042317,http://cwastes.skolbloggen.se:80/2011/10/26/flyga-drake-elevtext,301,text/html,https://web.archive.org/web/20161012042317/http://cwastes.skolbloggen.se:80/2011/10/26/flyga-drake-elevtext
html_200_root,20161012042317,http://cwastes.skolbloggen.se:80/2011/10/26/flyga-drake-elevtext/,200,text/html,https://web.archive.org/web/20161012042317/http://cwastes.skolbloggen.se:80/2011/10/26/flyga-drake-elevtext/
raw_http_prefix,20161114134856,http://cwastes.skolbloggen.se:80/2011/10/26/flyga-drake-elevtext,301,text/html,https://web.archive.org/web/20161114134856/http://cwastes.skolbloggen.se:80/2011/10/26/flyga-drake-elevtext
html_200_root,20161114134856,http://cwastes.skolbloggen.se:80/2011/10/26/flyga-drake-elevtext/,200,text/html,https://web.archive.org/web/20161114134856/http://cwastes.skolbloggen.se:80/2011/10/26/flyga-drake-elevtext/
raw_http_prefix,20161115215627,http://cwastes.skolbloggen.se:80/2011/10/26/flyga-drake-elevtext,301,text/html,https://web.archive.org/web/20161115215627/http://cwastes.skolbloggen.se:80/2011/10/26/flyga-drake-elevtext
html_200_root,20161115215627,http://cwastes.skolbloggen.se:80/2011/10/26/flyga-drake-elevtext/,200,text/html,https://web.archive.org/web/20161115215627/http://cwastes.skolbloggen.se:80/2011/10/26/flyga-drake-elevtext/
raw_http_prefix,20161201092113,http://cwastes.skolbloggen.se:80/2013/06/03/fordelar-med-genteknik-vad-galler-medicinsk-utveckling,301,text/html,https://web.archive.org/web/20161201092113/http://cwastes.skolbloggen.se:80/2013/06/03/fordelar-med-genteknik-vad-galler-medicinsk-utveckling
html_200_root,20161201092113,http://cwastes.skolbloggen.se:80/2013/06/03/fordelar-med-genteknik-vad-galler-medicinsk-utveckling/,200,text/html,https://web.archive.org/web/20161201092113/http://cwastes.skolbloggen.se:80/2013/06/03/fordelar-med-genteknik-vad-galler-medicinsk-utveckling/
html_200_root,20170201025919,http://cwastes.skolbloggen.se:80/,200,text/html,https://web.archive.org/web/20170201025919/http://cwastes.skolbloggen.se:80/
raw_http_prefix,20170205135142,http://cwastes.skolbloggen.se:80/2010/12/20/john-steinbeck/comment-page-1,301,text/html,https://web.archive.org/web/20170205135142/http://cwastes.skolbloggen.se:80/2010/12/20/john-steinbeck/comment-page-1
html_200_root,20170205135142,http://cwastes.skolbloggen.se:80/2010/12/20/john-steinbeck/comment-page-1/,200,text/html,https://web.archive.org/web/20170205135142/http://cwastes.skolbloggen.se:80/2010/12/20/john-steinbeck/comment-page-1/
raw_http_prefix,20170225043146,http://cwastes.skolbloggen.se/robots.txt,-,warc/revisit,https://web.archive.org/web/20170225043146/http://cwastes.skolbloggen.se/robots.txt
raw_http_prefix,20170320044940,http://cwastes.skolbloggen.se:80/robots.txt,503,text/html,https://web.archive.org/web/20170320044940/http://cwastes.skolbloggen.se:80/robots.txt
raw_http_prefix,20170324020831,http://cwastes.skolbloggen.se:80/2011/10/18/1584,301,text/html,https://web.archive.org/web/20170324020831/http://cwastes.skolbloggen.se:80/2011/10/18/1584
html_200_root,20170324020831,http://cwastes.skolbloggen.se:80/2011/10/18/1584/,200,text/html,https://web.archive.org/web/20170324020831/http://cwastes.skolbloggen.se:80/2011/10/18/1584/
raw_http_prefix,20170324054802,http://cwastes.skolbloggen.se:80/2011/10/13/frankenstein-bokpresentation/comment-page-1,301,text/html,https://web.archive.org/web/20170324054802/http://cwastes.skolbloggen.se:80/2011/10/13/frankenstein-bokpresentation/comment-page-1
html_200_root,20170324054802,http://cwastes.skolbloggen.se:80/2011/10/13/frankenstein-bokpresentation/comment-page-1/,200,text/html,https://web.archive.org/web/20170324054802/http://cwastes.skolbloggen.se:80/2011/10/13/frankenstein-bokpresentation/comment-page-1/
raw_http_prefix,20170416210532,http://cwastes.skolbloggen.se:80/2013/06/03/gmo-odlad-mat-ar-bra-for-manniskan-och-miljon,301,text/html,https://web.archive.org/web/20170416210532/http://cwastes.skolbloggen.se:80/2013/06/03/gmo-odlad-mat-ar-bra-for-manniskan-och-miljon
html_200_root,20170416210532,http://cwastes.skolbloggen.se:80/2013/06/03/gmo-odlad-mat-ar-bra-for-manniskan-och-miljon/,200,text/html,https://web.archive.org/web/20170416210532/http://cwastes.skolbloggen.se:80/2013/06/03/gmo-odlad-mat-ar-bra-for-manniskan-och-miljon/
raw_http_prefix,20170420164639,http://cwastes.skolbloggen.se:80/2011/09/21/bokpresentation-robinson-crusoe,301,text/html,https://web.archive.org/web/20170420164639/http://cwastes.skolbloggen.se:80/2011/09/21/bokpresentation-robinson-crusoe
html_200_root,20170420164639,http://cwastes.skolbloggen.se:80/2011/09/21/bokpresentation-robinson-crusoe/,200,text/html,https://web.archive.org/web/20170420164639/http://cwastes.skolbloggen.se:80/2011/09/21/bokpresentation-robinson-crusoe/
raw_http_prefix,20170420164829,http://cwastes.skolbloggen.se:80/2011/10/03/nathat-2,301,text/html,https://web.archive.org/web/20170420164829/http://cwastes.skolbloggen.se:80/2011/10/03/nathat-2
html_200_root,20170420164829,http://cwastes.skolbloggen.se:80/2011/10/03/nathat-2/,200,text/html,https://web.archive.org/web/20170420164829/http://cwastes.skolbloggen.se:80/2011/10/03/nathat-2/
raw_http_prefix,20170505004909,http://cwastes.skolbloggen.se:80/2010/12/20/john-steinbeck/comment-page-1,301,text/html,https://web.archive.org/web/20170505004909/http://cwastes.skolbloggen.se:80/2010/12/20/john-steinbeck/comment-page-1
html_200_root,20170505004909,http://cwastes.skolbloggen.se:80/2010/12/20/john-steinbeck/comment-page-1/,200,text/html,https://web.archive.org/web/20170505004909/http://cwastes.skolbloggen.se:80/2010/12/20/john-steinbeck/comment-page-1/
raw_http_prefix,20170507072334,http://cwastes.skolbloggen.se:80/2011/10/13/frankenstein-bokpresentation/comment-page-1,301,text/html,https://web.archive.org/web/20170507072334/http://cwastes.skolbloggen.se:80/2011/10/13/frankenstein-bokpresentation/comment-page-1
html_200_root,20170507072334,http://cwastes.skolbloggen.se:80/2011/10/13/frankenstein-bokpresentation/comment-page-1/,200,text/html,https://web.archive.org/web/20170507072334/http://cwastes.skolbloggen.se:80/2011/10/13/frankenstein-bokpresentation/comment-page-1/
raw_http_prefix,20170512124658,http://cwastes.skolbloggen.se:80/2011/11/14/flyga-drake-elevtext-2,301,text/html,https://web.archive.org/web/20170512124658/http://cwastes.skolbloggen.se:80/2011/11/14/flyga-drake-elevtext-2
html_200_root,20170512124658,http://cwastes.skolbloggen.se:80/2011/11/14/flyga-drake-elevtext-2/,200,text/html,https://web.archive.org/web/20170512124658/http://cwastes.skolbloggen.se:80/2011/11/14/flyga-drake-elevtext-2/
raw_http_prefix,20170517090841,http://cwastes.skolbloggen.se:80/2013/06/03/gmo-odlad-mat-ar-bra-for-manniskan-och-miljon,301,text/html,https://web.archive.org/web/20170517090841/http://cwastes.skolbloggen.se:80/2013/06/03/gmo-odlad-mat-ar-bra-for-manniskan-och-miljon
html_200_root,20170517090841,http://cwastes.skolbloggen.se:80/2013/06/03/gmo-odlad-mat-ar-bra-for-manniskan-och-miljon/,200,text/html,https://web.archive.org/web/20170517090841/http://cwastes.skolbloggen.se:80/2013/06/03/gmo-odlad-mat-ar-bra-for-manniskan-och-miljon/
raw_http_prefix,20170521180217,http://cwastes.skolbloggen.se:80/2012/03/26/kop-inte-klader-som-ar-tillverkade-under-daliga-arbetsforhallanden,301,text/html,https://web.archive.org/web/20170521180217/http://cwastes.skolbloggen.se:80/2012/03/26/kop-inte-klader-som-ar-tillverkade-under-daliga-arbetsforhallanden
html_200_root,20170521180217,http://cwastes.skolbloggen.se:80/2012/03/26/kop-inte-klader-som-ar-tillverkade-under-daliga-arbetsforhallanden/,200,text/html,https://web.archive.org/web/20170521180217/http://cwastes.skolbloggen.se:80/2012/03/26/kop-inte-klader-som-ar-tillverkade-under-daliga-arbetsforhallanden/
raw_http_prefix,20170521182825,http://cwastes.skolbloggen.se:80/2011/10/03/nathat-2,301,text/html,https://web.archive.org/web/20170521182825/http://cwastes.skolbloggen.se:80/2011/10/03/nathat-2
html_200_root,20170521182825,http://cwastes.skolbloggen.se:80/2011/10/03/nathat-2/,200,text/html,https://web.archive.org/web/20170521182825/http://cwastes.skolbloggen.se:80/2011/10/03/nathat-2/
raw_http_prefix,20170521184935,http://cwastes.skolbloggen.se:80/2011/09/21/bokpresentation-robinson-crusoe,301,text/html,https://web.archive.org/web/20170521184935/http://cwastes.skolbloggen.se:80/2011/09/21/bokpresentation-robinson-crusoe
html_200_root,20170521184935,http://cwastes.skolbloggen.se:80/2011/09/21/bokpresentation-robinson-crusoe/,200,text/html,https://web.archive.org/web/20170521184935/http://cwastes.skolbloggen.se:80/2011/09/21/bokpresentation-robinson-crusoe/
raw_http_prefix,20170521190942,http://cwastes.skolbloggen.se:80/2012/05/28/hur-kan-vi-forandra-varlden-till-det-battre,301,text/html,https://web.archive.org/web/20170521190942/http://cwastes.skolbloggen.se:80/2012/05/28/hur-kan-vi-forandra-varlden-till-det-battre
html_200_root,20170521190942,http://cwastes.skolbloggen.se:80/2012/05/28/hur-kan-vi-forandra-varlden-till-det-battre/,200,text/html,https://web.archive.org/web/20170521190942/http://cwastes.skolbloggen.se:80/2012/05/28/hur-kan-vi-forandra-varlden-till-det-battre/
raw_http_prefix,20170603092346,http://cwastes.skolbloggen.se:80/2010/10/17/debattartikel-legalisera-sexkop,301,text/html,https://web.archive.org/web/20170603092346/http://cwastes.skolbloggen.se:80/2010/10/17/debattartikel-legalisera-sexkop
html_200_root,20170603092346,http://cwastes.skolbloggen.se:80/2010/10/17/debattartikel-legalisera-sexkop/,200,text/html,https://web.archive.org/web/20170603092346/http://cwastes.skolbloggen.se:80/2010/10/17/debattartikel-legalisera-sexkop/
raw_http_prefix,20170605073731,http://cwastes.skolbloggen.se:80/2010/12/20/john-steinbeck/comment-page-1,301,text/html,https://web.archive.org/web/20170605073731/http://cwastes.skolbloggen.se:80/2010/12/20/john-steinbeck/comment-page-1
html_200_root,20170605073731,http://cwastes.skolbloggen.se:80/2010/12/20/john-steinbeck/comment-page-1/,200,text/html,https://web.archive.org/web/20170605073731/http://cwastes.skolbloggen.se:80/2010/12/20/john-steinbeck/comment-page-1/
raw_http_prefix,20170607014036,http://cwastes.skolbloggen.se:80/2011/10/13/frankenstein-bokpresentation/comment-page-1,301,text/html,https://web.archive.org/web/20170607014036/http://cwastes.skolbloggen.se:80/2011/10/13/frankenstein-bokpresentation/comment-page-1
html_200_root,20170607014036,http://cwastes.skolbloggen.se:80/2011/10/13/frankenstein-bokpresentation/comment-page-1/,200,text/html,https://web.archive.org/web/20170607014036/http://cwastes.skolbloggen.se:80/2011/10/13/frankenstein-bokpresentation/comment-page-1/
raw_http_prefix,20170609221103,http://cwastes.skolbloggen.se:80/2011/09/16/om-man-skulle-gora-en-bokpresentation-av-till-exempel-gosta-berlings-saga,301,text/html,https://web.archive.org/web/20170609221103/http://cwastes.skolbloggen.se:80/2011/09/16/om-man-skulle-gora-en-bokpresentation-av-till-exempel-gosta-berlings-saga
html_200_root,20170609221103,http://cwastes.skolbloggen.se:80/2011/09/16/om-man-skulle-gora-en-bokpresentation-av-till-exempel-gosta-berlings-saga/,200,text/html,https://web.archive.org/web/20170609221103/http://cwastes.skolbloggen.se:80/2011/09/16/om-man-skulle-gora-en-bokpresentation-av-till-exempel-gosta-berlings-saga/
raw_http_prefix,20170612044258,http://cwastes.skolbloggen.se:80/wp-login.php?action=register,302,text/html,https://web.archive.org/web/20170612044258/http://cwastes.skolbloggen.se:80/wp-login.php?action=register
html_200_root,20170612050959,http://cwastes.skolbloggen.se:80/2010/11/11/ingen-radsla/comment-page-1/,200,text/html,https://web.archive.org/web/20170612050959/http://cwastes.skolbloggen.se:80/2010/11/11/ingen-radsla/comment-page-1/
html_200_root,20170612052139,http://cwastes.skolbloggen.se:80/category/tips/,200,text/html,https://web.archive.org/web/20170612052139/http://cwastes.skolbloggen.se:80/category/tips/
html_200_root,20170612144515,http://cwastes.skolbloggen.se:80/2010/05/,200,text/html,https://web.archive.org/web/20170612144515/http://cwastes.skolbloggen.se:80/2010/05/
html_200_root,20170612144532,http://cwastes.skolbloggen.se:80/tag/forfattare/,200,text/html,https://web.archive.org/web/20170612144532/http://cwastes.skolbloggen.se:80/tag/forfattare/
html_200_root,20170612144538,http://cwastes.skolbloggen.se:80/tag/spel/,200,text/html,https://web.archive.org/web/20170612144538/http://cwastes.skolbloggen.se:80/tag/spel/
raw_http_prefix,20170612144545,http://cwastes.skolbloggen.se:80/xmlrpc.php?rsd,200,text/xml,https://web.archive.org/web/20170612144545/http://cwastes.skolbloggen.se:80/xmlrpc.php?rsd
html_200_root,20170612144745,http://cwastes.skolbloggen.se:80/2012/03/29/hur-ar-en-bra-ledare/,200,text/html,https://web.archive.org/web/20170612144745/http://cwastes.skolbloggen.se:80/2012/03/29/hur-ar-en-bra-ledare/
html_200_root,20170612144806,http://cwastes.skolbloggen.se:80/2012/04/12/alla-butiker-borde-anvanda-sig-av-nathandel/,200,text/html,https://web.archive.org/web/20170612144806/http://cwastes.skolbloggen.se:80/2012/04/12/alla-butiker-borde-anvanda-sig-av-nathandel/
html_200_root,20170612144819,http://cwastes.skolbloggen.se:80/tag/kommentarer/,200,text/html,https://web.archive.org/web/20170612144819/http://cwastes.skolbloggen.se:80/tag/kommentarer/
html_200_root,20170612145440,http://cwastes.skolbloggen.se:80/tag/utbildning/,200,text/html,https://web.archive.org/web/20170612145440/http://cwastes.skolbloggen.se:80/tag/utbildning/
html_200_root,20170612145446,http://cwastes.skolbloggen.se:80/tag/youtube/,200,text/html,https://web.archive.org/web/20170612145446/http://cwastes.skolbloggen.se:80/tag/youtube/
raw_http_prefix,20170612145524,http://cwastes.skolbloggen.se:80/wp-json/oembed/1.0/embed?url=http://cwastes.skolbloggen.se/2011/09/16/om-man-skulle-gora-en-bokpresentation-av-till-exempel-gosta-berlings-saga/&format=xml,200,text/xml,https://web.archive.org/web/20170612145524/http://cwastes.skolbloggen.se:80/wp-json/oembed/1.0/embed?url=http://cwastes.skolbloggen.se/2011/09/16/om-man-skulle-gora-en-bokpresentation-av-till-exempel-gosta-berlings-saga/&format=xml
html_200_root,20170612145551,http://cwastes.skolbloggen.se:80/2012/04/26/sank-priserna-pa-kollektivtrafiken/,200,text/html,https://web.archive.org/web/20170612145551/http://cwastes.skolbloggen.se:80/2012/04/26/sank-priserna-pa-kollektivtrafiken/
html_200_root,20170612145557,http://cwastes.skolbloggen.se:80/tag/facebook/,200,text/html,https://web.archive.org/web/20170612145557/http://cwastes.skolbloggen.se:80/tag/facebook/
html_200_root,20170612145608,http://cwastes.skolbloggen.se:80/tag/foto/,200,text/html,https://web.archive.org/web/20170612145608/http://cwastes.skolbloggen.se:80/tag/foto/
raw_http_prefix,20170612145631,http://cwastes.skolbloggen.se:80/xmlrpc.php,405,text/plain,https://web.archive.org/web/20170612145631/http://cwastes.skolbloggen.se:80/xmlrpc.php
html_200_root,20170612150233,http://cwastes.skolbloggen.se:80/2012/06/05/vi-bor-idrotta-mer-an-vad-vi-gor-idag/,200,text/html,https://web.archive.org/web/20170612150233/http://cwastes.skolbloggen.se:80/2012/06/05/vi-bor-idrotta-mer-an-vad-vi-gor-idag/
html_200_root,20170612150254,http://cwastes.skolbloggen.se:80/tag/affarside/,200,text/html,https://web.archive.org/web/20170612150254/http://cwastes.skolbloggen.se:80/tag/affarside/
html_200_root,20170612150300,http://cwastes.skolbloggen.se:80/tag/genteknik/,200,text/html,https://web.archive.org/web/20170612150300/http://cwastes.skolbloggen.se:80/tag/genteknik/
html_200_root,20170612150330,http://cwastes.skolbloggen.se:80/tag/inlagg/,200,text/html,https://web.archive.org/web/20170612150330/http://cwastes.skolbloggen.se:80/tag/inlagg/
html_200_root,20170612150354,http://cwastes.skolbloggen.se:80/2012/05/28/anonyma-brev/,200,text/html,https://web.archive.org/web/20170612150354/http://cwastes.skolbloggen.se:80/2012/05/28/anonyma-brev/
html_200_root,20170612150415,http://cwastes.skolbloggen.se:80/2012/05/28/att-gora-varlden-till-en-battre-plats/,200,text/html,https://web.archive.org/web/20170612150415/http://cwastes.skolbloggen.se:80/2012/05/28/att-gora-varlden-till-en-battre-plats/
html_200_root,20170612150421,http://cwastes.skolbloggen.se:80/2012/05/28/ler-du-sa-ler-varlden-tillbaka/,200,text/html,https://web.archive.org/web/20170612150421/http://cwastes.skolbloggen.se:80/2012/05/28/ler-du-sa-ler-varlden-tillbaka/
html_200_root,20170612150440,http://cwastes.skolbloggen.se:80/2012/10/,200,text/html,https://web.archive.org/web/20170612150440/http://cwastes.skolbloggen.se:80/2012/10/
html_200_root,20170612150446,http://cwastes.skolbloggen.se:80/2013/06/,200,text/html,https://web.archive.org/web/20170612150446/http://cwastes.skolbloggen.se:80/2013/06/
html_200_root,20170612150505,http://cwastes.skolbloggen.se:80/tag/engelska/,200,text/html,https://web.archive.org/web/20170612150505/http://cwastes.skolbloggen.se:80/tag/engelska/
html_200_root,20170612150655,http://cwastes.skolbloggen.se:80/2012/06/05/infor-undervisning-om-arbetsratt/,200,text/html,https://web.archive.org/web/20170612150655/http://cwastes.skolbloggen.se:80/2012/06/05/infor-undervisning-om-arbetsratt/
raw_http_prefix,20170612150740,http://cwastes.skolbloggen.se:80/wp-json/,200,application/json,https://web.archive.org/web/20170612150740/http://cwastes.skolbloggen.se:80/wp-json/
html_200_root,20170612151138,http://cwastes.skolbloggen.se:80/2010/10/,200,text/html,https://web.archive.org/web/20170612151138/http://cwastes.skolbloggen.se:80/2010/10/
html_200_root,20170612151145,http://cwastes.skolbloggen.se:80/2010/12/19/vilhelm-moberg/comment-page-1/,200,text/html,https://web.archive.org/web/20170612151145/http://cwastes.skolbloggen.se:80/2010/12/19/vilhelm-moberg/comment-page-1/
html_200_root,20170612151214,http://cwastes.skolbloggen.se:80/om/,200,text/html,https://web.archive.org/web/20170612151214/http://cwastes.skolbloggen.se:80/om/
html_200_root,20170612151234,http://cwastes.skolbloggen.se:80/wp-login.php,200,text/html,https://web.archive.org/web/20170612151234/http://cwastes.skolbloggen.se:80/wp-login.php
html_200_root,20170612151326,http://cwastes.skolbloggen.se:80/2011/11/,200,text/html,https://web.archive.org/web/20170612151326/http://cwastes.skolbloggen.se:80/2011/11/
html_200_root,20170612151333,http://cwastes.skolbloggen.se:80/tag/embryogallring/,200,text/html,https://web.archive.org/web/20170612151333/http://cwastes.skolbloggen.se:80/tag/embryogallring/
html_200_root,20170612151352,http://cwastes.skolbloggen.se:80/tag/ikt/,200,text/html,https://web.archive.org/web/20170612151352/http://cwastes.skolbloggen.se:80/tag/ikt/
raw_http_prefix,20170612151352,http://cwastes.skolbloggen.se:80/wp-includes/wlwmanifest.xml,200,application/xml,https://web.archive.org/web/20170612151352/http://cwastes.skolbloggen.se:80/wp-includes/wlwmanifest.xml
html_200_root,20170612151501,http://cwastes.skolbloggen.se:80/2012/03/20/kollektivavtal-borde-vara-en-sjalvklarhet/,200,text/html,https://web.archive.org/web/20170612151501/http://cwastes.skolbloggen.se:80/2012/03/20/kollektivavtal-borde-vara-en-sjalvklarhet/
html_200_root,20170612151507,http://cwastes.skolbloggen.se:80/2012/06/07/hur-pantar-du/,200,text/html,https://web.archive.org/web/20170612151507/http://cwastes.skolbloggen.se:80/2012/06/07/hur-pantar-du/
html_200_root,20170612151513,http://cwastes.skolbloggen.se:80/2013/06/03/gmo-odlad-mat-ar-bra-for-manniskan-och-miljon/,200,text/html,https://web.archive.org/web/20170612151513/http://cwastes.skolbloggen.se:80/2013/06/03/gmo-odlad-mat-ar-bra-for-manniskan-och-miljon/
html_200_root,20170612151532,http://cwastes.skolbloggen.se:80/2011/09/16/om-man-skulle-gora-en-bokpresentation-av-till-exempel-gosta-berlings-saga/,200,text/html,https://web.archive.org/web/20170612151532/http://cwastes.skolbloggen.se:80/2011/09/16/om-man-skulle-gora-en-bokpresentation-av-till-exempel-gosta-berlings-saga/
raw_http_prefix,20170612151532,http://cwastes.skolbloggen.se:80/?p=1518,301,text/html,https://web.archive.org/web/20170612151532/http://cwastes.skolbloggen.se:80/?p=1518
html_200_root,20170612151538,http://cwastes.skolbloggen.se:80/category/diskutera/,200,text/html,https://web.archive.org/web/20170612151538/http://cwastes.skolbloggen.se:80/category/diskutera/
html_200_root,20170612151544,http://cwastes.skolbloggen.se:80/category/gott-och-blandat/,200,text/html,https://web.archive.org/web/20170612151544/http://cwastes.skolbloggen.se:80/category/gott-och-blandat/
html_200_root,20170612151600,http://cwastes.skolbloggen.se:80/tag/louise/,200,text/html,https://web.archive.org/web/20170612151600/http://cwastes.skolbloggen.se:80/tag/louise/
html_200_root,20170612151606,http://cwastes.skolbloggen.se:80/tag/onlinespel/,200,text/html,https://web.archive.org/web/20170612151606/http://cwastes.skolbloggen.se:80/tag/onlinespel/
html_200_root,20170612151753,http://cwastes.skolbloggen.se:80/2012/05/08/mer-praktik-for-gymnasieelever/,200,text/html,https://web.archive.org/web/20170612151753/http://cwastes.skolbloggen.se:80/2012/05/08/mer-praktik-for-gymnasieelever/
html_200_root,20170612151759,http://cwastes.skolbloggen.se:80/category/tema-resor/,200,text/html,https://web.archive.org/web/20170612151759/http://cwastes.skolbloggen.se:80/category/tema-resor/
html_200_root,20170612151834,http://cwastes.skolbloggen.se:80/tag/bildredigering/,200,text/html,https://web.archive.org/web/20170612151834/http://cwastes.skolbloggen.se:80/tag/bildredigering/
html_200_root,20170612151849,http://cwastes.skolbloggen.se:80/tag/kunskap/,200,text/html,https://web.archive.org/web/20170612151849/http://cwastes.skolbloggen.se:80/tag/kunskap/
html_200_root,20170612152845,http://cwastes.skolbloggen.se:80/2010/07/,200,text/html,https://web.archive.org/web/20170612152845/http://cwastes.skolbloggen.se:80/2010/07/
html_200_root,20170612152855,http://cwastes.skolbloggen.se:80/2011/01/,200,text/html,https://web.archive.org/web/20170612152855/http://cwastes.skolbloggen.se:80/2011/01/
html_200_root,20170612152901,http://cwastes.skolbloggen.se:80/2012/03/20/kop-inte-klader-som-ar-tillverkade-av-barnarbetare/comment-page-1/,200,text/html,https://web.archive.org/web/20170612152901/http://cwastes.skolbloggen.se:80/2012/03/20/kop-inte-klader-som-ar-tillverkade-av-barnarbetare/comment-page-1/
html_200_root,20170612152918,http://cwastes.skolbloggen.se:80/tag/studier/,200,text/html,https://web.archive.org/web/20170612152918/http://cwastes.skolbloggen.se:80/tag/studier/
html_200_root,20170612153142,http://cwastes.skolbloggen.se:80/2012/06/05/svensk-vapenexport/,200,text/html,https://web.archive.org/web/20170612153142/http://cwastes.skolbloggen.se:80/2012/06/05/svensk-vapenexport/
html_200_root,20170612153148,http://cwastes.skolbloggen.se:80/category/tema-klassiker-romaner/,200,text/html,https://web.archive.org/web/20170612153148/http://cwastes.skolbloggen.se:80/category/tema-klassiker-romaner/
html_200_root,20170612153217,http://cwastes.skolbloggen.se:80/tag/blogga/,200,text/html,https://web.archive.org/web/20170612153217/http://cwastes.skolbloggen.se:80/tag/blogga/
html_200_root,20170612153339,http://cwastes.skolbloggen.se:80/2010/06/,200,text/html,https://web.archive.org/web/20170612153339/http://cwastes.skolbloggen.se:80/2010/06/
html_200_root,20170612153345,http://cwastes.skolbloggen.se:80/tag/film/,200,text/html,https://web.archive.org/web/20170612153345/http://cwastes.skolbloggen.se:80/tag/film/
html_200_root,20170612153419,http://cwastes.skolbloggen.se:80/tag/sprak/,200,text/html,https://web.archive.org/web/20170612153419/http://cwastes.skolbloggen.se:80/tag/sprak/
html_200_root,20170612154448,http://cwastes.skolbloggen.se:80/2012/03/26/byt-ut-gammal-elutrustningen-pa-elprogrammen-i-gymnasieskolor/,200,text/html,https://web.archive.org/web/20170612154448/http://cwastes.skolbloggen.se:80/2012/03/26/byt-ut-gammal-elutrustningen-pa-elprogrammen-i-gymnasieskolor/
html_200_root,20170612154454,http://cwastes.skolbloggen.se:80/2012/06/05/att-kopa-aktier-ar-inte-farligt/,200,text/html,https://web.archive.org/web/20170612154454/http://cwastes.skolbloggen.se:80/2012/06/05/att-kopa-aktier-ar-inte-farligt/
html_200_root,20170612154500,http://cwastes.skolbloggen.se:80/2012/06/05/mediciner-gor-mer-nytta-an-skada/,200,text/html,https://web.archive.org/web/20170612154500/http://cwastes.skolbloggen.se:80/2012/06/05/mediciner-gor-mer-nytta-an-skada/
html_200_root,20170612154507,http://cwastes.skolbloggen.se:80/category/okategoriserad/,200,text/html,https://web.archive.org/web/20170612154507/http://cwastes.skolbloggen.se:80/category/okategoriserad/
raw_http_prefix,20170612154513,http://cwastes.skolbloggen.se:80/feed/,200,application/rss+xml,https://web.archive.org/web/20170612154513/http://cwastes.skolbloggen.se:80/feed/
html_200_root,20170612154527,http://cwastes.skolbloggen.se:80/tag/instruktion/,200,text/html,https://web.archive.org/web/20170612154527/http://cwastes.skolbloggen.se:80/tag/instruktion/
html_200_root,20170612154534,http://cwastes.skolbloggen.se:80/tag/skola/,200,text/html,https://web.archive.org/web/20170612154534/http://cwastes.skolbloggen.se:80/tag/skola/
html_200_root,20170612154540,http://cwastes.skolbloggen.se:80/tag/skolbloggen-se/,200,text/html,https://web.archive.org/web/20170612154540/http://cwastes.skolbloggen.se:80/tag/skolbloggen-se/
html_200_root,20170612154546,http://cwastes.skolbloggen.se:80/tag/tips/,200,text/html,https://web.archive.org/web/20170612154546/http://cwastes.skolbloggen.se:80/tag/tips/
html_200_root,20170612154552,http://cwastes.skolbloggen.se:80/tag/youtube-klipp/,200,text/html,https://web.archive.org/web/20170612154552/http://cwastes.skolbloggen.se:80/tag/youtube-klipp/
html_200_root,20170612155140,http://cwastes.skolbloggen.se:80/2010/08/,200,text/html,https://web.archive.org/web/20170612155140/http://cwastes.skolbloggen.se:80/2010/08/
html_200_root,20170612155156,http://cwastes.skolbloggen.se:80/2011/10/25/med-hjartat-i-1940-talet/comment-page-1/,200,text/html,https://web.archive.org/web/20170612155156/http://cwastes.skolbloggen.se:80/2011/10/25/med-hjartat-i-1940-talet/comment-page-1/
html_200_root,20170612155202,http://cwastes.skolbloggen.se:80/2012/05/,200,text/html,https://web.archive.org/web/20170612155202/http://cwastes.skolbloggen.se:80/2012/05/
html_200_root,20170612155210,http://cwastes.skolbloggen.se:80/tag/episkt-berattande/,200,text/html,https://web.archive.org/web/20170612155210/http://cwastes.skolbloggen.se:80/tag/episkt-berattande/
html_200_root,20170612155218,http://cwastes.skolbloggen.se:80/tag/internet/,200,text/html,https://web.archive.org/web/20170612155218/http://cwastes.skolbloggen.se:80/tag/internet/
html_200_root,20170612155224,http://cwastes.skolbloggen.se:80/tag/kunskapssyn/,200,text/html,https://web.archive.org/web/20170612155224/http://cwastes.skolbloggen.se:80/tag/kunskapssyn/
html_200_root,20170612161338,http://cwastes.skolbloggen.se:80/2011/10/27/inre-och-yttre-resor/comment-page-1/,200,text/html,https://web.archive.org/web/20170612161338/http://cwastes.skolbloggen.se:80/2011/10/27/inre-och-yttre-resor/comment-page-1/
html_200_root,20170612161344,http://cwastes.skolbloggen.se:80/2013/06/03/fordelar-med-genteknik-vad-galler-medicinsk-utveckling/,200,text/html,https://web.archive.org/web/20170612161344/http://cwastes.skolbloggen.se:80/2013/06/03/fordelar-med-genteknik-vad-galler-medicinsk-utveckling/
html_200_root,20170612161407,http://cwastes.skolbloggen.se:80/category/ikt-verktyg/,200,text/html,https://web.archive.org/web/20170612161407/http://cwastes.skolbloggen.se:80/category/ikt-verktyg/
html_200_root,20170612161413,http://cwastes.skolbloggen.se:80/category/teater/,200,text/html,https://web.archive.org/web/20170612161413/http://cwastes.skolbloggen.se:80/category/teater/
html_200_root,20170612161514,http://cwastes.skolbloggen.se:80/2010/02/,200,text/html,https://web.archive.org/web/20170612161514/http://cwastes.skolbloggen.se:80/2010/02/
html_200_root,20170612161529,http://cwastes.skolbloggen.se:80/2011/09/,200,text/html,https://web.archive.org/web/20170612161529/http://cwastes.skolbloggen.se:80/2011/09/
html_200_root,20170612161535,http://cwastes.skolbloggen.se:80/2012/03/29/mer-utbildning-for-praktikledare/,200,text/html,https://web.archive.org/web/20170612161535/http://cwastes.skolbloggen.se:80/2012/03/29/mer-utbildning-for-praktikledare/
html_200_root,20170612161541,http://cwastes.skolbloggen.se:80/2012/04/26/att-sanka-ungdomslonerna-ar-daligt/,200,text/html,https://web.archive.org/web/20170612161541/http://cwastes.skolbloggen.se:80/2012/04/26/att-sanka-ungdomslonerna-ar-daligt/
html_200_root,20170612163251,http://cwastes.skolbloggen.se:80/tag/wordle/,200,text/html,https://web.archive.org/web/20170612163251/http://cwastes.skolbloggen.se:80/tag/wordle/
html_200_root,20170612164231,http://cwastes.skolbloggen.se:80/2011/12/,200,text/html,https://web.archive.org/web/20170612164231/http://cwastes.skolbloggen.se:80/2011/12/
html_200_root,20170612164256,http://cwastes.skolbloggen.se:80/tag/humor/,200,text/html,https://web.archive.org/web/20170612164256/http://cwastes.skolbloggen.se:80/tag/humor/
html_200_root,20170612164318,http://cwastes.skolbloggen.se:80/tag/sociala-medier/,200,text/html,https://web.archive.org/web/20170612164318/http://cwastes.skolbloggen.se:80/tag/sociala-medier/
html_200_root,20170612164611,http://cwastes.skolbloggen.se:80/2011/10/07/1561/comment-page-1/,200,text/html,https://web.archive.org/web/20170612164611/http://cwastes.skolbloggen.se:80/2011/10/07/1561/comment-page-1/
html_200_root,20170612164617,http://cwastes.skolbloggen.se:80/category/humor/,200,text/html,https://web.archive.org/web/20170612164617/http://cwastes.skolbloggen.se:80/category/humor/
html_200_root,20170612164630,http://cwastes.skolbloggen.se:80/category/tema-genteknik/,200,text/html,https://web.archive.org/web/20170612164630/http://cwastes.skolbloggen.se:80/category/tema-genteknik/
html_200_root,20170612164636,http://cwastes.skolbloggen.se:80/tag/kollektivtrafik/,200,text/html,https://web.archive.org/web/20170612164636/http://cwastes.skolbloggen.se:80/tag/kollektivtrafik/
html_200_root,20170612164643,http://cwastes.skolbloggen.se:80/tag/politik/,200,text/html,https://web.archive.org/web/20170612164643/http://cwastes.skolbloggen.se:80/tag/politik/
html_200_root,20170612165130,http://cwastes.skolbloggen.se:80/2010/04/,200,text/html,https://web.archive.org/web/20170612165130/http://cwastes.skolbloggen.se:80/2010/04/
html_200_root,20170612165139,http://cwastes.skolbloggen.se:80/2010/09/,200,text/html,https://web.archive.org/web/20170612165139/http://cwastes.skolbloggen.se:80/2010/09/
html_200_root,20170612165145,http://cwastes.skolbloggen.se:80/category/kom-igang-med-skolbloggen-se/,200,text/html,https://web.archive.org/web/20170612165145/http://cwastes.skolbloggen.se:80/category/kom-igang-med-skolbloggen-se/
raw_http_prefix,20170612165201,http://cwastes.skolbloggen.se:80/comments/feed/,200,application/rss+xml,https://web.archive.org/web/20170612165201/http://cwastes.skolbloggen.se:80/comments/feed/
html_200_root,20170612170213,http://cwastes.skolbloggen.se:80/2010/03/,200,text/html,https://web.archive.org/web/20170612170213/http://cwastes.skolbloggen.se:80/2010/03/
html_200_root,20170612170221,http://cwastes.skolbloggen.se:80/2012/06/05/vi-bor-idrotta-mer-an-vad-vi-gor-idag/comment-page-1/,200,text/html,https://web.archive.org/web/20170612170221/http://cwastes.skolbloggen.se:80/2012/06/05/vi-bor-idrotta-mer-an-vad-vi-gor-idag/comment-page-1/
html_200_root,20170612170245,http://cwastes.skolbloggen.se:80/category/diskussionreflektion/,200,text/html,https://web.archive.org/web/20170612170245/http://cwastes.skolbloggen.se:80/category/diskussionreflektion/
html_200_root,20170612171741,http://cwastes.skolbloggen.se:80/,200,text/html,https://web.archive.org/web/20170612171741/http://cwastes.skolbloggen.se:80/
html_200_root,20170612171749,http://cwastes.skolbloggen.se:80/2010/11/,200,text/html,https://web.archive.org/web/20170612171749/http://cwastes.skolbloggen.se:80/2010/11/
html_200_root,20170612171801,http://cwastes.skolbloggen.se:80/2012/04/,200,text/html,https://web.archive.org/web/20170612171801/http://cwastes.skolbloggen.se:80/2012/04/
html_200_root,20170612171807,http://cwastes.skolbloggen.se:80/2012/05/28/en-liten-garning-kan-gora-stor-skillnad/,200,text/html,https://web.archive.org/web/20170612171807/http://cwastes.skolbloggen.se:80/2012/05/28/en-liten-garning-kan-gora-stor-skillnad/
html_200_root,20170612171827,http://cwastes.skolbloggen.se:80/2012/06/07/forgylla-nagons-vardag/,200,text/html,https://web.archive.org/web/20170612171827/http://cwastes.skolbloggen.se:80/2012/06/07/forgylla-nagons-vardag/
html_200_root,20170612171857,http://cwastes.skolbloggen.se:80/tag/livslangt-larande/,200,text/html,https://web.archive.org/web/20170612171857/http://cwastes.skolbloggen.se:80/tag/livslangt-larande/
html_200_root,20170612172634,http://cwastes.skolbloggen.se:80/category/webbstjarnan/,200,text/html,https://web.archive.org/web/20170612172634/http://cwastes.skolbloggen.se:80/category/webbstjarnan/
html_200_root,20170612172641,http://cwastes.skolbloggen.se:80/tag/matematik/,200,text/html,https://web.archive.org/web/20170612172641/http://cwastes.skolbloggen.se:80/tag/matematik/
html_200_root,20170612172718,http://cwastes.skolbloggen.se:80/tag/svenska/,200,text/html,https://web.archive.org/web/20170612172718/http://cwastes.skolbloggen.se:80/tag/svenska/
html_200_root,20170612173751,http://cwastes.skolbloggen.se:80/2012/03/26/lego-som-lego/,200,text/html,https://web.archive.org/web/20170612173751/http://cwastes.skolbloggen.se:80/2012/03/26/lego-som-lego/
html_200_root,20170612173757,http://cwastes.skolbloggen.se:80/2012/05/28/att-gor-varlden-battre/,200,text/html,https://web.archive.org/web/20170612173757/http://cwastes.skolbloggen.se:80/2012/05/28/att-gor-varlden-battre/
html_200_root,20170612173804,http://cwastes.skolbloggen.se:80/2012/06/,200,text/html,https://web.archive.org/web/20170612173804/http://cwastes.skolbloggen.se:80/2012/06/
html_200_root,20170612173812,http://cwastes.skolbloggen.se:80/category/forbattra-varlden/,200,text/html,https://web.archive.org/web/20170612173812/http://cwastes.skolbloggen.se:80/category/forbattra-varlden/
html_200_root,20170612173819,http://cwastes.skolbloggen.se:80/tag/diskussion/,200,text/html,https://web.archive.org/web/20170612173819/http://cwastes.skolbloggen.se:80/tag/diskussion/
html_200_root,20170612173825,http://cwastes.skolbloggen.se:80/tag/skrivarskola/,200,text/html,https://web.archive.org/web/20170612173825/http://cwastes.skolbloggen.se:80/tag/skrivarskola/
raw_http_prefix,20170612173834,http://cwastes.skolbloggen.se:80/wp-json/oembed/1.0/embed?url=http://cwastes.skolbloggen.se/2011/09/16/om-man-skulle-gora-en-bokpresentation-av-till-exempel-gosta-berlings-saga/,200,application/json,https://web.archive.org/web/20170612173834/http://cwastes.skolbloggen.se:80/wp-json/oembed/1.0/embed?url=http://cwastes.skolbloggen.se/2011/09/16/om-man-skulle-gora-en-bokpresentation-av-till-exempel-gosta-berlings-saga/
html_200_root,20170612181336,http://cwastes.skolbloggen.se:80/2012/03/29/hogre-standard-pa-lararna/comment-page-1/,200,text/html,https://web.archive.org/web/20170612181336/http://cwastes.skolbloggen.se:80/2012/03/29/hogre-standard-pa-lararna/comment-page-1/
html_200_root,20170612181342,http://cwastes.skolbloggen.se:80/2012/03/29/mer-utbildning-for-praktikledare/comment-page-1/,200,text/html,https://web.archive.org/web/20170612181342/http://cwastes.skolbloggen.se:80/2012/03/29/mer-utbildning-for-praktikledare/comment-page-1/
html_200_root,20170612181350,http://cwastes.skolbloggen.se:80/category/oppna-larresurser/,200,text/html,https://web.archive.org/web/20170612181350/http://cwastes.skolbloggen.se:80/category/oppna-larresurser/
html_200_root,20170612181410,http://cwastes.skolbloggen.se:80/tag/blogg/,200,text/html,https://web.archive.org/web/20170612181410/http://cwastes.skolbloggen.se:80/tag/blogg/
html_200_root,20170612181416,http://cwastes.skolbloggen.se:80/tag/upplysningstiden/,200,text/html,https://web.archive.org/web/20170612181416/http://cwastes.skolbloggen.se:80/tag/upplysningstiden/
html_200_root,20170613045007,http://cwastes.skolbloggen.se:80/tag/skonlitteratur/,200,text/html,https://web.archive.org/web/20170613045007/http://cwastes.skolbloggen.se:80/tag/skonlitteratur/
html_200_root,20170613045133,http://cwastes.skolbloggen.se:80/tag/budskap/,200,text/html,https://web.archive.org/web/20170613045133/http://cwastes.skolbloggen.se:80/tag/budskap/
html_200_root,20170613045219,http://cwastes.skolbloggen.se:80/2012/03/,200,text/html,https://web.archive.org/web/20170613045219/http://cwastes.skolbloggen.se:80/2012/03/
html_200_root,20170613045227,http://cwastes.skolbloggen.se:80/2010/12/,200,text/html,https://web.archive.org/web/20170613045227/http://cwastes.skolbloggen.se:80/2010/12/
html_200_root,20170613045233,http://cwastes.skolbloggen.se:80/2011/06/,200,text/html,https://web.archive.org/web/20170613045233/http://cwastes.skolbloggen.se:80/2011/06/
html_200_root,20170613045536,http://cwastes.skolbloggen.se:80/category/netikett/,200,text/html,https://web.archive.org/web/20170613045536/http://cwastes.skolbloggen.se:80/category/netikett/
html_200_root,20170613045555,http://cwastes.skolbloggen.se:80/tag/twitter/,200,text/html,https://web.archive.org/web/20170613045555/http://cwastes.skolbloggen.se:80/tag/twitter/
html_200_root,20170613045715,http://cwastes.skolbloggen.se:80/2011/10/,200,text/html,https://web.archive.org/web/20170613045715/http://cwastes.skolbloggen.se:80/2011/10/
html_200_root,20170613045759,http://cwastes.skolbloggen.se:80/2011/05/,200,text/html,https://web.archive.org/web/20170613045759/http://cwastes.skolbloggen.se:80/2011/05/
html_200_root,20170613045806,http://cwastes.skolbloggen.se:80/2012/03/29/hogre-standard-pa-lararna/,200,text/html,https://web.archive.org/web/20170613045806/http://cwastes.skolbloggen.se:80/2012/03/29/hogre-standard-pa-lararna/
html_200_root,20170613045858,http://cwastes.skolbloggen.se:80/author/cwaste/,200,text/html,https://web.archive.org/web/20170613045858/http://cwastes.skolbloggen.se:80/author/cwaste/
html_200_root,20170613050010,http://cwastes.skolbloggen.se:80/2012/10/16/hur-kan-vi-gora-varlden-battre-elevtext/,200,text/html,https://web.archive.org/web/20170613050010/http://cwastes.skolbloggen.se:80/2012/10/16/hur-kan-vi-gora-varlden-battre-elevtext/
html_200_root,20170613050715,http://cwastes.skolbloggen.se:80/category/tema-sprak/,200,text/html,https://web.archive.org/web/20170613050715/http://cwastes.skolbloggen.se:80/category/tema-sprak/
html_200_root,20170613053304,http://cwastes.skolbloggen.se:80/tag/gratis/,200,text/html,https://web.archive.org/web/20170613053304/http://cwastes.skolbloggen.se:80/tag/gratis/
html_200_root,20170613072542,http://cwastes.skolbloggen.se:80/2010/01/,200,text/html,https://web.archive.org/web/20170613072542/http://cwastes.skolbloggen.se:80/2010/01/
html_200_root,20170614064856,http://cwastes.skolbloggen.se:80/2011/09/21/bokpresentation-robinson-crusoe/,200,text/html,https://web.archive.org/web/20170614064856/http://cwastes.skolbloggen.se:80/2011/09/21/bokpresentation-robinson-crusoe/
html_200_root,20170614160333,http://cwastes.skolbloggen.se:80/category/1900-talsforfattare/,200,text/html,https://web.archive.org/web/20170614160333/http://cwastes.skolbloggen.se:80/category/1900-talsforfattare/
html_200_root,20170617221845,http://cwastes.skolbloggen.se:80/2011/06/01/natmobbning/comment-page-1/,200,text/html,https://web.archive.org/web/20170617221845/http://cwastes.skolbloggen.se:80/2011/06/01/natmobbning/comment-page-1/
html_200_root,20170617222418,http://cwastes.skolbloggen.se:80/category/instruktion/,200,text/html,https://web.archive.org/web/20170617222418/http://cwastes.skolbloggen.se:80/category/instruktion/
raw_http_prefix,20170623215555,http://cwastes.skolbloggen.se:80/2010/11/15/tranbar-ar-tranbar-%E2%80%93-var-de-an-vaxer,301,text/html,https://web.archive.org/web/20170623215555/http://cwastes.skolbloggen.se:80/2010/11/15/tranbar-ar-tranbar-%E2%80%93-var-de-an-vaxer
html_200_root,20170623215555,http://cwastes.skolbloggen.se:80/2010/11/15/tranbar-ar-tranbar-%E2%80%93-var-de-an-vaxer/,200,text/html,https://web.archive.org/web/20170623215555/http://cwastes.skolbloggen.se:80/2010/11/15/tranbar-ar-tranbar-%E2%80%93-var-de-an-vaxer/
raw_http_prefix,20170624235901,http://cwastes.skolbloggen.se:80/2010/11/15/tranbar-ar-tranbar-%E2%80%93-var-de-an-vaxer,301,text/html,https://web.archive.org/web/20170624235901/http://cwastes.skolbloggen.se:80/2010/11/15/tranbar-ar-tranbar-%E2%80%93-var-de-an-vaxer
html_200_root,20170624235901,http://cwastes.skolbloggen.se:80/2010/11/15/tranbar-ar-tranbar-%E2%80%93-var-de-an-vaxer/,200,text/html,https://web.archive.org/web/20170624235901/http://cwastes.skolbloggen.se:80/2010/11/15/tranbar-ar-tranbar-%E2%80%93-var-de-an-vaxer/
raw_http_prefix,20170704225518,http://cwastes.skolbloggen.se:80/2010/10/17/debattartikel-legalisera-sexkop,301,text/html,https://web.archive.org/web/20170704225518/http://cwastes.skolbloggen.se:80/2010/10/17/debattartikel-legalisera-sexkop
html_200_root,20170704225518,http://cwastes.skolbloggen.se:80/2010/10/17/debattartikel-legalisera-sexkop/,200,text/html,https://web.archive.org/web/20170704225518/http://cwastes.skolbloggen.se:80/2010/10/17/debattartikel-legalisera-sexkop/
raw_http_prefix,20170706080856,http://cwastes.skolbloggen.se:80/2010/12/20/john-steinbeck/comment-page-1,301,text/html,https://web.archive.org/web/20170706080856/http://cwastes.skolbloggen.se:80/2010/12/20/john-steinbeck/comment-page-1
html_200_root,20170706080856,http://cwastes.skolbloggen.se:80/2010/12/20/john-steinbeck/comment-page-1/,200,text/html,https://web.archive.org/web/20170706080856/http://cwastes.skolbloggen.se:80/2010/12/20/john-steinbeck/comment-page-1/
raw_http_prefix,20170707233544,http://cwastes.skolbloggen.se:80/2011/10/13/frankenstein-bokpresentation/comment-page-1,301,text/html,https://web.archive.org/web/20170707233544/http://cwastes.skolbloggen.se:80/2011/10/13/frankenstein-bokpresentation/comment-page-1
html_200_root,20170707233544,http://cwastes.skolbloggen.se:80/2011/10/13/frankenstein-bokpresentation/comment-page-1/,200,text/html,https://web.archive.org/web/20170707233544/http://cwastes.skolbloggen.se:80/2011/10/13/frankenstein-bokpresentation/comment-page-1/
raw_http_prefix,20170710083912,http://cwastes.skolbloggen.se:80/2011/09/16/om-man-skulle-gora-en-bokpresentation-av-till-exempel-gosta-berlings-saga,301,text/html,https://web.archive.org/web/20170710083912/http://cwastes.skolbloggen.se:80/2011/09/16/om-man-skulle-gora-en-bokpresentation-av-till-exempel-gosta-berlings-saga
html_200_root,20170710083912,http://cwastes.skolbloggen.se:80/2011/09/16/om-man-skulle-gora-en-bokpresentation-av-till-exempel-gosta-berlings-saga/,200,text/html,https://web.archive.org/web/20170710083912/http://cwastes.skolbloggen.se:80/2011/09/16/om-man-skulle-gora-en-bokpresentation-av-till-exempel-gosta-berlings-saga/
raw_http_prefix,20170725110321,http://cwastes.skolbloggen.se:80/2010/11/15/tranbar-ar-tranbar-%E2%80%93-var-de-an-vaxer,301,text/html,https://web.archive.org/web/20170725110321/http://cwastes.skolbloggen.se:80/2010/11/15/tranbar-ar-tranbar-%E2%80%93-var-de-an-vaxer
html_200_root,20170725110321,http://cwastes.skolbloggen.se:80/2010/11/15/tranbar-ar-tranbar-%E2%80%93-var-de-an-vaxer/,200,text/html,https://web.archive.org/web/20170725110321/http://cwastes.skolbloggen.se:80/2010/11/15/tranbar-ar-tranbar-%E2%80%93-var-de-an-vaxer/
raw_http_prefix,20170805025337,http://cwastes.skolbloggen.se:80/2010/12/14/svenska-eller-engelska,301,text/html,https://web.archive.org/web/20170805025337/http://cwastes.skolbloggen.se:80/2010/12/14/svenska-eller-engelska
html_200_root,20170805025337,http://cwastes.skolbloggen.se:80/2010/12/14/svenska-eller-engelska/,200,text/html,https://web.archive.org/web/20170805025337/http://cwastes.skolbloggen.se:80/2010/12/14/svenska-eller-engelska/
raw_http_prefix,20170806094609,http://cwastes.skolbloggen.se:80/2010/12/20/john-steinbeck/comment-page-1,301,text/html,https://web.archive.org/web/20170806094609/http://cwastes.skolbloggen.se:80/2010/12/20/john-steinbeck/comment-page-1
html_200_root,20170806094609,http://cwastes.skolbloggen.se:80/2010/12/20/john-steinbeck/comment-page-1/,200,text/html,https://web.archive.org/web/20170806094609/http://cwastes.skolbloggen.se:80/2010/12/20/john-steinbeck/comment-page-1/
raw_http_prefix,20170808095606,http://cwastes.skolbloggen.se:80/2011/10/13/frankenstein-bokpresentation/comment-page-1,301,text/html,https://web.archive.org/web/20170808095606/http://cwastes.skolbloggen.se:80/2011/10/13/frankenstein-bokpresentation/comment-page-1
html_200_root,20170808095606,http://cwastes.skolbloggen.se:80/2011/10/13/frankenstein-bokpresentation/comment-page-1/,200,text/html,https://web.archive.org/web/20170808095606/http://cwastes.skolbloggen.se:80/2011/10/13/frankenstein-bokpresentation/comment-page-1/
html_200_root,20170809235555,http://cwastes.skolbloggen.se:80/2010/12/14/svenska-eller-engelska/,200,text/html,https://web.archive.org/web/20170809235555/http://cwastes.skolbloggen.se:80/2010/12/14/svenska-eller-engelska/
html_200_root,20170810085906,http://cwastes.skolbloggen.se:80/2010/12/13/henning-mankell/,200,text/html,https://web.archive.org/web/20170810085906/http://cwastes.skolbloggen.se:80/2010/12/13/henning-mankell/
html_200_root,20170810085912,http://cwastes.skolbloggen.se:80/2010/12/14/svenska-eller-engelska-2/,200,text/html,https://web.archive.org/web/20170810085912/http://cwastes.skolbloggen.se:80/2010/12/14/svenska-eller-engelska-2/
html_200_root,20170821205833,http://cwastes.skolbloggen.se:80/category/tema-sprak/,200,text/html,https://web.archive.org/web/20170821205833/http://cwastes.skolbloggen.se:80/category/tema-sprak/
html_200_root,20170821205946,http://cwastes.skolbloggen.se:80/2010/11/11/ingen-radsla/comment-page-1/,200,text/html,https://web.archive.org/web/20170821205946/http://cwastes.skolbloggen.se:80/2010/11/11/ingen-radsla/comment-page-1/
raw_http_prefix,20170821210447,http://cwastes.skolbloggen.se:80/wp-login.php?action=register,302,text/html,https://web.archive.org/web/20170821210447/http://cwastes.skolbloggen.se:80/wp-login.php?action=register
html_200_root,20170821211426,http://cwastes.skolbloggen.se:80/2011/06/01/natmobbning/comment-page-1/,200,text/html,https://web.archive.org/web/20170821211426/http://cwastes.skolbloggen.se:80/2011/06/01/natmobbning/comment-page-1/
raw_http_prefix,20170825015929,http://cwastes.skolbloggen.se:80/2010/11/15/tranbar-ar-tranbar-%E2%80%93-var-de-an-vaxer,301,text/html,https://web.archive.org/web/20170825015929/http://cwastes.skolbloggen.se:80/2010/11/15/tranbar-ar-tranbar-%E2%80%93-var-de-an-vaxer
html_200_root,20170825015929,http://cwastes.skolbloggen.se:80/2010/11/15/tranbar-ar-tranbar-%E2%80%93-var-de-an-vaxer/,200,text/html,https://web.archive.org/web/20170825015929/http://cwastes.skolbloggen.se:80/2010/11/15/tranbar-ar-tranbar-%E2%80%93-var-de-an-vaxer/
raw_http_prefix,20170905060242,http://cwastes.skolbloggen.se:80/2010/12/14/svenska-eller-engelska,301,text/html,https://web.archive.org/web/20170905060242/http://cwastes.skolbloggen.se:80/2010/12/14/svenska-eller-engelska
html_200_root,20170905060242,http://cwastes.skolbloggen.se:80/2010/12/14/svenska-eller-engelska/,200,text/html,https://web.archive.org/web/20170905060242/http://cwastes.skolbloggen.se:80/2010/12/14/svenska-eller-engelska/
raw_http_prefix,20170918142218,http://cwastes.skolbloggen.se:80/2010/12/20/vem-var-franz-kafka,301,text/html,https://web.archive.org/web/20170918142218/http://cwastes.skolbloggen.se:80/2010/12/20/vem-var-franz-kafka
html_200_root,20170918142218,http://cwastes.skolbloggen.se:80/2010/12/20/vem-var-franz-kafka/,200,text/html,https://web.archive.org/web/20170918142218/http://cwastes.skolbloggen.se:80/2010/12/20/vem-var-franz-kafka/
raw_http_prefix,20170925133008,http://cwastes.skolbloggen.se:80/2010/11/14/sprak-ar-makt-men-inte-alltid-som-du-tror,301,text/html,https://web.archive.org/web/20170925133008/http://cwastes.skolbloggen.se:80/2010/11/14/sprak-ar-makt-men-inte-alltid-som-du-tror
html_200_root,20170925133008,http://cwastes.skolbloggen.se:80/2010/11/14/sprak-ar-makt-men-inte-alltid-som-du-tror/,200,text/html,https://web.archive.org/web/20170925133008/http://cwastes.skolbloggen.se:80/2010/11/14/sprak-ar-makt-men-inte-alltid-som-du-tror/
html_200_root,20170927140256,http://cwastes.skolbloggen.se:80/2010/11/14/sprak-ar-makt-men-inte-alltid-som-du-tror/,200,text/html,https://web.archive.org/web/20170927140256/http://cwastes.skolbloggen.se:80/2010/11/14/sprak-ar-makt-men-inte-alltid-som-du-tror/
html_200_root,20170930054232,http://cwastes.skolbloggen.se:80/2010/11/14/kroppsspraket-ljuger-inte/,200,text/html,https://web.archive.org/web/20170930054232/http://cwastes.skolbloggen.se:80/2010/11/14/kroppsspraket-ljuger-inte/
html_200_root,20170930055235,http://cwastes.skolbloggen.se:80/2010/11/14/ett-ansprakslost-men-daligt-forslag/,200,text/html,https://web.archive.org/web/20170930055235/http://cwastes.skolbloggen.se:80/2010/11/14/ett-ansprakslost-men-daligt-forslag/
html_200_root,20171001064557,http://cwastes.skolbloggen.se:80/2010/11/14/kroppsspraket-ljuger-inte/,200,text/html,https://web.archive.org/web/20171001064557/http://cwastes.skolbloggen.se:80/2010/11/14/kroppsspraket-ljuger-inte/
raw_http_prefix,20171012222729,http://cwastes.skolbloggen.se/robots.txt,-,warc/revisit,https://web.archive.org/web/20171012222729/http://cwastes.skolbloggen.se/robots.txt
raw_http_prefix,20171019082002,http://cwastes.skolbloggen.se:80/2010/12/20/vem-var-franz-kafka,301,text/html,https://web.archive.org/web/20171019082002/http://cwastes.skolbloggen.se:80/2010/12/20/vem-var-franz-kafka
html_200_root,20171019082002,http://cwastes.skolbloggen.se:80/2010/12/20/vem-var-franz-kafka/,200,text/html,https://web.archive.org/web/20171019082002/http://cwastes.skolbloggen.se:80/2010/12/20/vem-var-franz-kafka/
html_200_root,20171024020726,http://cwastes.skolbloggen.se:80/category/tema-sprak/,200,text/html,https://web.archive.org/web/20171024020726/http://cwastes.skolbloggen.se:80/category/tema-sprak/
html_200_root,20171024020855,http://cwastes.skolbloggen.se:80/2011/06/01/natmobbning/comment-page-1/,200,text/html,https://web.archive.org/web/20171024020855/http://cwastes.skolbloggen.se:80/2011/06/01/natmobbning/comment-page-1/
raw_http_prefix,20171024022354,http://cwastes.skolbloggen.se:80/wp-login.php?action=register,302,text/html,https://web.archive.org/web/20171024022354/http://cwastes.skolbloggen.se:80/wp-login.php?action=register
html_200_root,20171024022801,http://cwastes.skolbloggen.se:80/2010/11/11/ingen-radsla/comment-page-1/,200,text/html,https://web.archive.org/web/20171024022801/http://cwastes.skolbloggen.se:80/2010/11/11/ingen-radsla/comment-page-1/
raw_http_prefix,20171115010733,http://cwastes.skolbloggen.se:80/2012/04/26/sank-priserna-pa-kollektivtrafiken,301,text/html,https://web.archive.org/web/20171115010733/http://cwastes.skolbloggen.se:80/2012/04/26/sank-priserna-pa-kollektivtrafiken
html_200_root,20171115010733,http://cwastes.skolbloggen.se:80/2012/04/26/sank-priserna-pa-kollektivtrafiken/,200,text/html,https://web.archive.org/web/20171115010733/http://cwastes.skolbloggen.se:80/2012/04/26/sank-priserna-pa-kollektivtrafiken/
html_200_root,20171116121206,http://cwastes.skolbloggen.se:80/2012/04/12/alla-butiker-borde-anvanda-sig-av-nathandel/,200,text/html,https://web.archive.org/web/20171116121206/http://cwastes.skolbloggen.se:80/2012/04/12/alla-butiker-borde-anvanda-sig-av-nathandel/
html_200_root,20171116121211,http://cwastes.skolbloggen.se:80/2012/04/26/att-sanka-ungdomslonerna-ar-daligt/,200,text/html,https://web.archive.org/web/20171116121211/http://cwastes.skolbloggen.se:80/2012/04/26/att-sanka-ungdomslonerna-ar-daligt/
html_200_root,20171116220156,http://cwastes.skolbloggen.se:80/2012/04/26/sank-priserna-pa-kollektivtrafiken/,200,text/html,https://web.archive.org/web/20171116220156/http://cwastes.skolbloggen.se:80/2012/04/26/sank-priserna-pa-kollektivtrafiken/
html_200_root,20171117030142,http://cwastes.skolbloggen.se:80/category/diskutera/,200,text/html,https://web.archive.org/web/20171117030142/http://cwastes.skolbloggen.se:80/category/diskutera/
raw_http_prefix,20171119023522,http://cwastes.skolbloggen.se:80/2010/12/20/vem-var-franz-kafka,301,text/html,https://web.archive.org/web/20171119023522/http://cwastes.skolbloggen.se:80/2010/12/20/vem-var-franz-kafka
html_200_root,20171119023522,http://cwastes.skolbloggen.se:80/2010/12/20/vem-var-franz-kafka/,200,text/html,https://web.archive.org/web/20171119023522/http://cwastes.skolbloggen.se:80/2010/12/20/vem-var-franz-kafka/
raw_http_prefix,20171207032625,http://cwastes.skolbloggen.se:80/2011/09/21/bokpresentation-robinson-crusoe,301,text/html,https://web.archive.org/web/20171207032625/http://cwastes.skolbloggen.se:80/2011/09/21/bokpresentation-robinson-crusoe
html_200_root,20171207032625,http://cwastes.skolbloggen.se:80/2011/09/21/bokpresentation-robinson-crusoe/,200,text/html,https://web.archive.org/web/20171207032625/http://cwastes.skolbloggen.se:80/2011/09/21/bokpresentation-robinson-crusoe/
raw_http_prefix,20171215040551,http://cwastes.skolbloggen.se:80/2011/10/07/1561/comment-page-1,301,text/html,https://web.archive.org/web/20171215040551/http://cwastes.skolbloggen.se:80/2011/10/07/1561/comment-page-1
html_200_root,20171215040551,http://cwastes.skolbloggen.se:80/2011/10/07/1561/comment-page-1/,200,text/html,https://web.archive.org/web/20171215040551/http://cwastes.skolbloggen.se:80/2011/10/07/1561/comment-page-1/
html_200_root,20171216045941,http://cwastes.skolbloggen.se:80/2011/10/03/nathat-2/,200,text/html,https://web.archive.org/web/20171216045941/http://cwastes.skolbloggen.se:80/2011/10/03/nathat-2/
html_200_root,20171216045946,http://cwastes.skolbloggen.se:80/2011/10/11/bokcirkel-om-gosta-berlings-saga-av-selma-lagerlof/,200,text/html,https://web.archive.org/web/20171216045946/http://cwastes.skolbloggen.se:80/2011/10/11/bokcirkel-om-gosta-berlings-saga-av-selma-lagerlof/
raw_http_prefix,20171216062220,http://cwastes.skolbloggen.se:80/2012/04/26/sank-priserna-pa-kollektivtrafiken,301,text/html,https://web.archive.org/web/20171216062220/http://cwastes.skolbloggen.se:80/2012/04/26/sank-priserna-pa-kollektivtrafiken
html_200_root,20171216062220,http://cwastes.skolbloggen.se:80/2012/04/26/sank-priserna-pa-kollektivtrafiken/,200,text/html,https://web.archive.org/web/20171216062220/http://cwastes.skolbloggen.se:80/2012/04/26/sank-priserna-pa-kollektivtrafiken/
html_200_root,20171216090138,http://cwastes.skolbloggen.se:80/category/tema-klassiker-romaner/,200,text/html,https://web.archive.org/web/20171216090138/http://cwastes.skolbloggen.se:80/category/tema-klassiker-romaner/
html_200_root,20171216090528,http://cwastes.skolbloggen.se:80/2011/10/07/1561/,200,text/html,https://web.archive.org/web/20171216090528/http://cwastes.skolbloggen.se:80/2011/10/07/1561/
raw_http_prefix,20171216152336,http://cwastes.skolbloggen.se:80/2011/10/07/1561/feed/,200,application/rss+xml,https://web.archive.org/web/20171216152336/http://cwastes.skolbloggen.se:80/2011/10/07/1561/feed/
html_200_root,20171216152342,http://cwastes.skolbloggen.se:80/category/kom-igang-med-skolbloggen-se/,200,text/html,https://web.archive.org/web/20171216152342/http://cwastes.skolbloggen.se:80/category/kom-igang-med-skolbloggen-se/
html_200_root,20171216152347,http://cwastes.skolbloggen.se:80/category/oppna-larresurser/,200,text/html,https://web.archive.org/web/20171216152347/http://cwastes.skolbloggen.se:80/category/oppna-larresurser/
html_200_root,20171216152352,http://cwastes.skolbloggen.se:80/category/tema-resor/,200,text/html,https://web.archive.org/web/20171216152352/http://cwastes.skolbloggen.se:80/category/tema-resor/
raw_http_prefix,20171216152356,http://cwastes.skolbloggen.se:80/wp-json/oembed/1.0/embed?url=http://cwastes.skolbloggen.se/2011/10/07/1561/,200,application/json,https://web.archive.org/web/20171216152356/http://cwastes.skolbloggen.se:80/wp-json/oembed/1.0/embed?url=http://cwastes.skolbloggen.se/2011/10/07/1561/
raw_http_prefix,20171216152401,http://cwastes.skolbloggen.se:80/xmlrpc.php?rsd,200,text/xml,https://web.archive.org/web/20171216152401/http://cwastes.skolbloggen.se:80/xmlrpc.php?rsd
html_200_root,20171216152714,http://cwastes.skolbloggen.se:80/2012/03/29/mer-utbildning-for-praktikledare/comment-page-1/,200,text/html,https://web.archive.org/web/20171216152714/http://cwastes.skolbloggen.se:80/2012/03/29/mer-utbildning-for-praktikledare/comment-page-1/
html_200_root,20171216152719,http://cwastes.skolbloggen.se:80/2012/05/28/att-gor-varlden-battre/,200,text/html,https://web.archive.org/web/20171216152719/http://cwastes.skolbloggen.se:80/2012/05/28/att-gor-varlden-battre/
html_200_root,20171216152724,http://cwastes.skolbloggen.se:80/2012/06/05/mediciner-gor-mer-nytta-an-skada/,200,text/html,https://web.archive.org/web/20171216152724/http://cwastes.skolbloggen.se:80/2012/06/05/mediciner-gor-mer-nytta-an-skada/
html_200_root,20171216152729,http://cwastes.skolbloggen.se:80/2012/06/07/hur-pantar-du/,200,text/html,https://web.archive.org/web/20171216152729/http://cwastes.skolbloggen.se:80/2012/06/07/hur-pantar-du/
html_200_root,20171216152734,http://cwastes.skolbloggen.se:80/2012/10/,200,text/html,https://web.archive.org/web/20171216152734/http://cwastes.skolbloggen.se:80/2012/10/
html_200_root,20171216152739,http://cwastes.skolbloggen.se:80/2012/10/16/hur-kan-vi-gora-varlden-battre-elevtext/,200,text/html,https://web.archive.org/web/20171216152739/http://cwastes.skolbloggen.se:80/2012/10/16/hur-kan-vi-gora-varlden-battre-elevtext/
html_200_root,20171216152744,http://cwastes.skolbloggen.se:80/category/humor/,200,text/html,https://web.archive.org/web/20171216152744/http://cwastes.skolbloggen.se:80/category/humor/
html_200_root,20171216152750,http://cwastes.skolbloggen.se:80/tag/inlagg/,200,text/html,https://web.archive.org/web/20171216152750/http://cwastes.skolbloggen.se:80/tag/inlagg/
html_200_root,20171216152757,http://cwastes.skolbloggen.se:80/tag/kunskapssyn/,200,text/html,https://web.archive.org/web/20171216152757/http://cwastes.skolbloggen.se:80/tag/kunskapssyn/
html_200_root,20171216152802,http://cwastes.skolbloggen.se:80/tag/skola/,200,text/html,https://web.archive.org/web/20171216152802/http://cwastes.skolbloggen.se:80/tag/skola/
html_200_root,20171216152807,http://cwastes.skolbloggen.se:80/tag/spel/,200,text/html,https://web.archive.org/web/20171216152807/http://cwastes.skolbloggen.se:80/tag/spel/
html_200_root,20171216152819,http://cwastes.skolbloggen.se:80/2012/03/26/kop-inte-klader-som-ar-tillverkade-under-daliga-arbetsforhallanden/,200,text/html,https://web.archive.org/web/20171216152819/http://cwastes.skolbloggen.se:80/2012/03/26/kop-inte-klader-som-ar-tillverkade-under-daliga-arbetsforhallanden/
html_200_root,20171216152826,http://cwastes.skolbloggen.se:80/2012/03/29/hogre-standard-pa-lararna/,200,text/html,https://web.archive.org/web/20171216152826/http://cwastes.skolbloggen.se:80/2012/03/29/hogre-standard-pa-lararna/
html_200_root,20171216152832,http://cwastes.skolbloggen.se:80/2012/03/29/hogre-standard-pa-lararna/comment-page-1/,200,text/html,https://web.archive.org/web/20171216152832/http://cwastes.skolbloggen.se:80/2012/03/29/hogre-standard-pa-lararna/comment-page-1/
html_200_root,20171216152837,http://cwastes.skolbloggen.se:80/2012/05/,200,text/html,https://web.archive.org/web/20171216152837/http://cwastes.skolbloggen.se:80/2012/05/
html_200_root,20171216152842,http://cwastes.skolbloggen.se:80/2012/06/05/svensk-vapenexport/,200,text/html,https://web.archive.org/web/20171216152842/http://cwastes.skolbloggen.se:80/2012/06/05/svensk-vapenexport/
html_200_root,20171216152847,http://cwastes.skolbloggen.se:80/tag/bildredigering/,200,text/html,https://web.archive.org/web/20171216152847/http://cwastes.skolbloggen.se:80/tag/bildredigering/
html_200_root,20171216152852,http://cwastes.skolbloggen.se:80/tag/humor/,200,text/html,https://web.archive.org/web/20171216152852/http://cwastes.skolbloggen.se:80/tag/humor/
html_200_root,20171216152857,http://cwastes.skolbloggen.se:80/tag/livslangt-larande/,200,text/html,https://web.archive.org/web/20171216152857/http://cwastes.skolbloggen.se:80/tag/livslangt-larande/
html_200_root,20171216152902,http://cwastes.skolbloggen.se:80/tag/twitter/,200,text/html,https://web.archive.org/web/20171216152902/http://cwastes.skolbloggen.se:80/tag/twitter/
html_200_root,20171216152907,http://cwastes.skolbloggen.se:80/tag/youtube-klipp/,200,text/html,https://web.archive.org/web/20171216152907/http://cwastes.skolbloggen.se:80/tag/youtube-klipp/
raw_http_prefix,20171216152912,http://cwastes.skolbloggen.se:80/wp-json/oembed/1.0/embed?url=http://cwastes.skolbloggen.se/2011/10/07/1561/&format=xml,200,text/xml,https://web.archive.org/web/20171216152912/http://cwastes.skolbloggen.se:80/wp-json/oembed/1.0/embed?url=http://cwastes.skolbloggen.se/2011/10/07/1561/&format=xml
html_200_root,20171216152949,http://cwastes.skolbloggen.se:80/2010/01/,200,text/html,https://web.archive.org/web/20171216152949/http://cwastes.skolbloggen.se:80/2010/01/
html_200_root,20171216153001,http://cwastes.skolbloggen.se:80/2010/04/,200,text/html,https://web.archive.org/web/20171216153001/http://cwastes.skolbloggen.se:80/2010/04/
html_200_root,20171216153007,http://cwastes.skolbloggen.se:80/2011/10/25/med-hjartat-i-1940-talet/comment-page-1/,200,text/html,https://web.archive.org/web/20171216153007/http://cwastes.skolbloggen.se:80/2011/10/25/med-hjartat-i-1940-talet/comment-page-1/
html_200_root,20171216153012,http://cwastes.skolbloggen.se:80/2011/12/,200,text/html,https://web.archive.org/web/20171216153012/http://cwastes.skolbloggen.se:80/2011/12/
html_200_root,20171216153017,http://cwastes.skolbloggen.se:80/2012/05/28/anonyma-brev/,200,text/html,https://web.archive.org/web/20171216153017/http://cwastes.skolbloggen.se:80/2012/05/28/anonyma-brev/
html_200_root,20171216153022,http://cwastes.skolbloggen.se:80/2013/06/,200,text/html,https://web.archive.org/web/20171216153022/http://cwastes.skolbloggen.se:80/2013/06/
html_200_root,20171216153027,http://cwastes.skolbloggen.se:80/tag/film/,200,text/html,https://web.archive.org/web/20171216153027/http://cwastes.skolbloggen.se:80/tag/film/
html_200_root,20171216153032,http://cwastes.skolbloggen.se:80/tag/kunskap/,200,text/html,https://web.archive.org/web/20171216153032/http://cwastes.skolbloggen.se:80/tag/kunskap/
html_200_root,20171216153037,http://cwastes.skolbloggen.se:80/tag/skonlitteratur/,200,text/html,https://web.archive.org/web/20171216153037/http://cwastes.skolbloggen.se:80/tag/skonlitteratur/
raw_http_prefix,20171216153044,http://cwastes.skolbloggen.se:80/wp-includes/wlwmanifest.xml,200,application/xml,https://web.archive.org/web/20171216153044/http://cwastes.skolbloggen.se:80/wp-includes/wlwmanifest.xml
html_200_root,20171216153059,http://cwastes.skolbloggen.se:80/2012/06/05/att-kopa-aktier-ar-inte-farligt/,200,text/html,https://web.archive.org/web/20171216153059/http://cwastes.skolbloggen.se:80/2012/06/05/att-kopa-aktier-ar-inte-farligt/
html_200_root,20171216153104,http://cwastes.skolbloggen.se:80/category/webbstjarnan/,200,text/html,https://web.archive.org/web/20171216153104/http://cwastes.skolbloggen.se:80/category/webbstjarnan/
html_200_root,20171216153110,http://cwastes.skolbloggen.se:80/tag/matematik/,200,text/html,https://web.archive.org/web/20171216153110/http://cwastes.skolbloggen.se:80/tag/matematik/
html_200_root,20171216153115,http://cwastes.skolbloggen.se:80/tag/skrivarskola/,200,text/html,https://web.archive.org/web/20171216153115/http://cwastes.skolbloggen.se:80/tag/skrivarskola/
html_200_root,20171216153120,http://cwastes.skolbloggen.se:80/tag/sociala-medier/,200,text/html,https://web.archive.org/web/20171216153120/http://cwastes.skolbloggen.se:80/tag/sociala-medier/
html_200_root,20171216153125,http://cwastes.skolbloggen.se:80/tag/utbildning/,200,text/html,https://web.archive.org/web/20171216153125/http://cwastes.skolbloggen.se:80/tag/utbildning/
html_200_root,20171216153240,http://cwastes.skolbloggen.se:80/2010/06/,200,text/html,https://web.archive.org/web/20171216153240/http://cwastes.skolbloggen.se:80/2010/06/
html_200_root,20171216153248,http://cwastes.skolbloggen.se:80/2012/06/,200,text/html,https://web.archive.org/web/20171216153248/http://cwastes.skolbloggen.se:80/2012/06/
raw_http_prefix,20171216153252,http://cwastes.skolbloggen.se:80/?p=1561,301,text/html,https://web.archive.org/web/20171216153252/http://cwastes.skolbloggen.se:80/?p=1561
html_200_root,20171216153258,http://cwastes.skolbloggen.se:80/category/tema-genteknik/,200,text/html,https://web.archive.org/web/20171216153258/http://cwastes.skolbloggen.se:80/category/tema-genteknik/
raw_http_prefix,20171216153303,http://cwastes.skolbloggen.se:80/comments/feed/,200,application/rss+xml,https://web.archive.org/web/20171216153303/http://cwastes.skolbloggen.se:80/comments/feed/
html_200_root,20171216153308,http://cwastes.skolbloggen.se:80/tag/blogg/,200,text/html,https://web.archive.org/web/20171216153308/http://cwastes.skolbloggen.se:80/tag/blogg/
html_200_root,20171216153342,http://cwastes.skolbloggen.se:80/2011/01/,200,text/html,https://web.archive.org/web/20171216153342/http://cwastes.skolbloggen.se:80/2011/01/
html_200_root,20171216153347,http://cwastes.skolbloggen.se:80/2011/05/,200,text/html,https://web.archive.org/web/20171216153347/http://cwastes.skolbloggen.se:80/2011/05/
html_200_root,20171216153352,http://cwastes.skolbloggen.se:80/2011/09/,200,text/html,https://web.archive.org/web/20171216153352/http://cwastes.skolbloggen.se:80/2011/09/
html_200_root,20171216153357,http://cwastes.skolbloggen.se:80/2012/03/20/kop-inte-klader-som-ar-tillverkade-av-barnarbetare/comment-page-1/,200,text/html,https://web.archive.org/web/20171216153357/http://cwastes.skolbloggen.se:80/2012/03/20/kop-inte-klader-som-ar-tillverkade-av-barnarbetare/comment-page-1/
html_200_root,20171216153402,http://cwastes.skolbloggen.se:80/2012/03/29/hur-ar-en-bra-ledare/,200,text/html,https://web.archive.org/web/20171216153402/http://cwastes.skolbloggen.se:80/2012/03/29/hur-ar-en-bra-ledare/
html_200_root,20171216153407,http://cwastes.skolbloggen.se:80/2012/06/07/forgylla-nagons-vardag/,200,text/html,https://web.archive.org/web/20171216153407/http://cwastes.skolbloggen.se:80/2012/06/07/forgylla-nagons-vardag/
html_200_root,20171216153430,http://cwastes.skolbloggen.se:80/tag/instruktion/,200,text/html,https://web.archive.org/web/20171216153430/http://cwastes.skolbloggen.se:80/tag/instruktion/
html_200_root,20171216154613,http://cwastes.skolbloggen.se:80/2010/03/,200,text/html,https://web.archive.org/web/20171216154613/http://cwastes.skolbloggen.se:80/2010/03/
html_200_root,20171216154618,http://cwastes.skolbloggen.se:80/2010/10/,200,text/html,https://web.archive.org/web/20171216154618/http://cwastes.skolbloggen.se:80/2010/10/
html_200_root,20171216154623,http://cwastes.skolbloggen.se:80/2012/03/,200,text/html,https://web.archive.org/web/20171216154623/http://cwastes.skolbloggen.se:80/2012/03/
html_200_root,20171216154628,http://cwastes.skolbloggen.se:80/2012/03/29/mer-utbildning-for-praktikledare/,200,text/html,https://web.archive.org/web/20171216154628/http://cwastes.skolbloggen.se:80/2012/03/29/mer-utbildning-for-praktikledare/
html_200_root,20171216154633,http://cwastes.skolbloggen.se:80/2012/06/05/vi-bor-idrotta-mer-an-vad-vi-gor-idag/comment-page-1/,200,text/html,https://web.archive.org/web/20171216154633/http://cwastes.skolbloggen.se:80/2012/06/05/vi-bor-idrotta-mer-an-vad-vi-gor-idag/comment-page-1/
html_200_root,20171216154638,http://cwastes.skolbloggen.se:80/category/1900-talsforfattare/,200,text/html,https://web.archive.org/web/20171216154638/http://cwastes.skolbloggen.se:80/category/1900-talsforfattare/
html_200_root,20171216154643,http://cwastes.skolbloggen.se:80/tag/affarside/,200,text/html,https://web.archive.org/web/20171216154643/http://cwastes.skolbloggen.se:80/tag/affarside/
html_200_root,20171216154649,http://cwastes.skolbloggen.se:80/tag/gratis/,200,text/html,https://web.archive.org/web/20171216154649/http://cwastes.skolbloggen.se:80/tag/gratis/
html_200_root,20171216154654,http://cwastes.skolbloggen.se:80/tag/louise/,200,text/html,https://web.archive.org/web/20171216154654/http://cwastes.skolbloggen.se:80/tag/louise/
html_200_root,20171216154659,http://cwastes.skolbloggen.se:80/tag/sprak/,200,text/html,https://web.archive.org/web/20171216154659/http://cwastes.skolbloggen.se:80/tag/sprak/
html_200_root,20171216154704,http://cwastes.skolbloggen.se:80/tag/youtube/,200,text/html,https://web.archive.org/web/20171216154704/http://cwastes.skolbloggen.se:80/tag/youtube/
html_200_root,20171216154743,http://cwastes.skolbloggen.se:80/,200,text/html,https://web.archive.org/web/20171216154743/http://cwastes.skolbloggen.se:80/
html_200_root,20171216154748,http://cwastes.skolbloggen.se:80/2010/09/,200,text/html,https://web.archive.org/web/20171216154748/http://cwastes.skolbloggen.se:80/2010/09/
html_200_root,20171216154753,http://cwastes.skolbloggen.se:80/2011/06/,200,text/html,https://web.archive.org/web/20171216154753/http://cwastes.skolbloggen.se:80/2011/06/
html_200_root,20171216154758,http://cwastes.skolbloggen.se:80/2012/03/26/byt-ut-gammal-elutrustningen-pa-elprogrammen-i-gymnasieskolor/,200,text/html,https://web.archive.org/web/20171216154758/http://cwastes.skolbloggen.se:80/2012/03/26/byt-ut-gammal-elutrustningen-pa-elprogrammen-i-gymnasieskolor/
html_200_root,20171216154803,http://cwastes.skolbloggen.se:80/2012/04/,200,text/html,https://web.archive.org/web/20171216154803/http://cwastes.skolbloggen.se:80/2012/04/
html_200_root,20171216154808,http://cwastes.skolbloggen.se:80/2012/05/28/ler-du-sa-ler-varlden-tillbaka/,200,text/html,https://web.archive.org/web/20171216154808/http://cwastes.skolbloggen.se:80/2012/05/28/ler-du-sa-ler-varlden-tillbaka/
html_200_root,20171216154814,http://cwastes.skolbloggen.se:80/category/instruktion/,200,text/html,https://web.archive.org/web/20171216154814/http://cwastes.skolbloggen.se:80/category/instruktion/
html_200_root,20171216154818,http://cwastes.skolbloggen.se:80/category/netikett/,200,text/html,https://web.archive.org/web/20171216154818/http://cwastes.skolbloggen.se:80/category/netikett/
html_200_root,20171216154823,http://cwastes.skolbloggen.se:80/tag/engelska/,200,text/html,https://web.archive.org/web/20171216154823/http://cwastes.skolbloggen.se:80/tag/engelska/
html_200_root,20171216154828,http://cwastes.skolbloggen.se:80/tag/ikt/,200,text/html,https://web.archive.org/web/20171216154828/http://cwastes.skolbloggen.se:80/tag/ikt/
html_200_root,20171216154833,http://cwastes.skolbloggen.se:80/tag/politik/,200,text/html,https://web.archive.org/web/20171216154833/http://cwastes.skolbloggen.se:80/tag/politik/
html_200_root,20171216154838,http://cwastes.skolbloggen.se:80/tag/upplysningstiden/,200,text/html,https://web.archive.org/web/20171216154838/http://cwastes.skolbloggen.se:80/tag/upplysningstiden/
html_200_root,20171216154848,http://cwastes.skolbloggen.se:80/2011/10/,200,text/html,https://web.archive.org/web/20171216154848/http://cwastes.skolbloggen.se:80/2011/10/
html_200_root,20171216154853,http://cwastes.skolbloggen.se:80/tag/budskap/,200,text/html,https://web.archive.org/web/20171216154853/http://cwastes.skolbloggen.se:80/tag/budskap/
html_200_root,20171216154859,http://cwastes.skolbloggen.se:80/tag/onlinespel/,200,text/html,https://web.archive.org/web/20171216154859/http://cwastes.skolbloggen.se:80/tag/onlinespel/
html_200_root,20171216155017,http://cwastes.skolbloggen.se:80/2010/07/,200,text/html,https://web.archive.org/web/20171216155017/http://cwastes.skolbloggen.se:80/2010/07/
html_200_root,20171216155023,http://cwastes.skolbloggen.se:80/2010/12/20/john-steinbeck/comment-page-1/,200,text/html,https://web.archive.org/web/20171216155023/http://cwastes.skolbloggen.se:80/2010/12/20/john-steinbeck/comment-page-1/
html_200_root,20171216155028,http://cwastes.skolbloggen.se:80/2011/11/,200,text/html,https://web.archive.org/web/20171216155028/http://cwastes.skolbloggen.se:80/2011/11/
html_200_root,20171216155033,http://cwastes.skolbloggen.se:80/2012/06/05/infor-undervisning-om-arbetsratt/,200,text/html,https://web.archive.org/web/20171216155033/http://cwastes.skolbloggen.se:80/2012/06/05/infor-undervisning-om-arbetsratt/
html_200_root,20171216155039,http://cwastes.skolbloggen.se:80/tag/skolbloggen-se/,200,text/html,https://web.archive.org/web/20171216155039/http://cwastes.skolbloggen.se:80/tag/skolbloggen-se/
html_200_root,20171216155146,http://cwastes.skolbloggen.se:80/2010/05/,200,text/html,https://web.archive.org/web/20171216155146/http://cwastes.skolbloggen.se:80/2010/05/
html_200_root,20171216155151,http://cwastes.skolbloggen.se:80/2011/10/27/inre-och-yttre-resor/comment-page-1/,200,text/html,https://web.archive.org/web/20171216155151/http://cwastes.skolbloggen.se:80/2011/10/27/inre-och-yttre-resor/comment-page-1/
html_200_root,20171216155156,http://cwastes.skolbloggen.se:80/category/gott-och-blandat/,200,text/html,https://web.archive.org/web/20171216155156/http://cwastes.skolbloggen.se:80/category/gott-och-blandat/
html_200_root,20171216155202,http://cwastes.skolbloggen.se:80/category/okategoriserad/,200,text/html,https://web.archive.org/web/20171216155202/http://cwastes.skolbloggen.se:80/category/okategoriserad/
html_200_root,20171216155207,http://cwastes.skolbloggen.se:80/category/teater/,200,text/html,https://web.archive.org/web/20171216155207/http://cwastes.skolbloggen.se:80/category/teater/
html_200_root,20171216155212,http://cwastes.skolbloggen.se:80/tag/blogga/,200,text/html,https://web.archive.org/web/20171216155212/http://cwastes.skolbloggen.se:80/tag/blogga/
html_200_root,20171216155217,http://cwastes.skolbloggen.se:80/tag/episkt-berattande/,200,text/html,https://web.archive.org/web/20171216155217/http://cwastes.skolbloggen.se:80/tag/episkt-berattande/
html_200_root,20171216155222,http://cwastes.skolbloggen.se:80/tag/genteknik/,200,text/html,https://web.archive.org/web/20171216155222/http://cwastes.skolbloggen.se:80/tag/genteknik/
raw_http_prefix,20171216155234,http://cwastes.skolbloggen.se:80/xmlrpc.php,405,text/plain,https://web.archive.org/web/20171216155234/http://cwastes.skolbloggen.se:80/xmlrpc.php
html_200_root,20171216155316,http://cwastes.skolbloggen.se:80/2012/03/26/lego-som-lego/,200,text/html,https://web.archive.org/web/20171216155316/http://cwastes.skolbloggen.se:80/2012/03/26/lego-som-lego/
html_200_root,20171216155322,http://cwastes.skolbloggen.se:80/2012/05/08/mer-praktik-for-gymnasieelever/,200,text/html,https://web.archive.org/web/20171216155322/http://cwastes.skolbloggen.se:80/2012/05/08/mer-praktik-for-gymnasieelever/
raw_http_prefix,20171216155327,http://cwastes.skolbloggen.se:80/feed/,200,application/rss+xml,https://web.archive.org/web/20171216155327/http://cwastes.skolbloggen.se:80/feed/
html_200_root,20171216155332,http://cwastes.skolbloggen.se:80/om/,200,text/html,https://web.archive.org/web/20171216155332/http://cwastes.skolbloggen.se:80/om/
html_200_root,20171216155337,http://cwastes.skolbloggen.se:80/tag/foto/,200,text/html,https://web.archive.org/web/20171216155337/http://cwastes.skolbloggen.se:80/tag/foto/
html_200_root,20171216155342,http://cwastes.skolbloggen.se:80/tag/kollektivtrafik/,200,text/html,https://web.archive.org/web/20171216155342/http://cwastes.skolbloggen.se:80/tag/kollektivtrafik/
html_200_root,20171216161132,http://cwastes.skolbloggen.se:80/2010/11/,200,text/html,https://web.archive.org/web/20171216161132/http://cwastes.skolbloggen.se:80/2010/11/
html_200_root,20171216161133,http://cwastes.skolbloggen.se:80/2012/05/28/hur-kan-vi-forandra-varlden-till-det-battre/,200,text/html,https://web.archive.org/web/20171216161133/http://cwastes.skolbloggen.se:80/2012/05/28/hur-kan-vi-forandra-varlden-till-det-battre/
html_200_root,20171216161138,http://cwastes.skolbloggen.se:80/2012/06/05/vi-bor-idrotta-mer-an-vad-vi-gor-idag/,200,text/html,https://web.archive.org/web/20171216161138/http://cwastes.skolbloggen.se:80/2012/06/05/vi-bor-idrotta-mer-an-vad-vi-gor-idag/
html_200_root,20171216161143,http://cwastes.skolbloggen.se:80/tag/diskussion/,200,text/html,https://web.archive.org/web/20171216161143/http://cwastes.skolbloggen.se:80/tag/diskussion/
html_200_root,20171216161148,http://cwastes.skolbloggen.se:80/tag/facebook/,200,text/html,https://web.archive.org/web/20171216161148/http://cwastes.skolbloggen.se:80/tag/facebook/
html_200_root,20171216161153,http://cwastes.skolbloggen.se:80/tag/forfattare/,200,text/html,https://web.archive.org/web/20171216161153/http://cwastes.skolbloggen.se:80/tag/forfattare/
html_200_root,20171216161159,http://cwastes.skolbloggen.se:80/tag/kommentarer/,200,text/html,https://web.archive.org/web/20171216161159/http://cwastes.skolbloggen.se:80/tag/kommentarer/
html_200_root,20171216161204,http://cwastes.skolbloggen.se:80/tag/svenska/,200,text/html,https://web.archive.org/web/20171216161204/http://cwastes.skolbloggen.se:80/tag/svenska/
html_200_root,20171216161209,http://cwastes.skolbloggen.se:80/tag/tips/,200,text/html,https://web.archive.org/web/20171216161209/http://cwastes.skolbloggen.se:80/tag/tips/
raw_http_prefix,20171216161217,http://cwastes.skolbloggen.se:80/wp-json/,200,application/json,https://web.archive.org/web/20171216161217/http://cwastes.skolbloggen.se:80/wp-json/
html_200_root,20171216161253,http://cwastes.skolbloggen.se:80/2010/08/,200,text/html,https://web.archive.org/web/20171216161253/http://cwastes.skolbloggen.se:80/2010/08/
html_200_root,20171216161259,http://cwastes.skolbloggen.se:80/2010/12/19/vilhelm-moberg/comment-page-1/,200,text/html,https://web.archive.org/web/20171216161259/http://cwastes.skolbloggen.se:80/2010/12/19/vilhelm-moberg/comment-page-1/
html_200_root,20171216161304,http://cwastes.skolbloggen.se:80/2012/05/28/att-gora-varlden-till-en-battre-plats/,200,text/html,https://web.archive.org/web/20171216161304/http://cwastes.skolbloggen.se:80/2012/05/28/att-gora-varlden-till-en-battre-plats/
html_200_root,20171216161309,http://cwastes.skolbloggen.se:80/author/filippabackvall/,200,text/html,https://web.archive.org/web/20171216161309/http://cwastes.skolbloggen.se:80/author/filippabackvall/
html_200_root,20171216161314,http://cwastes.skolbloggen.se:80/category/diskussionreflektion/,200,text/html,https://web.archive.org/web/20171216161314/http://cwastes.skolbloggen.se:80/category/diskussionreflektion/
html_200_root,20171216161319,http://cwastes.skolbloggen.se:80/category/forbattra-varlden/,200,text/html,https://web.archive.org/web/20171216161319/http://cwastes.skolbloggen.se:80/category/forbattra-varlden/
html_200_root,20171216161324,http://cwastes.skolbloggen.se:80/category/ikt-verktyg/,200,text/html,https://web.archive.org/web/20171216161324/http://cwastes.skolbloggen.se:80/category/ikt-verktyg/
html_200_root,20171216161330,http://cwastes.skolbloggen.se:80/tag/embryogallring/,200,text/html,https://web.archive.org/web/20171216161330/http://cwastes.skolbloggen.se:80/tag/embryogallring/
html_200_root,20171216161336,http://cwastes.skolbloggen.se:80/tag/internet/,200,text/html,https://web.archive.org/web/20171216161336/http://cwastes.skolbloggen.se:80/tag/internet/
html_200_root,20171216161341,http://cwastes.skolbloggen.se:80/tag/wordle/,200,text/html,https://web.archive.org/web/20171216161341/http://cwastes.skolbloggen.se:80/tag/wordle/
html_200_root,20171216161346,http://cwastes.skolbloggen.se:80/wp-login.php,200,text/html,https://web.archive.org/web/20171216161346/http://cwastes.skolbloggen.se:80/wp-login.php
html_200_root,20171216161423,http://cwastes.skolbloggen.se:80/2010/02/,200,text/html,https://web.archive.org/web/20171216161423/http://cwastes.skolbloggen.se:80/2010/02/
html_200_root,20171216161429,http://cwastes.skolbloggen.se:80/2010/12/,200,text/html,https://web.archive.org/web/20171216161429/http://cwastes.skolbloggen.se:80/2010/12/
html_200_root,20171216161434,http://cwastes.skolbloggen.se:80/2012/03/20/kollektivavtal-borde-vara-en-sjalvklarhet/,200,text/html,https://web.archive.org/web/20171216161434/http://cwastes.skolbloggen.se:80/2012/03/20/kollektivavtal-borde-vara-en-sjalvklarhet/
html_200_root,20171216161440,http://cwastes.skolbloggen.se:80/2012/05/28/en-liten-garning-kan-gora-stor-skillnad/,200,text/html,https://web.archive.org/web/20171216161440/http://cwastes.skolbloggen.se:80/2012/05/28/en-liten-garning-kan-gora-stor-skillnad/
html_200_root,20171216161445,http://cwastes.skolbloggen.se:80/category/tips/,200,text/html,https://web.archive.org/web/20171216161445/http://cwastes.skolbloggen.se:80/category/tips/
html_200_root,20171216161450,http://cwastes.skolbloggen.se:80/tag/studier/,200,text/html,https://web.archive.org/web/20171216161450/http://cwastes.skolbloggen.se:80/tag/studier/
html_200_root,20171218105258,http://cwastes.skolbloggen.se:80/tag/affarside/,200,text/html,https://web.archive.org/web/20171218105258/http://cwastes.skolbloggen.se:80/tag/affarside/
html_200_root,20171225095819,http://cwastes.skolbloggen.se:80/2010/11/11/ingen-radsla/comment-page-1/,200,text/html,https://web.archive.org/web/20171225095819/http://cwastes.skolbloggen.se:80/2010/11/11/ingen-radsla/comment-page-1/
raw_http_prefix,20171225095824,http://cwastes.skolbloggen.se:80/wp-login.php?action=register,302,text/html,https://web.archive.org/web/20171225095824/http://cwastes.skolbloggen.se:80/wp-login.php?action=register
html_200_root,20171225105852,http://cwastes.skolbloggen.se:80/2011/06/01/natmobbning/comment-page-1/,200,text/html,https://web.archive.org/web/20171225105852/http://cwastes.skolbloggen.se:80/2011/06/01/natmobbning/comment-page-1/
html_200_root,20171226145646,http://cwastes.skolbloggen.se:80/2011/06/01/natmobbning/comment-page-1/,200,text/html,https://web.archive.org/web/20171226145646/http://cwastes.skolbloggen.se:80/2011/06/01/natmobbning/comment-page-1/
html_200_root,20171228064820,http://cwastes.skolbloggen.se:80/category/tema-sprak/,200,text/html,https://web.archive.org/web/20171228064820/http://cwastes.skolbloggen.se:80/category/tema-sprak/
raw_http_prefix,20180109052610,http://cwastes.skolbloggen.se:80/2011/09/21/bokpresentation-robinson-crusoe,301,text/html,https://web.archive.org/web/20180109052610/http://cwastes.skolbloggen.se:80/2011/09/21/bokpresentation-robinson-crusoe
html_200_root,20180109052610,http://cwastes.skolbloggen.se:80/2011/09/21/bokpresentation-robinson-crusoe/,200,text/html,https://web.archive.org/web/20180109052610/http://cwastes.skolbloggen.se:80/2011/09/21/bokpresentation-robinson-crusoe/
raw_http_prefix,20180115011223,http://cwastes.skolbloggen.se:80/2011/10/07/1561/comment-page-1,301,text/html,https://web.archive.org/web/20180115011223/http://cwastes.skolbloggen.se:80/2011/10/07/1561/comment-page-1
html_200_root,20180115011223,http://cwastes.skolbloggen.se:80/2011/10/07/1561/comment-page-1/,200,text/html,https://web.archive.org/web/20180115011223/http://cwastes.skolbloggen.se:80/2011/10/07/1561/comment-page-1/
raw_http_prefix,20180116102828,http://cwastes.skolbloggen.se:80/2012/04/26/sank-priserna-pa-kollektivtrafiken,301,text/html,https://web.archive.org/web/20180116102828/http://cwastes.skolbloggen.se:80/2012/04/26/sank-priserna-pa-kollektivtrafiken
html_200_root,20180116102828,http://cwastes.skolbloggen.se:80/2012/04/26/sank-priserna-pa-kollektivtrafiken/,200,text/html,https://web.archive.org/web/20180116102828/http://cwastes.skolbloggen.se:80/2012/04/26/sank-priserna-pa-kollektivtrafiken/
html_200_root,20180130173726,http://cwastes.skolbloggen.se:80/category/diskutera/,200,text/html,https://web.archive.org/web/20180130173726/http://cwastes.skolbloggen.se:80/category/diskutera/
html_200_root,20180130174731,http://cwastes.skolbloggen.se:80/2012/04/12/alla-butiker-borde-anvanda-sig-av-nathandel/,200,text/html,https://web.archive.org/web/20180130174731/http://cwastes.skolbloggen.se:80/2012/04/12/alla-butiker-borde-anvanda-sig-av-nathandel/
html_200_root,20180130181153,http://cwastes.skolbloggen.se:80/2013/06/03/fordelar-med-genteknik-vad-galler-medicinsk-utveckling/,200,text/html,https://web.archive.org/web/20180130181153/http://cwastes.skolbloggen.se:80/2013/06/03/fordelar-med-genteknik-vad-galler-medicinsk-utveckling/
html_200_root,20180130182431,http://cwastes.skolbloggen.se:80/2012/04/26/sank-priserna-pa-kollektivtrafiken/,200,text/html,https://web.archive.org/web/20180130182431/http://cwastes.skolbloggen.se:80/2012/04/26/sank-priserna-pa-kollektivtrafiken/
html_200_root,20180130182516,http://cwastes.skolbloggen.se:80/2012/04/26/att-sanka-ungdomslonerna-ar-daligt/,200,text/html,https://web.archive.org/web/20180130182516/http://cwastes.skolbloggen.se:80/2012/04/26/att-sanka-ungdomslonerna-ar-daligt/
raw_http_prefix,20180211123316,http://cwastes.skolbloggen.se:80/2010/12/20/vem-var-franz-kafka,301,text/html,https://web.archive.org/web/20180211123316/http://cwastes.skolbloggen.se:80/2010/12/20/vem-var-franz-kafka
html_200_root,20180211123316,http://cwastes.skolbloggen.se:80/2010/12/20/vem-var-franz-kafka/,200,text/html,https://web.archive.org/web/20180211123316/http://cwastes.skolbloggen.se:80/2010/12/20/vem-var-franz-kafka/
html_200_root,20180213154710,http://cwastes.skolbloggen.se:80/2010/12/20/john-steinbeck/,200,text/html,https://web.archive.org/web/20180213154710/http://cwastes.skolbloggen.se:80/2010/12/20/john-steinbeck/
html_200_root,20180213154730,http://cwastes.skolbloggen.se:80/2010/12/19/isaac-asimov/,200,text/html,https://web.archive.org/web/20180213154730/http://cwastes.skolbloggen.se:80/2010/12/19/isaac-asimov/
raw_http_prefix,20180215052207,http://cwastes.skolbloggen.se:80/2011/10/07/1561/comment-page-1,301,text/html,https://web.archive.org/web/20180215052207/http://cwastes.skolbloggen.se:80/2011/10/07/1561/comment-page-1
html_200_root,20180215052207,http://cwastes.skolbloggen.se:80/2011/10/07/1561/comment-page-1/,200,text/html,https://web.archive.org/web/20180215052207/http://cwastes.skolbloggen.se:80/2011/10/07/1561/comment-page-1/
html_200_root,20180215083310,http://cwastes.skolbloggen.se:80/category/1900-talsforfattare/,200,text/html,https://web.archive.org/web/20180215083310/http://cwastes.skolbloggen.se:80/category/1900-talsforfattare/
html_200_root,20180216081331,http://cwastes.skolbloggen.se:80/2012/05/28/att-gora-varlden-till-en-battre-plats/,200,text/html,https://web.archive.org/web/20180216081331/http://cwastes.skolbloggen.se:80/2012/05/28/att-gora-varlden-till-en-battre-plats/
html_200_root,20180216081336,http://cwastes.skolbloggen.se:80/2012/10/16/hur-kan-vi-gora-varlden-battre-elevtext/,200,text/html,https://web.archive.org/web/20180216081336/http://cwastes.skolbloggen.se:80/2012/10/16/hur-kan-vi-gora-varlden-battre-elevtext/
html_200_root,20180216081353,http://cwastes.skolbloggen.se:80/tag/forvandlingen/,200,text/html,https://web.archive.org/web/20180216081353/http://cwastes.skolbloggen.se:80/tag/forvandlingen/
html_200_root,20180216081358,http://cwastes.skolbloggen.se:80/tag/kunskapssyn/,200,text/html,https://web.archive.org/web/20180216081358/http://cwastes.skolbloggen.se:80/tag/kunskapssyn/
html_200_root,20180216082446,http://cwastes.skolbloggen.se:80/tag/skola/,200,text/html,https://web.archive.org/web/20180216082446/http://cwastes.skolbloggen.se:80/tag/skola/
html_200_root,20180216082451,http://cwastes.skolbloggen.se:80/tag/wordle/,200,text/html,https://web.archive.org/web/20180216082451/http://cwastes.skolbloggen.se:80/tag/wordle/
html_200_root,20180216082625,http://cwastes.skolbloggen.se:80/2010/07/,200,text/html,https://web.archive.org/web/20180216082625/http://cwastes.skolbloggen.se:80/2010/07/
html_200_root,20180216082630,http://cwastes.skolbloggen.se:80/2011/09/,200,text/html,https://web.archive.org/web/20180216082630/http://cwastes.skolbloggen.se:80/2011/09/
html_200_root,20180216082635,http://cwastes.skolbloggen.se:80/2012/03/20/kollektivavtal-borde-vara-en-sjalvklarhet/,200,text/html,https://web.archive.org/web/20180216082635/http://cwastes.skolbloggen.se:80/2012/03/20/kollektivavtal-borde-vara-en-sjalvklarhet/
html_200_root,20180216082641,http://cwastes.skolbloggen.se:80/2012/05/28/anonyma-brev/,200,text/html,https://web.archive.org/web/20180216082641/http://cwastes.skolbloggen.se:80/2012/05/28/anonyma-brev/
html_200_root,20180216082646,http://cwastes.skolbloggen.se:80/2012/05/28/ler-du-sa-ler-varlden-tillbaka/,200,text/html,https://web.archive.org/web/20180216082646/http://cwastes.skolbloggen.se:80/2012/05/28/ler-du-sa-ler-varlden-tillbaka/
html_200_root,20180216082651,http://cwastes.skolbloggen.se:80/category/diskussionreflektion/,200,text/html,https://web.archive.org/web/20180216082651/http://cwastes.skolbloggen.se:80/category/diskussionreflektion/
html_200_root,20180216082656,http://cwastes.skolbloggen.se:80/tag/facebook/,200,text/html,https://web.archive.org/web/20180216082656/http://cwastes.skolbloggen.se:80/tag/facebook/
html_200_root,20180216082701,http://cwastes.skolbloggen.se:80/tag/politik/,200,text/html,https://web.archive.org/web/20180216082701/http://cwastes.skolbloggen.se:80/tag/politik/
html_200_root,20180216082721,http://cwastes.skolbloggen.se:80/tag/skolbloggen-se/,200,text/html,https://web.archive.org/web/20180216082721/http://cwastes.skolbloggen.se:80/tag/skolbloggen-se/
html_200_root,20180216082747,http://cwastes.skolbloggen.se:80/tag/upplysningstiden/,200,text/html,https://web.archive.org/web/20180216082747/http://cwastes.skolbloggen.se:80/tag/upplysningstiden/
html_200_root,20180216082936,http://cwastes.skolbloggen.se:80/2010/04/,200,text/html,https://web.archive.org/web/20180216082936/http://cwastes.skolbloggen.se:80/2010/04/
html_200_root,20180216082937,http://cwastes.skolbloggen.se:80/2010/06/,200,text/html,https://web.archive.org/web/20180216082937/http://cwastes.skolbloggen.se:80/2010/06/
html_200_root,20180216082942,http://cwastes.skolbloggen.se:80/2010/12/20/john-steinbeck/comment-page-1/,200,text/html,https://web.archive.org/web/20180216082942/http://cwastes.skolbloggen.se:80/2010/12/20/john-steinbeck/comment-page-1/
html_200_root,20180216082946,http://cwastes.skolbloggen.se:80/2011/01/,200,text/html,https://web.archive.org/web/20180216082946/http://cwastes.skolbloggen.se:80/2011/01/
html_200_root,20180216082951,http://cwastes.skolbloggen.se:80/2011/11/,200,text/html,https://web.archive.org/web/20180216082951/http://cwastes.skolbloggen.se:80/2011/11/
html_200_root,20180216082957,http://cwastes.skolbloggen.se:80/2012/03/29/hogre-standard-pa-lararna/,200,text/html,https://web.archive.org/web/20180216082957/http://cwastes.skolbloggen.se:80/2012/03/29/hogre-standard-pa-lararna/
html_200_root,20180216083001,http://cwastes.skolbloggen.se:80/2012/10/,200,text/html,https://web.archive.org/web/20180216083001/http://cwastes.skolbloggen.se:80/2012/10/
html_200_root,20180216083008,http://cwastes.skolbloggen.se:80/2010/12/20/vem-var-franz-kafka/,200,text/html,https://web.archive.org/web/20180216083008/http://cwastes.skolbloggen.se:80/2010/12/20/vem-var-franz-kafka/
raw_http_prefix,20180216083008,http://cwastes.skolbloggen.se:80/?p=1338,301,text/html,https://web.archive.org/web/20180216083008/http://cwastes.skolbloggen.se:80/?p=1338
html_200_root,20180216083012,http://cwastes.skolbloggen.se:80/tag/forfattare/,200,text/html,https://web.archive.org/web/20180216083012/http://cwastes.skolbloggen.se:80/tag/forfattare/
html_200_root,20180216083017,http://cwastes.skolbloggen.se:80/tag/genteknik/,200,text/html,https://web.archive.org/web/20180216083017/http://cwastes.skolbloggen.se:80/tag/genteknik/
html_200_root,20180216083023,http://cwastes.skolbloggen.se:80/tag/gratis/,200,text/html,https://web.archive.org/web/20180216083023/http://cwastes.skolbloggen.se:80/tag/gratis/
html_200_root,20180216083048,http://cwastes.skolbloggen.se:80/tag/livslangt-larande/,200,text/html,https://web.archive.org/web/20180216083048/http://cwastes.skolbloggen.se:80/tag/livslangt-larande/
html_200_root,20180216083048,http://cwastes.skolbloggen.se:80/tag/skonlitteratur/,200,text/html,https://web.archive.org/web/20180216083048/http://cwastes.skolbloggen.se:80/tag/skonlitteratur/
html_200_root,20180216083053,http://cwastes.skolbloggen.se:80/tag/svenska/,200,text/html,https://web.archive.org/web/20180216083053/http://cwastes.skolbloggen.se:80/tag/svenska/
html_200_root,20180216083103,http://cwastes.skolbloggen.se:80/2010/01/,200,text/html,https://web.archive.org/web/20180216083103/http://cwastes.skolbloggen.se:80/2010/01/
html_200_root,20180216083207,http://cwastes.skolbloggen.se:80/2012/03/,200,text/html,https://web.archive.org/web/20180216083207/http://cwastes.skolbloggen.se:80/2012/03/
html_200_root,20180216083212,http://cwastes.skolbloggen.se:80/2012/05/28/hur-kan-vi-forandra-varlden-till-det-battre/,200,text/html,https://web.archive.org/web/20180216083212/http://cwastes.skolbloggen.se:80/2012/05/28/hur-kan-vi-forandra-varlden-till-det-battre/
html_200_root,20180216083218,http://cwastes.skolbloggen.se:80/author/plugglisa/,200,text/html,https://web.archive.org/web/20180216083218/http://cwastes.skolbloggen.se:80/author/plugglisa/
html_200_root,20180216083223,http://cwastes.skolbloggen.se:80/category/forbattra-varlden/,200,text/html,https://web.archive.org/web/20180216083223/http://cwastes.skolbloggen.se:80/category/forbattra-varlden/
html_200_root,20180216083228,http://cwastes.skolbloggen.se:80/category/ikt-verktyg/,200,text/html,https://web.archive.org/web/20180216083228/http://cwastes.skolbloggen.se:80/category/ikt-verktyg/
html_200_root,20180216083233,http://cwastes.skolbloggen.se:80/category/netikett/,200,text/html,https://web.archive.org/web/20180216083233/http://cwastes.skolbloggen.se:80/category/netikett/
html_200_root,20180216083238,http://cwastes.skolbloggen.se:80/category/teater/,200,text/html,https://web.archive.org/web/20180216083238/http://cwastes.skolbloggen.se:80/category/teater/
html_200_root,20180216083243,http://cwastes.skolbloggen.se:80/category/tema-klassiker-romaner/,200,text/html,https://web.archive.org/web/20180216083243/http://cwastes.skolbloggen.se:80/category/tema-klassiker-romaner/
html_200_root,20180216083248,http://cwastes.skolbloggen.se:80/category/tema-resor/,200,text/html,https://web.archive.org/web/20180216083248/http://cwastes.skolbloggen.se:80/category/tema-resor/
raw_http_prefix,20180216083253,http://cwastes.skolbloggen.se:80/wp-json/oembed/1.0/embed?url=http://cwastes.skolbloggen.se/2010/12/20/vem-var-franz-kafka/,200,application/json,https://web.archive.org/web/20180216083253/http://cwastes.skolbloggen.se:80/wp-json/oembed/1.0/embed?url=http://cwastes.skolbloggen.se/2010/12/20/vem-var-franz-kafka/
raw_http_prefix,20180216083258,http://cwastes.skolbloggen.se:80/xmlrpc.php,405,text/plain,https://web.archive.org/web/20180216083258/http://cwastes.skolbloggen.se:80/xmlrpc.php
raw_http_prefix,20180216083303,http://cwastes.skolbloggen.se:80/xmlrpc.php?rsd,200,text/xml,https://web.archive.org/web/20180216083303/http://cwastes.skolbloggen.se:80/xmlrpc.php?rsd
html_200_root,20180216083346,http://cwastes.skolbloggen.se:80/2010/12/,200,text/html,https://web.archive.org/web/20180216083346/http://cwastes.skolbloggen.se:80/2010/12/
html_200_root,20180216083351,http://cwastes.skolbloggen.se:80/2012/03/26/byt-ut-gammal-elutrustningen-pa-elprogrammen-i-gymnasieskolor/,200,text/html,https://web.archive.org/web/20180216083351/http://cwastes.skolbloggen.se:80/2012/03/26/byt-ut-gammal-elutrustningen-pa-elprogrammen-i-gymnasieskolor/
html_200_root,20180216083356,http://cwastes.skolbloggen.se:80/2012/03/29/hur-ar-en-bra-ledare/,200,text/html,https://web.archive.org/web/20180216083356/http://cwastes.skolbloggen.se:80/2012/03/29/hur-ar-en-bra-ledare/
html_200_root,20180216083401,http://cwastes.skolbloggen.se:80/2012/06/,200,text/html,https://web.archive.org/web/20180216083401/http://cwastes.skolbloggen.se:80/2012/06/
html_200_root,20180216083406,http://cwastes.skolbloggen.se:80/2013/06/,200,text/html,https://web.archive.org/web/20180216083406/http://cwastes.skolbloggen.se:80/2013/06/
html_200_root,20180216083411,http://cwastes.skolbloggen.se:80/category/humor/,200,text/html,https://web.archive.org/web/20180216083411/http://cwastes.skolbloggen.se:80/category/humor/
html_200_root,20180216083416,http://cwastes.skolbloggen.se:80/category/oppna-larresurser/,200,text/html,https://web.archive.org/web/20180216083416/http://cwastes.skolbloggen.se:80/category/oppna-larresurser/
html_200_root,20180216083421,http://cwastes.skolbloggen.se:80/tag/bildredigering/,200,text/html,https://web.archive.org/web/20180216083421/http://cwastes.skolbloggen.se:80/tag/bildredigering/
html_200_root,20180216083426,http://cwastes.skolbloggen.se:80/tag/blogg/,200,text/html,https://web.archive.org/web/20180216083426/http://cwastes.skolbloggen.se:80/tag/blogg/
html_200_root,20180216083431,http://cwastes.skolbloggen.se:80/tag/episkt-berattande/,200,text/html,https://web.archive.org/web/20180216083431/http://cwastes.skolbloggen.se:80/tag/episkt-berattande/
html_200_root,20180216083449,http://cwastes.skolbloggen.se:80/tag/skrivarskola/,200,text/html,https://web.archive.org/web/20180216083449/http://cwastes.skolbloggen.se:80/tag/skrivarskola/
html_200_root,20180216083529,http://cwastes.skolbloggen.se:80/tag/sprak/,200,text/html,https://web.archive.org/web/20180216083529/http://cwastes.skolbloggen.se:80/tag/sprak/
html_200_root,20180216083654,http://cwastes.skolbloggen.se:80/2010/10/,200,text/html,https://web.archive.org/web/20180216083654/http://cwastes.skolbloggen.se:80/2010/10/
html_200_root,20180216083659,http://cwastes.skolbloggen.se:80/2011/06/,200,text/html,https://web.archive.org/web/20180216083659/http://cwastes.skolbloggen.se:80/2011/06/
html_200_root,20180216083704,http://cwastes.skolbloggen.se:80/2012/06/05/vi-bor-idrotta-mer-an-vad-vi-gor-idag/,200,text/html,https://web.archive.org/web/20180216083704/http://cwastes.skolbloggen.se:80/2012/06/05/vi-bor-idrotta-mer-an-vad-vi-gor-idag/
html_200_root,20180216083709,http://cwastes.skolbloggen.se:80/category/gott-och-blandat/,200,text/html,https://web.archive.org/web/20180216083709/http://cwastes.skolbloggen.se:80/category/gott-och-blandat/
html_200_root,20180216083714,http://cwastes.skolbloggen.se:80/tag/engelska/,200,text/html,https://web.archive.org/web/20180216083714/http://cwastes.skolbloggen.se:80/tag/engelska/
html_200_root,20180216083719,http://cwastes.skolbloggen.se:80/tag/kommentarer/,200,text/html,https://web.archive.org/web/20180216083719/http://cwastes.skolbloggen.se:80/tag/kommentarer/
html_200_root,20180216083724,http://cwastes.skolbloggen.se:80/tag/youtube-klipp/,200,text/html,https://web.archive.org/web/20180216083724/http://cwastes.skolbloggen.se:80/tag/youtube-klipp/
raw_http_prefix,20180216083729,http://cwastes.skolbloggen.se:80/wp-json/oembed/1.0/embed?url=http://cwastes.skolbloggen.se/2010/12/20/vem-var-franz-kafka/&format=xml,200,text/xml,https://web.archive.org/web/20180216083729/http://cwastes.skolbloggen.se:80/wp-json/oembed/1.0/embed?url=http://cwastes.skolbloggen.se/2010/12/20/vem-var-franz-kafka/&format=xml
html_200_root,20180216083734,http://cwastes.skolbloggen.se:80/2010/08/,200,text/html,https://web.archive.org/web/20180216083734/http://cwastes.skolbloggen.se:80/2010/08/
html_200_root,20180216083739,http://cwastes.skolbloggen.se:80/2010/11/,200,text/html,https://web.archive.org/web/20180216083739/http://cwastes.skolbloggen.se:80/2010/11/
html_200_root,20180216083744,http://cwastes.skolbloggen.se:80/tag/instruktion/,200,text/html,https://web.archive.org/web/20180216083744/http://cwastes.skolbloggen.se:80/tag/instruktion/
html_200_root,20180216083749,http://cwastes.skolbloggen.se:80/wp-login.php,200,text/html,https://web.archive.org/web/20180216083749/http://cwastes.skolbloggen.se:80/wp-login.php
html_200_root,20180216083754,http://cwastes.skolbloggen.se:80/2010/12/19/vilhelm-moberg/comment-page-1/,200,text/html,https://web.archive.org/web/20180216083754/http://cwastes.skolbloggen.se:80/2010/12/19/vilhelm-moberg/comment-page-1/
html_200_root,20180216083759,http://cwastes.skolbloggen.se:80/2011/05/,200,text/html,https://web.archive.org/web/20180216083759/http://cwastes.skolbloggen.se:80/2011/05/
html_200_root,20180216083804,http://cwastes.skolbloggen.se:80/2012/03/29/mer-utbildning-for-praktikledare/comment-page-1/,200,text/html,https://web.archive.org/web/20180216083804/http://cwastes.skolbloggen.se:80/2012/03/29/mer-utbildning-for-praktikledare/comment-page-1/
html_200_root,20180216083810,http://cwastes.skolbloggen.se:80/2012/06/05/att-kopa-aktier-ar-inte-farligt/,200,text/html,https://web.archive.org/web/20180216083810/http://cwastes.skolbloggen.se:80/2012/06/05/att-kopa-aktier-ar-inte-farligt/
html_200_root,20180216083815,http://cwastes.skolbloggen.se:80/tag/blogga/,200,text/html,https://web.archive.org/web/20180216083815/http://cwastes.skolbloggen.se:80/tag/blogga/
html_200_root,20180216083820,http://cwastes.skolbloggen.se:80/tag/diskussion/,200,text/html,https://web.archive.org/web/20180216083820/http://cwastes.skolbloggen.se:80/tag/diskussion/
html_200_root,20180216083825,http://cwastes.skolbloggen.se:80/tag/film/,200,text/html,https://web.archive.org/web/20180216083825/http://cwastes.skolbloggen.se:80/tag/film/
html_200_root,20180216083830,http://cwastes.skolbloggen.se:80/tag/humor/,200,text/html,https://web.archive.org/web/20180216083830/http://cwastes.skolbloggen.se:80/tag/humor/
html_200_root,20180216083835,http://cwastes.skolbloggen.se:80/tag/sociala-medier/,200,text/html,https://web.archive.org/web/20180216083835/http://cwastes.skolbloggen.se:80/tag/sociala-medier/
html_200_root,20180216084002,http://cwastes.skolbloggen.se:80/2011/10/,200,text/html,https://web.archive.org/web/20180216084002/http://cwastes.skolbloggen.se:80/2011/10/
html_200_root,20180216084007,http://cwastes.skolbloggen.se:80/2012/03/29/mer-utbildning-for-praktikledare/,200,text/html,https://web.archive.org/web/20180216084007/http://cwastes.skolbloggen.se:80/2012/03/29/mer-utbildning-for-praktikledare/
html_200_root,20180216084422,http://cwastes.skolbloggen.se:80/2012/05/28/en-liten-garning-kan-gora-stor-skillnad/,200,text/html,https://web.archive.org/web/20180216084422/http://cwastes.skolbloggen.se:80/2012/05/28/en-liten-garning-kan-gora-stor-skillnad/
html_200_root,20180216084422,http://cwastes.skolbloggen.se:80/2012/06/07/hur-pantar-du/,200,text/html,https://web.archive.org/web/20180216084422/http://cwastes.skolbloggen.se:80/2012/06/07/hur-pantar-du/
html_200_root,20180216084427,http://cwastes.skolbloggen.se:80/tag/budskap/,200,text/html,https://web.archive.org/web/20180216084427/http://cwastes.skolbloggen.se:80/tag/budskap/
html_200_root,20180216084433,http://cwastes.skolbloggen.se:80/tag/domen/,200,text/html,https://web.archive.org/web/20180216084433/http://cwastes.skolbloggen.se:80/tag/domen/
html_200_root,20180216084438,http://cwastes.skolbloggen.se:80/tag/onlinespel/,200,text/html,https://web.archive.org/web/20180216084438/http://cwastes.skolbloggen.se:80/tag/onlinespel/
html_200_root,20180216084444,http://cwastes.skolbloggen.se:80/tag/utbildning/,200,text/html,https://web.archive.org/web/20180216084444/http://cwastes.skolbloggen.se:80/tag/utbildning/
raw_http_prefix,20180216084448,http://cwastes.skolbloggen.se:80/2010/12/20/vem-var-franz-kafka/feed/,200,application/rss+xml,https://web.archive.org/web/20180216084448/http://cwastes.skolbloggen.se:80/2010/12/20/vem-var-franz-kafka/feed/
html_200_root,20180216084454,http://cwastes.skolbloggen.se:80/2012/05/28/att-gor-varlden-battre/,200,text/html,https://web.archive.org/web/20180216084454/http://cwastes.skolbloggen.se:80/2012/05/28/att-gor-varlden-battre/
html_200_root,20180216084459,http://cwastes.skolbloggen.se:80/2012/06/05/mediciner-gor-mer-nytta-an-skada/,200,text/html,https://web.archive.org/web/20180216084459/http://cwastes.skolbloggen.se:80/2012/06/05/mediciner-gor-mer-nytta-an-skada/
html_200_root,20180216084504,http://cwastes.skolbloggen.se:80/2012/06/07/forgylla-nagons-vardag/,200,text/html,https://web.archive.org/web/20180216084504/http://cwastes.skolbloggen.se:80/2012/06/07/forgylla-nagons-vardag/
html_200_root,20180216084509,http://cwastes.skolbloggen.se:80/category/tema-genteknik/,200,text/html,https://web.archive.org/web/20180216084509/http://cwastes.skolbloggen.se:80/category/tema-genteknik/
html_200_root,20180216084524,http://cwastes.skolbloggen.se:80/tag/inlagg/,200,text/html,https://web.archive.org/web/20180216084524/http://cwastes.skolbloggen.se:80/tag/inlagg/
html_200_root,20180216084524,http://cwastes.skolbloggen.se:80/tag/kollektivtrafik/,200,text/html,https://web.archive.org/web/20180216084524/http://cwastes.skolbloggen.se:80/tag/kollektivtrafik/
html_200_root,20180216084718,http://cwastes.skolbloggen.se:80/,200,text/html,https://web.archive.org/web/20180216084718/http://cwastes.skolbloggen.se:80/
html_200_root,20180216084723,http://cwastes.skolbloggen.se:80/2012/05/08/mer-praktik-for-gymnasieelever/,200,text/html,https://web.archive.org/web/20180216084723/http://cwastes.skolbloggen.se:80/2012/05/08/mer-praktik-for-gymnasieelever/
html_200_root,20180216084743,http://cwastes.skolbloggen.se:80/2012/06/05/vi-bor-idrotta-mer-an-vad-vi-gor-idag/comment-page-1/,200,text/html,https://web.archive.org/web/20180216084743/http://cwastes.skolbloggen.se:80/2012/06/05/vi-bor-idrotta-mer-an-vad-vi-gor-idag/comment-page-1/
raw_http_prefix,20180216084815,http://cwastes.skolbloggen.se:80/feed/,200,application/rss+xml,https://web.archive.org/web/20180216084815/http://cwastes.skolbloggen.se:80/feed/
html_200_root,20180216084821,http://cwastes.skolbloggen.se:80/tag/kunskap/,200,text/html,https://web.archive.org/web/20180216084821/http://cwastes.skolbloggen.se:80/tag/kunskap/
html_200_root,20180216084951,http://cwastes.skolbloggen.se:80/2011/12/,200,text/html,https://web.archive.org/web/20180216084951/http://cwastes.skolbloggen.se:80/2011/12/
html_200_root,20180216084956,http://cwastes.skolbloggen.se:80/2012/03/26/lego-som-lego/,200,text/html,https://web.archive.org/web/20180216084956/http://cwastes.skolbloggen.se:80/2012/03/26/lego-som-lego/
html_200_root,20180216085001,http://cwastes.skolbloggen.se:80/2012/04/,200,text/html,https://web.archive.org/web/20180216085001/http://cwastes.skolbloggen.se:80/2012/04/
html_200_root,20180216085006,http://cwastes.skolbloggen.se:80/2012/06/05/infor-undervisning-om-arbetsratt/,200,text/html,https://web.archive.org/web/20180216085006/http://cwastes.skolbloggen.se:80/2012/06/05/infor-undervisning-om-arbetsratt/
html_200_root,20180216085011,http://cwastes.skolbloggen.se:80/category/instruktion/,200,text/html,https://web.archive.org/web/20180216085011/http://cwastes.skolbloggen.se:80/category/instruktion/
html_200_root,20180216085016,http://cwastes.skolbloggen.se:80/category/kom-igang-med-skolbloggen-se/,200,text/html,https://web.archive.org/web/20180216085016/http://cwastes.skolbloggen.se:80/category/kom-igang-med-skolbloggen-se/
html_200_root,20180216085021,http://cwastes.skolbloggen.se:80/category/tips/,200,text/html,https://web.archive.org/web/20180216085021/http://cwastes.skolbloggen.se:80/category/tips/
html_200_root,20180216085028,http://cwastes.skolbloggen.se:80/category/webbstjarnan/,200,text/html,https://web.archive.org/web/20180216085028/http://cwastes.skolbloggen.se:80/category/webbstjarnan/
html_200_root,20180216085051,http://cwastes.skolbloggen.se:80/tag/framfor-lagen/,200,text/html,https://web.archive.org/web/20180216085051/http://cwastes.skolbloggen.se:80/tag/framfor-lagen/
html_200_root,20180216085201,http://cwastes.skolbloggen.se:80/tag/tips/,200,text/html,https://web.archive.org/web/20180216085201/http://cwastes.skolbloggen.se:80/tag/tips/
html_200_root,20180216091252,http://cwastes.skolbloggen.se:80/2010/02/,200,text/html,https://web.archive.org/web/20180216091252/http://cwastes.skolbloggen.se:80/2010/02/
html_200_root,20180216091302,http://cwastes.skolbloggen.se:80/2012/03/20/kop-inte-klader-som-ar-tillverkade-av-barnarbetare/comment-page-1/,200,text/html,https://web.archive.org/web/20180216091302/http://cwastes.skolbloggen.se:80/2012/03/20/kop-inte-klader-som-ar-tillverkade-av-barnarbetare/comment-page-1/
html_200_root,20180216091326,http://cwastes.skolbloggen.se:80/2012/03/26/kop-inte-klader-som-ar-tillverkade-under-daliga-arbetsforhallanden/,200,text/html,https://web.archive.org/web/20180216091326/http://cwastes.skolbloggen.se:80/2012/03/26/kop-inte-klader-som-ar-tillverkade-under-daliga-arbetsforhallanden/
html_200_root,20180216091331,http://cwastes.skolbloggen.se:80/tag/den-forsvunne/,200,text/html,https://web.archive.org/web/20180216091331/http://cwastes.skolbloggen.se:80/tag/den-forsvunne/
html_200_root,20180216091448,http://cwastes.skolbloggen.se:80/2010/05/,200,text/html,https://web.archive.org/web/20180216091448/http://cwastes.skolbloggen.se:80/2010/05/
html_200_root,20180216091453,http://cwastes.skolbloggen.se:80/2012/05/,200,text/html,https://web.archive.org/web/20180216091453/http://cwastes.skolbloggen.se:80/2012/05/
html_200_root,20180216091458,http://cwastes.skolbloggen.se:80/tag/foto/,200,text/html,https://web.archive.org/web/20180216091458/http://cwastes.skolbloggen.se:80/tag/foto/
html_200_root,20180216091504,http://cwastes.skolbloggen.se:80/tag/ikt/,200,text/html,https://web.archive.org/web/20180216091504/http://cwastes.skolbloggen.se:80/tag/ikt/
html_200_root,20180216091509,http://cwastes.skolbloggen.se:80/tag/spel/,200,text/html,https://web.archive.org/web/20180216091509/http://cwastes.skolbloggen.se:80/tag/spel/
html_200_root,20180216091514,http://cwastes.skolbloggen.se:80/2011/10/25/med-hjartat-i-1940-talet/comment-page-1/,200,text/html,https://web.archive.org/web/20180216091514/http://cwastes.skolbloggen.se:80/2011/10/25/med-hjartat-i-1940-talet/comment-page-1/
html_200_root,20180216091519,http://cwastes.skolbloggen.se:80/2012/03/29/hogre-standard-pa-lararna/comment-page-1/,200,text/html,https://web.archive.org/web/20180216091519/http://cwastes.skolbloggen.se:80/2012/03/29/hogre-standard-pa-lararna/comment-page-1/
html_200_root,20180216091525,http://cwastes.skolbloggen.se:80/2012/06/05/svensk-vapenexport/,200,text/html,https://web.archive.org/web/20180216091525/http://cwastes.skolbloggen.se:80/2012/06/05/svensk-vapenexport/
html_200_root,20180216091529,http://cwastes.skolbloggen.se:80/category/okategoriserad/,200,text/html,https://web.archive.org/web/20180216091529/http://cwastes.skolbloggen.se:80/category/okategoriserad/
html_200_root,20180216091534,http://cwastes.skolbloggen.se:80/tag/franz-kafka/,200,text/html,https://web.archive.org/web/20180216091534/http://cwastes.skolbloggen.se:80/tag/franz-kafka/
html_200_root,20180216091539,http://cwastes.skolbloggen.se:80/tag/internet/,200,text/html,https://web.archive.org/web/20180216091539/http://cwastes.skolbloggen.se:80/tag/internet/
html_200_root,20180216091544,http://cwastes.skolbloggen.se:80/tag/louise/,200,text/html,https://web.archive.org/web/20180216091544/http://cwastes.skolbloggen.se:80/tag/louise/
html_200_root,20180216091549,http://cwastes.skolbloggen.se:80/tag/studier/,200,text/html,https://web.archive.org/web/20180216091549/http://cwastes.skolbloggen.se:80/tag/studier/
html_200_root,20180216091554,http://cwastes.skolbloggen.se:80/tag/twitter/,200,text/html,https://web.archive.org/web/20180216091554/http://cwastes.skolbloggen.se:80/tag/twitter/
raw_http_prefix,20180216091559,http://cwastes.skolbloggen.se:80/wp-includes/wlwmanifest.xml,200,application/xml,https://web.archive.org/web/20180216091559/http://cwastes.skolbloggen.se:80/wp-includes/wlwmanifest.xml
html_200_root,20180216091905,http://cwastes.skolbloggen.se:80/2010/03/,200,text/html,https://web.archive.org/web/20180216091905/http://cwastes.skolbloggen.se:80/2010/03/
html_200_root,20180216093218,http://cwastes.skolbloggen.se:80/2010/09/,200,text/html,https://web.archive.org/web/20180216093218/http://cwastes.skolbloggen.se:80/2010/09/
html_200_root,20180216093223,http://cwastes.skolbloggen.se:80/2011/10/27/inre-och-yttre-resor/comment-page-1/,200,text/html,https://web.archive.org/web/20180216093223/http://cwastes.skolbloggen.se:80/2011/10/27/inre-och-yttre-resor/comment-page-1/
raw_http_prefix,20180216093228,http://cwastes.skolbloggen.se:80/comments/feed/,200,application/rss+xml,https://web.archive.org/web/20180216093228/http://cwastes.skolbloggen.se:80/comments/feed/
html_200_root,20180216093233,http://cwastes.skolbloggen.se:80/om/,200,text/html,https://web.archive.org/web/20180216093233/http://cwastes.skolbloggen.se:80/om/
html_200_root,20180216093238,http://cwastes.skolbloggen.se:80/tag/embryogallring/,200,text/html,https://web.archive.org/web/20180216093238/http://cwastes.skolbloggen.se:80/tag/embryogallring/
html_200_root,20180216093243,http://cwastes.skolbloggen.se:80/tag/matematik/,200,text/html,https://web.archive.org/web/20180216093243/http://cwastes.skolbloggen.se:80/tag/matematik/
html_200_root,20180216093249,http://cwastes.skolbloggen.se:80/tag/max-brod/,200,text/html,https://web.archive.org/web/20180216093249/http://cwastes.skolbloggen.se:80/tag/max-brod/
html_200_root,20180216093254,http://cwastes.skolbloggen.se:80/tag/processen/,200,text/html,https://web.archive.org/web/20180216093254/http://cwastes.skolbloggen.se:80/tag/processen/
html_200_root,20180216093259,http://cwastes.skolbloggen.se:80/tag/youtube/,200,text/html,https://web.archive.org/web/20180216093259/http://cwastes.skolbloggen.se:80/tag/youtube/
raw_http_prefix,20180216093402,http://cwastes.skolbloggen.se:80/wp-json/,200,application/json,https://web.archive.org/web/20180216093402/http://cwastes.skolbloggen.se:80/wp-json/
raw_http_prefix,20180217041449,http://cwastes.skolbloggen.se:80/2012/04/26/sank-priserna-pa-kollektivtrafiken,301,text/html,https://web.archive.org/web/20180217041449/http://cwastes.skolbloggen.se:80/2012/04/26/sank-priserna-pa-kollektivtrafiken
html_200_root,20180217041449,http://cwastes.skolbloggen.se:80/2012/04/26/sank-priserna-pa-kollektivtrafiken/,200,text/html,https://web.archive.org/web/20180217041449/http://cwastes.skolbloggen.se:80/2012/04/26/sank-priserna-pa-kollektivtrafiken/
html_200_root,20180217235133,http://cwastes.skolbloggen.se:80/,200,text/html,https://web.archive.org/web/20180217235133/http://cwastes.skolbloggen.se:80/
html_200_root,20180217235138,http://cwastes.skolbloggen.se:80/2012/03/,200,text/html,https://web.archive.org/web/20180217235138/http://cwastes.skolbloggen.se:80/2012/03/
html_200_root,20180217235143,http://cwastes.skolbloggen.se:80/2012/05/28/att-gora-varlden-till-en-battre-plats/,200,text/html,https://web.archive.org/web/20180217235143/http://cwastes.skolbloggen.se:80/2012/05/28/att-gora-varlden-till-en-battre-plats/
html_200_root,20180217235148,http://cwastes.skolbloggen.se:80/category/gott-och-blandat/,200,text/html,https://web.archive.org/web/20180217235148/http://cwastes.skolbloggen.se:80/category/gott-och-blandat/
raw_http_prefix,20180217235153,http://cwastes.skolbloggen.se:80/feed/,200,application/rss+xml,https://web.archive.org/web/20180217235153/http://cwastes.skolbloggen.se:80/feed/
html_200_root,20180217235158,http://cwastes.skolbloggen.se:80/tag/blogga/,200,text/html,https://web.archive.org/web/20180217235158/http://cwastes.skolbloggen.se:80/tag/blogga/
html_200_root,20180217235203,http://cwastes.skolbloggen.se:80/tag/svenska/,200,text/html,https://web.archive.org/web/20180217235203/http://cwastes.skolbloggen.se:80/tag/svenska/
html_200_root,20180217235208,http://cwastes.skolbloggen.se:80/tag/tips/,200,text/html,https://web.archive.org/web/20180217235208/http://cwastes.skolbloggen.se:80/tag/tips/
html_200_root,20180217235213,http://cwastes.skolbloggen.se:80/tag/youtube/,200,text/html,https://web.archive.org/web/20180217235213/http://cwastes.skolbloggen.se:80/tag/youtube/
html_200_root,20180217235318,http://cwastes.skolbloggen.se:80/2010/12/,200,text/html,https://web.archive.org/web/20180217235318/http://cwastes.skolbloggen.se:80/2010/12/
html_200_root,20180217235323,http://cwastes.skolbloggen.se:80/2012/03/20/kop-inte-klader-som-ar-tillverkade-av-barnarbetare/comment-page-1/,200,text/html,https://web.archive.org/web/20180217235323/http://cwastes.skolbloggen.se:80/2012/03/20/kop-inte-klader-som-ar-tillverkade-av-barnarbetare/comment-page-1/
html_200_root,20180217235328,http://cwastes.skolbloggen.se:80/2012/03/29/hogre-standard-pa-lararna/,200,text/html,https://web.archive.org/web/20180217235328/http://cwastes.skolbloggen.se:80/2012/03/29/hogre-standard-pa-lararna/
html_200_root,20180217235333,http://cwastes.skolbloggen.se:80/2012/06/,200,text/html,https://web.archive.org/web/20180217235333/http://cwastes.skolbloggen.se:80/2012/06/
html_200_root,20180217235339,http://cwastes.skolbloggen.se:80/category/humor/,200,text/html,https://web.archive.org/web/20180217235339/http://cwastes.skolbloggen.se:80/category/humor/
raw_http_prefix,20180217235343,http://cwastes.skolbloggen.se:80/comments/feed/,200,application/rss+xml,https://web.archive.org/web/20180217235343/http://cwastes.skolbloggen.se:80/comments/feed/
html_200_root,20180217235348,http://cwastes.skolbloggen.se:80/tag/upplysningstiden/,200,text/html,https://web.archive.org/web/20180217235348/http://cwastes.skolbloggen.se:80/tag/upplysningstiden/
html_200_root,20180217235507,http://cwastes.skolbloggen.se:80/2010/06/,200,text/html,https://web.archive.org/web/20180217235507/http://cwastes.skolbloggen.se:80/2010/06/
html_200_root,20180217235514,http://cwastes.skolbloggen.se:80/2011/01/,200,text/html,https://web.archive.org/web/20180217235514/http://cwastes.skolbloggen.se:80/2011/01/
html_200_root,20180217235519,http://cwastes.skolbloggen.se:80/2011/05/,200,text/html,https://web.archive.org/web/20180217235519/http://cwastes.skolbloggen.se:80/2011/05/
html_200_root,20180217235524,http://cwastes.skolbloggen.se:80/2011/09/,200,text/html,https://web.archive.org/web/20180217235524/http://cwastes.skolbloggen.se:80/2011/09/
html_200_root,20180217235529,http://cwastes.skolbloggen.se:80/2012/03/29/hur-ar-en-bra-ledare/,200,text/html,https://web.archive.org/web/20180217235529/http://cwastes.skolbloggen.se:80/2012/03/29/hur-ar-en-bra-ledare/
html_200_root,20180217235534,http://cwastes.skolbloggen.se:80/category/oppna-larresurser/,200,text/html,https://web.archive.org/web/20180217235534/http://cwastes.skolbloggen.se:80/category/oppna-larresurser/
html_200_root,20180217235539,http://cwastes.skolbloggen.se:80/om/,200,text/html,https://web.archive.org/web/20180217235539/http://cwastes.skolbloggen.se:80/om/
html_200_root,20180217235544,http://cwastes.skolbloggen.se:80/tag/instruktion/,200,text/html,https://web.archive.org/web/20180217235544/http://cwastes.skolbloggen.se:80/tag/instruktion/
html_200_root,20180217235550,http://cwastes.skolbloggen.se:80/tag/skonlitteratur/,200,text/html,https://web.archive.org/web/20180217235550/http://cwastes.skolbloggen.se:80/tag/skonlitteratur/
html_200_root,20180217235555,http://cwastes.skolbloggen.se:80/tag/twitter/,200,text/html,https://web.archive.org/web/20180217235555/http://cwastes.skolbloggen.se:80/tag/twitter/
html_200_root,20180217235636,http://cwastes.skolbloggen.se:80/2010/04/,200,text/html,https://web.archive.org/web/20180217235636/http://cwastes.skolbloggen.se:80/2010/04/
html_200_root,20180217235641,http://cwastes.skolbloggen.se:80/2011/10/25/med-hjartat-i-1940-talet/comment-page-1/,200,text/html,https://web.archive.org/web/20180217235641/http://cwastes.skolbloggen.se:80/2011/10/25/med-hjartat-i-1940-talet/comment-page-1/
html_200_root,20180217235646,http://cwastes.skolbloggen.se:80/tag/skrivarskola/,200,text/html,https://web.archive.org/web/20180217235646/http://cwastes.skolbloggen.se:80/tag/skrivarskola/
html_200_root,20180217235651,http://cwastes.skolbloggen.se:80/tag/wordle/,200,text/html,https://web.archive.org/web/20180217235651/http://cwastes.skolbloggen.se:80/tag/wordle/
html_200_root,20180217235726,http://cwastes.skolbloggen.se:80/2010/02/,200,text/html,https://web.archive.org/web/20180217235726/http://cwastes.skolbloggen.se:80/2010/02/
html_200_root,20180217235731,http://cwastes.skolbloggen.se:80/2011/12/,200,text/html,https://web.archive.org/web/20180217235731/http://cwastes.skolbloggen.se:80/2011/12/
html_200_root,20180217235737,http://cwastes.skolbloggen.se:80/2012/06/05/infor-undervisning-om-arbetsratt/,200,text/html,https://web.archive.org/web/20180217235737/http://cwastes.skolbloggen.se:80/2012/06/05/infor-undervisning-om-arbetsratt/
html_200_root,20180217235742,http://cwastes.skolbloggen.se:80/2012/10/16/hur-kan-vi-gora-varlden-battre-elevtext/,200,text/html,https://web.archive.org/web/20180217235742/http://cwastes.skolbloggen.se:80/2012/10/16/hur-kan-vi-gora-varlden-battre-elevtext/
html_200_root,20180217235747,http://cwastes.skolbloggen.se:80/tag/budskap/,200,text/html,https://web.archive.org/web/20180217235747/http://cwastes.skolbloggen.se:80/tag/budskap/
html_200_root,20180217235752,http://cwastes.skolbloggen.se:80/tag/humor/,200,text/html,https://web.archive.org/web/20180217235752/http://cwastes.skolbloggen.se:80/tag/humor/
html_200_root,20180217235759,http://cwastes.skolbloggen.se:80/tag/internet/,200,text/html,https://web.archive.org/web/20180217235759/http://cwastes.skolbloggen.se:80/tag/internet/
html_200_root,20180218000317,http://cwastes.skolbloggen.se:80/tag/kunskap/,200,text/html,https://web.archive.org/web/20180218000317/http://cwastes.skolbloggen.se:80/tag/kunskap/
html_200_root,20180218000318,http://cwastes.skolbloggen.se:80/tag/utbildning/,200,text/html,https://web.archive.org/web/20180218000318/http://cwastes.skolbloggen.se:80/tag/utbildning/
html_200_root,20180218000418,http://cwastes.skolbloggen.se:80/2012/05/28/anonyma-brev/,200,text/html,https://web.archive.org/web/20180218000418/http://cwastes.skolbloggen.se:80/2012/05/28/anonyma-brev/
html_200_root,20180218000423,http://cwastes.skolbloggen.se:80/category/diskussionreflektion/,200,text/html,https://web.archive.org/web/20180218000423/http://cwastes.skolbloggen.se:80/category/diskussionreflektion/
html_200_root,20180218000428,http://cwastes.skolbloggen.se:80/category/okategoriserad/,200,text/html,https://web.archive.org/web/20180218000428/http://cwastes.skolbloggen.se:80/category/okategoriserad/
html_200_root,20180218000434,http://cwastes.skolbloggen.se:80/tag/politik/,200,text/html,https://web.archive.org/web/20180218000434/http://cwastes.skolbloggen.se:80/tag/politik/
html_200_root,20180218000826,http://cwastes.skolbloggen.se:80/2010/03/,200,text/html,https://web.archive.org/web/20180218000826/http://cwastes.skolbloggen.se:80/2010/03/
html_200_root,20180218000831,http://cwastes.skolbloggen.se:80/2010/11/,200,text/html,https://web.archive.org/web/20180218000831/http://cwastes.skolbloggen.se:80/2010/11/
html_200_root,20180218000836,http://cwastes.skolbloggen.se:80/2012/03/29/hogre-standard-pa-lararna/comment-page-1/,200,text/html,https://web.archive.org/web/20180218000836/http://cwastes.skolbloggen.se:80/2012/03/29/hogre-standard-pa-lararna/comment-page-1/
html_200_root,20180218000841,http://cwastes.skolbloggen.se:80/2012/04/,200,text/html,https://web.archive.org/web/20180218000841/http://cwastes.skolbloggen.se:80/2012/04/
html_200_root,20180218000847,http://cwastes.skolbloggen.se:80/2012/05/28/en-liten-garning-kan-gora-stor-skillnad/,200,text/html,https://web.archive.org/web/20180218000847/http://cwastes.skolbloggen.se:80/2012/05/28/en-liten-garning-kan-gora-stor-skillnad/
html_200_root,20180218000852,http://cwastes.skolbloggen.se:80/2012/06/07/forgylla-nagons-vardag/,200,text/html,https://web.archive.org/web/20180218000852/http://cwastes.skolbloggen.se:80/2012/06/07/forgylla-nagons-vardag/
html_200_root,20180218000857,http://cwastes.skolbloggen.se:80/category/tema-resor/,200,text/html,https://web.archive.org/web/20180218000857/http://cwastes.skolbloggen.se:80/category/tema-resor/
html_200_root,20180218000901,http://cwastes.skolbloggen.se:80/tag/ikt/,200,text/html,https://web.archive.org/web/20180218000901/http://cwastes.skolbloggen.se:80/tag/ikt/
html_200_root,20180218000910,http://cwastes.skolbloggen.se:80/tag/kollektivtrafik/,200,text/html,https://web.archive.org/web/20180218000910/http://cwastes.skolbloggen.se:80/tag/kollektivtrafik/
raw_http_prefix,20180218162242,http://cwastes.skolbloggen.se:80/2011/10/13/frankenstein-bokpresentation/comment-page-1,301,text/html,https://web.archive.org/web/20180218162242/http://cwastes.skolbloggen.se:80/2011/10/13/frankenstein-bokpresentation/comment-page-1
html_200_root,20180218162242,http://cwastes.skolbloggen.se:80/2011/10/13/frankenstein-bokpresentation/comment-page-1/,200,text/html,https://web.archive.org/web/20180218162242/http://cwastes.skolbloggen.se:80/2011/10/13/frankenstein-bokpresentation/comment-page-1/
html_200_root,20180220104828,http://cwastes.skolbloggen.se:80/2010/12/19/vilhelm-moberg/comment-page-1/,200,text/html,https://web.archive.org/web/20180220104828/http://cwastes.skolbloggen.se:80/2010/12/19/vilhelm-moberg/comment-page-1/
html_200_root,20180220104833,http://cwastes.skolbloggen.se:80/2012/03/26/kop-inte-klader-som-ar-tillverkade-under-daliga-arbetsforhallanden/,200,text/html,https://web.archive.org/web/20180220104833/http://cwastes.skolbloggen.se:80/2012/03/26/kop-inte-klader-som-ar-tillverkade-under-daliga-arbetsforhallanden/
html_200_root,20180220104838,http://cwastes.skolbloggen.se:80/2012/06/07/hur-pantar-du/,200,text/html,https://web.archive.org/web/20180220104838/http://cwastes.skolbloggen.se:80/2012/06/07/hur-pantar-du/
html_200_root,20180220104843,http://cwastes.skolbloggen.se:80/category/forbattra-varlden/,200,text/html,https://web.archive.org/web/20180220104843/http://cwastes.skolbloggen.se:80/category/forbattra-varlden/
html_200_root,20180220104848,http://cwastes.skolbloggen.se:80/category/tema-genteknik/,200,text/html,https://web.archive.org/web/20180220104848/http://cwastes.skolbloggen.se:80/category/tema-genteknik/
html_200_root,20180220104853,http://cwastes.skolbloggen.se:80/tag/engelska/,200,text/html,https://web.archive.org/web/20180220104853/http://cwastes.skolbloggen.se:80/tag/engelska/
html_200_root,20180220104858,http://cwastes.skolbloggen.se:80/tag/kunskapssyn/,200,text/html,https://web.archive.org/web/20180220104858/http://cwastes.skolbloggen.se:80/tag/kunskapssyn/
html_200_root,20180220105230,http://cwastes.skolbloggen.se:80/2010/12/20/john-steinbeck/comment-page-1/,200,text/html,https://web.archive.org/web/20180220105230/http://cwastes.skolbloggen.se:80/2010/12/20/john-steinbeck/comment-page-1/
html_200_root,20180220105235,http://cwastes.skolbloggen.se:80/2012/03/29/mer-utbildning-for-praktikledare/,200,text/html,https://web.archive.org/web/20180220105235/http://cwastes.skolbloggen.se:80/2012/03/29/mer-utbildning-for-praktikledare/
html_200_root,20180220110236,http://cwastes.skolbloggen.se:80/2012/05/08/mer-praktik-for-gymnasieelever/,200,text/html,https://web.archive.org/web/20180220110236/http://cwastes.skolbloggen.se:80/2012/05/08/mer-praktik-for-gymnasieelever/
html_200_root,20180220110241,http://cwastes.skolbloggen.se:80/tag/bildredigering/,200,text/html,https://web.archive.org/web/20180220110241/http://cwastes.skolbloggen.se:80/tag/bildredigering/
html_200_root,20180220110246,http://cwastes.skolbloggen.se:80/tag/diskussion/,200,text/html,https://web.archive.org/web/20180220110246/http://cwastes.skolbloggen.se:80/tag/diskussion/
html_200_root,20180220110252,http://cwastes.skolbloggen.se:80/tag/episkt-berattande/,200,text/html,https://web.archive.org/web/20180220110252/http://cwastes.skolbloggen.se:80/tag/episkt-berattande/
html_200_root,20180220110257,http://cwastes.skolbloggen.se:80/tag/facebook/,200,text/html,https://web.archive.org/web/20180220110257/http://cwastes.skolbloggen.se:80/tag/facebook/
html_200_root,20180220110302,http://cwastes.skolbloggen.se:80/tag/genteknik/,200,text/html,https://web.archive.org/web/20180220110302/http://cwastes.skolbloggen.se:80/tag/genteknik/
html_200_root,20180220110336,http://cwastes.skolbloggen.se:80/2012/05/28/ler-du-sa-ler-varlden-tillbaka/,200,text/html,https://web.archive.org/web/20180220110336/http://cwastes.skolbloggen.se:80/2012/05/28/ler-du-sa-ler-varlden-tillbaka/
html_200_root,20180220110341,http://cwastes.skolbloggen.se:80/2013/06/,200,text/html,https://web.archive.org/web/20180220110341/http://cwastes.skolbloggen.se:80/2013/06/
html_200_root,20180220110345,http://cwastes.skolbloggen.se:80/tag/embryogallring/,200,text/html,https://web.archive.org/web/20180220110345/http://cwastes.skolbloggen.se:80/tag/embryogallring/
html_200_root,20180220110351,http://cwastes.skolbloggen.se:80/tag/film/,200,text/html,https://web.archive.org/web/20180220110351/http://cwastes.skolbloggen.se:80/tag/film/
html_200_root,20180220110355,http://cwastes.skolbloggen.se:80/tag/livslangt-larande/,200,text/html,https://web.archive.org/web/20180220110355/http://cwastes.skolbloggen.se:80/tag/livslangt-larande/
html_200_root,20180220110401,http://cwastes.skolbloggen.se:80/tag/onlinespel/,200,text/html,https://web.archive.org/web/20180220110401/http://cwastes.skolbloggen.se:80/tag/onlinespel/
html_200_root,20180220110406,http://cwastes.skolbloggen.se:80/tag/sociala-medier/,200,text/html,https://web.archive.org/web/20180220110406/http://cwastes.skolbloggen.se:80/tag/sociala-medier/
html_200_root,20180220110416,http://cwastes.skolbloggen.se:80/tag/spel/,200,text/html,https://web.archive.org/web/20180220110416/http://cwastes.skolbloggen.se:80/tag/spel/
raw_http_prefix,20180220110423,http://cwastes.skolbloggen.se:80/xmlrpc.php,405,text/plain,https://web.archive.org/web/20180220110423/http://cwastes.skolbloggen.se:80/xmlrpc.php
html_200_root,20180220110726,http://cwastes.skolbloggen.se:80/2011/10/27/inre-och-yttre-resor/comment-page-1/,200,text/html,https://web.archive.org/web/20180220110726/http://cwastes.skolbloggen.se:80/2011/10/27/inre-och-yttre-resor/comment-page-1/
html_200_root,20180220110731,http://cwastes.skolbloggen.se:80/2012/03/26/lego-som-lego/,200,text/html,https://web.archive.org/web/20180220110731/http://cwastes.skolbloggen.se:80/2012/03/26/lego-som-lego/
html_200_root,20180220110829,http://cwastes.skolbloggen.se:80/2010/10/,200,text/html,https://web.archive.org/web/20180220110829/http://cwastes.skolbloggen.se:80/2010/10/
html_200_root,20180220110834,http://cwastes.skolbloggen.se:80/2012/05/,200,text/html,https://web.archive.org/web/20180220110834/http://cwastes.skolbloggen.se:80/2012/05/
html_200_root,20180220110839,http://cwastes.skolbloggen.se:80/category/kom-igang-med-skolbloggen-se/,200,text/html,https://web.archive.org/web/20180220110839/http://cwastes.skolbloggen.se:80/category/kom-igang-med-skolbloggen-se/
html_200_root,20180220110844,http://cwastes.skolbloggen.se:80/tag/blogg/,200,text/html,https://web.archive.org/web/20180220110844/http://cwastes.skolbloggen.se:80/tag/blogg/
html_200_root,20180220110850,http://cwastes.skolbloggen.se:80/tag/louise/,200,text/html,https://web.archive.org/web/20180220110850/http://cwastes.skolbloggen.se:80/tag/louise/
html_200_root,20180220111328,http://cwastes.skolbloggen.se:80/2011/06/,200,text/html,https://web.archive.org/web/20180220111328/http://cwastes.skolbloggen.se:80/2011/06/
html_200_root,20180220111333,http://cwastes.skolbloggen.se:80/2012/06/05/svensk-vapenexport/,200,text/html,https://web.archive.org/web/20180220111333/http://cwastes.skolbloggen.se:80/2012/06/05/svensk-vapenexport/
html_200_root,20180220111338,http://cwastes.skolbloggen.se:80/category/ikt-verktyg/,200,text/html,https://web.archive.org/web/20180220111338/http://cwastes.skolbloggen.se:80/category/ikt-verktyg/
html_200_root,20180220111343,http://cwastes.skolbloggen.se:80/category/teater/,200,text/html,https://web.archive.org/web/20180220111343/http://cwastes.skolbloggen.se:80/category/teater/
html_200_root,20180220111348,http://cwastes.skolbloggen.se:80/category/webbstjarnan/,200,text/html,https://web.archive.org/web/20180220111348/http://cwastes.skolbloggen.se:80/category/webbstjarnan/
html_200_root,20180220111353,http://cwastes.skolbloggen.se:80/tag/affarside/,200,text/html,https://web.archive.org/web/20180220111353/http://cwastes.skolbloggen.se:80/tag/affarside/
html_200_root,20180220111402,http://cwastes.skolbloggen.se:80/tag/foto/,200,text/html,https://web.archive.org/web/20180220111402/http://cwastes.skolbloggen.se:80/tag/foto/
html_200_root,20180220111407,http://cwastes.skolbloggen.se:80/tag/kommentarer/,200,text/html,https://web.archive.org/web/20180220111407/http://cwastes.skolbloggen.se:80/tag/kommentarer/
html_200_root,20180220112133,http://cwastes.skolbloggen.se:80/2012/06/05/att-kopa-aktier-ar-inte-farligt/,200,text/html,https://web.archive.org/web/20180220112133/http://cwastes.skolbloggen.se:80/2012/06/05/att-kopa-aktier-ar-inte-farligt/
html_200_root,20180220112140,http://cwastes.skolbloggen.se:80/tag/inlagg/,200,text/html,https://web.archive.org/web/20180220112140/http://cwastes.skolbloggen.se:80/tag/inlagg/
html_200_root,20180220112145,http://cwastes.skolbloggen.se:80/tag/skola/,200,text/html,https://web.archive.org/web/20180220112145/http://cwastes.skolbloggen.se:80/tag/skola/
html_200_root,20180220112150,http://cwastes.skolbloggen.se:80/wp-login.php,200,text/html,https://web.archive.org/web/20180220112150/http://cwastes.skolbloggen.se:80/wp-login.php
raw_http_prefix,20180220112155,http://cwastes.skolbloggen.se:80/xmlrpc.php?rsd,200,text/xml,https://web.archive.org/web/20180220112155/http://cwastes.skolbloggen.se:80/xmlrpc.php?rsd
html_200_root,20180220112402,http://cwastes.skolbloggen.se:80/2010/01/,200,text/html,https://web.archive.org/web/20180220112402/http://cwastes.skolbloggen.se:80/2010/01/
html_200_root,20180220112408,http://cwastes.skolbloggen.se:80/category/instruktion/,200,text/html,https://web.archive.org/web/20180220112408/http://cwastes.skolbloggen.se:80/category/instruktion/
html_200_root,20180220112430,http://cwastes.skolbloggen.se:80/tag/forfattare/,200,text/html,https://web.archive.org/web/20180220112430/http://cwastes.skolbloggen.se:80/tag/forfattare/
html_200_root,20180220112445,http://cwastes.skolbloggen.se:80/2010/07/,200,text/html,https://web.archive.org/web/20180220112445/http://cwastes.skolbloggen.se:80/2010/07/
html_200_root,20180220112450,http://cwastes.skolbloggen.se:80/2010/08/,200,text/html,https://web.archive.org/web/20180220112450/http://cwastes.skolbloggen.se:80/2010/08/
html_200_root,20180220112456,http://cwastes.skolbloggen.se:80/2010/09/,200,text/html,https://web.archive.org/web/20180220112456/http://cwastes.skolbloggen.se:80/2010/09/
html_200_root,20180220112501,http://cwastes.skolbloggen.se:80/2012/03/20/kollektivavtal-borde-vara-en-sjalvklarhet/,200,text/html,https://web.archive.org/web/20180220112501/http://cwastes.skolbloggen.se:80/2012/03/20/kollektivavtal-borde-vara-en-sjalvklarhet/
html_200_root,20180220112506,http://cwastes.skolbloggen.se:80/2012/03/29/mer-utbildning-for-praktikledare/comment-page-1/,200,text/html,https://web.archive.org/web/20180220112506/http://cwastes.skolbloggen.se:80/2012/03/29/mer-utbildning-for-praktikledare/comment-page-1/
html_200_root,20180220112511,http://cwastes.skolbloggen.se:80/2012/05/28/att-gor-varlden-battre/,200,text/html,https://web.archive.org/web/20180220112511/http://cwastes.skolbloggen.se:80/2012/05/28/att-gor-varlden-battre/
html_200_root,20180220112518,http://cwastes.skolbloggen.se:80/2012/05/28/hur-kan-vi-forandra-varlden-till-det-battre/,200,text/html,https://web.archive.org/web/20180220112518/http://cwastes.skolbloggen.se:80/2012/05/28/hur-kan-vi-forandra-varlden-till-det-battre/
html_200_root,20180220112524,http://cwastes.skolbloggen.se:80/category/tips/,200,text/html,https://web.archive.org/web/20180220112524/http://cwastes.skolbloggen.se:80/category/tips/
raw_http_prefix,20180220112538,http://cwastes.skolbloggen.se:80/wp-includes/wlwmanifest.xml,200,application/xml,https://web.archive.org/web/20180220112538/http://cwastes.skolbloggen.se:80/wp-includes/wlwmanifest.xml
html_200_root,20180220113413,http://cwastes.skolbloggen.se:80/2012/06/05/vi-bor-idrotta-mer-an-vad-vi-gor-idag/,200,text/html,https://web.archive.org/web/20180220113413/http://cwastes.skolbloggen.se:80/2012/06/05/vi-bor-idrotta-mer-an-vad-vi-gor-idag/
html_200_root,20180220113458,http://cwastes.skolbloggen.se:80/tag/sprak/,200,text/html,https://web.archive.org/web/20180220113458/http://cwastes.skolbloggen.se:80/tag/sprak/
html_200_root,20180220113845,http://cwastes.skolbloggen.se:80/2011/11/,200,text/html,https://web.archive.org/web/20180220113845/http://cwastes.skolbloggen.se:80/2011/11/
html_200_root,20180220113852,http://cwastes.skolbloggen.se:80/2010/05/,200,text/html,https://web.archive.org/web/20180220113852/http://cwastes.skolbloggen.se:80/2010/05/
html_200_root,20180220113857,http://cwastes.skolbloggen.se:80/2012/03/26/byt-ut-gammal-elutrustningen-pa-elprogrammen-i-gymnasieskolor/,200,text/html,https://web.archive.org/web/20180220113857/http://cwastes.skolbloggen.se:80/2012/03/26/byt-ut-gammal-elutrustningen-pa-elprogrammen-i-gymnasieskolor/
html_200_root,20180220113902,http://cwastes.skolbloggen.se:80/2012/06/05/vi-bor-idrotta-mer-an-vad-vi-gor-idag/comment-page-1/,200,text/html,https://web.archive.org/web/20180220113902/http://cwastes.skolbloggen.se:80/2012/06/05/vi-bor-idrotta-mer-an-vad-vi-gor-idag/comment-page-1/
html_200_root,20180220113908,http://cwastes.skolbloggen.se:80/category/tema-klassiker-romaner/,200,text/html,https://web.archive.org/web/20180220113908/http://cwastes.skolbloggen.se:80/category/tema-klassiker-romaner/
html_200_root,20180220114131,http://cwastes.skolbloggen.se:80/2011/10/,200,text/html,https://web.archive.org/web/20180220114131/http://cwastes.skolbloggen.se:80/2011/10/
html_200_root,20180220114132,http://cwastes.skolbloggen.se:80/2012/06/05/mediciner-gor-mer-nytta-an-skada/,200,text/html,https://web.archive.org/web/20180220114132/http://cwastes.skolbloggen.se:80/2012/06/05/mediciner-gor-mer-nytta-an-skada/
html_200_root,20180220114136,http://cwastes.skolbloggen.se:80/2012/10/,200,text/html,https://web.archive.org/web/20180220114136/http://cwastes.skolbloggen.se:80/2012/10/
html_200_root,20180220114150,http://cwastes.skolbloggen.se:80/tag/youtube-klipp/,200,text/html,https://web.archive.org/web/20180220114150/http://cwastes.skolbloggen.se:80/tag/youtube-klipp/
html_200_root,20180220114257,http://cwastes.skolbloggen.se:80/2011/10/07/1561/comment-page-1/,200,text/html,https://web.archive.org/web/20180220114257/http://cwastes.skolbloggen.se:80/2011/10/07/1561/comment-page-1/
html_200_root,20180220114304,http://cwastes.skolbloggen.se:80/tag/gratis/,200,text/html,https://web.archive.org/web/20180220114304/http://cwastes.skolbloggen.se:80/tag/gratis/
html_200_root,20180220114309,http://cwastes.skolbloggen.se:80/tag/studier/,200,text/html,https://web.archive.org/web/20180220114309/http://cwastes.skolbloggen.se:80/tag/studier/
raw_http_prefix,20180220114321,http://cwastes.skolbloggen.se:80/wp-json/,200,application/json,https://web.archive.org/web/20180220114321/http://cwastes.skolbloggen.se:80/wp-json/
html_200_root,20180220114513,http://cwastes.skolbloggen.se:80/category/netikett/,200,text/html,https://web.archive.org/web/20180220114513/http://cwastes.skolbloggen.se:80/category/netikett/
html_200_root,20180220114520,http://cwastes.skolbloggen.se:80/tag/matematik/,200,text/html,https://web.archive.org/web/20180220114520/http://cwastes.skolbloggen.se:80/tag/matematik/
html_200_root,20180220114526,http://cwastes.skolbloggen.se:80/tag/skolbloggen-se/,200,text/html,https://web.archive.org/web/20180220114526/http://cwastes.skolbloggen.se:80/tag/skolbloggen-se/
html_200_root,20180228155251,http://cwastes.skolbloggen.se:80/2010/11/11/ingen-radsla/comment-page-1/,200,text/html,https://web.archive.org/web/20180228155251/http://cwastes.skolbloggen.se:80/2010/11/11/ingen-radsla/comment-page-1/
html_200_root,20180228161810,http://cwastes.skolbloggen.se:80/2011/06/01/natmobbning/comment-page-1/,200,text/html,https://web.archive.org/web/20180228161810/http://cwastes.skolbloggen.se:80/2011/06/01/natmobbning/comment-page-1/
raw_http_prefix,20180301022913,http://cwastes.skolbloggen.se:80/wp-login.php?action=register,302,text/html,https://web.archive.org/web/20180301022913/http://cwastes.skolbloggen.se:80/wp-login.php?action=register
html_200_root,20180309155634,http://cwastes.skolbloggen.se:80/category/tema-sprak/,200,text/html,https://web.archive.org/web/20180309155634/http://cwastes.skolbloggen.se:80/category/tema-sprak/
raw_http_prefix,20180314154647,http://cwastes.skolbloggen.se:80/2010/12/20/vem-var-franz-kafka,301,text/html,https://web.archive.org/web/20180314154647/http://cwastes.skolbloggen.se:80/2010/12/20/vem-var-franz-kafka
html_200_root,20180314154647,http://cwastes.skolbloggen.se:80/2010/12/20/vem-var-franz-kafka/,200,text/html,https://web.archive.org/web/20180314154647/http://cwastes.skolbloggen.se:80/2010/12/20/vem-var-franz-kafka/
raw_http_prefix,20180315041052,http://cwastes.skolbloggen.se:80/2010/12/13/per-christan-jersild,301,text/html,https://web.archive.org/web/20180315041052/http://cwastes.skolbloggen.se:80/2010/12/13/per-christan-jersild
html_200_root,20180315041052,http://cwastes.skolbloggen.se:80/2010/12/13/per-christan-jersild/,200,text/html,https://web.archive.org/web/20180315041052/http://cwastes.skolbloggen.se:80/2010/12/13/per-christan-jersild/
html_200_root,20180317095229,http://cwastes.skolbloggen.se:80/2010/12/13/henning-mankell/,200,text/html,https://web.archive.org/web/20180317095229/http://cwastes.skolbloggen.se:80/2010/12/13/henning-mankell/
html_200_root,20180317095234,http://cwastes.skolbloggen.se:80/2010/12/13/per-christan-jersild/,200,text/html,https://web.archive.org/web/20180317095234/http://cwastes.skolbloggen.se:80/2010/12/13/per-christan-jersild/
html_200_root,20180317095359,http://cwastes.skolbloggen.se:80/2010/12/12/trottnat-pa-facebook/,200,text/html,https://web.archive.org/web/20180317095359/http://cwastes.skolbloggen.se:80/2010/12/12/trottnat-pa-facebook/
raw_http_prefix,20180317213220,http://cwastes.skolbloggen.se:80/2011/10/07/1561/comment-page-1,301,text/html,https://web.archive.org/web/20180317213220/http://cwastes.skolbloggen.se:80/2011/10/07/1561/comment-page-1
html_200_root,20180317213220,http://cwastes.skolbloggen.se:80/2011/10/07/1561/comment-page-1/,200,text/html,https://web.archive.org/web/20180317213220/http://cwastes.skolbloggen.se:80/2011/10/07/1561/comment-page-1/
raw_http_prefix,20180318063216,http://cwastes.skolbloggen.se:80/wp-json/oembed/1.0/embed?url=http://cwastes.skolbloggen.se/2010/12/13/per-christan-jersild/&format=xml,200,text/xml,https://web.archive.org/web/20180318063216/http://cwastes.skolbloggen.se:80/wp-json/oembed/1.0/embed?url=http://cwastes.skolbloggen.se/2010/12/13/per-christan-jersild/&format=xml
raw_http_prefix,20180318063519,http://cwastes.skolbloggen.se:80/2010/12/13/per-christan-jersild/feed/,200,application/rss+xml,https://web.archive.org/web/20180318063519/http://cwastes.skolbloggen.se:80/2010/12/13/per-christan-jersild/feed/
html_200_root,20180318064314,http://cwastes.skolbloggen.se:80/author/nylander/,200,text/html,https://web.archive.org/web/20180318064314/http://cwastes.skolbloggen.se:80/author/nylander/
raw_http_prefix,20180318065106,http://cwastes.skolbloggen.se:80/?p=1227,301,text/html,https://web.archive.org/web/20180318065106/http://cwastes.skolbloggen.se:80/?p=1227
raw_http_prefix,20180318065141,http://cwastes.skolbloggen.se:80/wp-json/oembed/1.0/embed?url=http://cwastes.skolbloggen.se/2010/12/13/per-christan-jersild/,200,application/json,https://web.archive.org/web/20180318065141/http://cwastes.skolbloggen.se:80/wp-json/oembed/1.0/embed?url=http://cwastes.skolbloggen.se/2010/12/13/per-christan-jersild/
raw_http_prefix,20180319142232,http://cwastes.skolbloggen.se:80/wp-json/oembed/1.0/embed?url=http://cwastes.skolbloggen.se/2010/12/13/per-christan-jersild/,200,application/json,https://web.archive.org/web/20180319142232/http://cwastes.skolbloggen.se:80/wp-json/oembed/1.0/embed?url=http://cwastes.skolbloggen.se/2010/12/13/per-christan-jersild/
html_200_root,20180319142622,http://cwastes.skolbloggen.se:80/2010/12/13/per-christan-jersild/,200,text/html,https://web.archive.org/web/20180319142622/http://cwastes.skolbloggen.se:80/2010/12/13/per-christan-jersild/
raw_http_prefix,20180319142622,http://cwastes.skolbloggen.se:80/?p=1227,301,text/html,https://web.archive.org/web/20180319142622/http://cwastes.skolbloggen.se:80/?p=1227
raw_http_prefix,20180319221737,http://cwastes.skolbloggen.se:80/2012/04/26/sank-priserna-pa-kollektivtrafiken,301,text/html,https://web.archive.org/web/20180319221737/http://cwastes.skolbloggen.se:80/2012/04/26/sank-priserna-pa-kollektivtrafiken
html_200_root,20180319221737,http://cwastes.skolbloggen.se:80/2012/04/26/sank-priserna-pa-kollektivtrafiken/,200,text/html,https://web.archive.org/web/20180319221737/http://cwastes.skolbloggen.se:80/2012/04/26/sank-priserna-pa-kollektivtrafiken/
raw_http_prefix,20180320230440,http://cwastes.skolbloggen.se:80/2012/04/26/sank-priserna-pa-kollektivtrafiken,301,text/html,https://web.archive.org/web/20180320230440/http://cwastes.skolbloggen.se:80/2012/04/26/sank-priserna-pa-kollektivtrafiken
html_200_root,20180320230440,http://cwastes.skolbloggen.se:80/2012/04/26/sank-priserna-pa-kollektivtrafiken/,200,text/html,https://web.archive.org/web/20180320230440/http://cwastes.skolbloggen.se:80/2012/04/26/sank-priserna-pa-kollektivtrafiken/
raw_http_prefix,20180321032832,http://cwastes.skolbloggen.se:80/2011/10/13/frankenstein-bokpresentation/comment-page-1,301,text/html,https://web.archive.org/web/20180321032832/http://cwastes.skolbloggen.se:80/2011/10/13/frankenstein-bokpresentation/comment-page-1
html_200_root,20180321032832,http://cwastes.skolbloggen.se:80/2011/10/13/frankenstein-bokpresentation/comment-page-1/,200,text/html,https://web.archive.org/web/20180321032832/http://cwastes.skolbloggen.se:80/2011/10/13/frankenstein-bokpresentation/comment-page-1/
raw_http_prefix,20180323180414,http://cwastes.skolbloggen.se/robots.txt,-,warc/revisit,https://web.archive.org/web/20180323180414/http://cwastes.skolbloggen.se/robots.txt
html_200_root,20180323180418,http://cwastes.skolbloggen.se/,200,text/html,https://web.archive.org/web/20180323180418/http://cwastes.skolbloggen.se/
raw_http_prefix,20180329123421,http://cwastes.skolbloggen.se:80/2011/09/21/bokpresentation-robinson-crusoe,301,text/html,https://web.archive.org/web/20180329123421/http://cwastes.skolbloggen.se:80/2011/09/21/bokpresentation-robinson-crusoe
html_200_root,20180329123421,http://cwastes.skolbloggen.se:80/2011/09/21/bokpresentation-robinson-crusoe/,200,text/html,https://web.archive.org/web/20180329123421/http://cwastes.skolbloggen.se:80/2011/09/21/bokpresentation-robinson-crusoe/
html_200_root,20180331025040,http://cwastes.skolbloggen.se:80/2011/10/03/nathat-2/,200,text/html,https://web.archive.org/web/20180331025040/http://cwastes.skolbloggen.se:80/2011/10/03/nathat-2/
raw_http_prefix,20180405225034,http://cwastes.skolbloggen.se:80/author/hagstrom/,301,text/html,https://web.archive.org/web/20180405225034/http://cwastes.skolbloggen.se:80/author/hagstrom/
raw_http_prefix,20180405225130,http://cwastes.skolbloggen.se:80/tag/klassiker/,301,text/html,https://web.archive.org/web/20180405225130/http://cwastes.skolbloggen.se:80/tag/klassiker/
raw_http_prefix,20180405231943,http://cwastes.skolbloggen.se:80/2012/04/26/att-sanka-ungdomslonerna-ar-daligt/,301,text/html,https://web.archive.org/web/20180405231943/http://cwastes.skolbloggen.se:80/2012/04/26/att-sanka-ungdomslonerna-ar-daligt/
raw_http_prefix,20180405231948,http://cwastes.skolbloggen.se:80/tag/daniel-defoe/,301,text/html,https://web.archive.org/web/20180405231948/http://cwastes.skolbloggen.se:80/tag/daniel-defoe/
raw_http_prefix,20180405232037,http://cwastes.skolbloggen.se:80/tag/roman/,301,text/html,https://web.archive.org/web/20180405232037/http://cwastes.skolbloggen.se:80/tag/roman/
raw_http_prefix,20180405232505,http://cwastes.skolbloggen.se:80/tag/kannibalism/,301,text/html,https://web.archive.org/web/20180405232505/http://cwastes.skolbloggen.se:80/tag/kannibalism/
raw_http_prefix,20180405232529,http://cwastes.skolbloggen.se:80/2013/06/03/gmo-odlad-mat-ar-bra-for-manniskan-och-miljon/,301,text/html,https://web.archive.org/web/20180405232529/http://cwastes.skolbloggen.se:80/2013/06/03/gmo-odlad-mat-ar-bra-for-manniskan-och-miljon/
raw_http_prefix,20180405232737,http://cwastes.skolbloggen.se:80/tag/fredag/,301,text/html,https://web.archive.org/web/20180405232737/http://cwastes.skolbloggen.se:80/tag/fredag/
raw_http_prefix,20180405232853,http://cwastes.skolbloggen.se:80/2012/04/26/sank-priserna-pa-kollektivtrafiken/,301,text/html,https://web.archive.org/web/20180405232853/http://cwastes.skolbloggen.se:80/2012/04/26/sank-priserna-pa-kollektivtrafiken/
raw_http_prefix,20180405232953,http://cwastes.skolbloggen.se:80/2012/04/12/alla-butiker-borde-anvanda-sig-av-nathandel/,301,text/html,https://web.archive.org/web/20180405232953/http://cwastes.skolbloggen.se:80/2012/04/12/alla-butiker-borde-anvanda-sig-av-nathandel/
raw_http_prefix,20180405233422,http://cwastes.skolbloggen.se:80/tag/dramatiskt-berattande/,301,text/html,https://web.archive.org/web/20180405233422/http://cwastes.skolbloggen.se:80/tag/dramatiskt-berattande/
raw_http_prefix,20180405233618,http://cwastes.skolbloggen.se:80/tag/ode-o/,301,text/html,https://web.archive.org/web/20180405233618/http://cwastes.skolbloggen.se:80/tag/ode-o/
raw_http_prefix,20180405234241,http://cwastes.skolbloggen.se:80/2013/06/03/fordelar-med-genteknik-vad-galler-medicinsk-utveckling/,301,text/html,https://web.archive.org/web/20180405234241/http://cwastes.skolbloggen.se:80/2013/06/03/fordelar-med-genteknik-vad-galler-medicinsk-utveckling/
raw_http_prefix,20180405234437,http://cwastes.skolbloggen.se:80/wp-json/oembed/1.0/embed?url=http://cwastes.skolbloggen.se/2011/09/21/bokpresentation-robinson-crusoe/&format=xml,301,text/html,https://web.archive.org/web/20180405234437/http://cwastes.skolbloggen.se:80/wp-json/oembed/1.0/embed?url=http://cwastes.skolbloggen.se/2011/09/21/bokpresentation-robinson-crusoe/&format=xml
raw_http_prefix,20180405235105,http://cwastes.skolbloggen.se:80/?p=1528,301,text/html,https://web.archive.org/web/20180405235105/http://cwastes.skolbloggen.se:80/?p=1528
raw_http_prefix,20180406003841,http://cwastes.skolbloggen.se:80/category/diskutera/,301,text/html,https://web.archive.org/web/20180406003841/http://cwastes.skolbloggen.se:80/category/diskutera/
raw_http_prefix,20180406003950,http://cwastes.skolbloggen.se:80/tag/robinson-crusoe/,301,text/html,https://web.archive.org/web/20180406003950/http://cwastes.skolbloggen.se:80/tag/robinson-crusoe/
raw_http_prefix,20180406004128,http://cwastes.skolbloggen.se:80/wp-json/oembed/1.0/embed?url=http://cwastes.skolbloggen.se/2011/09/21/bokpresentation-robinson-crusoe/,301,text/html,https://web.archive.org/web/20180406004128/http://cwastes.skolbloggen.se:80/wp-json/oembed/1.0/embed?url=http://cwastes.skolbloggen.se/2011/09/21/bokpresentation-robinson-crusoe/
raw_http_prefix,20180414064534,http://cwastes.skolbloggen.se:80/2010/12/20/vem-var-franz-kafka,301,text/html,https://web.archive.org/web/20180414064534/http://cwastes.skolbloggen.se:80/2010/12/20/vem-var-franz-kafka
raw_http_prefix,20180414233429,http://cwastes.skolbloggen.se:80/2010/12/13/per-christan-jersild,301,text/html,https://web.archive.org/web/20180414233429/http://cwastes.skolbloggen.se:80/2010/12/13/per-christan-jersild
raw_http_prefix,20180415090600,http://cwastes.skolbloggen.se:80/2011/09/16/om-man-skulle-gora-en-bokpresentation-av-till-exempel-gosta-berlings-saga/,301,text/html,https://web.archive.org/web/20180415090600/http://cwastes.skolbloggen.se:80/2011/09/16/om-man-skulle-gora-en-bokpresentation-av-till-exempel-gosta-berlings-saga/
raw_http_prefix,20180418065708,http://cwastes.skolbloggen.se:80/2011/10/07/1561/comment-page-1,301,text/html,https://web.archive.org/web/20180418065708/http://cwastes.skolbloggen.se:80/2011/10/07/1561/comment-page-1
raw_http_prefix,20180418151729,http://cwastes.skolbloggen.se:80/category/1900-talsforfattare/,301,text/html,https://web.archive.org/web/20180418151729/http://cwastes.skolbloggen.se:80/category/1900-talsforfattare/
raw_http_prefix,20180419223512,http://cwastes.skolbloggen.se:80/2010/12/,301,text/html,https://web.archive.org/web/20180419223512/http://cwastes.skolbloggen.se:80/2010/12/
raw_http_prefix,20180419223620,http://cwastes.skolbloggen.se:80/category/humor/,301,text/html,https://web.archive.org/web/20180419223620/http://cwastes.skolbloggen.se:80/category/humor/
raw_http_prefix,20180419223700,http://cwastes.skolbloggen.se:80/2012/03/,301,text/html,https://web.archive.org/web/20180419223700/http://cwastes.skolbloggen.se:80/2012/03/
raw_http_prefix,20180419223705,http://cwastes.skolbloggen.se:80/2012/03/29/hogre-standard-pa-lararna/,301,text/html,https://web.archive.org/web/20180419223705/http://cwastes.skolbloggen.se:80/2012/03/29/hogre-standard-pa-lararna/
raw_http_prefix,20180419223710,http://cwastes.skolbloggen.se:80/category/oppna-larresurser/,301,text/html,https://web.archive.org/web/20180419223710/http://cwastes.skolbloggen.se:80/category/oppna-larresurser/
raw_http_prefix,20180419223735,http://cwastes.skolbloggen.se:80/tag/youtube/,301,text/html,https://web.archive.org/web/20180419223735/http://cwastes.skolbloggen.se:80/tag/youtube/
raw_http_prefix,20180419225155,http://cwastes.skolbloggen.se:80/tag/tips/,301,text/html,https://web.archive.org/web/20180419225155/http://cwastes.skolbloggen.se:80/tag/tips/
raw_http_prefix,20180419225225,http://cwastes.skolbloggen.se:80/,301,text/html,https://web.archive.org/web/20180419225225/http://cwastes.skolbloggen.se:80/
raw_http_prefix,20180419225230,http://cwastes.skolbloggen.se:80/2011/01/,301,text/html,https://web.archive.org/web/20180419225230/http://cwastes.skolbloggen.se:80/2011/01/
raw_http_prefix,20180419225235,http://cwastes.skolbloggen.se:80/2012/06/,301,text/html,https://web.archive.org/web/20180419225235/http://cwastes.skolbloggen.se:80/2012/06/
raw_http_prefix,20180419225240,http://cwastes.skolbloggen.se:80/comments/feed/,301,text/html,https://web.archive.org/web/20180419225240/http://cwastes.skolbloggen.se:80/comments/feed/
raw_http_prefix,20180419225301,http://cwastes.skolbloggen.se:80/2011/05/,301,text/html,https://web.archive.org/web/20180419225301/http://cwastes.skolbloggen.se:80/2011/05/
raw_http_prefix,20180419225338,http://cwastes.skolbloggen.se:80/category/gott-och-blandat/,301,text/html,https://web.archive.org/web/20180419225338/http://cwastes.skolbloggen.se:80/category/gott-och-blandat/
raw_http_prefix,20180419225630,http://cwastes.skolbloggen.se:80/2012/03/29/hur-ar-en-bra-ledare/,301,text/html,https://web.archive.org/web/20180419225630/http://cwastes.skolbloggen.se:80/2012/03/29/hur-ar-en-bra-ledare/
raw_http_prefix,20180419225716,http://cwastes.skolbloggen.se:80/tag/skonlitteratur/,301,text/html,https://web.archive.org/web/20180419225716/http://cwastes.skolbloggen.se:80/tag/skonlitteratur/
raw_http_prefix,20180419225946,http://cwastes.skolbloggen.se:80/2010/06/,301,text/html,https://web.archive.org/web/20180419225946/http://cwastes.skolbloggen.se:80/2010/06/
raw_http_prefix,20180419230006,http://cwastes.skolbloggen.se:80/2012/05/28/att-gora-varlden-till-en-battre-plats/,301,text/html,https://web.archive.org/web/20180419230006/http://cwastes.skolbloggen.se:80/2012/05/28/att-gora-varlden-till-en-battre-plats/
raw_http_prefix,20180419230109,http://cwastes.skolbloggen.se:80/tag/instruktion/,301,text/html,https://web.archive.org/web/20180419230109/http://cwastes.skolbloggen.se:80/tag/instruktion/
raw_http_prefix,20180419230334,http://cwastes.skolbloggen.se:80/tag/svenska/,301,text/html,https://web.archive.org/web/20180419230334/http://cwastes.skolbloggen.se:80/tag/svenska/
raw_http_prefix,20180419230421,http://cwastes.skolbloggen.se:80/tag/upplysningstiden/,301,text/html,https://web.archive.org/web/20180419230421/http://cwastes.skolbloggen.se:80/tag/upplysningstiden/
raw_http_prefix,20180419230714,http://cwastes.skolbloggen.se:80/feed/,301,text/html,https://web.archive.org/web/20180419230714/http://cwastes.skolbloggen.se:80/feed/
raw_http_prefix,20180419230719,http://cwastes.skolbloggen.se:80/tag/blogga/,301,text/html,https://web.archive.org/web/20180419230719/http://cwastes.skolbloggen.se:80/tag/blogga/
raw_http_prefix,20180419231036,http://cwastes.skolbloggen.se:80/tag/twitter/,301,text/html,https://web.archive.org/web/20180419231036/http://cwastes.skolbloggen.se:80/tag/twitter/
raw_http_prefix,20180419231122,http://cwastes.skolbloggen.se:80/om/,301,text/html,https://web.archive.org/web/20180419231122/http://cwastes.skolbloggen.se:80/om/
raw_http_prefix,20180419232301,http://cwastes.skolbloggen.se:80/2011/09/,301,text/html,https://web.archive.org/web/20180419232301/http://cwastes.skolbloggen.se:80/2011/09/
raw_http_prefix,20180419232600,http://cwastes.skolbloggen.se:80/category/1900-talsforfattare/,301,text/html,https://web.archive.org/web/20180419232600/http://cwastes.skolbloggen.se:80/category/1900-talsforfattare/
raw_http_prefix,20180420124920,http://cwastes.skolbloggen.se:80/2012/05/28/anonyma-brev/,301,text/html,https://web.archive.org/web/20180420124920/http://cwastes.skolbloggen.se:80/2012/05/28/anonyma-brev/
raw_http_prefix,20180420125105,http://cwastes.skolbloggen.se:80/tag/humor/,301,text/html,https://web.archive.org/web/20180420125105/http://cwastes.skolbloggen.se:80/tag/humor/
raw_http_prefix,20180420125326,http://cwastes.skolbloggen.se:80/tag/kunskap/,301,text/html,https://web.archive.org/web/20180420125326/http://cwastes.skolbloggen.se:80/tag/kunskap/
raw_http_prefix,20180420125332,http://cwastes.skolbloggen.se:80/2010/03/,301,text/html,https://web.archive.org/web/20180420125332/http://cwastes.skolbloggen.se:80/2010/03/
raw_http_prefix,20180420125338,http://cwastes.skolbloggen.se:80/tag/utbildning/,301,text/html,https://web.archive.org/web/20180420125338/http://cwastes.skolbloggen.se:80/tag/utbildning/
raw_http_prefix,20180420125453,http://cwastes.skolbloggen.se:80/tag/ikt/,301,text/html,https://web.archive.org/web/20180420125453/http://cwastes.skolbloggen.se:80/tag/ikt/
raw_http_prefix,20180420125634,http://cwastes.skolbloggen.se:80/2012/03/29/hogre-standard-pa-lararna/comment-page-1/,301,text/html,https://web.archive.org/web/20180420125634/http://cwastes.skolbloggen.se:80/2012/03/29/hogre-standard-pa-lararna/comment-page-1/
raw_http_prefix,20180420125730,http://cwastes.skolbloggen.se:80/2011/10/25/med-hjartat-i-1940-talet/comment-page-1/,301,text/html,https://web.archive.org/web/20180420125730/http://cwastes.skolbloggen.se:80/2011/10/25/med-hjartat-i-1940-talet/comment-page-1/
raw_http_prefix,20180420125737,http://cwastes.skolbloggen.se:80/2012/05/28/en-liten-garning-kan-gora-stor-skillnad/,301,text/html,https://web.archive.org/web/20180420125737/http://cwastes.skolbloggen.se:80/2012/05/28/en-liten-garning-kan-gora-stor-skillnad/
raw_http_prefix,20180420125743,http://cwastes.skolbloggen.se:80/2012/10/16/hur-kan-vi-gora-varlden-battre-elevtext/,301,text/html,https://web.archive.org/web/20180420125743/http://cwastes.skolbloggen.se:80/2012/10/16/hur-kan-vi-gora-varlden-battre-elevtext/
raw_http_prefix,20180420125747,http://cwastes.skolbloggen.se:80/tag/skrivarskola/,301,text/html,https://web.archive.org/web/20180420125747/http://cwastes.skolbloggen.se:80/tag/skrivarskola/
raw_http_prefix,20180420125838,http://cwastes.skolbloggen.se:80/2010/04/,301,text/html,https://web.archive.org/web/20180420125838/http://cwastes.skolbloggen.se:80/2010/04/
raw_http_prefix,20180420125843,http://cwastes.skolbloggen.se:80/2012/06/07/forgylla-nagons-vardag/,301,text/html,https://web.archive.org/web/20180420125843/http://cwastes.skolbloggen.se:80/2012/06/07/forgylla-nagons-vardag/
raw_http_prefix,20180420130030,http://cwastes.skolbloggen.se:80/category/diskussionreflektion/,301,text/html,https://web.archive.org/web/20180420130030/http://cwastes.skolbloggen.se:80/category/diskussionreflektion/
raw_http_prefix,20180420130330,http://cwastes.skolbloggen.se:80/2010/11/,301,text/html,https://web.archive.org/web/20180420130330/http://cwastes.skolbloggen.se:80/2010/11/
raw_http_prefix,20180420130336,http://cwastes.skolbloggen.se:80/2012/06/05/infor-undervisning-om-arbetsratt/,301,text/html,https://web.archive.org/web/20180420130336/http://cwastes.skolbloggen.se:80/2012/06/05/infor-undervisning-om-arbetsratt/
raw_http_prefix,20180420130341,http://cwastes.skolbloggen.se:80/tag/wordle/,301,text/html,https://web.archive.org/web/20180420130341/http://cwastes.skolbloggen.se:80/tag/wordle/
raw_http_prefix,20180420130442,http://cwastes.skolbloggen.se:80/category/tema-resor/,301,text/html,https://web.archive.org/web/20180420130442/http://cwastes.skolbloggen.se:80/category/tema-resor/
raw_http_prefix,20180420130508,http://cwastes.skolbloggen.se:80/tag/internet/,301,text/html,https://web.archive.org/web/20180420130508/http://cwastes.skolbloggen.se:80/tag/internet/
raw_http_prefix,20180420130524,http://cwastes.skolbloggen.se:80/2010/02/,301,text/html,https://web.archive.org/web/20180420130524/http://cwastes.skolbloggen.se:80/2010/02/
raw_http_prefix,20180420130530,http://cwastes.skolbloggen.se:80/2012/04/,301,text/html,https://web.archive.org/web/20180420130530/http://cwastes.skolbloggen.se:80/2012/04/
raw_http_prefix,20180420130535,http://cwastes.skolbloggen.se:80/category/okategoriserad/,301,text/html,https://web.archive.org/web/20180420130535/http://cwastes.skolbloggen.se:80/category/okategoriserad/
raw_http_prefix,20180420130540,http://cwastes.skolbloggen.se:80/tag/kollektivtrafik/,301,text/html,https://web.archive.org/web/20180420130540/http://cwastes.skolbloggen.se:80/tag/kollektivtrafik/
raw_http_prefix,20180420130722,http://cwastes.skolbloggen.se:80/tag/budskap/,301,text/html,https://web.archive.org/web/20180420130722/http://cwastes.skolbloggen.se:80/tag/budskap/
raw_http_prefix,20180420130852,http://cwastes.skolbloggen.se:80/tag/politik/,301,text/html,https://web.archive.org/web/20180420130852/http://cwastes.skolbloggen.se:80/tag/politik/
raw_http_prefix,20180420131706,http://cwastes.skolbloggen.se:80/2011/12/,301,text/html,https://web.archive.org/web/20180420131706/http://cwastes.skolbloggen.se:80/2011/12/
raw_http_prefix,20180420235825,http://cwastes.skolbloggen.se:80/2011/10/13/frankenstein-bokpresentation/comment-page-1,301,text/html,https://web.archive.org/web/20180420235825/http://cwastes.skolbloggen.se:80/2011/10/13/frankenstein-bokpresentation/comment-page-1
raw_http_prefix,20180420235951,http://cwastes.skolbloggen.se:80/2012/04/26/sank-priserna-pa-kollektivtrafiken,301,text/html,https://web.archive.org/web/20180420235951/http://cwastes.skolbloggen.se:80/2012/04/26/sank-priserna-pa-kollektivtrafiken
raw_http_prefix,20180421005523,http://cwastes.skolbloggen.se:80/2011/09/,301,text/html,https://web.archive.org/web/20180421005523/http://cwastes.skolbloggen.se:80/2011/09/
raw_http_prefix,20180421005537,http://cwastes.skolbloggen.se:80/2011/05/,301,text/html,https://web.archive.org/web/20180421005537/http://cwastes.skolbloggen.se:80/2011/05/
raw_http_prefix,20180421005600,http://cwastes.skolbloggen.se:80/category/gott-och-blandat/,301,text/html,https://web.archive.org/web/20180421005600/http://cwastes.skolbloggen.se:80/category/gott-och-blandat/
raw_http_prefix,20180421005738,http://cwastes.skolbloggen.se:80/om/,301,text/html,https://web.archive.org/web/20180421005738/http://cwastes.skolbloggen.se:80/om/
raw_http_prefix,20180421005747,http://cwastes.skolbloggen.se:80/2010/06/,301,text/html,https://web.archive.org/web/20180421005747/http://cwastes.skolbloggen.se:80/2010/06/
raw_http_prefix,20180421005753,http://cwastes.skolbloggen.se:80/2012/05/28/att-gora-varlden-till-en-battre-plats/,301,text/html,https://web.archive.org/web/20180421005753/http://cwastes.skolbloggen.se:80/2012/05/28/att-gora-varlden-till-en-battre-plats/
raw_http_prefix,20180421005806,http://cwastes.skolbloggen.se:80/tag/instruktion/,301,text/html,https://web.archive.org/web/20180421005806/http://cwastes.skolbloggen.se:80/tag/instruktion/
raw_http_prefix,20180421010509,http://cwastes.skolbloggen.se:80/tag/tips/,301,text/html,https://web.archive.org/web/20180421010509/http://cwastes.skolbloggen.se:80/tag/tips/
raw_http_prefix,20180421010524,http://cwastes.skolbloggen.se:80/2012/03/,301,text/html,https://web.archive.org/web/20180421010524/http://cwastes.skolbloggen.se:80/2012/03/
raw_http_prefix,20180421010531,http://cwastes.skolbloggen.se:80/2012/03/29/hogre-standard-pa-lararna/,301,text/html,https://web.archive.org/web/20180421010531/http://cwastes.skolbloggen.se:80/2012/03/29/hogre-standard-pa-lararna/
raw_http_prefix,20180421010536,http://cwastes.skolbloggen.se:80/category/oppna-larresurser/,301,text/html,https://web.archive.org/web/20180421010536/http://cwastes.skolbloggen.se:80/category/oppna-larresurser/
raw_http_prefix,20180421010541,http://cwastes.skolbloggen.se:80/tag/youtube/,301,text/html,https://web.archive.org/web/20180421010541/http://cwastes.skolbloggen.se:80/tag/youtube/
raw_http_prefix,20180421010602,http://cwastes.skolbloggen.se:80/2010/12/,301,text/html,https://web.archive.org/web/20180421010602/http://cwastes.skolbloggen.se:80/2010/12/
raw_http_prefix,20180421010608,http://cwastes.skolbloggen.se:80/category/humor/,301,text/html,https://web.archive.org/web/20180421010608/http://cwastes.skolbloggen.se:80/category/humor/
raw_http_prefix,20180421010721,http://cwastes.skolbloggen.se:80/feed/,301,text/html,https://web.archive.org/web/20180421010721/http://cwastes.skolbloggen.se:80/feed/
raw_http_prefix,20180421010748,http://cwastes.skolbloggen.se:80/tag/blogga/,301,text/html,https://web.archive.org/web/20180421010748/http://cwastes.skolbloggen.se:80/tag/blogga/
raw_http_prefix,20180421010805,http://cwastes.skolbloggen.se:80/,301,text/html,https://web.archive.org/web/20180421010805/http://cwastes.skolbloggen.se:80/
raw_http_prefix,20180421010811,http://cwastes.skolbloggen.se:80/2011/01/,301,text/html,https://web.archive.org/web/20180421010811/http://cwastes.skolbloggen.se:80/2011/01/
raw_http_prefix,20180421010816,http://cwastes.skolbloggen.se:80/2012/06/,301,text/html,https://web.archive.org/web/20180421010816/http://cwastes.skolbloggen.se:80/2012/06/
raw_http_prefix,20180421010821,http://cwastes.skolbloggen.se:80/comments/feed/,301,text/html,https://web.archive.org/web/20180421010821/http://cwastes.skolbloggen.se:80/comments/feed/
raw_http_prefix,20180421010900,http://cwastes.skolbloggen.se:80/tag/twitter/,301,text/html,https://web.archive.org/web/20180421010900/http://cwastes.skolbloggen.se:80/tag/twitter/
raw_http_prefix,20180421010921,http://cwastes.skolbloggen.se:80/2012/03/29/hur-ar-en-bra-ledare/,301,text/html,https://web.archive.org/web/20180421010921/http://cwastes.skolbloggen.se:80/2012/03/29/hur-ar-en-bra-ledare/
raw_http_prefix,20180421010926,http://cwastes.skolbloggen.se:80/tag/skonlitteratur/,301,text/html,https://web.archive.org/web/20180421010926/http://cwastes.skolbloggen.se:80/tag/skonlitteratur/
raw_http_prefix,20180421011002,http://cwastes.skolbloggen.se:80/tag/svenska/,301,text/html,https://web.archive.org/web/20180421011002/http://cwastes.skolbloggen.se:80/tag/svenska/
raw_http_prefix,20180421011031,http://cwastes.skolbloggen.se:80/tag/upplysningstiden/,301,text/html,https://web.archive.org/web/20180421011031/http://cwastes.skolbloggen.se:80/tag/upplysningstiden/
raw_http_prefix,20180422104450,http://cwastes.skolbloggen.se:80/2010/05/,301,text/html,https://web.archive.org/web/20180422104450/http://cwastes.skolbloggen.se:80/2010/05/
raw_http_prefix,20180422104458,http://cwastes.skolbloggen.se:80/2012/05/,301,text/html,https://web.archive.org/web/20180422104458/http://cwastes.skolbloggen.se:80/2012/05/
raw_http_prefix,20180422104503,http://cwastes.skolbloggen.se:80/tag/affarside/,301,text/html,https://web.archive.org/web/20180422104503/http://cwastes.skolbloggen.se:80/tag/affarside/
raw_http_prefix,20180422104508,http://cwastes.skolbloggen.se:80/tag/bildredigering/,301,text/html,https://web.archive.org/web/20180422104508/http://cwastes.skolbloggen.se:80/tag/bildredigering/
raw_http_prefix,20180422104513,http://cwastes.skolbloggen.se:80/tag/forfattare/,301,text/html,https://web.archive.org/web/20180422104513/http://cwastes.skolbloggen.se:80/tag/forfattare/
raw_http_prefix,20180422104518,http://cwastes.skolbloggen.se:80/tag/genteknik/,301,text/html,https://web.archive.org/web/20180422104518/http://cwastes.skolbloggen.se:80/tag/genteknik/
raw_http_prefix,20180422104549,http://cwastes.skolbloggen.se:80/2011/10/27/inre-och-yttre-resor/comment-page-1/,301,text/html,https://web.archive.org/web/20180422104549/http://cwastes.skolbloggen.se:80/2011/10/27/inre-och-yttre-resor/comment-page-1/
raw_http_prefix,20180422104555,http://cwastes.skolbloggen.se:80/2012/03/26/kop-inte-klader-som-ar-tillverkade-under-daliga-arbetsforhallanden/,301,text/html,https://web.archive.org/web/20180422104555/http://cwastes.skolbloggen.se:80/2012/03/26/kop-inte-klader-som-ar-tillverkade-under-daliga-arbetsforhallanden/
raw_http_prefix,20180422104600,http://cwastes.skolbloggen.se:80/tag/embryogallring/,301,text/html,https://web.archive.org/web/20180422104600/http://cwastes.skolbloggen.se:80/tag/embryogallring/
raw_http_prefix,20180422104605,http://cwastes.skolbloggen.se:80/tag/gratis/,301,text/html,https://web.archive.org/web/20180422104605/http://cwastes.skolbloggen.se:80/tag/gratis/
raw_http_prefix,20180422104611,http://cwastes.skolbloggen.se:80/tag/youtube-klipp/,301,text/html,https://web.archive.org/web/20180422104611/http://cwastes.skolbloggen.se:80/tag/youtube-klipp/
raw_http_prefix,20180422104651,http://cwastes.skolbloggen.se:80/2010/01/,301,text/html,https://web.archive.org/web/20180422104651/http://cwastes.skolbloggen.se:80/2010/01/
raw_http_prefix,20180422104657,http://cwastes.skolbloggen.se:80/2012/06/05/att-kopa-aktier-ar-inte-farligt/,301,text/html,https://web.archive.org/web/20180422104657/http://cwastes.skolbloggen.se:80/2012/06/05/att-kopa-aktier-ar-inte-farligt/
raw_http_prefix,20180422104714,http://cwastes.skolbloggen.se:80/2012/06/05/vi-bor-idrotta-mer-an-vad-vi-gor-idag/comment-page-1/,301,text/html,https://web.archive.org/web/20180422104714/http://cwastes.skolbloggen.se:80/2012/06/05/vi-bor-idrotta-mer-an-vad-vi-gor-idag/comment-page-1/
raw_http_prefix,20180422104750,http://cwastes.skolbloggen.se:80/2010/10/,301,text/html,https://web.archive.org/web/20180422104750/http://cwastes.skolbloggen.se:80/2010/10/
raw_http_prefix,20180422104756,http://cwastes.skolbloggen.se:80/2012/05/28/ler-du-sa-ler-varlden-tillbaka/,301,text/html,https://web.archive.org/web/20180422104756/http://cwastes.skolbloggen.se:80/2012/05/28/ler-du-sa-ler-varlden-tillbaka/
raw_http_prefix,20180422104801,http://cwastes.skolbloggen.se:80/tag/foto/,301,text/html,https://web.archive.org/web/20180422104801/http://cwastes.skolbloggen.se:80/tag/foto/
raw_http_prefix,20180422104807,http://cwastes.skolbloggen.se:80/tag/spel/,301,text/html,https://web.archive.org/web/20180422104807/http://cwastes.skolbloggen.se:80/tag/spel/
raw_http_prefix,20180422104849,http://cwastes.skolbloggen.se:80/2012/03/20/kollektivavtal-borde-vara-en-sjalvklarhet/,301,text/html,https://web.archive.org/web/20180422104849/http://cwastes.skolbloggen.se:80/2012/03/20/kollektivavtal-borde-vara-en-sjalvklarhet/
raw_http_prefix,20180422104855,http://cwastes.skolbloggen.se:80/category/forbattra-varlden/,301,text/html,https://web.archive.org/web/20180422104855/http://cwastes.skolbloggen.se:80/category/forbattra-varlden/
raw_http_prefix,20180422104901,http://cwastes.skolbloggen.se:80/category/kom-igang-med-skolbloggen-se/,301,text/html,https://web.archive.org/web/20180422104901/http://cwastes.skolbloggen.se:80/category/kom-igang-med-skolbloggen-se/
raw_http_prefix,20180422104906,http://cwastes.skolbloggen.se:80/tag/episkt-berattande/,301,text/html,https://web.archive.org/web/20180422104906/http://cwastes.skolbloggen.se:80/tag/episkt-berattande/
raw_http_prefix,20180422104911,http://cwastes.skolbloggen.se:80/tag/louise/,301,text/html,https://web.archive.org/web/20180422104911/http://cwastes.skolbloggen.se:80/tag/louise/
raw_http_prefix,20180422104949,http://cwastes.skolbloggen.se:80/2012/05/08/mer-praktik-for-gymnasieelever/,301,text/html,https://web.archive.org/web/20180422104949/http://cwastes.skolbloggen.se:80/2012/05/08/mer-praktik-for-gymnasieelever/
raw_http_prefix,20180422104954,http://cwastes.skolbloggen.se:80/category/tips/,301,text/html,https://web.archive.org/web/20180422104954/http://cwastes.skolbloggen.se:80/category/tips/
raw_http_prefix,20180422105002,http://cwastes.skolbloggen.se:80/tag/diskussion/,301,text/html,https://web.archive.org/web/20180422105002/http://cwastes.skolbloggen.se:80/tag/diskussion/
raw_http_prefix,20180422105004,http://cwastes.skolbloggen.se:80/tag/facebook/,301,text/html,https://web.archive.org/web/20180422105004/http://cwastes.skolbloggen.se:80/tag/facebook/
raw_http_prefix,20180422105009,http://cwastes.skolbloggen.se:80/tag/skola/,301,text/html,https://web.archive.org/web/20180422105009/http://cwastes.skolbloggen.se:80/tag/skola/
raw_http_prefix,20180422105014,http://cwastes.skolbloggen.se:80/tag/sociala-medier/,301,text/html,https://web.archive.org/web/20180422105014/http://cwastes.skolbloggen.se:80/tag/sociala-medier/
raw_http_prefix,20180422105019,http://cwastes.skolbloggen.se:80/tag/studier/,301,text/html,https://web.archive.org/web/20180422105019/http://cwastes.skolbloggen.se:80/tag/studier/
raw_http_prefix,20180422105028,http://cwastes.skolbloggen.se:80/xmlrpc.php,301,text/html,https://web.archive.org/web/20180422105028/http://cwastes.skolbloggen.se:80/xmlrpc.php
raw_http_prefix,20180422105058,http://cwastes.skolbloggen.se:80/2012/06/05/vi-bor-idrotta-mer-an-vad-vi-gor-idag/,301,text/html,https://web.archive.org/web/20180422105058/http://cwastes.skolbloggen.se:80/2012/06/05/vi-bor-idrotta-mer-an-vad-vi-gor-idag/
raw_http_prefix,20180422105108,http://cwastes.skolbloggen.se:80/tag/matematik/,301,text/html,https://web.archive.org/web/20180422105108/http://cwastes.skolbloggen.se:80/tag/matematik/
raw_http_prefix,20180422105154,http://cwastes.skolbloggen.se:80/category/tema-klassiker-romaner/,301,text/html,https://web.archive.org/web/20180422105154/http://cwastes.skolbloggen.se:80/category/tema-klassiker-romaner/
raw_http_prefix,20180422105159,http://cwastes.skolbloggen.se:80/tag/kommentarer/,301,text/html,https://web.archive.org/web/20180422105159/http://cwastes.skolbloggen.se:80/tag/kommentarer/
raw_http_prefix,20180422105249,http://cwastes.skolbloggen.se:80/2010/09/,301,text/html,https://web.archive.org/web/20180422105249/http://cwastes.skolbloggen.se:80/2010/09/
raw_http_prefix,20180422105254,http://cwastes.skolbloggen.se:80/2012/03/26/byt-ut-gammal-elutrustningen-pa-elprogrammen-i-gymnasieskolor/,301,text/html,https://web.archive.org/web/20180422105254/http://cwastes.skolbloggen.se:80/2012/03/26/byt-ut-gammal-elutrustningen-pa-elprogrammen-i-gymnasieskolor/
raw_http_prefix,20180422105259,http://cwastes.skolbloggen.se:80/tag/blogg/,301,text/html,https://web.archive.org/web/20180422105259/http://cwastes.skolbloggen.se:80/tag/blogg/
raw_http_prefix,20180422105304,http://cwastes.skolbloggen.se:80/wp-json/,301,text/html,https://web.archive.org/web/20180422105304/http://cwastes.skolbloggen.se:80/wp-json/
raw_http_prefix,20180422105434,http://cwastes.skolbloggen.se:80/category/netikett/,301,text/html,https://web.archive.org/web/20180422105434/http://cwastes.skolbloggen.se:80/category/netikett/
raw_http_prefix,20180422105521,http://cwastes.skolbloggen.se:80/2010/08/,301,text/html,https://web.archive.org/web/20180422105521/http://cwastes.skolbloggen.se:80/2010/08/
raw_http_prefix,20180422105527,http://cwastes.skolbloggen.se:80/2012/03/26/lego-som-lego/,301,text/html,https://web.archive.org/web/20180422105527/http://cwastes.skolbloggen.se:80/2012/03/26/lego-som-lego/
raw_http_prefix,20180422105533,http://cwastes.skolbloggen.se:80/2012/06/07/hur-pantar-du/,301,text/html,https://web.archive.org/web/20180422105533/http://cwastes.skolbloggen.se:80/2012/06/07/hur-pantar-du/
raw_http_prefix,20180422105539,http://cwastes.skolbloggen.se:80/tag/film/,301,text/html,https://web.archive.org/web/20180422105539/http://cwastes.skolbloggen.se:80/tag/film/
raw_http_prefix,20180422105626,http://cwastes.skolbloggen.se:80/category/instruktion/,301,text/html,https://web.archive.org/web/20180422105626/http://cwastes.skolbloggen.se:80/category/instruktion/
raw_http_prefix,20180422105644,http://cwastes.skolbloggen.se:80/category/tema-genteknik/,301,text/html,https://web.archive.org/web/20180422105644/http://cwastes.skolbloggen.se:80/category/tema-genteknik/
raw_http_prefix,20180422105657,http://cwastes.skolbloggen.se:80/2010/12/19/vilhelm-moberg/comment-page-1/,301,text/html,https://web.archive.org/web/20180422105657/http://cwastes.skolbloggen.se:80/2010/12/19/vilhelm-moberg/comment-page-1/
raw_http_prefix,20180422105702,http://cwastes.skolbloggen.se:80/2012/03/29/mer-utbildning-for-praktikledare/,301,text/html,https://web.archive.org/web/20180422105702/http://cwastes.skolbloggen.se:80/2012/03/29/mer-utbildning-for-praktikledare/
raw_http_prefix,20180422105707,http://cwastes.skolbloggen.se:80/tag/inlagg/,301,text/html,https://web.archive.org/web/20180422105707/http://cwastes.skolbloggen.se:80/tag/inlagg/
raw_http_prefix,20180422105712,http://cwastes.skolbloggen.se:80/tag/kunskapssyn/,301,text/html,https://web.archive.org/web/20180422105712/http://cwastes.skolbloggen.se:80/tag/kunskapssyn/
raw_http_prefix,20180422105717,http://cwastes.skolbloggen.se:80/tag/livslangt-larande/,301,text/html,https://web.archive.org/web/20180422105717/http://cwastes.skolbloggen.se:80/tag/livslangt-larande/
raw_http_prefix,20180422105805,http://cwastes.skolbloggen.se:80/2012/05/28/att-gor-varlden-battre/,301,text/html,https://web.archive.org/web/20180422105805/http://cwastes.skolbloggen.se:80/2012/05/28/att-gor-varlden-battre/
raw_http_prefix,20180422105810,http://cwastes.skolbloggen.se:80/2013/06/,301,text/html,https://web.archive.org/web/20180422105810/http://cwastes.skolbloggen.se:80/2013/06/
raw_http_prefix,20180422105815,http://cwastes.skolbloggen.se:80/category/ikt-verktyg/,301,text/html,https://web.archive.org/web/20180422105815/http://cwastes.skolbloggen.se:80/category/ikt-verktyg/
raw_http_prefix,20180422105820,http://cwastes.skolbloggen.se:80/xmlrpc.php?rsd,301,text/html,https://web.archive.org/web/20180422105820/http://cwastes.skolbloggen.se:80/xmlrpc.php?rsd
raw_http_prefix,20180422105901,http://cwastes.skolbloggen.se:80/2010/07/,301,text/html,https://web.archive.org/web/20180422105901/http://cwastes.skolbloggen.se:80/2010/07/
raw_http_prefix,20180422105907,http://cwastes.skolbloggen.se:80/2012/03/29/mer-utbildning-for-praktikledare/comment-page-1/,301,text/html,https://web.archive.org/web/20180422105907/http://cwastes.skolbloggen.se:80/2012/03/29/mer-utbildning-for-praktikledare/comment-page-1/
raw_http_prefix,20180422105912,http://cwastes.skolbloggen.se:80/2012/06/05/mediciner-gor-mer-nytta-an-skada/,301,text/html,https://web.archive.org/web/20180422105912/http://cwastes.skolbloggen.se:80/2012/06/05/mediciner-gor-mer-nytta-an-skada/
raw_http_prefix,20180422105917,http://cwastes.skolbloggen.se:80/category/teater/,301,text/html,https://web.archive.org/web/20180422105917/http://cwastes.skolbloggen.se:80/category/teater/
raw_http_prefix,20180422105922,http://cwastes.skolbloggen.se:80/tag/engelska/,301,text/html,https://web.archive.org/web/20180422105922/http://cwastes.skolbloggen.se:80/tag/engelska/
raw_http_prefix,20180422105927,http://cwastes.skolbloggen.se:80/tag/onlinespel/,301,text/html,https://web.archive.org/web/20180422105927/http://cwastes.skolbloggen.se:80/tag/onlinespel/
raw_http_prefix,20180422105935,http://cwastes.skolbloggen.se:80/wp-includes/wlwmanifest.xml,301,text/html,https://web.archive.org/web/20180422105935/http://cwastes.skolbloggen.se:80/wp-includes/wlwmanifest.xml
raw_http_prefix,20180422110002,http://cwastes.skolbloggen.se:80/2011/06/,301,text/html,https://web.archive.org/web/20180422110002/http://cwastes.skolbloggen.se:80/2011/06/
raw_http_prefix,20180422110008,http://cwastes.skolbloggen.se:80/2011/10/,301,text/html,https://web.archive.org/web/20180422110008/http://cwastes.skolbloggen.se:80/2011/10/
raw_http_prefix,20180422110013,http://cwastes.skolbloggen.se:80/2011/11/,301,text/html,https://web.archive.org/web/20180422110013/http://cwastes.skolbloggen.se:80/2011/11/
raw_http_prefix,20180422110018,http://cwastes.skolbloggen.se:80/2012/05/28/hur-kan-vi-forandra-varlden-till-det-battre/,301,text/html,https://web.archive.org/web/20180422110018/http://cwastes.skolbloggen.se:80/2012/05/28/hur-kan-vi-forandra-varlden-till-det-battre/
raw_http_prefix,20180422110023,http://cwastes.skolbloggen.se:80/2012/06/05/svensk-vapenexport/,301,text/html,https://web.archive.org/web/20180422110023/http://cwastes.skolbloggen.se:80/2012/06/05/svensk-vapenexport/
raw_http_prefix,20180422110029,http://cwastes.skolbloggen.se:80/2012/10/,301,text/html,https://web.archive.org/web/20180422110029/http://cwastes.skolbloggen.se:80/2012/10/
raw_http_prefix,20180422110034,http://cwastes.skolbloggen.se:80/category/webbstjarnan/,301,text/html,https://web.archive.org/web/20180422110034/http://cwastes.skolbloggen.se:80/category/webbstjarnan/
raw_http_prefix,20180422110039,http://cwastes.skolbloggen.se:80/tag/skolbloggen-se/,301,text/html,https://web.archive.org/web/20180422110039/http://cwastes.skolbloggen.se:80/tag/skolbloggen-se/
raw_http_prefix,20180422110044,http://cwastes.skolbloggen.se:80/tag/sprak/,301,text/html,https://web.archive.org/web/20180422110044/http://cwastes.skolbloggen.se:80/tag/sprak/
raw_http_prefix,20180422110049,http://cwastes.skolbloggen.se:80/wp-login.php,301,text/html,https://web.archive.org/web/20180422110049/http://cwastes.skolbloggen.se:80/wp-login.php
raw_http_prefix,20180429183121,http://cwastes.skolbloggen.se:80/2011/09/21/bokpresentation-robinson-crusoe,301,text/html,https://web.archive.org/web/20180429183121/http://cwastes.skolbloggen.se:80/2011/09/21/bokpresentation-robinson-crusoe
raw_http_prefix,20180517024806,http://cwastes.skolbloggen.se:80/2010/12/13/per-christan-jersild,301,text/html,https://web.archive.org/web/20180517024806/http://cwastes.skolbloggen.se:80/2010/12/13/per-christan-jersild
raw_http_prefix,20180517033211,http://cwastes.skolbloggen.se:80/2010/12/20/vem-var-franz-kafka,301,text/html,https://web.archive.org/web/20180517033211/http://cwastes.skolbloggen.se:80/2010/12/20/vem-var-franz-kafka
raw_http_prefix,20180520081927,http://cwastes.skolbloggen.se:80/2011/10/07/1561/comment-page-1,301,text/html,https://web.archive.org/web/20180520081927/http://cwastes.skolbloggen.se:80/2011/10/07/1561/comment-page-1
raw_http_prefix,20180522154948,http://cwastes.skolbloggen.se:80/2011/10/13/frankenstein-bokpresentation/comment-page-1,301,text/html,https://web.archive.org/web/20180522154948/http://cwastes.skolbloggen.se:80/2011/10/13/frankenstein-bokpresentation/comment-page-1
raw_http_prefix,20180522173229,http://cwastes.skolbloggen.se:80/2012/04/26/sank-priserna-pa-kollektivtrafiken,301,text/html,https://web.archive.org/web/20180522173229/http://cwastes.skolbloggen.se:80/2012/04/26/sank-priserna-pa-kollektivtrafiken
raw_http_prefix,20180523170307,http://cwastes.skolbloggen.se/robots.txt,301,text/html,https://web.archive.org/web/20180523170307/http://cwastes.skolbloggen.se/robots.txt
raw_http_prefix,20180523170311,http://cwastes.skolbloggen.se/files/2012/06/vap22-300x200.jpg,301,text/html,https://web.archive.org/web/20180523170311/http://cwastes.skolbloggen.se/files/2012/06/vap22-300x200.jpg
raw_http_prefix,20180523170314,https://cwastes.skolbloggen.se/robots.txt,-,warc/revisit,https://web.archive.org/web/20180523170314/https://cwastes.skolbloggen.se/robots.txt
raw_http_prefix,20180523173129,http://cwastes.skolbloggen.se/wp-content/plugins/admin-bar-login/admin-bar-login.css?ver=1.0.1,301,text/html,https://web.archive.org/web/20180523173129/http://cwastes.skolbloggen.se/wp-content/plugins/admin-bar-login/admin-bar-login.css?ver=1.0.1
raw_http_prefix,20180523192248,http://cwastes.skolbloggen.se/robots.txt,301,text/html,https://web.archive.org/web/20180523192248/http://cwastes.skolbloggen.se/robots.txt
raw_http_prefix,20180523192251,http://cwastes.skolbloggen.se/wp-content/themes/thematic.0.9/thematic/library/scripts/supersubs.js,301,text/html,https://web.archive.org/web/20180523192251/http://cwastes.skolbloggen.se/wp-content/themes/thematic.0.9/thematic/library/scripts/supersubs.js
raw_http_prefix,20180523192255,https://cwastes.skolbloggen.se/robots.txt,-,warc/revisit,https://web.archive.org/web/20180523192255/https://cwastes.skolbloggen.se/robots.txt
raw_http_prefix,20180523195613,http://cwastes.skolbloggen.se/robots.txt,301,text/html,https://web.archive.org/web/20180523195613/http://cwastes.skolbloggen.se/robots.txt
raw_http_prefix,20180523195617,http://cwastes.skolbloggen.se/wp-includes/css/dashicons.min.css?ver=63a1754c5b1d2ffcae81f9988ee0db8c,301,text/html,https://web.archive.org/web/20180523195617/http://cwastes.skolbloggen.se/wp-includes/css/dashicons.min.css?ver=63a1754c5b1d2ffcae81f9988ee0db8c
raw_http_prefix,20180523195621,https://cwastes.skolbloggen.se/robots.txt,-,warc/revisit,https://web.archive.org/web/20180523195621/https://cwastes.skolbloggen.se/robots.txt
raw_http_prefix,20180523210526,http://cwastes.skolbloggen.se/robots.txt,301,text/html,https://web.archive.org/web/20180523210526/http://cwastes.skolbloggen.se/robots.txt
raw_http_prefix,20180523210530,http://cwastes.skolbloggen.se/wp-includes/js/jquery/jquery.js?ver=1.12.4,301,text/html,https://web.archive.org/web/20180523210530/http://cwastes.skolbloggen.se/wp-includes/js/jquery/jquery.js?ver=1.12.4
raw_http_prefix,20180523210533,https://cwastes.skolbloggen.se/robots.txt,-,warc/revisit,https://web.archive.org/web/20180523210533/https://cwastes.skolbloggen.se/robots.txt
raw_http_prefix,20180524001336,http://cwastes.skolbloggen.se/robots.txt,301,text/html,https://web.archive.org/web/20180524001336/http://cwastes.skolbloggen.se/robots.txt
raw_http_prefix,20180524001339,http://cwastes.skolbloggen.se/wp-content/themes/thematic.0.9/thematic/style.css,301,text/html,https://web.archive.org/web/20180524001339/http://cwastes.skolbloggen.se/wp-content/themes/thematic.0.9/thematic/style.css
raw_http_prefix,20180524001343,https://cwastes.skolbloggen.se/robots.txt,-,warc/revisit,https://web.archive.org/web/20180524001343/https://cwastes.skolbloggen.se/robots.txt
raw_http_prefix,20180524004707,http://cwastes.skolbloggen.se/robots.txt,301,text/html,https://web.archive.org/web/20180524004707/http://cwastes.skolbloggen.se/robots.txt
raw_http_prefix,20180524004710,http://cwastes.skolbloggen.se/files/2012/06/4745740382_2ab039b41a_m.jpg,301,text/html,https://web.archive.org/web/20180524004710/http://cwastes.skolbloggen.se/files/2012/06/4745740382_2ab039b41a_m.jpg
raw_http_prefix,20180524004714,https://cwastes.skolbloggen.se/robots.txt,-,warc/revisit,https://web.archive.org/web/20180524004714/https://cwastes.skolbloggen.se/robots.txt
raw_http_prefix,20180524005116,http://cwastes.skolbloggen.se/robots.txt,301,text/html,https://web.archive.org/web/20180524005116/http://cwastes.skolbloggen.se/robots.txt
raw_http_prefix,20180524005120,http://cwastes.skolbloggen.se/wp-includes/css/admin-bar.min.css?ver=63a1754c5b1d2ffcae81f9988ee0db8c,301,text/html,https://web.archive.org/web/20180524005120/http://cwastes.skolbloggen.se/wp-includes/css/admin-bar.min.css?ver=63a1754c5b1d2ffcae81f9988ee0db8c
raw_http_prefix,20180524005124,https://cwastes.skolbloggen.se/robots.txt,-,warc/revisit,https://web.archive.org/web/20180524005124/https://cwastes.skolbloggen.se/robots.txt
raw_http_prefix,20180524025800,http://cwastes.skolbloggen.se/wp-includes/js/admin-bar.min.js?ver=63a1754c5b1d2ffcae81f9988ee0db8c,301,text/html,https://web.archive.org/web/20180524025800/http://cwastes.skolbloggen.se/wp-includes/js/admin-bar.min.js?ver=63a1754c5b1d2ffcae81f9988ee0db8c
raw_http_prefix,20180524043024,http://cwastes.skolbloggen.se/files/2012/06/me-tina-mom-long-ago-R-300x219.jpg,301,text/html,https://web.archive.org/web/20180524043024/http://cwastes.skolbloggen.se/files/2012/06/me-tina-mom-long-ago-R-300x219.jpg
raw_http_prefix,20180524053953,http://cwastes.skolbloggen.se/wp-content/themes/thematic.0.9/thematic/library/scripts/thematic-dropdowns.js,301,text/html,https://web.archive.org/web/20180524053953/http://cwastes.skolbloggen.se/wp-content/themes/thematic.0.9/thematic/library/scripts/thematic-dropdowns.js
raw_http_prefix,20180524070759,http://cwastes.skolbloggen.se/robots.txt,301,text/html,https://web.archive.org/web/20180524070759/http://cwastes.skolbloggen.se/robots.txt
raw_http_prefix,20180524070802,http://cwastes.skolbloggen.se/wp-content/themes/thematic.0.9/thematic/library/scripts/superfish.js,301,text/html,https://web.archive.org/web/20180524070802/http://cwastes.skolbloggen.se/wp-content/themes/thematic.0.9/thematic/library/scripts/superfish.js
raw_http_prefix,20180524070806,https://cwastes.skolbloggen.se/robots.txt,-,warc/revisit,https://web.archive.org/web/20180524070806/https://cwastes.skolbloggen.se/robots.txt
raw_http_prefix,20180524071926,http://cwastes.skolbloggen.se/favicon.ico,301,text/html,https://web.archive.org/web/20180524071926/http://cwastes.skolbloggen.se/favicon.ico
raw_http_prefix,20180524073938,http://cwastes.skolbloggen.se/robots.txt,301,text/html,https://web.archive.org/web/20180524073938/http://cwastes.skolbloggen.se/robots.txt
raw_http_prefix,20180524073941,http://cwastes.skolbloggen.se/wp-includes/js/wp-embed.min.js?ver=63a1754c5b1d2ffcae81f9988ee0db8c,301,text/html,https://web.archive.org/web/20180524073941/http://cwastes.skolbloggen.se/wp-includes/js/wp-embed.min.js?ver=63a1754c5b1d2ffcae81f9988ee0db8c
raw_http_prefix,20180524073945,https://cwastes.skolbloggen.se/robots.txt,-,warc/revisit,https://web.archive.org/web/20180524073945/https://cwastes.skolbloggen.se/robots.txt
raw_http_prefix,20180524082925,http://cwastes.skolbloggen.se/comments/feed/,301,text/html,https://web.archive.org/web/20180524082925/http://cwastes.skolbloggen.se/comments/feed/
raw_http_prefix,20180524113910,http://cwastes.skolbloggen.se/wp-json/,301,text/html,https://web.archive.org/web/20180524113910/http://cwastes.skolbloggen.se/wp-json/
raw_http_prefix,20180524152017,http://cwastes.skolbloggen.se/xmlrpc.php?rsd,301,text/html,https://web.archive.org/web/20180524152017/http://cwastes.skolbloggen.se/xmlrpc.php?rsd
raw_http_prefix,20180524152651,http://cwastes.skolbloggen.se/robots.txt,301,text/html,https://web.archive.org/web/20180524152651/http://cwastes.skolbloggen.se/robots.txt
raw_http_prefix,20180524152654,http://cwastes.skolbloggen.se/feed/,301,text/html,https://web.archive.org/web/20180524152654/http://cwastes.skolbloggen.se/feed/
raw_http_prefix,20180524152658,https://cwastes.skolbloggen.se/robots.txt,-,warc/revisit,https://web.archive.org/web/20180524152658/https://cwastes.skolbloggen.se/robots.txt
raw_http_prefix,20180524154237,http://cwastes.skolbloggen.se/xmlrpc.php,301,text/html,https://web.archive.org/web/20180524154237/http://cwastes.skolbloggen.se/xmlrpc.php
raw_http_prefix,20180524154559,http://cwastes.skolbloggen.se/wp-includes/js/jquery/jquery-migrate.min.js?ver=1.4.1,301,text/html,https://web.archive.org/web/20180524154559/http://cwastes.skolbloggen.se/wp-includes/js/jquery/jquery-migrate.min.js?ver=1.4.1
raw_http_prefix,20180524164444,http://cwastes.skolbloggen.se/wp-content/themes/thematic.0.9/thematic/library/scripts/hoverIntent.js,301,text/html,https://web.archive.org/web/20180524164444/http://cwastes.skolbloggen.se/wp-content/themes/thematic.0.9/thematic/library/scripts/hoverIntent.js
raw_http_prefix,20180524191939,http://cwastes.skolbloggen.se/wp-includes/wlwmanifest.xml,301,text/html,https://web.archive.org/web/20180524191939/http://cwastes.skolbloggen.se/wp-includes/wlwmanifest.xml
raw_http_prefix,20180601090321,http://cwastes.skolbloggen.se:80/2011/09/21/bokpresentation-robinson-crusoe,301,text/html,https://web.archive.org/web/20180601090321/http://cwastes.skolbloggen.se:80/2011/09/21/bokpresentation-robinson-crusoe
raw_http_prefix,20180617122618,http://cwastes.skolbloggen.se:80/2010/12/13/per-christan-jersild,301,text/html,https://web.archive.org/web/20180617122618/http://cwastes.skolbloggen.se:80/2010/12/13/per-christan-jersild
raw_http_prefix,20180617122923,http://cwastes.skolbloggen.se:80/2010/12/20/vem-var-franz-kafka,301,text/html,https://web.archive.org/web/20180617122923/http://cwastes.skolbloggen.se:80/2010/12/20/vem-var-franz-kafka
raw_http_prefix,20180621073743,http://cwastes.skolbloggen.se:80/2011/10/07/1561/comment-page-1,301,text/html,https://web.archive.org/web/20180621073743/http://cwastes.skolbloggen.se:80/2011/10/07/1561/comment-page-1
raw_http_prefix,20180622145107,http://cwastes.skolbloggen.se:80/2012/04/26/sank-priserna-pa-kollektivtrafiken,301,text/html,https://web.archive.org/web/20180622145107/http://cwastes.skolbloggen.se:80/2012/04/26/sank-priserna-pa-kollektivtrafiken
raw_http_prefix,20180622150250,http://cwastes.skolbloggen.se:80/2011/10/13/frankenstein-bokpresentation/comment-page-1,301,text/html,https://web.archive.org/web/20180622150250/http://cwastes.skolbloggen.se:80/2011/10/13/frankenstein-bokpresentation/comment-page-1
raw_http_prefix,20180702103625,http://cwastes.skolbloggen.se:80/2011/09/21/bokpresentation-robinson-crusoe,301,text/html,https://web.archive.org/web/20180702103625/http://cwastes.skolbloggen.se:80/2011/09/21/bokpresentation-robinson-crusoe
raw_http_prefix,20180708193435,https://cwastes.skolbloggen.se/robots.txt,-,warc/revisit,https://web.archive.org/web/20180708193435/https://cwastes.skolbloggen.se/robots.txt
raw_http_prefix,20180708193439,https://cwastes.skolbloggen.se/files/2012/06/vap22-300x200.jpg,200,image/jpeg,https://web.archive.org/web/20180708193439/https://cwastes.skolbloggen.se/files/2012/06/vap22-300x200.jpg
raw_http_prefix,20180708201337,https://cwastes.skolbloggen.se/robots.txt,-,warc/revisit,https://web.archive.org/web/20180708201337/https://cwastes.skolbloggen.se/robots.txt
raw_http_prefix,20180708201407,https://cwastes.skolbloggen.se/wp-content/plugins/admin-bar-login/admin-bar-login.css?ver=1.0.1,200,text/css,https://web.archive.org/web/20180708201407/https://cwastes.skolbloggen.se/wp-content/plugins/admin-bar-login/admin-bar-login.css?ver=1.0.1
raw_http_prefix,20180708203000,https://cwastes.skolbloggen.se/robots.txt,-,warc/revisit,https://web.archive.org/web/20180708203000/https://cwastes.skolbloggen.se/robots.txt
raw_http_prefix,20180708203004,https://cwastes.skolbloggen.se/wp-content/themes/thematic.0.9/thematic/library/scripts/supersubs.js,200,application/javascript,https://web.archive.org/web/20180708203004/https://cwastes.skolbloggen.se/wp-content/themes/thematic.0.9/thematic/library/scripts/supersubs.js
raw_http_prefix,20180708203202,https://cwastes.skolbloggen.se/wp-includes/css/dashicons.min.css?ver=63a1754c5b1d2ffcae81f9988ee0db8c,200,text/css,https://web.archive.org/web/20180708203202/https://cwastes.skolbloggen.se/wp-includes/css/dashicons.min.css?ver=63a1754c5b1d2ffcae81f9988ee0db8c
raw_http_prefix,20180708210821,https://cwastes.skolbloggen.se/robots.txt,-,warc/revisit,https://web.archive.org/web/20180708210821/https://cwastes.skolbloggen.se/robots.txt
raw_http_prefix,20180708210825,https://cwastes.skolbloggen.se/wp-includes/js/jquery/jquery.js?ver=1.12.4,200,application/javascript,https://web.archive.org/web/20180708210825/https://cwastes.skolbloggen.se/wp-includes/js/jquery/jquery.js?ver=1.12.4
raw_http_prefix,20180708212259,https://cwastes.skolbloggen.se/robots.txt,-,warc/revisit,https://web.archive.org/web/20180708212259/https://cwastes.skolbloggen.se/robots.txt
raw_http_prefix,20180708212303,https://cwastes.skolbloggen.se/wp-content/themes/thematic.0.9/thematic/style.css,200,text/css,https://web.archive.org/web/20180708212303/https://cwastes.skolbloggen.se/wp-content/themes/thematic.0.9/thematic/style.css
raw_http_prefix,20180708213608,https://cwastes.skolbloggen.se/robots.txt,-,warc/revisit,https://web.archive.org/web/20180708213608/https://cwastes.skolbloggen.se/robots.txt
raw_http_prefix,20180708213612,https://cwastes.skolbloggen.se/wp-includes/css/admin-bar.min.css?ver=63a1754c5b1d2ffcae81f9988ee0db8c,200,text/css,https://web.archive.org/web/20180708213612/https://cwastes.skolbloggen.se/wp-includes/css/admin-bar.min.css?ver=63a1754c5b1d2ffcae81f9988ee0db8c
raw_http_prefix,20180708214058,https://cwastes.skolbloggen.se/files/2012/06/4745740382_2ab039b41a_m.jpg,200,image/jpeg,https://web.archive.org/web/20180708214058/https://cwastes.skolbloggen.se/files/2012/06/4745740382_2ab039b41a_m.jpg
raw_http_prefix,20180708215734,https://cwastes.skolbloggen.se/robots.txt,200,text/plain,https://web.archive.org/web/20180708215734/https://cwastes.skolbloggen.se/robots.txt
raw_http_prefix,20180708215738,https://cwastes.skolbloggen.se/wp-includes/js/admin-bar.min.js?ver=63a1754c5b1d2ffcae81f9988ee0db8c,200,application/javascript,https://web.archive.org/web/20180708215738/https://cwastes.skolbloggen.se/wp-includes/js/admin-bar.min.js?ver=63a1754c5b1d2ffcae81f9988ee0db8c
raw_http_prefix,20180708215951,https://cwastes.skolbloggen.se/robots.txt,-,warc/revisit,https://web.archive.org/web/20180708215951/https://cwastes.skolbloggen.se/robots.txt
raw_http_prefix,20180708215955,https://cwastes.skolbloggen.se/files/2012/06/me-tina-mom-long-ago-R-300x219.jpg,200,image/jpeg,https://web.archive.org/web/20180708215955/https://cwastes.skolbloggen.se/files/2012/06/me-tina-mom-long-ago-R-300x219.jpg
raw_http_prefix,20180708221756,https://cwastes.skolbloggen.se/robots.txt,-,warc/revisit,https://web.archive.org/web/20180708221756/https://cwastes.skolbloggen.se/robots.txt
raw_http_prefix,20180708221803,https://cwastes.skolbloggen.se/wp-content/themes/thematic.0.9/thematic/library/scripts/thematic-dropdowns.js,200,application/javascript,https://web.archive.org/web/20180708221803/https://cwastes.skolbloggen.se/wp-content/themes/thematic.0.9/thematic/library/scripts/thematic-dropdowns.js
raw_http_prefix,20180708221941,https://cwastes.skolbloggen.se/wp-includes/js/wp-embed.min.js?ver=63a1754c5b1d2ffcae81f9988ee0db8c,200,application/javascript,https://web.archive.org/web/20180708221941/https://cwastes.skolbloggen.se/wp-includes/js/wp-embed.min.js?ver=63a1754c5b1d2ffcae81f9988ee0db8c
raw_http_prefix,20180708222421,https://cwastes.skolbloggen.se/favicon.ico,200,image/vnd.microsoft.icon,https://web.archive.org/web/20180708222421/https://cwastes.skolbloggen.se/favicon.ico
raw_http_prefix,20180708222829,https://cwastes.skolbloggen.se/wp-content/themes/thematic.0.9/thematic/library/scripts/superfish.js,200,application/javascript,https://web.archive.org/web/20180708222829/https://cwastes.skolbloggen.se/wp-content/themes/thematic.0.9/thematic/library/scripts/superfish.js
raw_http_prefix,20180708225338,https://cwastes.skolbloggen.se/robots.txt,-,warc/revisit,https://web.archive.org/web/20180708225338/https://cwastes.skolbloggen.se/robots.txt
raw_http_prefix,20180708235750,https://cwastes.skolbloggen.se/wp-includes/js/jquery/jquery-migrate.min.js?ver=1.4.1,200,application/javascript,https://web.archive.org/web/20180708235750/https://cwastes.skolbloggen.se/wp-includes/js/jquery/jquery-migrate.min.js?ver=1.4.1
raw_http_prefix,20180709000754,https://cwastes.skolbloggen.se/wp-content/themes/thematic.0.9/thematic/library/scripts/hoverIntent.js,200,application/javascript,https://web.archive.org/web/20180709000754/https://cwastes.skolbloggen.se/wp-content/themes/thematic.0.9/thematic/library/scripts/hoverIntent.js
raw_http_prefix,20180709005757,https://cwastes.skolbloggen.se/wp-includes/wlwmanifest.xml,200,application/xml,https://web.archive.org/web/20180709005757/https://cwastes.skolbloggen.se/wp-includes/wlwmanifest.xml
raw_http_prefix,20180718120438,http://cwastes.skolbloggen.se:80/2010/12/20/vem-var-franz-kafka,301,text/html,https://web.archive.org/web/20180718120438/http://cwastes.skolbloggen.se:80/2010/12/20/vem-var-franz-kafka
raw_http_prefix,20180718124307,http://cwastes.skolbloggen.se:80/2010/12/13/per-christan-jersild,301,text/html,https://web.archive.org/web/20180718124307/http://cwastes.skolbloggen.se:80/2010/12/13/per-christan-jersild
raw_http_prefix,20180719195722,http://cwastes.skolbloggen.se/robots.txt,301,text/html,https://web.archive.org/web/20180719195722/http://cwastes.skolbloggen.se/robots.txt
raw_http_prefix,20180719195725,http://www.cwastes.skolbloggen.se/robots.txt,301,text/html,https://web.archive.org/web/20180719195725/http://www.cwastes.skolbloggen.se/robots.txt
raw_http_prefix,20180723071032,http://cwastes.skolbloggen.se:80/2011/10/07/1561/comment-page-1,301,text/html,https://web.archive.org/web/20180723071032/http://cwastes.skolbloggen.se:80/2011/10/07/1561/comment-page-1
raw_http_prefix,20180723175107,http://cwastes.skolbloggen.se:80/2012/04/26/sank-priserna-pa-kollektivtrafiken,301,text/html,https://web.archive.org/web/20180723175107/http://cwastes.skolbloggen.se:80/2012/04/26/sank-priserna-pa-kollektivtrafiken
raw_http_prefix,20180723181513,http://cwastes.skolbloggen.se:80/2011/10/13/frankenstein-bokpresentation/comment-page-1,301,text/html,https://web.archive.org/web/20180723181513/http://cwastes.skolbloggen.se:80/2011/10/13/frankenstein-bokpresentation/comment-page-1
raw_http_prefix,20180802095501,http://cwastes.skolbloggen.se:80/2011/09/21/bokpresentation-robinson-crusoe,301,text/html,https://web.archive.org/web/20180802095501/http://cwastes.skolbloggen.se:80/2011/09/21/bokpresentation-robinson-crusoe
raw_http_prefix,20180818131158,http://cwastes.skolbloggen.se:80/2010/12/20/vem-var-franz-kafka,301,text/html,https://web.archive.org/web/20180818131158/http://cwastes.skolbloggen.se:80/2010/12/20/vem-var-franz-kafka
raw_http_prefix,20180818132827,http://cwastes.skolbloggen.se:80/2010/12/13/per-christan-jersild,301,text/html,https://web.archive.org/web/20180818132827/http://cwastes.skolbloggen.se:80/2010/12/13/per-christan-jersild
raw_http_prefix,20180823025616,http://cwastes.skolbloggen.se:80/2011/10/07/1561/comment-page-1,301,text/html,https://web.archive.org/web/20180823025616/http://cwastes.skolbloggen.se:80/2011/10/07/1561/comment-page-1
raw_http_prefix,20180823215314,http://cwastes.skolbloggen.se:80/2011/10/13/frankenstein-bokpresentation/comment-page-1,301,text/html,https://web.archive.org/web/20180823215314/http://cwastes.skolbloggen.se:80/2011/10/13/frankenstein-bokpresentation/comment-page-1
raw_http_prefix,20180823220940,http://cwastes.skolbloggen.se:80/2012/04/26/sank-priserna-pa-kollektivtrafiken,301,text/html,https://web.archive.org/web/20180823220940/http://cwastes.skolbloggen.se:80/2012/04/26/sank-priserna-pa-kollektivtrafiken
raw_http_prefix,20180903004856,http://cwastes.skolbloggen.se:80/2011/09/21/bokpresentation-robinson-crusoe,301,text/html,https://web.archive.org/web/20180903004856/http://cwastes.skolbloggen.se:80/2011/09/21/bokpresentation-robinson-crusoe
raw_http_prefix,20180919020357,http://cwastes.skolbloggen.se:80/2010/12/20/vem-var-franz-kafka,301,text/html,https://web.archive.org/web/20180919020357/http://cwastes.skolbloggen.se:80/2010/12/20/vem-var-franz-kafka
raw_http_prefix,20180919021511,http://cwastes.skolbloggen.se:80/2010/12/13/per-christan-jersild,301,text/html,https://web.archive.org/web/20180919021511/http://cwastes.skolbloggen.se:80/2010/12/13/per-christan-jersild
raw_http_prefix,20180922110226,http://cwastes.skolbloggen.se:80/2011/10/07/1561/comment-page-1,301,text/html,https://web.archive.org/web/20180922110226/http://cwastes.skolbloggen.se:80/2011/10/07/1561/comment-page-1
raw_http_prefix,20180923115542,http://cwastes.skolbloggen.se:80/2011/10/07/1561/comment-page-1,301,text/html,https://web.archive.org/web/20180923115542/http://cwastes.skolbloggen.se:80/2011/10/07/1561/comment-page-1
raw_http_prefix,20180924005019,http://cwastes.skolbloggen.se:80/2011/10/13/frankenstein-bokpresentation/comment-page-1,301,text/html,https://web.archive.org/web/20180924005019/http://cwastes.skolbloggen.se:80/2011/10/13/frankenstein-bokpresentation/comment-page-1
raw_http_prefix,20180924005243,http://cwastes.skolbloggen.se:80/2012/04/26/sank-priserna-pa-kollektivtrafiken,301,text/html,https://web.archive.org/web/20180924005243/http://cwastes.skolbloggen.se:80/2012/04/26/sank-priserna-pa-kollektivtrafiken
raw_http_prefix,20181004033551,http://cwastes.skolbloggen.se:80/2011/09/21/bokpresentation-robinson-crusoe,301,text/html,https://web.archive.org/web/20181004033551/http://cwastes.skolbloggen.se:80/2011/09/21/bokpresentation-robinson-crusoe
raw_http_prefix,20181015204623,http://cwastes.skolbloggen.se/robots.txt,301,text/html,https://web.archive.org/web/20181015204623/http://cwastes.skolbloggen.se/robots.txt
raw_http_prefix,20181020103953,http://cwastes.skolbloggen.se:80/2010/12/20/vem-var-franz-kafka,301,text/html,https://web.archive.org/web/20181020103953/http://cwastes.skolbloggen.se:80/2010/12/20/vem-var-franz-kafka
raw_http_prefix,20181020104617,http://cwastes.skolbloggen.se:80/2010/12/13/per-christan-jersild,301,text/html,https://web.archive.org/web/20181020104617/http://cwastes.skolbloggen.se:80/2010/12/13/per-christan-jersild
raw_http_prefix,20181026223833,http://cwastes.skolbloggen.se:80/2012/04/26/sank-priserna-pa-kollektivtrafiken,301,text/html,https://web.archive.org/web/20181026223833/http://cwastes.skolbloggen.se:80/2012/04/26/sank-priserna-pa-kollektivtrafiken
raw_http_prefix,20181026231208,http://cwastes.skolbloggen.se:80/2011/10/13/frankenstein-bokpresentation/comment-page-1,301,text/html,https://web.archive.org/web/20181026231208/http://cwastes.skolbloggen.se:80/2011/10/13/frankenstein-bokpresentation/comment-page-1
raw_http_prefix,20181026233652,http://cwastes.skolbloggen.se:80/2011/10/07/1561/comment-page-1,301,text/html,https://web.archive.org/web/20181026233652/http://cwastes.skolbloggen.se:80/2011/10/07/1561/comment-page-1
raw_http_prefix,20181104012734,http://cwastes.skolbloggen.se:80/2011/09/21/bokpresentation-robinson-crusoe,301,text/html,https://web.archive.org/web/20181104012734/http://cwastes.skolbloggen.se:80/2011/09/21/bokpresentation-robinson-crusoe
raw_http_prefix,20181114111028,http://cwastes.skolbloggen.se/robots.txt,-,warc/revisit,https://web.archive.org/web/20181114111028/http://cwastes.skolbloggen.se/robots.txt
raw_http_prefix,20181114111032,https://cwastes.skolbloggen.se/robots.txt,200,text/plain,https://web.archive.org/web/20181114111032/https://cwastes.skolbloggen.se/robots.txt
raw_http_prefix,20181114111038,http://cwastes.skolbloggen.se/,-,warc/revisit,https://web.archive.org/web/20181114111038/http://cwastes.skolbloggen.se/
raw_http_prefix,20181120071723,http://cwastes.skolbloggen.se:80/2010/12/13/per-christan-jersild,301,text/html,https://web.archive.org/web/20181120071723/http://cwastes.skolbloggen.se:80/2010/12/13/per-christan-jersild
raw_http_prefix,20181120075719,http://cwastes.skolbloggen.se:80/2010/12/20/vem-var-franz-kafka,301,text/html,https://web.archive.org/web/20181120075719/http://cwastes.skolbloggen.se:80/2010/12/20/vem-var-franz-kafka
raw_http_prefix,20181127014514,http://cwastes.skolbloggen.se:80/2011/10/13/frankenstein-bokpresentation/comment-page-1,301,text/html,https://web.archive.org/web/20181127014514/http://cwastes.skolbloggen.se:80/2011/10/13/frankenstein-bokpresentation/comment-page-1
raw_http_prefix,20181127023511,http://cwastes.skolbloggen.se:80/2011/10/07/1561/comment-page-1,301,text/html,https://web.archive.org/web/20181127023511/http://cwastes.skolbloggen.se:80/2011/10/07/1561/comment-page-1
raw_http_prefix,20181127030323,http://cwastes.skolbloggen.se:80/2012/04/26/sank-priserna-pa-kollektivtrafiken,301,text/html,https://web.archive.org/web/20181127030323/http://cwastes.skolbloggen.se:80/2012/04/26/sank-priserna-pa-kollektivtrafiken
raw_http_prefix,20181201004421,http://cwastes.skolbloggen.se/robots.txt,301,text/html,https://web.archive.org/web/20181201004421/http://cwastes.skolbloggen.se/robots.txt
raw_http_prefix,20181201004425,http://cwastes.skolbloggen.se/favicon.ico,301,text/html,https://web.archive.org/web/20181201004425/http://cwastes.skolbloggen.se/favicon.ico
raw_http_prefix,20181204131534,https://cwastes.skolbloggen.se/robots.txt,200,text/plain,https://web.archive.org/web/20181204131534/https://cwastes.skolbloggen.se/robots.txt
html_200_root,20181204134544,https://cwastes.skolbloggen.se/,200,text/html,https://web.archive.org/web/20181204134544/https://cwastes.skolbloggen.se/
raw_http_prefix,20181204155236,https://cwastes.skolbloggen.se/favicon.ico,200,image/vnd.microsoft.icon,https://web.archive.org/web/20181204155236/https://cwastes.skolbloggen.se/favicon.ico
raw_http_prefix,20181206004401,http://cwastes.skolbloggen.se:80/2011/09/21/bokpresentation-robinson-crusoe,301,text/html,https://web.archive.org/web/20181206004401/http://cwastes.skolbloggen.se:80/2011/09/21/bokpresentation-robinson-crusoe
raw_http_prefix,20181222035906,http://cwastes.skolbloggen.se:80/2010/12/20/vem-var-franz-kafka,301,text/html,https://web.archive.org/web/20181222035906/http://cwastes.skolbloggen.se:80/2010/12/20/vem-var-franz-kafka
raw_http_prefix,20181222073223,http://cwastes.skolbloggen.se:80/2010/12/13/per-christan-jersild,301,text/html,https://web.archive.org/web/20181222073223/http://cwastes.skolbloggen.se:80/2010/12/13/per-christan-jersild
raw_http_prefix,20181223151347,https://cwastes.skolbloggen.se/robots.txt,-,warc/revisit,https://web.archive.org/web/20181223151347/https://cwastes.skolbloggen.se/robots.txt
raw_http_prefix,20181223151351,https://cwastes.skolbloggen.se/wp-includes/css/admin-bar.min.css?ver=4.9.8,200,text/css,https://web.archive.org/web/20181223151351/https://cwastes.skolbloggen.se/wp-includes/css/admin-bar.min.css?ver=4.9.8
raw_http_prefix,20181227050914,https://cwastes.skolbloggen.se/robots.txt,-,warc/revisit,https://web.archive.org/web/20181227050914/https://cwastes.skolbloggen.se/robots.txt
raw_http_prefix,20181227050922,https://cwastes.skolbloggen.se/wp-content/themes/thematic.0.9/thematic/library/scripts/supersubs.js,-,warc/revisit,https://web.archive.org/web/20181227050922/https://cwastes.skolbloggen.se/wp-content/themes/thematic.0.9/thematic/library/scripts/supersubs.js
raw_http_prefix,20181227183450,https://cwastes.skolbloggen.se/wp-includes/js/jquery/jquery.js?ver=1.12.4,-,warc/revisit,https://web.archive.org/web/20181227183450/https://cwastes.skolbloggen.se/wp-includes/js/jquery/jquery.js?ver=1.12.4
raw_http_prefix,20181228031448,https://cwastes.skolbloggen.se/robots.txt,-,warc/revisit,https://web.archive.org/web/20181228031448/https://cwastes.skolbloggen.se/robots.txt
raw_http_prefix,20181228031452,https://cwastes.skolbloggen.se/comments/feed/,200,application/rss+xml,https://web.archive.org/web/20181228031452/https://cwastes.skolbloggen.se/comments/feed/
raw_http_prefix,20181228074644,http://cwastes.skolbloggen.se:80/2012/04/26/sank-priserna-pa-kollektivtrafiken,301,text/html,https://web.archive.org/web/20181228074644/http://cwastes.skolbloggen.se:80/2012/04/26/sank-priserna-pa-kollektivtrafiken
raw_http_prefix,20181228083759,http://cwastes.skolbloggen.se:80/2011/10/13/frankenstein-bokpresentation/comment-page-1,301,text/html,https://web.archive.org/web/20181228083759/http://cwastes.skolbloggen.se:80/2011/10/13/frankenstein-bokpresentation/comment-page-1
raw_http_prefix,20181228134032,http://cwastes.skolbloggen.se:80/2011/10/07/1561/comment-page-1,301,text/html,https://web.archive.org/web/20181228134032/http://cwastes.skolbloggen.se:80/2011/10/07/1561/comment-page-1
raw_http_prefix,20181229005419,https://cwastes.skolbloggen.se/wp-content/plugins/admin-bar-login/admin-bar-login.css?ver=1.0.1,-,warc/revisit,https://web.archive.org/web/20181229005419/https://cwastes.skolbloggen.se/wp-content/plugins/admin-bar-login/admin-bar-login.css?ver=1.0.1
raw_http_prefix,20181229165513,https://cwastes.skolbloggen.se/robots.txt,-,warc/revisit,https://web.archive.org/web/20181229165513/https://cwastes.skolbloggen.se/robots.txt
raw_http_prefix,20181229165518,https://cwastes.skolbloggen.se/wp-includes/css/dashicons.min.css?ver=4.9.8,200,text/css,https://web.archive.org/web/20181229165518/https://cwastes.skolbloggen.se/wp-includes/css/dashicons.min.css?ver=4.9.8
raw_http_prefix,20181229165524,http://cwastes.skolbloggen.se/robots.txt,301,text/html,https://web.archive.org/web/20181229165524/http://cwastes.skolbloggen.se/robots.txt
raw_http_prefix,20181229165527,https://cwastes.skolbloggen.se/robots.txt,-,warc/revisit,https://web.archive.org/web/20181229165527/https://cwastes.skolbloggen.se/robots.txt
raw_http_prefix,20181229165531,http://cwastes.skolbloggen.se/files/2012/06/me-tina-mom-long-ago-R-300x219.jpg,301,text/html,https://web.archive.org/web/20181229165531/http://cwastes.skolbloggen.se/files/2012/06/me-tina-mom-long-ago-R-300x219.jpg
raw_http_prefix,20181230032036,https://cwastes.skolbloggen.se/robots.txt,-,warc/revisit,https://web.archive.org/web/20181230032036/https://cwastes.skolbloggen.se/robots.txt
raw_http_prefix,20181230032041,https://cwastes.skolbloggen.se/wp-json/,200,application/json,https://web.archive.org/web/20181230032041/https://cwastes.skolbloggen.se/wp-json/
raw_http_prefix,20181231083422,https://cwastes.skolbloggen.se/robots.txt,-,warc/revisit,https://web.archive.org/web/20181231083422/https://cwastes.skolbloggen.se/robots.txt
raw_http_prefix,20181231083427,https://cwastes.skolbloggen.se/wp-content/themes/thematic.0.9/thematic/library/scripts/superfish.js,-,warc/revisit,https://web.archive.org/web/20181231083427/https://cwastes.skolbloggen.se/wp-content/themes/thematic.0.9/thematic/library/scripts/superfish.js
raw_http_prefix,20190101095425,https://cwastes.skolbloggen.se/robots.txt,-,warc/revisit,https://web.archive.org/web/20190101095425/https://cwastes.skolbloggen.se/robots.txt
raw_http_prefix,20190101095430,https://cwastes.skolbloggen.se/xmlrpc.php?rsd,200,text/xml,https://web.archive.org/web/20190101095430/https://cwastes.skolbloggen.se/xmlrpc.php?rsd
raw_http_prefix,20190102201326,https://cwastes.skolbloggen.se/robots.txt,-,warc/revisit,https://web.archive.org/web/20190102201326/https://cwastes.skolbloggen.se/robots.txt
raw_http_prefix,20190102201331,https://cwastes.skolbloggen.se/wp-content/themes/thematic.0.9/thematic/library/scripts/thematic-dropdowns.js,-,warc/revisit,https://web.archive.org/web/20190102201331/https://cwastes.skolbloggen.se/wp-content/themes/thematic.0.9/thematic/library/scripts/thematic-dropdowns.js
raw_http_prefix,20190103035651,https://cwastes.skolbloggen.se/robots.txt,-,warc/revisit,https://web.archive.org/web/20190103035651/https://cwastes.skolbloggen.se/robots.txt
raw_http_prefix,20190103035656,https://cwastes.skolbloggen.se/wp-includes/js/jquery/jquery-migrate.min.js?ver=1.4.1,-,warc/revisit,https://web.archive.org/web/20190103035656/https://cwastes.skolbloggen.se/wp-includes/js/jquery/jquery-migrate.min.js?ver=1.4.1
raw_http_prefix,20190103062004,http://cwastes.skolbloggen.se/robots.txt,301,text/html,https://web.archive.org/web/20190103062004/http://cwastes.skolbloggen.se/robots.txt
raw_http_prefix,20190103062008,https://cwastes.skolbloggen.se/robots.txt,-,warc/revisit,https://web.archive.org/web/20190103062008/https://cwastes.skolbloggen.se/robots.txt
raw_http_prefix,20190103062013,http://cwastes.skolbloggen.se/files/2012/06/4745740382_2ab039b41a_m.jpg,301,text/html,https://web.archive.org/web/20190103062013/http://cwastes.skolbloggen.se/files/2012/06/4745740382_2ab039b41a_m.jpg
raw_http_prefix,20190103144254,https://cwastes.skolbloggen.se/robots.txt,-,warc/revisit,https://web.archive.org/web/20190103144254/https://cwastes.skolbloggen.se/robots.txt
raw_http_prefix,20190103144300,https://cwastes.skolbloggen.se/feed/,200,application/rss+xml,https://web.archive.org/web/20190103144300/https://cwastes.skolbloggen.se/feed/
raw_http_prefix,20190104010832,http://cwastes.skolbloggen.se/robots.txt,301,text/html,https://web.archive.org/web/20190104010832/http://cwastes.skolbloggen.se/robots.txt
raw_http_prefix,20190104010836,https://cwastes.skolbloggen.se/robots.txt,-,warc/revisit,https://web.archive.org/web/20190104010836/https://cwastes.skolbloggen.se/robots.txt
raw_http_prefix,20190104010840,http://cwastes.skolbloggen.se/files/2012/06/vap22-300x200.jpg,301,text/html,https://web.archive.org/web/20190104010840/http://cwastes.skolbloggen.se/files/2012/06/vap22-300x200.jpg
raw_http_prefix,20190104010844,https://cwastes.skolbloggen.se/wp-content/themes/thematic.0.9/thematic/style.css,-,warc/revisit,https://web.archive.org/web/20190104010844/https://cwastes.skolbloggen.se/wp-content/themes/thematic.0.9/thematic/style.css
raw_http_prefix,20190105095429,https://cwastes.skolbloggen.se/robots.txt,-,warc/revisit,https://web.archive.org/web/20190105095429/https://cwastes.skolbloggen.se/robots.txt
raw_http_prefix,20190105095434,https://cwastes.skolbloggen.se/wp-includes/wlwmanifest.xml,200,application/xml,https://web.archive.org/web/20190105095434/https://cwastes.skolbloggen.se/wp-includes/wlwmanifest.xml
raw_http_prefix,20190105210537,https://cwastes.skolbloggen.se/robots.txt,-,warc/revisit,https://web.archive.org/web/20190105210537/https://cwastes.skolbloggen.se/robots.txt
raw_http_prefix,20190105210541,https://cwastes.skolbloggen.se/wp-includes/js/wp-embed.min.js?ver=4.9.8,200,application/javascript,https://web.archive.org/web/20190105210541/https://cwastes.skolbloggen.se/wp-includes/js/wp-embed.min.js?ver=4.9.8
raw_http_prefix,20190105235236,http://cwastes.skolbloggen.se:80/2011/09/21/bokpresentation-robinson-crusoe,301,text/html,https://web.archive.org/web/20190105235236/http://cwastes.skolbloggen.se:80/2011/09/21/bokpresentation-robinson-crusoe
raw_http_prefix,20190106130835,https://cwastes.skolbloggen.se/robots.txt,-,warc/revisit,https://web.archive.org/web/20190106130835/https://cwastes.skolbloggen.se/robots.txt
raw_http_prefix,20190106130839,https://cwastes.skolbloggen.se/xmlrpc.php,405,text/plain,https://web.archive.org/web/20190106130839/https://cwastes.skolbloggen.se/xmlrpc.php
raw_http_prefix,20190108050844,https://cwastes.skolbloggen.se/robots.txt,-,warc/revisit,https://web.archive.org/web/20190108050844/https://cwastes.skolbloggen.se/robots.txt
raw_http_prefix,20190108050849,https://cwastes.skolbloggen.se/wp-includes/js/admin-bar.min.js?ver=4.9.8,200,application/javascript,https://web.archive.org/web/20190108050849/https://cwastes.skolbloggen.se/wp-includes/js/admin-bar.min.js?ver=4.9.8
raw_http_prefix,20190109062018,https://cwastes.skolbloggen.se/robots.txt,-,warc/revisit,https://web.archive.org/web/20190109062018/https://cwastes.skolbloggen.se/robots.txt
raw_http_prefix,20190109062022,https://cwastes.skolbloggen.se/wp-content/themes/thematic.0.9/thematic/library/scripts/hoverIntent.js,-,warc/revisit,https://web.archive.org/web/20190109062022/https://cwastes.skolbloggen.se/wp-content/themes/thematic.0.9/thematic/library/scripts/hoverIntent.js
html_200_root,20190119001256,https://cwastes.skolbloggen.se/robots.txt,200,text/html,https://web.archive.org/web/20190119001256/https://cwastes.skolbloggen.se/robots.txt
html_200_root,20190119001300,https://cwastes.skolbloggen.se/wp-includes/fonts/dashicons.ttf,200,text/html,https://web.archive.org/web/20190119001300/https://cwastes.skolbloggen.se/wp-includes/fonts/dashicons.ttf
raw_http_prefix,20190122002515,http://cwastes.skolbloggen.se:80/2010/12/13/per-christan-jersild,301,text/html,https://web.archive.org/web/20190122002515/http://cwastes.skolbloggen.se:80/2010/12/13/per-christan-jersild
raw_http_prefix,20190122005027,http://cwastes.skolbloggen.se:80/2010/12/20/vem-var-franz-kafka,301,text/html,https://web.archive.org/web/20190122005027/http://cwastes.skolbloggen.se:80/2010/12/20/vem-var-franz-kafka
raw_http_prefix,20190122184853,https://cwastes.skolbloggen.se/robots.txt,-,warc/revisit,https://web.archive.org/web/20190122184853/https://cwastes.skolbloggen.se/robots.txt
html_200_root,20190122184857,https://cwastes.skolbloggen.se/files/2012/06/me-tina-mom-long-ago-R-300x219.jpg,200,text/html,https://web.archive.org/web/20190122184857/https://cwastes.skolbloggen.se/files/2012/06/me-tina-mom-long-ago-R-300x219.jpg
raw_http_prefix,20190124011405,https://cwastes.skolbloggen.se/robots.txt,-,warc/revisit,https://web.archive.org/web/20190124011405/https://cwastes.skolbloggen.se/robots.txt
html_200_root,20190124011409,https://cwastes.skolbloggen.se/wp-includes/fonts/dashicons.eot,200,text/html,https://web.archive.org/web/20190124011409/https://cwastes.skolbloggen.se/wp-includes/fonts/dashicons.eot
raw_http_prefix,20190124073704,https://cwastes.skolbloggen.se/robots.txt,-,warc/revisit,https://web.archive.org/web/20190124073704/https://cwastes.skolbloggen.se/robots.txt
html_200_root,20190124073709,https://cwastes.skolbloggen.se/wp-content/themes/thematic.0.9/thematic/library/styles/default.css,200,text/html,https://web.archive.org/web/20190124073709/https://cwastes.skolbloggen.se/wp-content/themes/thematic.0.9/thematic/library/styles/default.css
raw_http_prefix,20190124141915,https://cwastes.skolbloggen.se/robots.txt,-,warc/revisit,https://web.archive.org/web/20190124141915/https://cwastes.skolbloggen.se/robots.txt
html_200_root,20190124141919,https://cwastes.skolbloggen.se/wp-content/themes/thematic.0.9/thematic/library/styles/images.css,200,text/html,https://web.archive.org/web/20190124141919/https://cwastes.skolbloggen.se/wp-content/themes/thematic.0.9/thematic/library/styles/images.css
raw_http_prefix,20190126004710,https://cwastes.skolbloggen.se/robots.txt,-,warc/revisit,https://web.archive.org/web/20190126004710/https://cwastes.skolbloggen.se/robots.txt
html_200_root,20190126004715,https://cwastes.skolbloggen.se/wp-includes/fonts/dashicons.svg,200,text/html,https://web.archive.org/web/20190126004715/https://cwastes.skolbloggen.se/wp-includes/fonts/dashicons.svg
raw_http_prefix,20190127014410,https://cwastes.skolbloggen.se/robots.txt,-,warc/revisit,https://web.archive.org/web/20190127014410/https://cwastes.skolbloggen.se/robots.txt
html_200_root,20190127014415,https://cwastes.skolbloggen.se/wp-content/themes/thematic.0.9/thematic/library/styles/typography.css,200,text/html,https://web.archive.org/web/20190127014415/https://cwastes.skolbloggen.se/wp-content/themes/thematic.0.9/thematic/library/styles/typography.css
raw_http_prefix,20190127171858,https://cwastes.skolbloggen.se/robots.txt,-,warc/revisit,https://web.archive.org/web/20190127171858/https://cwastes.skolbloggen.se/robots.txt
html_200_root,20190127171902,https://cwastes.skolbloggen.se/files/2012/06/vap22-300x200.jpg,200,text/html,https://web.archive.org/web/20190127171902/https://cwastes.skolbloggen.se/files/2012/06/vap22-300x200.jpg
html_200_root,20190127183839,https://cwastes.skolbloggen.se/wp-content/themes/thematic.0.9/thematic/library/layouts/2c-r-fixed.css,200,text/html,https://web.archive.org/web/20190127183839/https://cwastes.skolbloggen.se/wp-content/themes/thematic.0.9/thematic/library/layouts/2c-r-fixed.css
raw_http_prefix,20190128070451,https://cwastes.skolbloggen.se/robots.txt,-,warc/revisit,https://web.archive.org/web/20190128070451/https://cwastes.skolbloggen.se/robots.txt
html_200_root,20190128070456,https://cwastes.skolbloggen.se/wp-content/themes/thematic.0.9/thematic/library/styles/plugins.css,200,text/html,https://web.archive.org/web/20190128070456/https://cwastes.skolbloggen.se/wp-content/themes/thematic.0.9/thematic/library/styles/plugins.css
raw_http_prefix,20190128205435,http://cwastes.skolbloggen.se:80/2012/04/26/sank-priserna-pa-kollektivtrafiken,301,text/html,https://web.archive.org/web/20190128205435/http://cwastes.skolbloggen.se:80/2012/04/26/sank-priserna-pa-kollektivtrafiken
raw_http_prefix,20190128205656,http://cwastes.skolbloggen.se:80/2011/10/07/1561/comment-page-1,301,text/html,https://web.archive.org/web/20190128205656/http://cwastes.skolbloggen.se:80/2011/10/07/1561/comment-page-1
raw_http_prefix,20190128212609,http://cwastes.skolbloggen.se:80/2011/10/13/frankenstein-bokpresentation/comment-page-1,301,text/html,https://web.archive.org/web/20190128212609/http://cwastes.skolbloggen.se:80/2011/10/13/frankenstein-bokpresentation/comment-page-1
raw_http_prefix,20190129063902,https://cwastes.skolbloggen.se/robots.txt,-,warc/revisit,https://web.archive.org/web/20190129063902/https://cwastes.skolbloggen.se/robots.txt
html_200_root,20190129063906,https://cwastes.skolbloggen.se/files/2012/06/4745740382_2ab039b41a_m.jpg,200,text/html,https://web.archive.org/web/20190129063906/https://cwastes.skolbloggen.se/files/2012/06/4745740382_2ab039b41a_m.jpg
raw_http_prefix,20190130204819,https://cwastes.skolbloggen.se/robots.txt,-,warc/revisit,https://web.archive.org/web/20190130204819/https://cwastes.skolbloggen.se/robots.txt
html_200_root,20190130204824,https://cwastes.skolbloggen.se/wp-content/themes/thematic.0.9/thematic/library/styles/reset.css,200,text/html,https://web.archive.org/web/20190130204824/https://cwastes.skolbloggen.se/wp-content/themes/thematic.0.9/thematic/library/styles/reset.css
raw_http_prefix,20190206041003,http://cwastes.skolbloggen.se:80/2011/09/21/bokpresentation-robinson-crusoe,301,text/html,https://web.archive.org/web/20190206041003/http://cwastes.skolbloggen.se:80/2011/09/21/bokpresentation-robinson-crusoe
raw_http_prefix,20190221191941,http://cwastes.skolbloggen.se:80/2010/12/13/per-christan-jersild,301,text/html,https://web.archive.org/web/20190221191941/http://cwastes.skolbloggen.se:80/2010/12/13/per-christan-jersild
raw_http_prefix,20190221194149,http://cwastes.skolbloggen.se:80/2010/12/20/vem-var-franz-kafka,301,text/html,https://web.archive.org/web/20190221194149/http://cwastes.skolbloggen.se:80/2010/12/20/vem-var-franz-kafka
raw_http_prefix,20190228154058,http://cwastes.skolbloggen.se:80/2012/04/26/sank-priserna-pa-kollektivtrafiken,301,text/html,https://web.archive.org/web/20190228154058/http://cwastes.skolbloggen.se:80/2012/04/26/sank-priserna-pa-kollektivtrafiken
raw_http_prefix,20190228162028,http://cwastes.skolbloggen.se:80/2011/10/07/1561/comment-page-1,301,text/html,https://web.archive.org/web/20190228162028/http://cwastes.skolbloggen.se:80/2011/10/07/1561/comment-page-1
raw_http_prefix,20190228162134,http://cwastes.skolbloggen.se:80/2011/10/13/frankenstein-bokpresentation/comment-page-1,301,text/html,https://web.archive.org/web/20190228162134/http://cwastes.skolbloggen.se:80/2011/10/13/frankenstein-bokpresentation/comment-page-1
raw_http_prefix,20190309095350,http://cwastes.skolbloggen.se:80/2011/09/21/bokpresentation-robinson-crusoe,301,text/html,https://web.archive.org/web/20190309095350/http://cwastes.skolbloggen.se:80/2011/09/21/bokpresentation-robinson-crusoe
raw_http_prefix,20190324163021,http://cwastes.skolbloggen.se:80/2010/12/13/per-christan-jersild,301,text/html,https://web.archive.org/web/20190324163021/http://cwastes.skolbloggen.se:80/2010/12/13/per-christan-jersild
raw_http_prefix,20190324163911,http://cwastes.skolbloggen.se:80/2010/12/20/vem-var-franz-kafka,301,text/html,https://web.archive.org/web/20190324163911/http://cwastes.skolbloggen.se:80/2010/12/20/vem-var-franz-kafka
raw_http_prefix,20190331131919,http://cwastes.skolbloggen.se:80/2011/10/07/1561/comment-page-1,301,text/html,https://web.archive.org/web/20190331131919/http://cwastes.skolbloggen.se:80/2011/10/07/1561/comment-page-1
raw_http_prefix,20190331132524,http://cwastes.skolbloggen.se:80/2012/04/26/sank-priserna-pa-kollektivtrafiken,301,text/html,https://web.archive.org/web/20190331132524/http://cwastes.skolbloggen.se:80/2012/04/26/sank-priserna-pa-kollektivtrafiken
raw_http_prefix,20190331133504,http://cwastes.skolbloggen.se:80/2011/10/13/frankenstein-bokpresentation/comment-page-1,301,text/html,https://web.archive.org/web/20190331133504/http://cwastes.skolbloggen.se:80/2011/10/13/frankenstein-bokpresentation/comment-page-1
raw_http_prefix,20190408204805,http://cwastes.skolbloggen.se:80/2011/09/21/bokpresentation-robinson-crusoe,301,text/html,https://web.archive.org/web/20190408204805/http://cwastes.skolbloggen.se:80/2011/09/21/bokpresentation-robinson-crusoe
raw_http_prefix,20190424110454,http://cwastes.skolbloggen.se:80/2010/12/13/per-christan-jersild,301,text/html,https://web.archive.org/web/20190424110454/http://cwastes.skolbloggen.se:80/2010/12/13/per-christan-jersild
raw_http_prefix,20190424110542,http://cwastes.skolbloggen.se:80/2010/12/20/vem-var-franz-kafka,301,text/html,https://web.archive.org/web/20190424110542/http://cwastes.skolbloggen.se:80/2010/12/20/vem-var-franz-kafka
raw_http_prefix,20190501102924,http://cwastes.skolbloggen.se:80/2012/04/26/sank-priserna-pa-kollektivtrafiken,301,text/html,https://web.archive.org/web/20190501102924/http://cwastes.skolbloggen.se:80/2012/04/26/sank-priserna-pa-kollektivtrafiken
raw_http_prefix,20190501104214,http://cwastes.skolbloggen.se:80/2011/10/13/frankenstein-bokpresentation/comment-page-1,301,text/html,https://web.archive.org/web/20190501104214/http://cwastes.skolbloggen.se:80/2011/10/13/frankenstein-bokpresentation/comment-page-1
raw_http_prefix,20190501104508,http://cwastes.skolbloggen.se:80/2011/10/07/1561/comment-page-1,301,text/html,https://web.archive.org/web/20190501104508/http://cwastes.skolbloggen.se:80/2011/10/07/1561/comment-page-1
raw_http_prefix,20190509123353,http://cwastes.skolbloggen.se:80/2011/09/21/bokpresentation-robinson-crusoe,301,text/html,https://web.archive.org/web/20190509123353/http://cwastes.skolbloggen.se:80/2011/09/21/bokpresentation-robinson-crusoe
raw_http_prefix,20190525173027,http://cwastes.skolbloggen.se:80/2010/12/20/vem-var-franz-kafka,301,text/html,https://web.archive.org/web/20190525173027/http://cwastes.skolbloggen.se:80/2010/12/20/vem-var-franz-kafka
raw_http_prefix,20190525181850,http://cwastes.skolbloggen.se:80/2010/12/13/per-christan-jersild,301,text/html,https://web.archive.org/web/20190525181850/http://cwastes.skolbloggen.se:80/2010/12/13/per-christan-jersild
raw_http_prefix,20190601212016,http://cwastes.skolbloggen.se:80/2011/10/13/frankenstein-bokpresentation/comment-page-1,301,text/html,https://web.archive.org/web/20190601212016/http://cwastes.skolbloggen.se:80/2011/10/13/frankenstein-bokpresentation/comment-page-1
raw_http_prefix,20190601212156,http://cwastes.skolbloggen.se:80/2011/10/07/1561/comment-page-1,301,text/html,https://web.archive.org/web/20190601212156/http://cwastes.skolbloggen.se:80/2011/10/07/1561/comment-page-1
raw_http_prefix,20190601213138,http://cwastes.skolbloggen.se:80/2012/04/26/sank-priserna-pa-kollektivtrafiken,301,text/html,https://web.archive.org/web/20190601213138/http://cwastes.skolbloggen.se:80/2012/04/26/sank-priserna-pa-kollektivtrafiken
raw_http_prefix,20190609073218,http://cwastes.skolbloggen.se:80/2011/09/21/bokpresentation-robinson-crusoe,301,text/html,https://web.archive.org/web/20190609073218/http://cwastes.skolbloggen.se:80/2011/09/21/bokpresentation-robinson-crusoe
raw_http_prefix,20190625110031,http://cwastes.skolbloggen.se:80/2010/12/20/vem-var-franz-kafka,301,text/html,https://web.archive.org/web/20190625110031/http://cwastes.skolbloggen.se:80/2010/12/20/vem-var-franz-kafka
raw_http_prefix,20190625110329,http://cwastes.skolbloggen.se:80/2010/12/13/per-christan-jersild,301,text/html,https://web.archive.org/web/20190625110329/http://cwastes.skolbloggen.se:80/2010/12/13/per-christan-jersild
raw_http_prefix,20190703222211,http://cwastes.skolbloggen.se:80/2012/04/26/sank-priserna-pa-kollektivtrafiken,301,text/html,https://web.archive.org/web/20190703222211/http://cwastes.skolbloggen.se:80/2012/04/26/sank-priserna-pa-kollektivtrafiken
raw_http_prefix,20190703224016,http://cwastes.skolbloggen.se:80/2011/10/13/frankenstein-bokpresentation/comment-page-1,301,text/html,https://web.archive.org/web/20190703224016/http://cwastes.skolbloggen.se:80/2011/10/13/frankenstein-bokpresentation/comment-page-1
raw_http_prefix,20190703224407,http://cwastes.skolbloggen.se:80/2011/10/07/1561/comment-page-1,301,text/html,https://web.archive.org/web/20190703224407/http://cwastes.skolbloggen.se:80/2011/10/07/1561/comment-page-1
raw_http_prefix,20190722071354,http://cwastes.skolbloggen.se:80/2011/09/21/bokpresentation-robinson-crusoe,301,text/html,https://web.archive.org/web/20190722071354/http://cwastes.skolbloggen.se:80/2011/09/21/bokpresentation-robinson-crusoe
raw_http_prefix,20190723085444,http://cwastes.skolbloggen.se:80/2011/09/21/bokpresentation-robinson-crusoe,301,text/html,https://web.archive.org/web/20190723085444/http://cwastes.skolbloggen.se:80/2011/09/21/bokpresentation-robinson-crusoe
raw_http_prefix,20190726190330,http://cwastes.skolbloggen.se:80/2010/12/20/vem-var-franz-kafka,301,text/html,https://web.archive.org/web/20190726190330/http://cwastes.skolbloggen.se:80/2010/12/20/vem-var-franz-kafka
raw_http_prefix,20190726231143,http://cwastes.skolbloggen.se:80/2010/12/13/per-christan-jersild,301,text/html,https://web.archive.org/web/20190726231143/http://cwastes.skolbloggen.se:80/2010/12/13/per-christan-jersild
raw_http_prefix,20190803210716,http://cwastes.skolbloggen.se:80/2011/10/13/frankenstein-bokpresentation/comment-page-1,301,text/html,https://web.archive.org/web/20190803210716/http://cwastes.skolbloggen.se:80/2011/10/13/frankenstein-bokpresentation/comment-page-1
raw_http_prefix,20190803211342,http://cwastes.skolbloggen.se:80/2012/04/26/sank-priserna-pa-kollektivtrafiken,301,text/html,https://web.archive.org/web/20190803211342/http://cwastes.skolbloggen.se:80/2012/04/26/sank-priserna-pa-kollektivtrafiken
raw_http_prefix,20190803222332,http://cwastes.skolbloggen.se:80/2011/10/07/1561/comment-page-1,301,text/html,https://web.archive.org/web/20190803222332/http://cwastes.skolbloggen.se:80/2011/10/07/1561/comment-page-1
raw_http_prefix,20190823093001,http://cwastes.skolbloggen.se:80/2011/09/21/bokpresentation-robinson-crusoe,301,text/html,https://web.archive.org/web/20190823093001/http://cwastes.skolbloggen.se:80/2011/09/21/bokpresentation-robinson-crusoe
raw_http_prefix,20190826194505,http://cwastes.skolbloggen.se:80/2010/12/20/vem-var-franz-kafka,301,text/html,https://web.archive.org/web/20190826194505/http://cwastes.skolbloggen.se:80/2010/12/20/vem-var-franz-kafka
raw_http_prefix,20190826201243,http://cwastes.skolbloggen.se:80/2010/12/13/per-christan-jersild,301,text/html,https://web.archive.org/web/20190826201243/http://cwastes.skolbloggen.se:80/2010/12/13/per-christan-jersild
raw_http_prefix,20190904021842,http://cwastes.skolbloggen.se:80/2011/10/13/frankenstein-bokpresentation/comment-page-1,301,text/html,https://web.archive.org/web/20190904021842/http://cwastes.skolbloggen.se:80/2011/10/13/frankenstein-bokpresentation/comment-page-1
raw_http_prefix,20190904023146,http://cwastes.skolbloggen.se:80/2011/10/07/1561/comment-page-1,301,text/html,https://web.archive.org/web/20190904023146/http://cwastes.skolbloggen.se:80/2011/10/07/1561/comment-page-1
raw_http_prefix,20190904023313,http://cwastes.skolbloggen.se:80/2012/04/26/sank-priserna-pa-kollektivtrafiken,301,text/html,https://web.archive.org/web/20190904023313/http://cwastes.skolbloggen.se:80/2012/04/26/sank-priserna-pa-kollektivtrafiken
