normalized_url,kind,first_timestamp,last_timestamp,capture_count,best_timestamp,best_original,best_statuscode,best_mimetype,best_wayback_url
http://cwastes.skolbloggen.se/,homepage,20100207113347,20181114111038,37,20180323180418,http://cwastes.skolbloggen.se/,200,text/html,https://web.archive.org/web/20180323180418/http://cwastes.skolbloggen.se/
http://cwastes.skolbloggen.se/2010/01/,other,20100222035706,20180422104651,9,20180220112402,http://cwastes.skolbloggen.se:80/2010/01/,200,text/html,https://web.archive.org/web/20180220112402/http://cwastes.skolbloggen.se:80/2010/01/
http://cwastes.skolbloggen.se/2010/01/14/en-digital-invandrare-tipsar/,post_like,20100222102950,20110325021152,2,20110325021152,http://cwastes.skolbloggen.se:80/2010/01/14/en-digital-invandrare-tipsar/,200,text/html,https://web.archive.org/web/20110325021152/http://cwastes.skolbloggen.se:80/2010/01/14/en-digital-invandrare-tipsar/
http://cwastes.skolbloggen.se/2010/01/22/hur-byter-man-avatar/,post_like,20130719055231,20130719055231,1,20130719055231,http://cwastes.skolbloggen.se:80/2010/01/22/hur-byter-man-avatar/,200,text/html,https://web.archive.org/web/20130719055231/http://cwastes.skolbloggen.se:80/2010/01/22/hur-byter-man-avatar/
http://cwastes.skolbloggen.se/2010/01/22/hur-man-byter-utseende-pa-sin-blogg/comment-page-1/,other,20100222053152,20100222053152,1,20100222053152,http://cwastes.skolbloggen.se:80/2010/01/22/hur-man-byter-utseende-pa-sin-blogg/comment-page-1/,200,text/html,https://web.archive.org/web/20100222053152/http://cwastes.skolbloggen.se:80/2010/01/22/hur-man-byter-utseende-pa-sin-blogg/comment-page-1/
http://cwastes.skolbloggen.se/2010/01/22/hur-man-gor-for-att-lagga-till-en-ny-anvandare-2,post_like,20130716045400,20130716045400,1,20130716045400,http://cwastes.skolbloggen.se:80/2010/01/22/hur-man-gor-for-att-lagga-till-en-ny-anvandare-2,301,text/html,https://web.archive.org/web/20130716045400/http://cwastes.skolbloggen.se:80/2010/01/22/hur-man-gor-for-att-lagga-till-en-ny-anvandare-2
http://cwastes.skolbloggen.se/2010/01/22/hur-man-gor-for-att-lagga-till-en-ny-anvandare-2/,post_like,20130716045400,20130716045400,1,20130716045400,http://cwastes.skolbloggen.se:80/2010/01/22/hur-man-gor-for-att-lagga-till-en-ny-anvandare-2/,200,text/html,https://web.archive.org/web/20130716045400/http://cwastes.skolbloggen.se:80/2010/01/22/hur-man-gor-for-att-lagga-till-en-ny-anvandare-2/
http://cwastes.skolbloggen.se/2010/01/22/test-youtube-klipp-i-ett-inlagg/,post_like,20130719040257,20130719040257,1,20130719040257,http://cwastes.skolbloggen.se:80/2010/01/22/test-youtube-klipp-i-ett-inlagg/,200,text/html,https://web.archive.org/web/20130719040257/http://cwastes.skolbloggen.se:80/2010/01/22/test-youtube-klipp-i-ett-inlagg/
http://cwastes.skolbloggen.se/2010/01/28/voddler/,post_like,20100222064248,20100222064248,1,20100222064248,http://cwastes.skolbloggen.se:80/2010/01/28/voddler/,200,text/html,https://web.archive.org/web/20100222064248/http://cwastes.skolbloggen.se:80/2010/01/28/voddler/
http://cwastes.skolbloggen.se/2010/01/31/samlarobjkt-eller-revirmarkering-for-unga-man/,post_like,20100222063650,20100222063650,1,20100222063650,http://cwastes.skolbloggen.se:80/2010/01/31/samlarobjkt-eller-revirmarkering-for-unga-man/,200,text/html,https://web.archive.org/web/20100222063650/http://cwastes.skolbloggen.se:80/2010/01/31/samlarobjkt-eller-revirmarkering-for-unga-man/
http://cwastes.skolbloggen.se/2010/01/31/vad-ar-vackert/,post_like,20100222064253,20100222064253,1,20100222064253,http://cwastes.skolbloggen.se:80/2010/01/31/vad-ar-vackert/,200,text/html,https://web.archive.org/web/20100222064253/http://cwastes.skolbloggen.se:80/2010/01/31/vad-ar-vackert/
http://cwastes.skolbloggen.se/2010/02/,other,20100222035709,20180420130524,9,20180217235726,http://cwastes.skolbloggen.se:80/2010/02/,200,text/html,https://web.archive.org/web/20180217235726/http://cwastes.skolbloggen.se:80/2010/02/
http://cwastes.skolbloggen.se/2010/02/05/gratisprogram/,post_like,20100208165309,20100410115453,2,20100410115453,http://cwastes.skolbloggen.se:80/2010/02/05/gratisprogram/,200,text/html,https://web.archive.org/web/20100410115453/http://cwastes.skolbloggen.se:80/2010/02/05/gratisprogram/
http://cwastes.skolbloggen.se/2010/02/05/gratisprogram/comment-page-1/,other,20100222053155,20100222053155,1,20100222053155,http://cwastes.skolbloggen.se:80/2010/02/05/gratisprogram/comment-page-1/,200,text/html,https://web.archive.org/web/20100222053155/http://cwastes.skolbloggen.se:80/2010/02/05/gratisprogram/comment-page-1/
http://cwastes.skolbloggen.se/2010/02/06/%E2%80%9Cone-for-one%E2%80%9D-%E2%80%93-om-inbaddad-givmildhet/,post_like,20100222053201,20100222053201,1,20100222053201,http://cwastes.skolbloggen.se:80/2010/02/06/%E2%80%9Cone-for-one%E2%80%9D-%E2%80%93-om-inbaddad-givmildhet/,200,text/html,https://web.archive.org/web/20100222053201/http://cwastes.skolbloggen.se:80/2010/02/06/%E2%80%9Cone-for-one%E2%80%9D-%E2%80%93-om-inbaddad-givmildhet/
http://cwastes.skolbloggen.se/2010/02/06/%E2%80%9Cone-for-one%E2%80%9D-%E2%80%93-om-inbaddad-givmildhet/comment-page-1/,other,20100222063655,20100223090344,2,20100223090344,http://cwastes.skolbloggen.se:80/2010/02/06/%E2%80%9Cone-for-one%E2%80%9D-%E2%80%93-om-inbaddad-givmildhet/comment-page-1/,200,text/html,https://web.archive.org/web/20100223090344/http://cwastes.skolbloggen.se:80/2010/02/06/%E2%80%9Cone-for-one%E2%80%9D-%E2%80%93-om-inbaddad-givmildhet/comment-page-1/
http://cwastes.skolbloggen.se/2010/02/07/ar-ny-teknik-farlig/,post_like,20100222053205,20100222053205,1,20100222053205,http://cwastes.skolbloggen.se:80/2010/02/07/ar-ny-teknik-farlig/,200,text/html,https://web.archive.org/web/20100222053205/http://cwastes.skolbloggen.se:80/2010/02/07/ar-ny-teknik-farlig/
http://cwastes.skolbloggen.se/2010/02/15/lar-dig-mer-om-trollen-pa-natet/,post_like,20100222035713,20100222035713,1,20100222035713,http://cwastes.skolbloggen.se:80/2010/02/15/lar-dig-mer-om-trollen-pa-natet/,200,text/html,https://web.archive.org/web/20100222035713/http://cwastes.skolbloggen.se:80/2010/02/15/lar-dig-mer-om-trollen-pa-natet/
http://cwastes.skolbloggen.se/2010/02/17/kanner-du-igen-affarsiden/,post_like,20100222035718,20100222035718,1,20100222035718,http://cwastes.skolbloggen.se:80/2010/02/17/kanner-du-igen-affarsiden/,200,text/html,https://web.archive.org/web/20100222035718/http://cwastes.skolbloggen.se:80/2010/02/17/kanner-du-igen-affarsiden/
http://cwastes.skolbloggen.se/2010/02/17/svensk-engelskt-lexikon-pa-natet,post_like,20100220194645,20140305234649,3,20140305234649,http://cwastes.skolbloggen.se:80/2010/02/17/svensk-engelskt-lexikon-pa-natet,301,text/html,https://web.archive.org/web/20140305234649/http://cwastes.skolbloggen.se:80/2010/02/17/svensk-engelskt-lexikon-pa-natet
http://cwastes.skolbloggen.se/2010/02/17/svensk-engelskt-lexikon-pa-natet/,post_like,20100220194645,20140305234649,4,20140305234649,http://cwastes.skolbloggen.se:80/2010/02/17/svensk-engelskt-lexikon-pa-natet/,200,text/html,https://web.archive.org/web/20140305234649/http://cwastes.skolbloggen.se:80/2010/02/17/svensk-engelskt-lexikon-pa-natet/
http://cwastes.skolbloggen.se/2010/02/17/svensk-engelskt-lexikon-pa-natet/comment-page-1,other,20100220194815,20100324152313,2,20100324152313,http://cwastes.skolbloggen.se:80/2010/02/17/svensk-engelskt-lexikon-pa-natet/comment-page-1,301,text/html,https://web.archive.org/web/20100324152313/http://cwastes.skolbloggen.se:80/2010/02/17/svensk-engelskt-lexikon-pa-natet/comment-page-1
http://cwastes.skolbloggen.se/2010/02/17/svensk-engelskt-lexikon-pa-natet/comment-page-1/,other,20100220194815,20100324152313,3,20100324152313,http://cwastes.skolbloggen.se:80/2010/02/17/svensk-engelskt-lexikon-pa-natet/comment-page-1/,200,text/html,https://web.archive.org/web/20100324152313/http://cwastes.skolbloggen.se:80/2010/02/17/svensk-engelskt-lexikon-pa-natet/comment-page-1/
http://cwastes.skolbloggen.se/2010/02/17/svensk-engelskt-lexikon-pa-natet/feed/,feed,20100222063701,20100223090929,2,20100223090929,http://cwastes.skolbloggen.se:80/2010/02/17/svensk-engelskt-lexikon-pa-natet/feed/,200,text/xml,https://web.archive.org/web/20100223090929/http://cwastes.skolbloggen.se:80/2010/02/17/svensk-engelskt-lexikon-pa-natet/feed/
http://cwastes.skolbloggen.se/2010/02/17/svensk-engelskt-lexikon-pa-natet/trackback/,other,20100222102956,20100222102956,1,20100222102956,http://cwastes.skolbloggen.se:80/2010/02/17/svensk-engelskt-lexikon-pa-natet/trackback/,302,text/html,https://web.archive.org/web/20100222102956/http://cwastes.skolbloggen.se:80/2010/02/17/svensk-engelskt-lexikon-pa-natet/trackback/
http://cwastes.skolbloggen.se/2010/02/19/klotterplank/,post_like,20100222053210,20100222053210,1,20100222053210,http://cwastes.skolbloggen.se:80/2010/02/19/klotterplank/,200,text/html,https://web.archive.org/web/20100222053210/http://cwastes.skolbloggen.se:80/2010/02/19/klotterplank/
http://cwastes.skolbloggen.se/2010/03/,other,20110325020758,20180420125332,9,20180218000826,http://cwastes.skolbloggen.se:80/2010/03/,200,text/html,https://web.archive.org/web/20180218000826/http://cwastes.skolbloggen.se:80/2010/03/
http://cwastes.skolbloggen.se/2010/04/,other,20110325021533,20180420125838,9,20180217235636,http://cwastes.skolbloggen.se:80/2010/04/,200,text/html,https://web.archive.org/web/20180217235636/http://cwastes.skolbloggen.se:80/2010/04/
http://cwastes.skolbloggen.se/2010/05/,other,20110325020957,20180422104450,8,20180220113852,http://cwastes.skolbloggen.se:80/2010/05/,200,text/html,https://web.archive.org/web/20180220113852/http://cwastes.skolbloggen.se:80/2010/05/
http://cwastes.skolbloggen.se/2010/06/,other,20110325020803,20180421005747,9,20180217235507,http://cwastes.skolbloggen.se:80/2010/06/,200,text/html,https://web.archive.org/web/20180217235507/http://cwastes.skolbloggen.se:80/2010/06/
http://cwastes.skolbloggen.se/2010/07/,other,20110325020429,20180422105901,9,20180220112445,http://cwastes.skolbloggen.se:80/2010/07/,200,text/html,https://web.archive.org/web/20180220112445/http://cwastes.skolbloggen.se:80/2010/07/
http://cwastes.skolbloggen.se/2010/07/05/har-du-langtrakigt-i-sommar/,post_like,20110514123541,20110514123541,1,20110514123541,http://cwastes.skolbloggen.se:80/2010/07/05/har-du-langtrakigt-i-sommar/,200,text/html,https://web.archive.org/web/20110514123541/http://cwastes.skolbloggen.se:80/2010/07/05/har-du-langtrakigt-i-sommar/
http://cwastes.skolbloggen.se/2010/07/17/vad-lar-du-dig-nar-du-spelar-wow,post_like,20110512150315,20110826064308,3,20110826064308,http://cwastes.skolbloggen.se:80/2010/07/17/vad-lar-du-dig-nar-du-spelar-wow,301,text/html,https://web.archive.org/web/20110826064308/http://cwastes.skolbloggen.se:80/2010/07/17/vad-lar-du-dig-nar-du-spelar-wow
http://cwastes.skolbloggen.se/2010/07/17/vad-lar-du-dig-nar-du-spelar-wow/,post_like,20110512150315,20110826064308,3,20110826064308,http://cwastes.skolbloggen.se:80/2010/07/17/vad-lar-du-dig-nar-du-spelar-wow/,200,text/html,https://web.archive.org/web/20110826064308/http://cwastes.skolbloggen.se:80/2010/07/17/vad-lar-du-dig-nar-du-spelar-wow/
http://cwastes.skolbloggen.se/2010/07/25/pinsamt-inom-it/,post_like,20100809185418,20110514123535,2,20110514123535,http://cwastes.skolbloggen.se:80/2010/07/25/pinsamt-inom-it/,200,text/html,https://web.archive.org/web/20110514123535/http://cwastes.skolbloggen.se:80/2010/07/25/pinsamt-inom-it/
http://cwastes.skolbloggen.se/2010/08/,other,20110325020613,20180422105521,9,20180220112450,http://cwastes.skolbloggen.se:80/2010/08/,200,text/html,https://web.archive.org/web/20180220112450/http://cwastes.skolbloggen.se:80/2010/08/
http://cwastes.skolbloggen.se/2010/08/06/rosling-statistik-och-gapminder/,post_like,20110315085805,20110315085805,1,20110315085805,http://cwastes.skolbloggen.se:80/2010/08/06/rosling-statistik-och-gapminder/,200,text/html,https://web.archive.org/web/20110315085805/http://cwastes.skolbloggen.se:80/2010/08/06/rosling-statistik-och-gapminder/
http://cwastes.skolbloggen.se/2010/08/08/photoshop-missar,post_like,20110314071242,20110314071242,1,20110314071242,http://cwastes.skolbloggen.se:80/2010/08/08/photoshop-missar,301,text/html,https://web.archive.org/web/20110314071242/http://cwastes.skolbloggen.se:80/2010/08/08/photoshop-missar
http://cwastes.skolbloggen.se/2010/08/08/photoshop-missar/,post_like,20110314071242,20110315162703,2,20110315162703,http://cwastes.skolbloggen.se:80/2010/08/08/photoshop-missar/,200,text/html,https://web.archive.org/web/20110315162703/http://cwastes.skolbloggen.se:80/2010/08/08/photoshop-missar/
http://cwastes.skolbloggen.se/2010/08/08/photoshop-missar/comment-page-1/,other,20110315054650,20110315054650,1,20110315054650,http://cwastes.skolbloggen.se:80/2010/08/08/photoshop-missar/comment-page-1/,200,text/html,https://web.archive.org/web/20110315054650/http://cwastes.skolbloggen.se:80/2010/08/08/photoshop-missar/comment-page-1/
http://cwastes.skolbloggen.se/2010/08/09/slow-reading-movement/,post_like,20110315085827,20110315085827,1,20110315085827,http://cwastes.skolbloggen.se:80/2010/08/09/slow-reading-movement/,200,text/html,https://web.archive.org/web/20110315085827/http://cwastes.skolbloggen.se:80/2010/08/09/slow-reading-movement/
http://cwastes.skolbloggen.se/2010/08/22/framtidsspaning-via-sokstatistik/,post_like,20110320090735,20110320090735,1,20110320090735,http://cwastes.skolbloggen.se:80/2010/08/22/framtidsspaning-via-sokstatistik/,200,text/html,https://web.archive.org/web/20110320090735/http://cwastes.skolbloggen.se:80/2010/08/22/framtidsspaning-via-sokstatistik/
http://cwastes.skolbloggen.se/2010/08/29/projektarbetstider,post_like,20110319051139,20110319051139,1,20110319051139,http://cwastes.skolbloggen.se:80/2010/08/29/projektarbetstider,301,text/html,https://web.archive.org/web/20110319051139/http://cwastes.skolbloggen.se:80/2010/08/29/projektarbetstider
http://cwastes.skolbloggen.se/2010/08/29/projektarbetstider/,post_like,20110319051139,20110320125703,2,20110320125703,http://cwastes.skolbloggen.se:80/2010/08/29/projektarbetstider/,200,text/html,https://web.archive.org/web/20110320125703/http://cwastes.skolbloggen.se:80/2010/08/29/projektarbetstider/
http://cwastes.skolbloggen.se/2010/08/29/valtider-och-twitter/,post_like,20110320090743,20110320090743,1,20110320090743,http://cwastes.skolbloggen.se:80/2010/08/29/valtider-och-twitter/,200,text/html,https://web.archive.org/web/20110320090743/http://cwastes.skolbloggen.se:80/2010/08/29/valtider-och-twitter/
http://cwastes.skolbloggen.se/2010/08/31/ska-lararen-behalla-badkladerna-pa/,post_like,20101009173408,20110510203729,2,20110510203729,http://cwastes.skolbloggen.se:80/2010/08/31/ska-lararen-behalla-badkladerna-pa/,200,text/html,https://web.archive.org/web/20110510203729/http://cwastes.skolbloggen.se:80/2010/08/31/ska-lararen-behalla-badkladerna-pa/
http://cwastes.skolbloggen.se/2010/09/,other,20110325020618,20180422105249,8,20180220112456,http://cwastes.skolbloggen.se:80/2010/09/,200,text/html,https://web.archive.org/web/20180220112456/http://cwastes.skolbloggen.se:80/2010/09/
http://cwastes.skolbloggen.se/2010/09/03/halva-matte-b-pa-en-genomgang,post_like,20101105030534,20110825114745,5,20110825114745,http://cwastes.skolbloggen.se:80/2010/09/03/halva-matte-b-pa-en-genomgang,301,text/html,https://web.archive.org/web/20110825114745/http://cwastes.skolbloggen.se:80/2010/09/03/halva-matte-b-pa-en-genomgang
http://cwastes.skolbloggen.se/2010/09/03/halva-matte-b-pa-en-genomgang/,post_like,20101009173319,20110825114745,7,20110825114745,http://cwastes.skolbloggen.se:80/2010/09/03/halva-matte-b-pa-en-genomgang/,200,text/html,https://web.archive.org/web/20110825114745/http://cwastes.skolbloggen.se:80/2010/09/03/halva-matte-b-pa-en-genomgang/
http://cwastes.skolbloggen.se/2010/09/03/halva-matte-b-pa-en-genomgang/comment-page-1,other,20101006211954,20101106132535,2,20101106132535,http://cwastes.skolbloggen.se:80/2010/09/03/halva-matte-b-pa-en-genomgang/comment-page-1,301,text/html,https://web.archive.org/web/20101106132535/http://cwastes.skolbloggen.se:80/2010/09/03/halva-matte-b-pa-en-genomgang/comment-page-1
http://cwastes.skolbloggen.se/2010/09/03/halva-matte-b-pa-en-genomgang/comment-page-1/,other,20101006211954,20101106132535,2,20101106132535,http://cwastes.skolbloggen.se:80/2010/09/03/halva-matte-b-pa-en-genomgang/comment-page-1/,200,text/html,https://web.archive.org/web/20101106132535/http://cwastes.skolbloggen.se:80/2010/09/03/halva-matte-b-pa-en-genomgang/comment-page-1/
http://cwastes.skolbloggen.se/2010/09/06/far-man-ata-glass-har-fragar-sig-fotografen/,post_like,20101009173428,20110510213327,2,20110510213327,http://cwastes.skolbloggen.se:80/2010/09/06/far-man-ata-glass-har-fragar-sig-fotografen/,200,text/html,https://web.archive.org/web/20110510213327/http://cwastes.skolbloggen.se:80/2010/09/06/far-man-ata-glass-har-fragar-sig-fotografen/
http://cwastes.skolbloggen.se/2010/09/06/far-man-ata-glass-har-fragar-sig-fotografen/comment-page-1/,other,20110315054826,20110315054826,1,20110315054826,http://cwastes.skolbloggen.se:80/2010/09/06/far-man-ata-glass-har-fragar-sig-fotografen/comment-page-1/,200,text/html,https://web.archive.org/web/20110315054826/http://cwastes.skolbloggen.se:80/2010/09/06/far-man-ata-glass-har-fragar-sig-fotografen/comment-page-1/
http://cwastes.skolbloggen.se/2010/09/07/tysklands-karnkraft/,post_like,20110315054653,20110315054653,1,20110315054653,http://cwastes.skolbloggen.se:80/2010/09/07/tysklands-karnkraft/,200,text/html,https://web.archive.org/web/20110315054653/http://cwastes.skolbloggen.se:80/2010/09/07/tysklands-karnkraft/
http://cwastes.skolbloggen.se/2010/10/,other,20110325021537,20180422104750,8,20180220110829,http://cwastes.skolbloggen.se:80/2010/10/,200,text/html,https://web.archive.org/web/20180220110829/http://cwastes.skolbloggen.se:80/2010/10/
http://cwastes.skolbloggen.se/2010/10/14/pelle-snickars-pa-svt-play/,post_like,20160701002659,20160701002659,1,20160701002659,http://cwastes.skolbloggen.se:80/2010/10/14/pelle-snickars-pa-svt-play/,200,text/html,https://web.archive.org/web/20160701002659/http://cwastes.skolbloggen.se:80/2010/10/14/pelle-snickars-pa-svt-play/
http://cwastes.skolbloggen.se/2010/10/15/hardare-tag-mot-rokning-pa-skolorna,post_like,20160626062609,20160929074631,4,20160929074631,http://cwastes.skolbloggen.se:80/2010/10/15/hardare-tag-mot-rokning-pa-skolorna,301,text/html,https://web.archive.org/web/20160929074631/http://cwastes.skolbloggen.se:80/2010/10/15/hardare-tag-mot-rokning-pa-skolorna
http://cwastes.skolbloggen.se/2010/10/15/hardare-tag-mot-rokning-pa-skolorna/,post_like,20160626062609,20160929074631,5,20160929074631,http://cwastes.skolbloggen.se:80/2010/10/15/hardare-tag-mot-rokning-pa-skolorna/,200,text/html,https://web.archive.org/web/20160929074631/http://cwastes.skolbloggen.se:80/2010/10/15/hardare-tag-mot-rokning-pa-skolorna/
http://cwastes.skolbloggen.se/2010/10/17/debattartikel-legalisera-sexkop,post_like,20170603092346,20170704225518,2,20170704225518,http://cwastes.skolbloggen.se:80/2010/10/17/debattartikel-legalisera-sexkop,301,text/html,https://web.archive.org/web/20170704225518/http://cwastes.skolbloggen.se:80/2010/10/17/debattartikel-legalisera-sexkop
http://cwastes.skolbloggen.se/2010/10/17/debattartikel-legalisera-sexkop/,post_like,20160701005947,20170704225518,3,20170704225518,http://cwastes.skolbloggen.se:80/2010/10/17/debattartikel-legalisera-sexkop/,200,text/html,https://web.archive.org/web/20170704225518/http://cwastes.skolbloggen.se:80/2010/10/17/debattartikel-legalisera-sexkop/
http://cwastes.skolbloggen.se/2010/10/18/har-du-fattat-hur-stort-afrika-ar/,post_like,20160618131035,20160618131035,1,20160618131035,http://cwastes.skolbloggen.se:80/2010/10/18/har-du-fattat-hur-stort-afrika-ar/,200,text/html,https://web.archive.org/web/20160618131035/http://cwastes.skolbloggen.se:80/2010/10/18/har-du-fattat-hur-stort-afrika-ar/
http://cwastes.skolbloggen.se/2010/10/18/sank-den-allmanna-rostrattsaldern-till-16-ar,post_like,20160615144442,20160816065332,3,20160816065332,http://cwastes.skolbloggen.se:80/2010/10/18/sank-den-allmanna-rostrattsaldern-till-16-ar,301,text/html,https://web.archive.org/web/20160816065332/http://cwastes.skolbloggen.se:80/2010/10/18/sank-den-allmanna-rostrattsaldern-till-16-ar
http://cwastes.skolbloggen.se/2010/10/18/sank-den-allmanna-rostrattsaldern-till-16-ar/,post_like,20160615144442,20160816065332,5,20160816065332,http://cwastes.skolbloggen.se:80/2010/10/18/sank-den-allmanna-rostrattsaldern-till-16-ar/,200,text/html,https://web.archive.org/web/20160816065332/http://cwastes.skolbloggen.se:80/2010/10/18/sank-den-allmanna-rostrattsaldern-till-16-ar/
http://cwastes.skolbloggen.se/2010/10/20/framtidens-satt-att-studera/,post_like,20160618133437,20160618133437,1,20160618133437,http://cwastes.skolbloggen.se:80/2010/10/20/framtidens-satt-att-studera/,200,text/html,https://web.archive.org/web/20160618133437/http://cwastes.skolbloggen.se:80/2010/10/20/framtidens-satt-att-studera/
http://cwastes.skolbloggen.se/2010/10/28/vilken-bild-ger-du-av-dig-sjalv-pa-natet/comment-page-1/,other,20110528005716,20110528005716,1,20110528005716,http://cwastes.skolbloggen.se:80/2010/10/28/vilken-bild-ger-du-av-dig-sjalv-pa-natet/comment-page-1/,200,text/html,https://web.archive.org/web/20110528005716/http://cwastes.skolbloggen.se:80/2010/10/28/vilken-bild-ger-du-av-dig-sjalv-pa-natet/comment-page-1/
http://cwastes.skolbloggen.se/2010/11/,other,20110325021549,20180420130330,9,20180218000831,http://cwastes.skolbloggen.se:80/2010/11/,200,text/html,https://web.archive.org/web/20180218000831/http://cwastes.skolbloggen.se:80/2010/11/
http://cwastes.skolbloggen.se/2010/11/07/nivagrupperade-klasser-och-elitklasser-gynnar-alla-elever/comment-page-1/,other,20110513235521,20110513235521,1,20110513235521,http://cwastes.skolbloggen.se:80/2010/11/07/nivagrupperade-klasser-och-elitklasser-gynnar-alla-elever/comment-page-1/,200,text/html,https://web.archive.org/web/20110513235521/http://cwastes.skolbloggen.se:80/2010/11/07/nivagrupperade-klasser-och-elitklasser-gynnar-alla-elever/comment-page-1/
http://cwastes.skolbloggen.se/2010/11/11/ingen-radsla/comment-page-1/,other,20140531082400,20180228155251,8,20180228155251,http://cwastes.skolbloggen.se:80/2010/11/11/ingen-radsla/comment-page-1/,200,text/html,https://web.archive.org/web/20180228155251/http://cwastes.skolbloggen.se:80/2010/11/11/ingen-radsla/comment-page-1/
http://cwastes.skolbloggen.se/2010/11/14/ett-ansprakslost-men-daligt-forslag/,post_like,20170930055235,20170930055235,1,20170930055235,http://cwastes.skolbloggen.se:80/2010/11/14/ett-ansprakslost-men-daligt-forslag/,200,text/html,https://web.archive.org/web/20170930055235/http://cwastes.skolbloggen.se:80/2010/11/14/ett-ansprakslost-men-daligt-forslag/
http://cwastes.skolbloggen.se/2010/11/14/kroppsspraket-ljuger-inte/,post_like,20170930054232,20171001064557,2,20171001064557,http://cwastes.skolbloggen.se:80/2010/11/14/kroppsspraket-ljuger-inte/,200,text/html,https://web.archive.org/web/20171001064557/http://cwastes.skolbloggen.se:80/2010/11/14/kroppsspraket-ljuger-inte/
http://cwastes.skolbloggen.se/2010/11/14/sprak-ar-makt-men-inte-alltid-som-du-tror,post_like,20170925133008,20170925133008,1,20170925133008,http://cwastes.skolbloggen.se:80/2010/11/14/sprak-ar-makt-men-inte-alltid-som-du-tror,301,text/html,https://web.archive.org/web/20170925133008/http://cwastes.skolbloggen.se:80/2010/11/14/sprak-ar-makt-men-inte-alltid-som-du-tror
http://cwastes.skolbloggen.se/2010/11/14/sprak-ar-makt-men-inte-alltid-som-du-tror/,post_like,20170925133008,20170927140256,2,20170927140256,http://cwastes.skolbloggen.se:80/2010/11/14/sprak-ar-makt-men-inte-alltid-som-du-tror/,200,text/html,https://web.archive.org/web/20170927140256/http://cwastes.skolbloggen.se:80/2010/11/14/sprak-ar-makt-men-inte-alltid-som-du-tror/
http://cwastes.skolbloggen.se/2010/11/14/sprak-ar-makt-men-inte-alltid-som-du-tror/comment-page-1/,other,20110325021202,20110325021202,1,20110325021202,http://cwastes.skolbloggen.se:80/2010/11/14/sprak-ar-makt-men-inte-alltid-som-du-tror/comment-page-1/,200,text/html,https://web.archive.org/web/20110325021202/http://cwastes.skolbloggen.se:80/2010/11/14/sprak-ar-makt-men-inte-alltid-som-du-tror/comment-page-1/
http://cwastes.skolbloggen.se/2010/11/15/kommunikation-%E2%80%93-pa-olika-niva/,post_like,20110513235227,20110513235227,1,20110513235227,http://cwastes.skolbloggen.se:80/2010/11/15/kommunikation-%E2%80%93-pa-olika-niva/,200,text/html,https://web.archive.org/web/20110513235227/http://cwastes.skolbloggen.se:80/2010/11/15/kommunikation-%E2%80%93-pa-olika-niva/
http://cwastes.skolbloggen.se/2010/11/15/nathatet-okar-flest-bland-ungdomar/,post_like,20110513235526,20110513235526,1,20110513235526,http://cwastes.skolbloggen.se:80/2010/11/15/nathatet-okar-flest-bland-ungdomar/,200,text/html,https://web.archive.org/web/20110513235526/http://cwastes.skolbloggen.se:80/2010/11/15/nathatet-okar-flest-bland-ungdomar/
http://cwastes.skolbloggen.se/2010/11/15/talande-gester/,post_like,20110514000451,20110514000451,1,20110514000451,http://cwastes.skolbloggen.se:80/2010/11/15/talande-gester/,200,text/html,https://web.archive.org/web/20110514000451/http://cwastes.skolbloggen.se:80/2010/11/15/talande-gester/
http://cwastes.skolbloggen.se/2010/11/15/tranbar-ar-tranbar-%E2%80%93-var-de-an-vaxer,post_like,20170623215555,20170825015929,4,20170825015929,http://cwastes.skolbloggen.se:80/2010/11/15/tranbar-ar-tranbar-%E2%80%93-var-de-an-vaxer,301,text/html,https://web.archive.org/web/20170825015929/http://cwastes.skolbloggen.se:80/2010/11/15/tranbar-ar-tranbar-%E2%80%93-var-de-an-vaxer
http://cwastes.skolbloggen.se/2010/11/15/tranbar-ar-tranbar-%E2%80%93-var-de-an-vaxer/,post_like,20110514000456,20170825015929,5,20170825015929,http://cwastes.skolbloggen.se:80/2010/11/15/tranbar-ar-tranbar-%E2%80%93-var-de-an-vaxer/,200,text/html,https://web.archive.org/web/20170825015929/http://cwastes.skolbloggen.se:80/2010/11/15/tranbar-ar-tranbar-%E2%80%93-var-de-an-vaxer/
http://cwastes.skolbloggen.se/2010/11/15/varfor-kan-inte-alla-teckensprak/,post_like,20110513235230,20110513235230,1,20110513235230,http://cwastes.skolbloggen.se:80/2010/11/15/varfor-kan-inte-alla-teckensprak/,200,text/html,https://web.archive.org/web/20110513235230/http://cwastes.skolbloggen.se:80/2010/11/15/varfor-kan-inte-alla-teckensprak/
http://cwastes.skolbloggen.se/2010/12/,other,20110325021553,20180421010602,9,20180217235318,http://cwastes.skolbloggen.se:80/2010/12/,200,text/html,https://web.archive.org/web/20180217235318/http://cwastes.skolbloggen.se:80/2010/12/
http://cwastes.skolbloggen.se/2010/12/12/trottnat-pa-facebook/,post_like,20110514000501,20180317095359,2,20180317095359,http://cwastes.skolbloggen.se:80/2010/12/12/trottnat-pa-facebook/,200,text/html,https://web.archive.org/web/20180317095359/http://cwastes.skolbloggen.se:80/2010/12/12/trottnat-pa-facebook/
http://cwastes.skolbloggen.se/2010/12/13/henning-mankell/,post_like,20110513235531,20180317095229,3,20180317095229,http://cwastes.skolbloggen.se:80/2010/12/13/henning-mankell/,200,text/html,https://web.archive.org/web/20180317095229/http://cwastes.skolbloggen.se:80/2010/12/13/henning-mankell/
http://cwastes.skolbloggen.se/2010/12/13/henning-mankell/comment-page-1/,other,20130511020635,20130511020635,1,20130511020635,http://cwastes.skolbloggen.se/2010/12/13/henning-mankell/comment-page-1/,200,text/html,https://web.archive.org/web/20130511020635/http://cwastes.skolbloggen.se/2010/12/13/henning-mankell/comment-page-1/
http://cwastes.skolbloggen.se/2010/12/13/per-christan-jersild,post_like,20180315041052,20190826201243,18,20190826201243,http://cwastes.skolbloggen.se:80/2010/12/13/per-christan-jersild,301,text/html,https://web.archive.org/web/20190826201243/http://cwastes.skolbloggen.se:80/2010/12/13/per-christan-jersild
http://cwastes.skolbloggen.se/2010/12/13/per-christan-jersild/,post_like,20110514000506,20180319142622,4,20180319142622,http://cwastes.skolbloggen.se:80/2010/12/13/per-christan-jersild/,200,text/html,https://web.archive.org/web/20180319142622/http://cwastes.skolbloggen.se:80/2010/12/13/per-christan-jersild/
http://cwastes.skolbloggen.se/2010/12/13/per-christan-jersild/feed/,feed,20180318063519,20180318063519,1,20180318063519,http://cwastes.skolbloggen.se:80/2010/12/13/per-christan-jersild/feed/,200,application/rss+xml,https://web.archive.org/web/20180318063519/http://cwastes.skolbloggen.se:80/2010/12/13/per-christan-jersild/feed/
http://cwastes.skolbloggen.se/2010/12/14/d-h-lawrence/,post_like,20110513235536,20160308181144,2,20160308181144,http://cwastes.skolbloggen.se:80/2010/12/14/d-h-lawrence/,200,text/html,https://web.archive.org/web/20160308181144/http://cwastes.skolbloggen.se:80/2010/12/14/d-h-lawrence/
http://cwastes.skolbloggen.se/2010/12/14/svenska-eller-engelska,post_like,20170805025337,20170905060242,2,20170905060242,http://cwastes.skolbloggen.se:80/2010/12/14/svenska-eller-engelska,301,text/html,https://web.archive.org/web/20170905060242/http://cwastes.skolbloggen.se:80/2010/12/14/svenska-eller-engelska
http://cwastes.skolbloggen.se/2010/12/14/svenska-eller-engelska-2/,post_like,20110514000512,20170810085912,2,20170810085912,http://cwastes.skolbloggen.se:80/2010/12/14/svenska-eller-engelska-2/,200,text/html,https://web.archive.org/web/20170810085912/http://cwastes.skolbloggen.se:80/2010/12/14/svenska-eller-engelska-2/
http://cwastes.skolbloggen.se/2010/12/14/svenska-eller-engelska-2/comment-page-1/,other,20120917234003,20120917234003,1,20120917234003,http://cwastes.skolbloggen.se:80/2010/12/14/svenska-eller-engelska-2/comment-page-1/,200,text/html,https://web.archive.org/web/20120917234003/http://cwastes.skolbloggen.se:80/2010/12/14/svenska-eller-engelska-2/comment-page-1/
http://cwastes.skolbloggen.se/2010/12/14/svenska-eller-engelska/,post_like,20110513235236,20170905060242,4,20170905060242,http://cwastes.skolbloggen.se:80/2010/12/14/svenska-eller-engelska/,200,text/html,https://web.archive.org/web/20170905060242/http://cwastes.skolbloggen.se:80/2010/12/14/svenska-eller-engelska/
http://cwastes.skolbloggen.se/2010/12/16/skaningen-och-berattaren-fritiof-nilsson-piraten,post_like,20160307141748,20160508132139,3,20160508132139,http://cwastes.skolbloggen.se:80/2010/12/16/skaningen-och-berattaren-fritiof-nilsson-piraten,301,text/html,https://web.archive.org/web/20160508132139/http://cwastes.skolbloggen.se:80/2010/12/16/skaningen-och-berattaren-fritiof-nilsson-piraten
http://cwastes.skolbloggen.se/2010/12/16/skaningen-och-berattaren-fritiof-nilsson-piraten/,post_like,20110513235407,20160508132139,4,20160508132139,http://cwastes.skolbloggen.se:80/2010/12/16/skaningen-och-berattaren-fritiof-nilsson-piraten/,200,text/html,https://web.archive.org/web/20160508132139/http://cwastes.skolbloggen.se:80/2010/12/16/skaningen-och-berattaren-fritiof-nilsson-piraten/
http://cwastes.skolbloggen.se/2010/12/18/astrid-lindgren/,post_like,20110513235541,20160308181024,2,20160308181024,http://cwastes.skolbloggen.se:80/2010/12/18/astrid-lindgren/,200,text/html,https://web.archive.org/web/20160308181024/http://cwastes.skolbloggen.se:80/2010/12/18/astrid-lindgren/
http://cwastes.skolbloggen.se/2010/12/18/hyllad-forfattare-som-garna-varit-utan-berommelsen/,post_like,20110513235413,20110513235413,1,20110513235413,http://cwastes.skolbloggen.se:80/2010/12/18/hyllad-forfattare-som-garna-varit-utan-berommelsen/,200,text/html,https://web.archive.org/web/20110513235413/http://cwastes.skolbloggen.se:80/2010/12/18/hyllad-forfattare-som-garna-varit-utan-berommelsen/
http://cwastes.skolbloggen.se/2010/12/19/h-p-lovecraft-%E2%80%93-den-moderna-skrackens-fader/,post_like,20110514000401,20110514000401,1,20110514000401,http://cwastes.skolbloggen.se:80/2010/12/19/h-p-lovecraft-%E2%80%93-den-moderna-skrackens-fader/,200,text/html,https://web.archive.org/web/20110514000401/http://cwastes.skolbloggen.se:80/2010/12/19/h-p-lovecraft-%E2%80%93-den-moderna-skrackens-fader/
http://cwastes.skolbloggen.se/2010/12/19/isaac-asimov/,post_like,20110325020435,20180213154730,3,20180213154730,http://cwastes.skolbloggen.se:80/2010/12/19/isaac-asimov/,200,text/html,https://web.archive.org/web/20180213154730/http://cwastes.skolbloggen.se:80/2010/12/19/isaac-asimov/
http://cwastes.skolbloggen.se/2010/12/19/maria-gripe/,post_like,20110513235418,20110513235418,1,20110513235418,http://cwastes.skolbloggen.se:80/2010/12/19/maria-gripe/,200,text/html,https://web.archive.org/web/20110513235418/http://cwastes.skolbloggen.se:80/2010/12/19/maria-gripe/
http://cwastes.skolbloggen.se/2010/12/19/vilhelm-moberg/,post_like,20110325020808,20110528010915,2,20110528010915,http://cwastes.skolbloggen.se:80/2010/12/19/vilhelm-moberg/,200,text/html,https://web.archive.org/web/20110528010915/http://cwastes.skolbloggen.se:80/2010/12/19/vilhelm-moberg/
http://cwastes.skolbloggen.se/2010/12/19/vilhelm-moberg/comment-page-1/,other,20120918000543,20180422105657,7,20180220104828,http://cwastes.skolbloggen.se:80/2010/12/19/vilhelm-moberg/comment-page-1/,200,text/html,https://web.archive.org/web/20180220104828/http://cwastes.skolbloggen.se:80/2010/12/19/vilhelm-moberg/comment-page-1/
http://cwastes.skolbloggen.se/2010/12/20/c-s-lewis/,post_like,20110325020439,20110527164315,2,20110527164315,http://cwastes.skolbloggen.se:80/2010/12/20/c-s-lewis/,200,text/html,https://web.archive.org/web/20110527164315/http://cwastes.skolbloggen.se:80/2010/12/20/c-s-lewis/
http://cwastes.skolbloggen.se/2010/12/20/john-steinbeck/,post_like,20110325021330,20180213154710,3,20180213154710,http://cwastes.skolbloggen.se:80/2010/12/20/john-steinbeck/,200,text/html,https://web.archive.org/web/20180213154710/http://cwastes.skolbloggen.se:80/2010/12/20/john-steinbeck/
http://cwastes.skolbloggen.se/2010/12/20/john-steinbeck/comment-page-1,other,20170205135142,20170806094609,5,20170806094609,http://cwastes.skolbloggen.se:80/2010/12/20/john-steinbeck/comment-page-1,301,text/html,https://web.archive.org/web/20170806094609/http://cwastes.skolbloggen.se:80/2010/12/20/john-steinbeck/comment-page-1
http://cwastes.skolbloggen.se/2010/12/20/john-steinbeck/comment-page-1/,other,20120917235617,20180220105230,10,20180220105230,http://cwastes.skolbloggen.se:80/2010/12/20/john-steinbeck/comment-page-1/,200,text/html,https://web.archive.org/web/20180220105230/http://cwastes.skolbloggen.se:80/2010/12/20/john-steinbeck/comment-page-1/
http://cwastes.skolbloggen.se/2010/12/20/vem-var-franz-kafka,post_like,20170918142218,20190826194505,22,20190826194505,http://cwastes.skolbloggen.se:80/2010/12/20/vem-var-franz-kafka,301,text/html,https://web.archive.org/web/20190826194505/http://cwastes.skolbloggen.se:80/2010/12/20/vem-var-franz-kafka
http://cwastes.skolbloggen.se/2010/12/20/vem-var-franz-kafka/,post_like,20110325021002,20180314154647,9,20180314154647,http://cwastes.skolbloggen.se:80/2010/12/20/vem-var-franz-kafka/,200,text/html,https://web.archive.org/web/20180314154647/http://cwastes.skolbloggen.se:80/2010/12/20/vem-var-franz-kafka/
http://cwastes.skolbloggen.se/2010/12/20/vem-var-franz-kafka/feed/,feed,20180216084448,20180216084448,1,20180216084448,http://cwastes.skolbloggen.se:80/2010/12/20/vem-var-franz-kafka/feed/,200,application/rss+xml,https://web.archive.org/web/20180216084448/http://cwastes.skolbloggen.se:80/2010/12/20/vem-var-franz-kafka/feed/
http://cwastes.skolbloggen.se/2010/12/20/zadie-smith/,post_like,20110325020623,20110527163950,2,20110527163950,http://cwastes.skolbloggen.se:80/2010/12/20/zadie-smith/,200,text/html,https://web.archive.org/web/20110527163950/http://cwastes.skolbloggen.se:80/2010/12/20/zadie-smith/
http://cwastes.skolbloggen.se/2010/12/21/1900-talsforfattare-hjalmar-soderberg,post_like,20110323013025,20110323013025,1,20110323013025,http://cwastes.skolbloggen.se:80/2010/12/21/1900-talsforfattare-hjalmar-soderberg,301,text/html,https://web.archive.org/web/20110323013025/http://cwastes.skolbloggen.se:80/2010/12/21/1900-talsforfattare-hjalmar-soderberg
http://cwastes.skolbloggen.se/2010/12/21/1900-talsforfattare-hjalmar-soderberg/,post_like,20110323013025,20110527163912,3,20110527163912,http://cwastes.skolbloggen.se:80/2010/12/21/1900-talsforfattare-hjalmar-soderberg/,200,text/html,https://web.archive.org/web/20110527163912/http://cwastes.skolbloggen.se:80/2010/12/21/1900-talsforfattare-hjalmar-soderberg/
http://cwastes.skolbloggen.se/2010/12/30/nyfiken-pa-latinamerika/,post_like,20110325021208,20110527164400,2,20110527164400,http://cwastes.skolbloggen.se:80/2010/12/30/nyfiken-pa-latinamerika/,200,text/html,https://web.archive.org/web/20110527164400/http://cwastes.skolbloggen.se:80/2010/12/30/nyfiken-pa-latinamerika/
http://cwastes.skolbloggen.se/2011/01/,other,20110325020628,20180421010811,9,20180217235514,http://cwastes.skolbloggen.se:80/2011/01/,200,text/html,https://web.archive.org/web/20180217235514/http://cwastes.skolbloggen.se:80/2011/01/
http://cwastes.skolbloggen.se/2011/01/11/det-finns-olika-satt-att-lara-och-lara-ut/,post_like,20110325015107,20110325015107,1,20110325015107,http://cwastes.skolbloggen.se:80/2011/01/11/det-finns-olika-satt-att-lara-och-lara-ut/,404,text/html,https://web.archive.org/web/20110325015107/http://cwastes.skolbloggen.se:80/2011/01/11/det-finns-olika-satt-att-lara-och-lara-ut/
http://cwastes.skolbloggen.se/2011/01/19/ett-bildspel-om-sprak-och-slaktskap/,post_like,20110325021211,20110325021211,1,20110325021211,http://cwastes.skolbloggen.se:80/2011/01/19/ett-bildspel-om-sprak-och-slaktskap/,404,text/html,https://web.archive.org/web/20110325021211/http://cwastes.skolbloggen.se:80/2011/01/19/ett-bildspel-om-sprak-och-slaktskap/
http://cwastes.skolbloggen.se/2011/01/19/nyfiken-pa-eskimasprak/,post_like,20110325021007,20110325021007,1,20110325021007,http://cwastes.skolbloggen.se:80/2011/01/19/nyfiken-pa-eskimasprak/,404,text/html,https://web.archive.org/web/20110325021007/http://cwastes.skolbloggen.se:80/2011/01/19/nyfiken-pa-eskimasprak/
http://cwastes.skolbloggen.se/2011/01/28/1450/,post_like,20110325020633,20110527164517,2,20110527164517,http://cwastes.skolbloggen.se:80/2011/01/28/1450/,200,text/html,https://web.archive.org/web/20110527164517/http://cwastes.skolbloggen.se:80/2011/01/28/1450/
http://cwastes.skolbloggen.se/2011/02/,other,20110325021012,20110325021012,1,20110325021012,http://cwastes.skolbloggen.se:80/2011/02/,404,text/html,https://web.archive.org/web/20110325021012/http://cwastes.skolbloggen.se:80/2011/02/
http://cwastes.skolbloggen.se/2011/02/08/urnordiska-fram-till-ca-800-e-kr/,post_like,20110325015110,20110325015110,1,20110325015110,http://cwastes.skolbloggen.se:80/2011/02/08/urnordiska-fram-till-ca-800-e-kr/,404,text/html,https://web.archive.org/web/20110325015110/http://cwastes.skolbloggen.se:80/2011/02/08/urnordiska-fram-till-ca-800-e-kr/
http://cwastes.skolbloggen.se/2011/02/27/uppmarksamhetstest/,post_like,20110325021217,20110325021217,1,20110325021217,http://cwastes.skolbloggen.se:80/2011/02/27/uppmarksamhetstest/,404,text/html,https://web.archive.org/web/20110325021217/http://cwastes.skolbloggen.se:80/2011/02/27/uppmarksamhetstest/
http://cwastes.skolbloggen.se/2011/03/,other,20110325021608,20110325021608,1,20110325021608,http://cwastes.skolbloggen.se:80/2011/03/,404,text/html,https://web.archive.org/web/20110325021608/http://cwastes.skolbloggen.se:80/2011/03/
http://cwastes.skolbloggen.se/2011/03/03/har-du-testat-att-gora-en-voki/,post_like,20110325020638,20110325020638,1,20110325020638,http://cwastes.skolbloggen.se:80/2011/03/03/har-du-testat-att-gora-en-voki/,404,text/html,https://web.archive.org/web/20110325020638/http://cwastes.skolbloggen.se:80/2011/03/03/har-du-testat-att-gora-en-voki/
http://cwastes.skolbloggen.se/2011/03/03/har-du-testat-att-gora-en-voki/comment-page-1/,other,20110315085842,20110315085842,1,20110315085842,http://cwastes.skolbloggen.se:80/2011/03/03/har-du-testat-att-gora-en-voki/comment-page-1/,200,text/html,https://web.archive.org/web/20110315085842/http://cwastes.skolbloggen.se:80/2011/03/03/har-du-testat-att-gora-en-voki/comment-page-1/
http://cwastes.skolbloggen.se/2011/05/,other,20120917235425,20180421005537,8,20180217235519,http://cwastes.skolbloggen.se:80/2011/05/,200,text/html,https://web.archive.org/web/20180217235519/http://cwastes.skolbloggen.se:80/2011/05/
http://cwastes.skolbloggen.se/2011/05/13/netikett/,post_like,20110528010411,20110528010411,1,20110528010411,http://cwastes.skolbloggen.se:80/2011/05/13/netikett/,200,text/html,https://web.archive.org/web/20110528010411/http://cwastes.skolbloggen.se:80/2011/05/13/netikett/
http://cwastes.skolbloggen.se/2011/05/19/tre-systrar-pa-teaterhogskolan-i-malmo/,post_like,20110528010245,20110528010245,1,20110528010245,http://cwastes.skolbloggen.se:80/2011/05/19/tre-systrar-pa-teaterhogskolan-i-malmo/,200,text/html,https://web.archive.org/web/20110528010245/http://cwastes.skolbloggen.se:80/2011/05/19/tre-systrar-pa-teaterhogskolan-i-malmo/
http://cwastes.skolbloggen.se/2011/06/,other,20120918001300,20180422110002,7,20180220111328,http://cwastes.skolbloggen.se:80/2011/06/,200,text/html,https://web.archive.org/web/20180220111328/http://cwastes.skolbloggen.se:80/2011/06/
http://cwastes.skolbloggen.se/2011/06/01/natmobbning/comment-page-1/,other,20140531082433,20180228161810,10,20180228161810,http://cwastes.skolbloggen.se:80/2011/06/01/natmobbning/comment-page-1/,200,text/html,https://web.archive.org/web/20180228161810/http://cwastes.skolbloggen.se:80/2011/06/01/natmobbning/comment-page-1/
http://cwastes.skolbloggen.se/2011/09/,other,20120917234100,20180421005523,8,20180217235524,http://cwastes.skolbloggen.se:80/2011/09/,200,text/html,https://web.archive.org/web/20180217235524/http://cwastes.skolbloggen.se:80/2011/09/
http://cwastes.skolbloggen.se/2011/09/16/om-man-skulle-gora-en-bokpresentation-av-till-exempel-gosta-berlings-saga,post_like,20170609221103,20170710083912,2,20170710083912,http://cwastes.skolbloggen.se:80/2011/09/16/om-man-skulle-gora-en-bokpresentation-av-till-exempel-gosta-berlings-saga,301,text/html,https://web.archive.org/web/20170710083912/http://cwastes.skolbloggen.se:80/2011/09/16/om-man-skulle-gora-en-bokpresentation-av-till-exempel-gosta-berlings-saga
http://cwastes.skolbloggen.se/2011/09/16/om-man-skulle-gora-en-bokpresentation-av-till-exempel-gosta-berlings-saga/,post_like,20120917042018,20180415090600,6,20170710083912,http://cwastes.skolbloggen.se:80/2011/09/16/om-man-skulle-gora-en-bokpresentation-av-till-exempel-gosta-berlings-saga/,200,text/html,https://web.archive.org/web/20170710083912/http://cwastes.skolbloggen.se:80/2011/09/16/om-man-skulle-gora-en-bokpresentation-av-till-exempel-gosta-berlings-saga/
http://cwastes.skolbloggen.se/2011/09/21/bokpresentation-robinson-crusoe,post_like,20120916010814,20190823093001,24,20190823093001,http://cwastes.skolbloggen.se:80/2011/09/21/bokpresentation-robinson-crusoe,301,text/html,https://web.archive.org/web/20190823093001/http://cwastes.skolbloggen.se:80/2011/09/21/bokpresentation-robinson-crusoe
http://cwastes.skolbloggen.se/2011/09/21/bokpresentation-robinson-crusoe/,post_like,20120916010814,20180329123421,10,20180329123421,http://cwastes.skolbloggen.se:80/2011/09/21/bokpresentation-robinson-crusoe/,200,text/html,https://web.archive.org/web/20180329123421/http://cwastes.skolbloggen.se:80/2011/09/21/bokpresentation-robinson-crusoe/
http://cwastes.skolbloggen.se/2011/09/21/bokpresentation-robinson-crusoe/feed/,feed,20120917235832,20120917235832,1,20120917235832,http://cwastes.skolbloggen.se:80/2011/09/21/bokpresentation-robinson-crusoe/feed/,200,text/xml,https://web.archive.org/web/20120917235832/http://cwastes.skolbloggen.se:80/2011/09/21/bokpresentation-robinson-crusoe/feed/
http://cwastes.skolbloggen.se/2011/09/21/bokpresentation-robinson-crusoe/trackback/,other,20120917234008,20120917234008,1,20120917234008,http://cwastes.skolbloggen.se:80/2011/09/21/bokpresentation-robinson-crusoe/trackback/,302,text/html,https://web.archive.org/web/20120917234008/http://cwastes.skolbloggen.se:80/2011/09/21/bokpresentation-robinson-crusoe/trackback/
http://cwastes.skolbloggen.se/2011/10/,other,20120917234411,20180422110008,7,20180220114131,http://cwastes.skolbloggen.se:80/2011/10/,200,text/html,https://web.archive.org/web/20180220114131/http://cwastes.skolbloggen.se:80/2011/10/
http://cwastes.skolbloggen.se/2011/10/03/nathat-2,post_like,20170420164829,20170521182825,2,20170521182825,http://cwastes.skolbloggen.se:80/2011/10/03/nathat-2,301,text/html,https://web.archive.org/web/20170521182825/http://cwastes.skolbloggen.se:80/2011/10/03/nathat-2
http://cwastes.skolbloggen.se/2011/10/03/nathat-2/,post_like,20120917042022,20180331025040,8,20180331025040,http://cwastes.skolbloggen.se:80/2011/10/03/nathat-2/,200,text/html,https://web.archive.org/web/20180331025040/http://cwastes.skolbloggen.se:80/2011/10/03/nathat-2/
http://cwastes.skolbloggen.se/2011/10/07/1561/,post_like,20171216090528,20171216090528,1,20171216090528,http://cwastes.skolbloggen.se:80/2011/10/07/1561/,200,text/html,https://web.archive.org/web/20171216090528/http://cwastes.skolbloggen.se:80/2011/10/07/1561/
http://cwastes.skolbloggen.se/2011/10/07/1561/comment-page-1,other,20141025052157,20190904023146,29,20190904023146,http://cwastes.skolbloggen.se:80/2011/10/07/1561/comment-page-1,301,text/html,https://web.archive.org/web/20190904023146/http://cwastes.skolbloggen.se:80/2011/10/07/1561/comment-page-1
http://cwastes.skolbloggen.se/2011/10/07/1561/comment-page-1/,other,20140601010448,20180317213220,14,20180317213220,http://cwastes.skolbloggen.se:80/2011/10/07/1561/comment-page-1/,200,text/html,https://web.archive.org/web/20180317213220/http://cwastes.skolbloggen.se:80/2011/10/07/1561/comment-page-1/
http://cwastes.skolbloggen.se/2011/10/07/1561/feed/,feed,20171216152336,20171216152336,1,20171216152336,http://cwastes.skolbloggen.se:80/2011/10/07/1561/feed/,200,application/rss+xml,https://web.archive.org/web/20171216152336/http://cwastes.skolbloggen.se:80/2011/10/07/1561/feed/
http://cwastes.skolbloggen.se/2011/10/11/bokcirkel-om-gosta-berlings-saga-av-selma-lagerlof/,post_like,20141104025410,20171216045946,3,20171216045946,http://cwastes.skolbloggen.se:80/2011/10/11/bokcirkel-om-gosta-berlings-saga-av-selma-lagerlof/,200,text/html,https://web.archive.org/web/20171216045946/http://cwastes.skolbloggen.se:80/2011/10/11/bokcirkel-om-gosta-berlings-saga-av-selma-lagerlof/
http://cwastes.skolbloggen.se/2011/10/13/frankenstein-bokpresentation/comment-page-1,other,20150602234749,20190904021842,30,20190904021842,http://cwastes.skolbloggen.se:80/2011/10/13/frankenstein-bokpresentation/comment-page-1,301,text/html,https://web.archive.org/web/20190904021842/http://cwastes.skolbloggen.se:80/2011/10/13/frankenstein-bokpresentation/comment-page-1
http://cwastes.skolbloggen.se/2011/10/13/frankenstein-bokpresentation/comment-page-1/,other,20140601010453,20180321032832,14,20180321032832,http://cwastes.skolbloggen.se:80/2011/10/13/frankenstein-bokpresentation/comment-page-1/,200,text/html,https://web.archive.org/web/20180321032832/http://cwastes.skolbloggen.se:80/2011/10/13/frankenstein-bokpresentation/comment-page-1/
http://cwastes.skolbloggen.se/2011/10/18/1584,post_like,20160424023109,20170324020831,5,20170324020831,http://cwastes.skolbloggen.se:80/2011/10/18/1584,301,text/html,https://web.archive.org/web/20170324020831/http://cwastes.skolbloggen.se:80/2011/10/18/1584
http://cwastes.skolbloggen.se/2011/10/18/1584/,post_like,20160424023109,20170324020831,5,20170324020831,http://cwastes.skolbloggen.se:80/2011/10/18/1584/,200,text/html,https://web.archive.org/web/20170324020831/http://cwastes.skolbloggen.se:80/2011/10/18/1584/
http://cwastes.skolbloggen.se/2011/10/25/bokpresentation-robinson-crusoe-2/comment-page-1,other,20160525182827,20160729030808,3,20160729030808,http://cwastes.skolbloggen.se:80/2011/10/25/bokpresentation-robinson-crusoe-2/comment-page-1,301,text/html,https://web.archive.org/web/20160729030808/http://cwastes.skolbloggen.se:80/2011/10/25/bokpresentation-robinson-crusoe-2/comment-page-1
http://cwastes.skolbloggen.se/2011/10/25/bokpresentation-robinson-crusoe-2/comment-page-1/,other,20140601093729,20160729030808,4,20160729030808,http://cwastes.skolbloggen.se:80/2011/10/25/bokpresentation-robinson-crusoe-2/comment-page-1/,200,text/html,https://web.archive.org/web/20160729030808/http://cwastes.skolbloggen.se:80/2011/10/25/bokpresentation-robinson-crusoe-2/comment-page-1/
http://cwastes.skolbloggen.se/2011/10/25/med-hjartat-i-1940-talet/comment-page-1/,other,20140601010458,20180420125730,6,20180217235641,http://cwastes.skolbloggen.se:80/2011/10/25/med-hjartat-i-1940-talet/comment-page-1/,200,text/html,https://web.archive.org/web/20180217235641/http://cwastes.skolbloggen.se:80/2011/10/25/med-hjartat-i-1940-talet/comment-page-1/
http://cwastes.skolbloggen.se/2011/10/25/vaxandet-som-process,post_like,20130615045339,20130615045339,1,20130615045339,http://cwastes.skolbloggen.se:80/2011/10/25/vaxandet-som-process,301,text/html,https://web.archive.org/web/20130615045339/http://cwastes.skolbloggen.se:80/2011/10/25/vaxandet-som-process
http://cwastes.skolbloggen.se/2011/10/25/vaxandet-som-process/,post_like,20130615045339,20130615045339,1,20130615045339,http://cwastes.skolbloggen.se:80/2011/10/25/vaxandet-som-process/,200,text/html,https://web.archive.org/web/20130615045339/http://cwastes.skolbloggen.se:80/2011/10/25/vaxandet-som-process/
http://cwastes.skolbloggen.se/2011/10/26/flyga-drake-elevtext,post_like,20161012042317,20161115215627,3,20161115215627,http://cwastes.skolbloggen.se:80/2011/10/26/flyga-drake-elevtext,301,text/html,https://web.archive.org/web/20161115215627/http://cwastes.skolbloggen.se:80/2011/10/26/flyga-drake-elevtext
http://cwastes.skolbloggen.se/2011/10/26/flyga-drake-elevtext/,post_like,20161012042317,20161115215627,3,20161115215627,http://cwastes.skolbloggen.se:80/2011/10/26/flyga-drake-elevtext/,200,text/html,https://web.archive.org/web/20161115215627/http://cwastes.skolbloggen.se:80/2011/10/26/flyga-drake-elevtext/
http://cwastes.skolbloggen.se/2011/10/27/inre-och-yttre-resor/comment-page-1/,other,20120115074641,20180422104549,7,20180220110726,http://cwastes.skolbloggen.se:80/2011/10/27/inre-och-yttre-resor/comment-page-1/,200,text/html,https://web.archive.org/web/20180220110726/http://cwastes.skolbloggen.se:80/2011/10/27/inre-och-yttre-resor/comment-page-1/
http://cwastes.skolbloggen.se/2011/11/,other,20120917233808,20180422110013,7,20180220113845,http://cwastes.skolbloggen.se:80/2011/11/,200,text/html,https://web.archive.org/web/20180220113845/http://cwastes.skolbloggen.se:80/2011/11/
http://cwastes.skolbloggen.se/2011/11/14/flyga-drake-elevtext-2,post_like,20170512124658,20170512124658,1,20170512124658,http://cwastes.skolbloggen.se:80/2011/11/14/flyga-drake-elevtext-2,301,text/html,https://web.archive.org/web/20170512124658/http://cwastes.skolbloggen.se:80/2011/11/14/flyga-drake-elevtext-2
http://cwastes.skolbloggen.se/2011/11/14/flyga-drake-elevtext-2/,post_like,20170512124658,20170512124658,1,20170512124658,http://cwastes.skolbloggen.se:80/2011/11/14/flyga-drake-elevtext-2/,200,text/html,https://web.archive.org/web/20170512124658/http://cwastes.skolbloggen.se:80/2011/11/14/flyga-drake-elevtext-2/
http://cwastes.skolbloggen.se/2011/11/14/flyga-drake-elevtext-3/,post_like,20120115074721,20120115074721,1,20120115074721,http://cwastes.skolbloggen.se:80/2011/11/14/flyga-drake-elevtext-3/,200,text/html,https://web.archive.org/web/20120115074721/http://cwastes.skolbloggen.se:80/2011/11/14/flyga-drake-elevtext-3/
http://cwastes.skolbloggen.se/2011/11/14/inre-resor-elevtext,post_like,20120113232922,20120113232922,1,20120113232922,http://cwastes.skolbloggen.se:80/2011/11/14/inre-resor-elevtext,301,text/html,https://web.archive.org/web/20120113232922/http://cwastes.skolbloggen.se:80/2011/11/14/inre-resor-elevtext
http://cwastes.skolbloggen.se/2011/11/14/inre-resor-elevtext/,post_like,20120113232922,20120115122054,2,20120115122054,http://cwastes.skolbloggen.se:80/2011/11/14/inre-resor-elevtext/,200,text/html,https://web.archive.org/web/20120115122054/http://cwastes.skolbloggen.se:80/2011/11/14/inre-resor-elevtext/
http://cwastes.skolbloggen.se/2011/11/15/din-stund-pa-jorden/,post_like,20120115080112,20120115080112,1,20120115080112,http://cwastes.skolbloggen.se:80/2011/11/15/din-stund-pa-jorden/,200,text/html,https://web.archive.org/web/20120115080112/http://cwastes.skolbloggen.se:80/2011/11/15/din-stund-pa-jorden/
http://cwastes.skolbloggen.se/2011/12/,other,20120917235836,20180420131706,7,20180217235731,http://cwastes.skolbloggen.se:80/2011/12/,200,text/html,https://web.archive.org/web/20180217235731/http://cwastes.skolbloggen.se:80/2011/12/
http://cwastes.skolbloggen.se/2012/03/,other,20120917235430,20180421010524,8,20180217235138,http://cwastes.skolbloggen.se:80/2012/03/,200,text/html,https://web.archive.org/web/20180217235138/http://cwastes.skolbloggen.se:80/2012/03/
http://cwastes.skolbloggen.se/2012/03/20/att-vara-organiserad-eller-ej/,post_like,20120917233813,20120917233813,1,20120917233813,http://cwastes.skolbloggen.se:80/2012/03/20/att-vara-organiserad-eller-ej/,200,text/html,https://web.archive.org/web/20120917233813/http://cwastes.skolbloggen.se:80/2012/03/20/att-vara-organiserad-eller-ej/
http://cwastes.skolbloggen.se/2012/03/20/att-vara-organiserad-eller-ej/comment-page-1/,other,20120917235622,20120917235622,1,20120917235622,http://cwastes.skolbloggen.se:80/2012/03/20/att-vara-organiserad-eller-ej/comment-page-1/,200,text/html,https://web.archive.org/web/20120917235622/http://cwastes.skolbloggen.se:80/2012/03/20/att-vara-organiserad-eller-ej/comment-page-1/
http://cwastes.skolbloggen.se/2012/03/20/kollektivavtal-borde-vara-en-sjalvklarhet/,post_like,20120918001305,20180422104849,7,20180220112501,http://cwastes.skolbloggen.se:80/2012/03/20/kollektivavtal-borde-vara-en-sjalvklarhet/,200,text/html,https://web.archive.org/web/20180220112501/http://cwastes.skolbloggen.se:80/2012/03/20/kollektivavtal-borde-vara-en-sjalvklarhet/
http://cwastes.skolbloggen.se/2012/03/20/kollektivavtal-borde-vara-en-sjalvklarhet/comment-page-1/,other,20120917233626,20120917233626,1,20120917233626,http://cwastes.skolbloggen.se:80/2012/03/20/kollektivavtal-borde-vara-en-sjalvklarhet/comment-page-1/,200,text/html,https://web.archive.org/web/20120917233626/http://cwastes.skolbloggen.se:80/2012/03/20/kollektivavtal-borde-vara-en-sjalvklarhet/comment-page-1/
http://cwastes.skolbloggen.se/2012/03/20/kop-inte-klader-som-ar-tillverkade-av-barnarbetare/,post_like,20120917234416,20120917234416,1,20120917234416,http://cwastes.skolbloggen.se:80/2012/03/20/kop-inte-klader-som-ar-tillverkade-av-barnarbetare/,200,text/html,https://web.archive.org/web/20120917234416/http://cwastes.skolbloggen.se:80/2012/03/20/kop-inte-klader-som-ar-tillverkade-av-barnarbetare/
http://cwastes.skolbloggen.se/2012/03/20/kop-inte-klader-som-ar-tillverkade-av-barnarbetare/comment-page-1/,other,20140601001811,20180217235323,5,20180217235323,http://cwastes.skolbloggen.se:80/2012/03/20/kop-inte-klader-som-ar-tillverkade-av-barnarbetare/comment-page-1/,200,text/html,https://web.archive.org/web/20180217235323/http://cwastes.skolbloggen.se:80/2012/03/20/kop-inte-klader-som-ar-tillverkade-av-barnarbetare/comment-page-1/
http://cwastes.skolbloggen.se/2012/03/20/varldshandeln-gynnar-mest-de-rika-landerna/,post_like,20120917233631,20120917233631,1,20120917233631,http://cwastes.skolbloggen.se:80/2012/03/20/varldshandeln-gynnar-mest-de-rika-landerna/,200,text/html,https://web.archive.org/web/20120917233631/http://cwastes.skolbloggen.se:80/2012/03/20/varldshandeln-gynnar-mest-de-rika-landerna/
http://cwastes.skolbloggen.se/2012/03/20/varldshandeln-gynnar-mest-de-rika-landerna/comment-page-1/,other,20120917235943,20120917235943,1,20120917235943,http://cwastes.skolbloggen.se:80/2012/03/20/varldshandeln-gynnar-mest-de-rika-landerna/comment-page-1/,200,text/html,https://web.archive.org/web/20120917235943/http://cwastes.skolbloggen.se:80/2012/03/20/varldshandeln-gynnar-mest-de-rika-landerna/comment-page-1/
http://cwastes.skolbloggen.se/2012/03/26/byt-ut-gammal-elutrustningen-pa-elprogrammen-i-gymnasieskolor/,post_like,20120917234013,20180422105254,7,20180220113857,http://cwastes.skolbloggen.se:80/2012/03/26/byt-ut-gammal-elutrustningen-pa-elprogrammen-i-gymnasieskolor/,200,text/html,https://web.archive.org/web/20180220113857/http://cwastes.skolbloggen.se:80/2012/03/26/byt-ut-gammal-elutrustningen-pa-elprogrammen-i-gymnasieskolor/
http://cwastes.skolbloggen.se/2012/03/26/byt-ut-gammal-elutrustningen-pa-elprogrammen-i-gymnasieskolor/comment-page-1/,other,20120917235627,20120917235627,1,20120917235627,http://cwastes.skolbloggen.se:80/2012/03/26/byt-ut-gammal-elutrustningen-pa-elprogrammen-i-gymnasieskolor/comment-page-1/,200,text/html,https://web.archive.org/web/20120917235627/http://cwastes.skolbloggen.se:80/2012/03/26/byt-ut-gammal-elutrustningen-pa-elprogrammen-i-gymnasieskolor/comment-page-1/
http://cwastes.skolbloggen.se/2012/03/26/kop-inte-klader-som-ar-tillverkade-under-daliga-arbetsforhallanden,post_like,20170521180217,20170521180217,1,20170521180217,http://cwastes.skolbloggen.se:80/2012/03/26/kop-inte-klader-som-ar-tillverkade-under-daliga-arbetsforhallanden,301,text/html,https://web.archive.org/web/20170521180217/http://cwastes.skolbloggen.se:80/2012/03/26/kop-inte-klader-som-ar-tillverkade-under-daliga-arbetsforhallanden
http://cwastes.skolbloggen.se/2012/03/26/kop-inte-klader-som-ar-tillverkade-under-daliga-arbetsforhallanden/,post_like,20120917235948,20180422104555,7,20180220104833,http://cwastes.skolbloggen.se:80/2012/03/26/kop-inte-klader-som-ar-tillverkade-under-daliga-arbetsforhallanden/,200,text/html,https://web.archive.org/web/20180220104833/http://cwastes.skolbloggen.se:80/2012/03/26/kop-inte-klader-som-ar-tillverkade-under-daliga-arbetsforhallanden/
http://cwastes.skolbloggen.se/2012/03/26/kop-inte-klader-som-ar-tillverkade-under-daliga-arbetsforhallanden/comment-page-1/,other,20120918001310,20120918001310,1,20120918001310,http://cwastes.skolbloggen.se:80/2012/03/26/kop-inte-klader-som-ar-tillverkade-under-daliga-arbetsforhallanden/comment-page-1/,200,text/html,https://web.archive.org/web/20120918001310/http://cwastes.skolbloggen.se:80/2012/03/26/kop-inte-klader-som-ar-tillverkade-under-daliga-arbetsforhallanden/comment-page-1/
http://cwastes.skolbloggen.se/2012/03/26/lego-som-lego/,post_like,20120917233636,20180422105527,7,20180220110731,http://cwastes.skolbloggen.se:80/2012/03/26/lego-som-lego/,200,text/html,https://web.archive.org/web/20180220110731/http://cwastes.skolbloggen.se:80/2012/03/26/lego-som-lego/
http://cwastes.skolbloggen.se/2012/03/26/lego-som-lego/comment-page-1/,other,20120917233818,20120917233818,1,20120917233818,http://cwastes.skolbloggen.se:80/2012/03/26/lego-som-lego/comment-page-1/,200,text/html,https://web.archive.org/web/20120917233818/http://cwastes.skolbloggen.se:80/2012/03/26/lego-som-lego/comment-page-1/
http://cwastes.skolbloggen.se/2012/03/29/hogre-standard-pa-lararna/,post_like,20120917235951,20180421010531,8,20180217235328,http://cwastes.skolbloggen.se:80/2012/03/29/hogre-standard-pa-lararna/,200,text/html,https://web.archive.org/web/20180217235328/http://cwastes.skolbloggen.se:80/2012/03/29/hogre-standard-pa-lararna/
http://cwastes.skolbloggen.se/2012/03/29/hogre-standard-pa-lararna/comment-page-1/,other,20120917234421,20180420125634,7,20180218000836,http://cwastes.skolbloggen.se:80/2012/03/29/hogre-standard-pa-lararna/comment-page-1/,200,text/html,https://web.archive.org/web/20180218000836/http://cwastes.skolbloggen.se:80/2012/03/29/hogre-standard-pa-lararna/comment-page-1/
http://cwastes.skolbloggen.se/2012/03/29/hur-ar-en-bra-ledare/,post_like,20120917235632,20180421010921,8,20180217235529,http://cwastes.skolbloggen.se:80/2012/03/29/hur-ar-en-bra-ledare/,200,text/html,https://web.archive.org/web/20180217235529/http://cwastes.skolbloggen.se:80/2012/03/29/hur-ar-en-bra-ledare/
http://cwastes.skolbloggen.se/2012/03/29/hur-ar-en-bra-ledare/comment-page-1/,other,20120917042032,20130225200513,2,20130225200513,http://cwastes.skolbloggen.se:80/2012/03/29/hur-ar-en-bra-ledare/comment-page-1/,200,text/html,https://web.archive.org/web/20130225200513/http://cwastes.skolbloggen.se:80/2012/03/29/hur-ar-en-bra-ledare/comment-page-1/
http://cwastes.skolbloggen.se/2012/03/29/mer-utbildning-for-praktikledare/,post_like,20120917235637,20180422105702,7,20180220105235,http://cwastes.skolbloggen.se:80/2012/03/29/mer-utbildning-for-praktikledare/,200,text/html,https://web.archive.org/web/20180220105235/http://cwastes.skolbloggen.se:80/2012/03/29/mer-utbildning-for-praktikledare/
http://cwastes.skolbloggen.se/2012/03/29/mer-utbildning-for-praktikledare/comment-page-1/,other,20120917234426,20180422105907,7,20180220112506,http://cwastes.skolbloggen.se:80/2012/03/29/mer-utbildning-for-praktikledare/comment-page-1/,200,text/html,https://web.archive.org/web/20180220112506/http://cwastes.skolbloggen.se:80/2012/03/29/mer-utbildning-for-praktikledare/comment-page-1/
http://cwastes.skolbloggen.se/2012/04/,other,20120917233826,20180420130530,7,20180218000841,http://cwastes.skolbloggen.se:80/2012/04/,200,text/html,https://web.archive.org/web/20180218000841/http://cwastes.skolbloggen.se:80/2012/04/
http://cwastes.skolbloggen.se/2012/04/12/alla-butiker-borde-anvanda-sig-av-nathandel/,post_like,20120917235642,20180405232953,6,20180130174731,http://cwastes.skolbloggen.se:80/2012/04/12/alla-butiker-borde-anvanda-sig-av-nathandel/,200,text/html,https://web.archive.org/web/20180130174731/http://cwastes.skolbloggen.se:80/2012/04/12/alla-butiker-borde-anvanda-sig-av-nathandel/
http://cwastes.skolbloggen.se/2012/04/12/alla-butiker-borde-anvanda-sig-av-nathandel/comment-page-1/,other,20120917235437,20120917235437,1,20120917235437,http://cwastes.skolbloggen.se:80/2012/04/12/alla-butiker-borde-anvanda-sig-av-nathandel/comment-page-1/,200,text/html,https://web.archive.org/web/20120917235437/http://cwastes.skolbloggen.se:80/2012/04/12/alla-butiker-borde-anvanda-sig-av-nathandel/comment-page-1/
http://cwastes.skolbloggen.se/2012/04/26/att-sanka-ungdomslonerna-ar-daligt/,post_like,20120917235647,20180405231943,6,20180130182516,http://cwastes.skolbloggen.se:80/2012/04/26/att-sanka-ungdomslonerna-ar-daligt/,200,text/html,https://web.archive.org/web/20180130182516/http://cwastes.skolbloggen.se:80/2012/04/26/att-sanka-ungdomslonerna-ar-daligt/
http://cwastes.skolbloggen.se/2012/04/26/sank-priserna-pa-kollektivtrafiken,post_like,20171115010733,20190904023313,23,20190904023313,http://cwastes.skolbloggen.se:80/2012/04/26/sank-priserna-pa-kollektivtrafiken,301,text/html,https://web.archive.org/web/20190904023313/http://cwastes.skolbloggen.se:80/2012/04/26/sank-priserna-pa-kollektivtrafiken
http://cwastes.skolbloggen.se/2012/04/26/sank-priserna-pa-kollektivtrafiken/,post_like,20120917233642,20180405232853,12,20180320230440,http://cwastes.skolbloggen.se:80/2012/04/26/sank-priserna-pa-kollektivtrafiken/,200,text/html,https://web.archive.org/web/20180320230440/http://cwastes.skolbloggen.se:80/2012/04/26/sank-priserna-pa-kollektivtrafiken/
http://cwastes.skolbloggen.se/2012/05/,other,20120917235442,20180422104458,7,20180220110834,http://cwastes.skolbloggen.se:80/2012/05/,200,text/html,https://web.archive.org/web/20180220110834/http://cwastes.skolbloggen.se:80/2012/05/
http://cwastes.skolbloggen.se/2012/05/08/mer-praktik-for-gymnasieelever/,post_like,20120917234020,20180422104949,7,20180220110236,http://cwastes.skolbloggen.se:80/2012/05/08/mer-praktik-for-gymnasieelever/,200,text/html,https://web.archive.org/web/20180220110236/http://cwastes.skolbloggen.se:80/2012/05/08/mer-praktik-for-gymnasieelever/
http://cwastes.skolbloggen.se/2012/05/28/anonyma-brev/,post_like,20120917233832,20180420124920,7,20180218000418,http://cwastes.skolbloggen.se:80/2012/05/28/anonyma-brev/,200,text/html,https://web.archive.org/web/20180218000418/http://cwastes.skolbloggen.se:80/2012/05/28/anonyma-brev/
http://cwastes.skolbloggen.se/2012/05/28/att-gor-varlden-battre/,post_like,20120917235447,20180422105805,7,20180220112511,http://cwastes.skolbloggen.se:80/2012/05/28/att-gor-varlden-battre/,200,text/html,https://web.archive.org/web/20180220112511/http://cwastes.skolbloggen.se:80/2012/05/28/att-gor-varlden-battre/
http://cwastes.skolbloggen.se/2012/05/28/att-gora-varlden-till-en-battre-plats/,post_like,20120917233836,20180421005753,9,20180217235143,http://cwastes.skolbloggen.se:80/2012/05/28/att-gora-varlden-till-en-battre-plats/,200,text/html,https://web.archive.org/web/20180217235143/http://cwastes.skolbloggen.se:80/2012/05/28/att-gora-varlden-till-en-battre-plats/
http://cwastes.skolbloggen.se/2012/05/28/att-gora-varlden-till-en-battre-plats/comment-page-1/,other,20120917235652,20120917235652,1,20120917235652,http://cwastes.skolbloggen.se:80/2012/05/28/att-gora-varlden-till-en-battre-plats/comment-page-1/,200,text/html,https://web.archive.org/web/20120917235652/http://cwastes.skolbloggen.se:80/2012/05/28/att-gora-varlden-till-en-battre-plats/comment-page-1/
http://cwastes.skolbloggen.se/2012/05/28/en-liten-garning-kan-gora-stor-skillnad/,post_like,20120917235657,20180420125737,7,20180218000847,http://cwastes.skolbloggen.se:80/2012/05/28/en-liten-garning-kan-gora-stor-skillnad/,200,text/html,https://web.archive.org/web/20180218000847/http://cwastes.skolbloggen.se:80/2012/05/28/en-liten-garning-kan-gora-stor-skillnad/
http://cwastes.skolbloggen.se/2012/05/28/hur-kan-vi-forandra-varlden-till-det-battre,post_like,20170521190942,20170521190942,1,20170521190942,http://cwastes.skolbloggen.se:80/2012/05/28/hur-kan-vi-forandra-varlden-till-det-battre,301,text/html,https://web.archive.org/web/20170521190942/http://cwastes.skolbloggen.se:80/2012/05/28/hur-kan-vi-forandra-varlden-till-det-battre
http://cwastes.skolbloggen.se/2012/05/28/hur-kan-vi-forandra-varlden-till-det-battre/,post_like,20120917235243,20180422110018,7,20180220112518,http://cwastes.skolbloggen.se:80/2012/05/28/hur-kan-vi-forandra-varlden-till-det-battre/,200,text/html,https://web.archive.org/web/20180220112518/http://cwastes.skolbloggen.se:80/2012/05/28/hur-kan-vi-forandra-varlden-till-det-battre/
http://cwastes.skolbloggen.se/2012/05/28/ler-du-sa-ler-varlden-tillbaka/,post_like,20120917235956,20180422104756,8,20180220110336,http://cwastes.skolbloggen.se:80/2012/05/28/ler-du-sa-ler-varlden-tillbaka/,200,text/html,https://web.archive.org/web/20180220110336/http://cwastes.skolbloggen.se:80/2012/05/28/ler-du-sa-ler-varlden-tillbaka/
http://cwastes.skolbloggen.se/2012/06/,other,20120917233646,20180421010816,8,20180217235333,http://cwastes.skolbloggen.se:80/2012/06/,200,text/html,https://web.archive.org/web/20180217235333/http://cwastes.skolbloggen.se:80/2012/06/
http://cwastes.skolbloggen.se/2012/06/05/att-kopa-aktier-ar-inte-farligt/,post_like,20120917233841,20180422104657,8,20180220112133,http://cwastes.skolbloggen.se:80/2012/06/05/att-kopa-aktier-ar-inte-farligt/,200,text/html,https://web.archive.org/web/20180220112133/http://cwastes.skolbloggen.se:80/2012/06/05/att-kopa-aktier-ar-inte-farligt/
http://cwastes.skolbloggen.se/2012/06/05/infor-undervisning-om-arbetsratt/,post_like,20120917235453,20180420130336,8,20180217235737,http://cwastes.skolbloggen.se:80/2012/06/05/infor-undervisning-om-arbetsratt/,200,text/html,https://web.archive.org/web/20180217235737/http://cwastes.skolbloggen.se:80/2012/06/05/infor-undervisning-om-arbetsratt/
http://cwastes.skolbloggen.se/2012/06/05/mediciner-gor-mer-nytta-an-skada/,post_like,20120917235458,20180422105912,8,20180220114132,http://cwastes.skolbloggen.se:80/2012/06/05/mediciner-gor-mer-nytta-an-skada/,200,text/html,https://web.archive.org/web/20180220114132/http://cwastes.skolbloggen.se:80/2012/06/05/mediciner-gor-mer-nytta-an-skada/
http://cwastes.skolbloggen.se/2012/06/05/svensk-vapenexport/,post_like,20120917235248,20180422110023,8,20180220111333,http://cwastes.skolbloggen.se:80/2012/06/05/svensk-vapenexport/,200,text/html,https://web.archive.org/web/20180220111333/http://cwastes.skolbloggen.se:80/2012/06/05/svensk-vapenexport/
http://cwastes.skolbloggen.se/2012/06/05/vi-bor-idrotta-mer-an-vad-vi-gor-idag/,post_like,20120917233847,20180422105058,8,20180220113413,http://cwastes.skolbloggen.se:80/2012/06/05/vi-bor-idrotta-mer-an-vad-vi-gor-idag/,200,text/html,https://web.archive.org/web/20180220113413/http://cwastes.skolbloggen.se:80/2012/06/05/vi-bor-idrotta-mer-an-vad-vi-gor-idag/
http://cwastes.skolbloggen.se/2012/06/05/vi-bor-idrotta-mer-an-vad-vi-gor-idag/comment-page-1/,other,20140601095312,20180422104714,6,20180220113902,http://cwastes.skolbloggen.se:80/2012/06/05/vi-bor-idrotta-mer-an-vad-vi-gor-idag/comment-page-1/,200,text/html,https://web.archive.org/web/20180220113902/http://cwastes.skolbloggen.se:80/2012/06/05/vi-bor-idrotta-mer-an-vad-vi-gor-idag/comment-page-1/
http://cwastes.skolbloggen.se/2012/06/07/forgylla-nagons-vardag/,post_like,20120917141552,20180420125843,8,20180218000852,http://cwastes.skolbloggen.se:80/2012/06/07/forgylla-nagons-vardag/,200,text/html,https://web.archive.org/web/20180218000852/http://cwastes.skolbloggen.se:80/2012/06/07/forgylla-nagons-vardag/
http://cwastes.skolbloggen.se/2012/06/07/hur-pantar-du/,post_like,20120917233853,20180422105533,8,20180220104838,http://cwastes.skolbloggen.se:80/2012/06/07/hur-pantar-du/,200,text/html,https://web.archive.org/web/20180220104838/http://cwastes.skolbloggen.se:80/2012/06/07/hur-pantar-du/
http://cwastes.skolbloggen.se/2012/10/,other,20140601093612,20180422110029,6,20180220114136,http://cwastes.skolbloggen.se:80/2012/10/,200,text/html,https://web.archive.org/web/20180220114136/http://cwastes.skolbloggen.se:80/2012/10/
http://cwastes.skolbloggen.se/2012/10/16/hur-kan-vi-gora-varlden-battre-elevtext/,post_like,20130222072612,20180420125743,7,20180217235742,http://cwastes.skolbloggen.se:80/2012/10/16/hur-kan-vi-gora-varlden-battre-elevtext/,200,text/html,https://web.archive.org/web/20180217235742/http://cwastes.skolbloggen.se:80/2012/10/16/hur-kan-vi-gora-varlden-battre-elevtext/
http://cwastes.skolbloggen.se/2013/06/,other,20140601010616,20180422105810,6,20180220110341,http://cwastes.skolbloggen.se:80/2013/06/,200,text/html,https://web.archive.org/web/20180220110341/http://cwastes.skolbloggen.se:80/2013/06/
http://cwastes.skolbloggen.se/2013/06/03/fordelar-med-genteknik-vad-galler-medicinsk-utveckling,post_like,20140530023844,20161201092113,3,20161201092113,http://cwastes.skolbloggen.se:80/2013/06/03/fordelar-med-genteknik-vad-galler-medicinsk-utveckling,301,text/html,https://web.archive.org/web/20161201092113/http://cwastes.skolbloggen.se:80/2013/06/03/fordelar-med-genteknik-vad-galler-medicinsk-utveckling
http://cwastes.skolbloggen.se/2013/06/03/fordelar-med-genteknik-vad-galler-medicinsk-utveckling/,post_like,20131226170247,20180405234241,9,20180130181153,http://cwastes.skolbloggen.se:80/2013/06/03/fordelar-med-genteknik-vad-galler-medicinsk-utveckling/,200,text/html,https://web.archive.org/web/20180130181153/http://cwastes.skolbloggen.se:80/2013/06/03/fordelar-med-genteknik-vad-galler-medicinsk-utveckling/
http://cwastes.skolbloggen.se/2013/06/03/fordelar-med-genteknik-vad-galler-medicinsk-utveckling/feed/,feed,20140601093739,20140601093739,1,20140601093739,http://cwastes.skolbloggen.se:80/2013/06/03/fordelar-med-genteknik-vad-galler-medicinsk-utveckling/feed/,200,text/xml,https://web.archive.org/web/20140601093739/http://cwastes.skolbloggen.se:80/2013/06/03/fordelar-med-genteknik-vad-galler-medicinsk-utveckling/feed/
http://cwastes.skolbloggen.se/2013/06/03/fordelar-med-genteknik-vad-galler-medicinsk-utveckling/trackback/,other,20140601010621,20140601010621,1,20140601010621,http://cwastes.skolbloggen.se:80/2013/06/03/fordelar-med-genteknik-vad-galler-medicinsk-utveckling/trackback/,302,text/html,https://web.archive.org/web/20140601010621/http://cwastes.skolbloggen.se:80/2013/06/03/fordelar-med-genteknik-vad-galler-medicinsk-utveckling/trackback/
http://cwastes.skolbloggen.se/2013/06/03/gmo-odlad-mat-ar-bra-for-manniskan-och-miljon,post_like,20170416210532,20170517090841,2,20170517090841,http://cwastes.skolbloggen.se:80/2013/06/03/gmo-odlad-mat-ar-bra-for-manniskan-och-miljon,301,text/html,https://web.archive.org/web/20170517090841/http://cwastes.skolbloggen.se:80/2013/06/03/gmo-odlad-mat-ar-bra-for-manniskan-och-miljon
http://cwastes.skolbloggen.se/2013/06/03/gmo-odlad-mat-ar-bra-for-manniskan-och-miljon/,post_like,20140531070300,20180405232529,5,20170612151513,http://cwastes.skolbloggen.se:80/2013/06/03/gmo-odlad-mat-ar-bra-for-manniskan-och-miljon/,200,text/html,https://web.archive.org/web/20170612151513/http://cwastes.skolbloggen.se:80/2013/06/03/gmo-odlad-mat-ar-bra-for-manniskan-och-miljon/
http://cwastes.skolbloggen.se/?p=1227,homepage,20180318065106,20180319142622,2,20180319142622,http://cwastes.skolbloggen.se:80/?p=1227,301,text/html,https://web.archive.org/web/20180319142622/http://cwastes.skolbloggen.se:80/?p=1227
http://cwastes.skolbloggen.se/?p=1338,homepage,20180216083008,20180216083008,1,20180216083008,http://cwastes.skolbloggen.se:80/?p=1338,301,text/html,https://web.archive.org/web/20180216083008/http://cwastes.skolbloggen.se:80/?p=1338
http://cwastes.skolbloggen.se/?p=1470,homepage,20110510082738,20110510082738,1,20110510082738,http://cwastes.skolbloggen.se:80/?p=1470,404,text/html,https://web.archive.org/web/20110510082738/http://cwastes.skolbloggen.se:80/?p=1470
http://cwastes.skolbloggen.se/?p=1470/comment-page-1/,homepage,20110510082738,20110510082738,1,20110510082738,http://cwastes.skolbloggen.se:80/?p=1470/comment-page-1/,301,text/html,https://web.archive.org/web/20110510082738/http://cwastes.skolbloggen.se:80/?p=1470/comment-page-1/
http://cwastes.skolbloggen.se/?p=1518,homepage,20170612151532,20170612151532,1,20170612151532,http://cwastes.skolbloggen.se:80/?p=1518,301,text/html,https://web.archive.org/web/20170612151532/http://cwastes.skolbloggen.se:80/?p=1518
http://cwastes.skolbloggen.se/?p=1528,homepage,20120918000005,20180405235105,2,20180405235105,http://cwastes.skolbloggen.se:80/?p=1528,301,text/html,https://web.archive.org/web/20180405235105/http://cwastes.skolbloggen.se:80/?p=1528
http://cwastes.skolbloggen.se/?p=1561,homepage,20171216153252,20171216153252,1,20171216153252,http://cwastes.skolbloggen.se:80/?p=1561,301,text/html,https://web.archive.org/web/20171216153252/http://cwastes.skolbloggen.se:80/?p=1561
http://cwastes.skolbloggen.se/?p=1879,homepage,20140601010626,20140601010626,1,20140601010626,http://cwastes.skolbloggen.se:80/?p=1879,301,text/html,https://web.archive.org/web/20140601010626/http://cwastes.skolbloggen.se:80/?p=1879
http://cwastes.skolbloggen.se/Thom%20Watson,other,20100226033051,20100226033051,1,20100226033051,http://cwastes.skolbloggen.se:80/Thom%20Watson,404,text/html,https://web.archive.org/web/20100226033051/http://cwastes.skolbloggen.se:80/Thom%20Watson
http://cwastes.skolbloggen.se/author/cwaste/,other,20100222035725,20170613045858,3,20170613045858,http://cwastes.skolbloggen.se:80/author/cwaste/,200,text/html,https://web.archive.org/web/20170613045858/http://cwastes.skolbloggen.se:80/author/cwaste/
http://cwastes.skolbloggen.se/author/filippabackvall/,other,20171216161309,20171216161309,1,20171216161309,http://cwastes.skolbloggen.se:80/author/filippabackvall/,200,text/html,https://web.archive.org/web/20171216161309/http://cwastes.skolbloggen.se:80/author/filippabackvall/
http://cwastes.skolbloggen.se/author/hagstrom/,other,20120917235256,20180405225034,2,20120917235256,http://cwastes.skolbloggen.se:80/author/hagstrom/,200,text/html,https://web.archive.org/web/20120917235256/http://cwastes.skolbloggen.se:80/author/hagstrom/
http://cwastes.skolbloggen.se/author/nylander/,other,20180318064314,20180318064314,1,20180318064314,http://cwastes.skolbloggen.se:80/author/nylander/,200,text/html,https://web.archive.org/web/20180318064314/http://cwastes.skolbloggen.se:80/author/nylander/
http://cwastes.skolbloggen.se/author/plugglisa/,other,20180216083218,20180216083218,1,20180216083218,http://cwastes.skolbloggen.se:80/author/plugglisa/,200,text/html,https://web.archive.org/web/20180216083218/http://cwastes.skolbloggen.se:80/author/plugglisa/
http://cwastes.skolbloggen.se/category/1900-talsforfattare/,category,20110325020823,20180419232600,10,20180215083310,http://cwastes.skolbloggen.se:80/category/1900-talsforfattare/,200,text/html,https://web.archive.org/web/20180215083310/http://cwastes.skolbloggen.se:80/category/1900-talsforfattare/
http://cwastes.skolbloggen.se/category/diskussionreflektion/,category,20120917233858,20180420130030,7,20180218000423,http://cwastes.skolbloggen.se:80/category/diskussionreflektion/,200,text/html,https://web.archive.org/web/20180218000423/http://cwastes.skolbloggen.se:80/category/diskussionreflektion/
http://cwastes.skolbloggen.se/category/diskutera/,category,20100222035825,20180406003841,11,20180130173726,http://cwastes.skolbloggen.se:80/category/diskutera/,200,text/html,https://web.archive.org/web/20180130173726/http://cwastes.skolbloggen.se:80/category/diskutera/
http://cwastes.skolbloggen.se/category/forbattra-varlden/,category,20120917235306,20180422104855,8,20180220104843,http://cwastes.skolbloggen.se:80/category/forbattra-varlden/,200,text/html,https://web.archive.org/web/20180220104843/http://cwastes.skolbloggen.se:80/category/forbattra-varlden/
http://cwastes.skolbloggen.se/category/gott-och-blandat/,category,20110325021222,20180421005600,9,20180217235148,http://cwastes.skolbloggen.se:80/category/gott-och-blandat/,200,text/html,https://web.archive.org/web/20180217235148/http://cwastes.skolbloggen.se:80/category/gott-och-blandat/
http://cwastes.skolbloggen.se/category/humor/,category,20110316133032,20180421010608,10,20180217235339,http://cwastes.skolbloggen.se:80/category/humor/,200,text/html,https://web.archive.org/web/20180217235339/http://cwastes.skolbloggen.se:80/category/humor/
http://cwastes.skolbloggen.se/category/ikt-verktyg/,category,20100222053215,20180422105815,10,20180220111338,http://cwastes.skolbloggen.se:80/category/ikt-verktyg/,200,text/html,https://web.archive.org/web/20180220111338/http://cwastes.skolbloggen.se:80/category/ikt-verktyg/
http://cwastes.skolbloggen.se/category/instruktion/,category,20100222064258,20180422105626,11,20180220112408,http://cwastes.skolbloggen.se:80/category/instruktion/,200,text/html,https://web.archive.org/web/20180220112408/http://cwastes.skolbloggen.se:80/category/instruktion/
http://cwastes.skolbloggen.se/category/kom-igang-med-skolbloggen-se/,category,20110325020833,20180422104901,9,20180220110839,http://cwastes.skolbloggen.se:80/category/kom-igang-med-skolbloggen-se/,200,text/html,https://web.archive.org/web/20180220110839/http://cwastes.skolbloggen.se:80/category/kom-igang-med-skolbloggen-se/
http://cwastes.skolbloggen.se/category/netikett/,category,20110528010250,20180422105434,8,20180220114513,http://cwastes.skolbloggen.se:80/category/netikett/,200,text/html,https://web.archive.org/web/20180220114513/http://cwastes.skolbloggen.se:80/category/netikett/
http://cwastes.skolbloggen.se/category/okategoriserad/,category,20100222053220,20180420130535,11,20180218000428,http://cwastes.skolbloggen.se:80/category/okategoriserad/,200,text/html,https://web.archive.org/web/20180218000428/http://cwastes.skolbloggen.se:80/category/okategoriserad/
http://cwastes.skolbloggen.se/category/oppna-larresurser/,category,20110325021227,20180421010536,10,20180217235534,http://cwastes.skolbloggen.se:80/category/oppna-larresurser/,200,text/html,https://web.archive.org/web/20180217235534/http://cwastes.skolbloggen.se:80/category/oppna-larresurser/
http://cwastes.skolbloggen.se/category/teater/,category,20120917233908,20180422105917,7,20180220111343,http://cwastes.skolbloggen.se:80/category/teater/,200,text/html,https://web.archive.org/web/20180220111343/http://cwastes.skolbloggen.se:80/category/teater/
http://cwastes.skolbloggen.se/category/tema-genteknik/,category,20140531082234,20180422105644,6,20180220104848,http://cwastes.skolbloggen.se:80/category/tema-genteknik/,200,text/html,https://web.archive.org/web/20180220104848/http://cwastes.skolbloggen.se:80/category/tema-genteknik/
http://cwastes.skolbloggen.se/category/tema-klassiker-romaner/,category,20120917042041,20180422105154,8,20180220113908,http://cwastes.skolbloggen.se:80/category/tema-klassiker-romaner/,200,text/html,https://web.archive.org/web/20180220113908/http://cwastes.skolbloggen.se:80/category/tema-klassiker-romaner/
http://cwastes.skolbloggen.se/category/tema-resor/,category,20120917235316,20180420130442,7,20180218000857,http://cwastes.skolbloggen.se:80/category/tema-resor/,200,text/html,https://web.archive.org/web/20180218000857/http://cwastes.skolbloggen.se:80/category/tema-resor/
http://cwastes.skolbloggen.se/category/tema-sprak/,category,20110325020648,20180309155634,10,20180309155634,http://cwastes.skolbloggen.se:80/category/tema-sprak/,200,text/html,https://web.archive.org/web/20180309155634/http://cwastes.skolbloggen.se:80/category/tema-sprak/
http://cwastes.skolbloggen.se/category/tips/,category,20100222035831,20180422104954,10,20180220112524,http://cwastes.skolbloggen.se:80/category/tips/,200,text/html,https://web.archive.org/web/20180220112524/http://cwastes.skolbloggen.se:80/category/tips/
http://cwastes.skolbloggen.se/category/webbstjarnan/,category,20110320090758,20180422110034,9,20180220111348,http://cwastes.skolbloggen.se:80/category/webbstjarnan/,200,text/html,https://web.archive.org/web/20180220111348/http://cwastes.skolbloggen.se:80/category/webbstjarnan/
http://cwastes.skolbloggen.se/comments/feed/,feed,20100222053225,20180524082925,14,20180217235343,http://cwastes.skolbloggen.se:80/comments/feed/,200,application/rss+xml,https://web.archive.org/web/20180217235343/http://cwastes.skolbloggen.se:80/comments/feed/
http://cwastes.skolbloggen.se/favicon.ico,media,20160620061645,20181201004425,3,20160620061645,http://cwastes.skolbloggen.se/favicon.ico,200,image/x-icon,https://web.archive.org/web/20160620061645/http://cwastes.skolbloggen.se/favicon.ico
http://cwastes.skolbloggen.se/feed/,feed,20100222035836,20180524152654,13,20180217235153,http://cwastes.skolbloggen.se:80/feed/,200,application/rss+xml,https://web.archive.org/web/20180217235153/http://cwastes.skolbloggen.se:80/feed/
http://cwastes.skolbloggen.se/files/2010/08/get-a-brain-bearb-300x224.jpg,media,20100821004435,20100821004435,1,20100821004435,http://cwastes.skolbloggen.se/files/2010/08/get-a-brain-bearb-300x224.jpg,200,image/jpeg,https://web.archive.org/web/20100821004435/http://cwastes.skolbloggen.se/files/2010/08/get-a-brain-bearb-300x224.jpg
http://cwastes.skolbloggen.se/files/2012/06/4745740382_2ab039b41a_m.jpg,media,20160620061437,20190103062013,3,20160620061437,http://cwastes.skolbloggen.se/files/2012/06/4745740382_2ab039b41a_m.jpg,200,image/jpeg,https://web.archive.org/web/20160620061437/http://cwastes.skolbloggen.se/files/2012/06/4745740382_2ab039b41a_m.jpg
http://cwastes.skolbloggen.se/files/2012/06/me-tina-mom-long-ago-R-300x219.jpg,media,20160620061455,20181229165531,3,20160620061455,http://cwastes.skolbloggen.se/files/2012/06/me-tina-mom-long-ago-R-300x219.jpg,200,image/jpeg,https://web.archive.org/web/20160620061455/http://cwastes.skolbloggen.se/files/2012/06/me-tina-mom-long-ago-R-300x219.jpg
http://cwastes.skolbloggen.se/files/2012/06/vap22-300x200.jpg,media,20160620061310,20190104010840,3,20160620061310,http://cwastes.skolbloggen.se/files/2012/06/vap22-300x200.jpg,200,image/jpeg,https://web.archive.org/web/20160620061310/http://cwastes.skolbloggen.se/files/2012/06/vap22-300x200.jpg
http://cwastes.skolbloggen.se/om/,other,20100222063706,20180421005738,11,20180217235539,http://cwastes.skolbloggen.se:80/om/,200,text/html,https://web.archive.org/web/20180217235539/http://cwastes.skolbloggen.se:80/om/
http://cwastes.skolbloggen.se/page/2/,pagination,20100226033350,20130225201332,3,20130225201332,http://cwastes.skolbloggen.se:80/page/2/,200,text/html,https://web.archive.org/web/20130225201332/http://cwastes.skolbloggen.se:80/page/2/
http://cwastes.skolbloggen.se/robots.txt,other,20100821004420,20190104010832,39,20160802174719,http://cwastes.skolbloggen.se/robots.txt,200,text/plain,https://web.archive.org/web/20160802174719/http://cwastes.skolbloggen.se/robots.txt
http://cwastes.skolbloggen.se/tag/affarside/,tag,20100222053230,20180422104503,10,20180220111353,http://cwastes.skolbloggen.se:80/tag/affarside/,200,text/html,https://web.archive.org/web/20180220111353/http://cwastes.skolbloggen.se:80/tag/affarside/
http://cwastes.skolbloggen.se/tag/asa-kronkvist/,tag,20100222063712,20140601095211,5,20140601095211,http://cwastes.skolbloggen.se:80/tag/asa-kronkvist/,200,text/html,https://web.archive.org/web/20140601095211/http://cwastes.skolbloggen.se:80/tag/asa-kronkvist/
http://cwastes.skolbloggen.se/tag/betygskriterier/,tag,20100222063717,20140601002554,6,20140601002554,http://cwastes.skolbloggen.se:80/tag/betygskriterier/,200,text/html,https://web.archive.org/web/20140601002554/http://cwastes.skolbloggen.se:80/tag/betygskriterier/
http://cwastes.skolbloggen.se/tag/bild/,tag,20100222063722,20100223090349,2,20100223090349,http://cwastes.skolbloggen.se:80/tag/bild/,200,text/html,https://web.archive.org/web/20100223090349/http://cwastes.skolbloggen.se:80/tag/bild/
http://cwastes.skolbloggen.se/tag/bildredigering/,tag,20110325020700,20180422104508,9,20180220110241,http://cwastes.skolbloggen.se:80/tag/bildredigering/,200,text/html,https://web.archive.org/web/20180220110241/http://cwastes.skolbloggen.se:80/tag/bildredigering/
http://cwastes.skolbloggen.se/tag/blogg/,tag,20110325020704,20180422105259,9,20180220110844,http://cwastes.skolbloggen.se:80/tag/blogg/,200,text/html,https://web.archive.org/web/20180220110844/http://cwastes.skolbloggen.se:80/tag/blogg/
http://cwastes.skolbloggen.se/tag/blogga/,tag,20100222053236,20180421010748,12,20180217235158,http://cwastes.skolbloggen.se:80/tag/blogga/,200,text/html,https://web.archive.org/web/20180217235158/http://cwastes.skolbloggen.se:80/tag/blogga/
http://cwastes.skolbloggen.se/tag/budskap/,tag,20120918001333,20180420130722,6,20180217235747,http://cwastes.skolbloggen.se:80/tag/budskap/,200,text/html,https://web.archive.org/web/20180217235747/http://cwastes.skolbloggen.se:80/tag/budskap/
http://cwastes.skolbloggen.se/tag/daniel-defoe/,tag,20120918000006,20180405231948,2,20120918000006,http://cwastes.skolbloggen.se:80/tag/daniel-defoe/,200,text/html,https://web.archive.org/web/20120918000006/http://cwastes.skolbloggen.se:80/tag/daniel-defoe/
http://cwastes.skolbloggen.se/tag/den-forsvunne/,tag,20180216091331,20180216091331,1,20180216091331,http://cwastes.skolbloggen.se:80/tag/den-forsvunne/,200,text/html,https://web.archive.org/web/20180216091331/http://cwastes.skolbloggen.se:80/tag/den-forsvunne/
http://cwastes.skolbloggen.se/tag/diskussion/,tag,20100222064303,20180422105002,11,20180220110246,http://cwastes.skolbloggen.se:80/tag/diskussion/,200,text/html,https://web.archive.org/web/20180220110246/http://cwastes.skolbloggen.se:80/tag/diskussion/
http://cwastes.skolbloggen.se/tag/domen/,tag,20180216084433,20180216084433,1,20180216084433,http://cwastes.skolbloggen.se:80/tag/domen/,200,text/html,https://web.archive.org/web/20180216084433/http://cwastes.skolbloggen.se:80/tag/domen/
http://cwastes.skolbloggen.se/tag/dramatiskt-berattande/,tag,20120918001340,20180405233422,2,20120918001340,http://cwastes.skolbloggen.se:80/tag/dramatiskt-berattande/,200,text/html,https://web.archive.org/web/20120918001340/http://cwastes.skolbloggen.se:80/tag/dramatiskt-berattande/
http://cwastes.skolbloggen.se/tag/embryogallring/,tag,20140601005352,20180422104600,6,20180220110345,http://cwastes.skolbloggen.se:80/tag/embryogallring/,200,text/html,https://web.archive.org/web/20180220110345/http://cwastes.skolbloggen.se:80/tag/embryogallring/
http://cwastes.skolbloggen.se/tag/engelska/,tag,20110325020500,20180422105922,9,20180220104853,http://cwastes.skolbloggen.se:80/tag/engelska/,200,text/html,https://web.archive.org/web/20180220104853/http://cwastes.skolbloggen.se:80/tag/engelska/
http://cwastes.skolbloggen.se/tag/episkt-berattande/,tag,20120918001345,20180422104906,6,20180220110252,http://cwastes.skolbloggen.se:80/tag/episkt-berattande/,200,text/html,https://web.archive.org/web/20180220110252/http://cwastes.skolbloggen.se:80/tag/episkt-berattande/
http://cwastes.skolbloggen.se/tag/facebook/,tag,20110325020506,20180422105004,9,20180220110257,http://cwastes.skolbloggen.se:80/tag/facebook/,200,text/html,https://web.archive.org/web/20180220110257/http://cwastes.skolbloggen.se:80/tag/facebook/
http://cwastes.skolbloggen.se/tag/film/,tag,20100222053241,20180422105539,11,20180220110351,http://cwastes.skolbloggen.se:80/tag/film/,200,text/html,https://web.archive.org/web/20180220110351/http://cwastes.skolbloggen.se:80/tag/film/
http://cwastes.skolbloggen.se/tag/forfattare/,tag,20120917042057,20180422104513,8,20180220112430,http://cwastes.skolbloggen.se:80/tag/forfattare/,200,text/html,https://web.archive.org/web/20180220112430/http://cwastes.skolbloggen.se:80/tag/forfattare/
http://cwastes.skolbloggen.se/tag/forvandlingen/,tag,20180216081353,20180216081353,1,20180216081353,http://cwastes.skolbloggen.se:80/tag/forvandlingen/,200,text/html,https://web.archive.org/web/20180216081353/http://cwastes.skolbloggen.se:80/tag/forvandlingen/
http://cwastes.skolbloggen.se/tag/foto/,tag,20110325020710,20180422104801,9,20180220111402,http://cwastes.skolbloggen.se:80/tag/foto/,200,text/html,https://web.archive.org/web/20180220111402/http://cwastes.skolbloggen.se:80/tag/foto/
http://cwastes.skolbloggen.se/tag/framfor-lagen/,tag,20180216085051,20180216085051,1,20180216085051,http://cwastes.skolbloggen.se:80/tag/framfor-lagen/,200,text/html,https://web.archive.org/web/20180216085051/http://cwastes.skolbloggen.se:80/tag/framfor-lagen/
http://cwastes.skolbloggen.se/tag/franz-kafka/,tag,20180216091534,20180216091534,1,20180216091534,http://cwastes.skolbloggen.se:80/tag/franz-kafka/,200,text/html,https://web.archive.org/web/20180216091534/http://cwastes.skolbloggen.se:80/tag/franz-kafka/
http://cwastes.skolbloggen.se/tag/fredag/,tag,20120917235526,20180405232737,2,20120917235526,http://cwastes.skolbloggen.se:80/tag/fredag/,200,text/html,https://web.archive.org/web/20120917235526/http://cwastes.skolbloggen.se:80/tag/fredag/
http://cwastes.skolbloggen.se/tag/genteknik/,tag,20140601095215,20180422104518,6,20180220110302,http://cwastes.skolbloggen.se:80/tag/genteknik/,200,text/html,https://web.archive.org/web/20180220110302/http://cwastes.skolbloggen.se:80/tag/genteknik/
http://cwastes.skolbloggen.se/tag/givmildhet/,tag,20100222053247,20100223090539,2,20100223090539,http://cwastes.skolbloggen.se:80/tag/givmildhet/,200,text/html,https://web.archive.org/web/20100223090539/http://cwastes.skolbloggen.se:80/tag/givmildhet/
http://cwastes.skolbloggen.se/tag/gratis/,tag,20100222053251,20180422104605,10,20180220114304,http://cwastes.skolbloggen.se:80/tag/gratis/,200,text/html,https://web.archive.org/web/20180220114304/http://cwastes.skolbloggen.se:80/tag/gratis/
http://cwastes.skolbloggen.se/tag/hallemar/,tag,20100222053256,20100223090355,2,20100223090355,http://cwastes.skolbloggen.se:80/tag/hallemar/,200,text/html,https://web.archive.org/web/20100223090355/http://cwastes.skolbloggen.se:80/tag/hallemar/
http://cwastes.skolbloggen.se/tag/humor/,tag,20110325021023,20180420125105,9,20180217235752,http://cwastes.skolbloggen.se:80/tag/humor/,200,text/html,https://web.archive.org/web/20180217235752/http://cwastes.skolbloggen.se:80/tag/humor/
http://cwastes.skolbloggen.se/tag/hur-gora/,tag,20100222064308,20100223085911,2,20100223085911,http://cwastes.skolbloggen.se:80/tag/hur-gora/,200,text/html,https://web.archive.org/web/20100223085911/http://cwastes.skolbloggen.se:80/tag/hur-gora/
http://cwastes.skolbloggen.se/tag/ikt/,tag,20110325015115,20180420125453,9,20180218000901,http://cwastes.skolbloggen.se:80/tag/ikt/,200,text/html,https://web.archive.org/web/20180218000901/http://cwastes.skolbloggen.se:80/tag/ikt/
http://cwastes.skolbloggen.se/tag/inlagg/,tag,20100222064313,20180422105707,11,20180220112140,http://cwastes.skolbloggen.se:80/tag/inlagg/,200,text/html,https://web.archive.org/web/20180220112140/http://cwastes.skolbloggen.se:80/tag/inlagg/
http://cwastes.skolbloggen.se/tag/instruktion/,tag,20110325021654,20180421005806,10,20180217235544,http://cwastes.skolbloggen.se:80/tag/instruktion/,200,text/html,https://web.archive.org/web/20180217235544/http://cwastes.skolbloggen.se:80/tag/instruktion/
http://cwastes.skolbloggen.se/tag/instruktionsfilm/,tag,20100222064318,20140601002624,6,20140601002624,http://cwastes.skolbloggen.se:80/tag/instruktionsfilm/,200,text/html,https://web.archive.org/web/20140601002624/http://cwastes.skolbloggen.se:80/tag/instruktionsfilm/
http://cwastes.skolbloggen.se/tag/internet/,tag,20100222053301,20180420130508,10,20180217235759,http://cwastes.skolbloggen.se:80/tag/internet/,200,text/html,https://web.archive.org/web/20180217235759/http://cwastes.skolbloggen.se:80/tag/internet/
http://cwastes.skolbloggen.se/tag/kannibalism/,tag,20120917235536,20180405232505,2,20120917235536,http://cwastes.skolbloggen.se:80/tag/kannibalism/,200,text/html,https://web.archive.org/web/20120917235536/http://cwastes.skolbloggen.se:80/tag/kannibalism/
http://cwastes.skolbloggen.se/tag/klassiker/,tag,20120917235738,20180405225130,2,20120917235738,http://cwastes.skolbloggen.se:80/tag/klassiker/,200,text/html,https://web.archive.org/web/20120917235738/http://cwastes.skolbloggen.se:80/tag/klassiker/
http://cwastes.skolbloggen.se/tag/klotterplank/,tag,20100222053306,20100223091001,2,20100223091001,http://cwastes.skolbloggen.se:80/tag/klotterplank/,200,text/html,https://web.archive.org/web/20100223091001/http://cwastes.skolbloggen.se:80/tag/klotterplank/
http://cwastes.skolbloggen.se/tag/kollektivtrafik/,tag,20110325021340,20180420130540,9,20180218000910,http://cwastes.skolbloggen.se:80/tag/kollektivtrafik/,200,text/html,https://web.archive.org/web/20180218000910/http://cwastes.skolbloggen.se:80/tag/kollektivtrafik/
http://cwastes.skolbloggen.se/tag/kommentarer/,tag,20100222053311,20180422105159,11,20180220111407,http://cwastes.skolbloggen.se:80/tag/kommentarer/,200,text/html,https://web.archive.org/web/20180220111407/http://cwastes.skolbloggen.se:80/tag/kommentarer/
http://cwastes.skolbloggen.se/tag/kunskap/,tag,20100222063727,20180420125326,10,20180218000317,http://cwastes.skolbloggen.se:80/tag/kunskap/,200,text/html,https://web.archive.org/web/20180218000317/http://cwastes.skolbloggen.se:80/tag/kunskap/
http://cwastes.skolbloggen.se/tag/kunskapssyn/,tag,20100222063732,20180422105712,10,20180220104858,http://cwastes.skolbloggen.se:80/tag/kunskapssyn/,200,text/html,https://web.archive.org/web/20180220104858/http://cwastes.skolbloggen.se:80/tag/kunskapssyn/
http://cwastes.skolbloggen.se/tag/kursplan/,tag,20100222063737,20140601095220,5,20140601095220,http://cwastes.skolbloggen.se:80/tag/kursplan/,200,text/html,https://web.archive.org/web/20140601095220/http://cwastes.skolbloggen.se:80/tag/kursplan/
http://cwastes.skolbloggen.se/tag/lexikon/feed,tag,20140306091942,20140306091942,1,20140306091942,http://cwastes.skolbloggen.se:80/tag/lexikon/feed,301,text/html,https://web.archive.org/web/20140306091942/http://cwastes.skolbloggen.se:80/tag/lexikon/feed
http://cwastes.skolbloggen.se/tag/lexikon/feed/,tag,20140306091942,20140306091942,1,20140306091942,http://cwastes.skolbloggen.se:80/tag/lexikon/feed/,200,text/xml,https://web.archive.org/web/20140306091942/http://cwastes.skolbloggen.se:80/tag/lexikon/feed/
http://cwastes.skolbloggen.se/tag/livslangt-larande/,tag,20100222064323,20180422105717,11,20180220110355,http://cwastes.skolbloggen.se:80/tag/livslangt-larande/,200,text/html,https://web.archive.org/web/20180220110355/http://cwastes.skolbloggen.se:80/tag/livslangt-larande/
http://cwastes.skolbloggen.se/tag/ljud/,tag,20100222063742,20100223091016,2,20100223091016,http://cwastes.skolbloggen.se:80/tag/ljud/,200,text/html,https://web.archive.org/web/20100223091016/http://cwastes.skolbloggen.se:80/tag/ljud/
http://cwastes.skolbloggen.se/tag/louise/,tag,20110325021732,20180422104911,8,20180220110850,http://cwastes.skolbloggen.se:80/tag/louise/,200,text/html,https://web.archive.org/web/20180220110850/http://cwastes.skolbloggen.se:80/tag/louise/
http://cwastes.skolbloggen.se/tag/matematik/,tag,20110325021033,20180422105108,9,20180220114520,http://cwastes.skolbloggen.se:80/tag/matematik/,200,text/html,https://web.archive.org/web/20180220114520/http://cwastes.skolbloggen.se:80/tag/matematik/
http://cwastes.skolbloggen.se/tag/max-brod/,tag,20180216093249,20180216093249,1,20180216093249,http://cwastes.skolbloggen.se:80/tag/max-brod/,200,text/html,https://web.archive.org/web/20180216093249/http://cwastes.skolbloggen.se:80/tag/max-brod/
http://cwastes.skolbloggen.se/tag/media/,tag,20100222063748,20100223091022,2,20100223091022,http://cwastes.skolbloggen.se:80/tag/media/,200,text/html,https://web.archive.org/web/20100223091022/http://cwastes.skolbloggen.se:80/tag/media/
http://cwastes.skolbloggen.se/tag/miljodebatt/,tag,20100222053316,20100223090549,2,20100223090549,http://cwastes.skolbloggen.se:80/tag/miljodebatt/,200,text/html,https://web.archive.org/web/20100223090549/http://cwastes.skolbloggen.se:80/tag/miljodebatt/
http://cwastes.skolbloggen.se/tag/naturvetenskapsprogrammet/,tag,20100222064328,20100223085927,2,20100223085927,http://cwastes.skolbloggen.se:80/tag/naturvetenskapsprogrammet/,200,text/html,https://web.archive.org/web/20100223085927/http://cwastes.skolbloggen.se:80/tag/naturvetenskapsprogrammet/
http://cwastes.skolbloggen.se/tag/nv08/,tag,20100222064333,20100223085932,2,20100223085932,http://cwastes.skolbloggen.se:80/tag/nv08/,200,text/html,https://web.archive.org/web/20100223085932/http://cwastes.skolbloggen.se:80/tag/nv08/
http://cwastes.skolbloggen.se/tag/ode-o/,tag,20120917233720,20180405233618,2,20120917233720,http://cwastes.skolbloggen.se:80/tag/ode-o/,200,text/html,https://web.archive.org/web/20120917233720/http://cwastes.skolbloggen.se:80/tag/ode-o/
http://cwastes.skolbloggen.se/tag/onlinespel/,tag,20110325021248,20180422105927,9,20180220110401,http://cwastes.skolbloggen.se:80/tag/onlinespel/,200,text/html,https://web.archive.org/web/20180220110401/http://cwastes.skolbloggen.se:80/tag/onlinespel/
http://cwastes.skolbloggen.se/tag/politik/,tag,20110325021038,20180420130852,11,20180218000434,http://cwastes.skolbloggen.se:80/tag/politik/,200,text/html,https://web.archive.org/web/20180218000434/http://cwastes.skolbloggen.se:80/tag/politik/
http://cwastes.skolbloggen.se/tag/processen/,tag,20180216093254,20180216093254,1,20180216093254,http://cwastes.skolbloggen.se:80/tag/processen/,200,text/html,https://web.archive.org/web/20180216093254/http://cwastes.skolbloggen.se:80/tag/processen/
http://cwastes.skolbloggen.se/tag/program/,tag,20100222053321,20100223090410,2,20100223090410,http://cwastes.skolbloggen.se:80/tag/program/,200,text/html,https://web.archive.org/web/20100223090410/http://cwastes.skolbloggen.se:80/tag/program/
http://cwastes.skolbloggen.se/tag/programmal/,tag,20100222064339,20100223085937,2,20100223085937,http://cwastes.skolbloggen.se:80/tag/programmal/,200,text/html,https://web.archive.org/web/20100223085937/http://cwastes.skolbloggen.se:80/tag/programmal/
http://cwastes.skolbloggen.se/tag/redigera/,tag,20100222063753,20100223091027,2,20100223091027,http://cwastes.skolbloggen.se:80/tag/redigera/,200,text/html,https://web.archive.org/web/20100223091027/http://cwastes.skolbloggen.se:80/tag/redigera/
http://cwastes.skolbloggen.se/tag/robinson-crusoe/,tag,20120917234033,20180406003950,2,20120917234033,http://cwastes.skolbloggen.se:80/tag/robinson-crusoe/,200,text/html,https://web.archive.org/web/20120917234033/http://cwastes.skolbloggen.se:80/tag/robinson-crusoe/
http://cwastes.skolbloggen.se/tag/roman/,tag,20120917235800,20180405232037,2,20120917235800,http://cwastes.skolbloggen.se:80/tag/roman/,200,text/html,https://web.archive.org/web/20120917235800/http://cwastes.skolbloggen.se:80/tag/roman/
http://cwastes.skolbloggen.se/tag/rubriker/,tag,20100222064344,20100223085942,2,20100223085942,http://cwastes.skolbloggen.se:80/tag/rubriker/,200,text/html,https://web.archive.org/web/20100223085942/http://cwastes.skolbloggen.se:80/tag/rubriker/
http://cwastes.skolbloggen.se/tag/skola/,tag,20110325021044,20180422105009,10,20180220112145,http://cwastes.skolbloggen.se:80/tag/skola/,200,text/html,https://web.archive.org/web/20180220112145/http://cwastes.skolbloggen.se:80/tag/skola/
http://cwastes.skolbloggen.se/tag/skolbloggen-se/,tag,20110325021351,20180422110039,8,20180220114526,http://cwastes.skolbloggen.se:80/tag/skolbloggen-se/,200,text/html,https://web.archive.org/web/20180220114526/http://cwastes.skolbloggen.se:80/tag/skolbloggen-se/
http://cwastes.skolbloggen.se/tag/skonlitteratur/,tag,20100222063758,20180421010926,12,20180217235550,http://cwastes.skolbloggen.se:80/tag/skonlitteratur/,200,text/html,https://web.archive.org/web/20180217235550/http://cwastes.skolbloggen.se:80/tag/skonlitteratur/
http://cwastes.skolbloggen.se/tag/skrivarskola/,tag,20110325021050,20180420125747,9,20180217235646,http://cwastes.skolbloggen.se:80/tag/skrivarskola/,200,text/html,https://web.archive.org/web/20180217235646/http://cwastes.skolbloggen.se:80/tag/skrivarskola/
http://cwastes.skolbloggen.se/tag/sociala-medier/,tag,20110325021252,20180422105014,9,20180220110406,http://cwastes.skolbloggen.se:80/tag/sociala-medier/,200,text/html,https://web.archive.org/web/20180220110406/http://cwastes.skolbloggen.se:80/tag/sociala-medier/
http://cwastes.skolbloggen.se/tag/spel/,tag,20110325015129,20180422104807,9,20180220110416,http://cwastes.skolbloggen.se:80/tag/spel/,200,text/html,https://web.archive.org/web/20180220110416/http://cwastes.skolbloggen.se:80/tag/spel/
http://cwastes.skolbloggen.se/tag/sprak/,tag,20110325021054,20180422110044,9,20180220113458,http://cwastes.skolbloggen.se:80/tag/sprak/,200,text/html,https://web.archive.org/web/20180220113458/http://cwastes.skolbloggen.se:80/tag/sprak/
http://cwastes.skolbloggen.se/tag/studier/,tag,20110325021356,20180422105019,9,20180220114309,http://cwastes.skolbloggen.se:80/tag/studier/,200,text/html,https://web.archive.org/web/20180220114309/http://cwastes.skolbloggen.se:80/tag/studier/
http://cwastes.skolbloggen.se/tag/svenska-b/,tag,20100222064350,20140601003212,5,20140601003212,http://cwastes.skolbloggen.se:80/tag/svenska-b/,200,text/html,https://web.archive.org/web/20140601003212/http://cwastes.skolbloggen.se:80/tag/svenska-b/
http://cwastes.skolbloggen.se/tag/svenska/,tag,20110325021059,20180421011002,9,20180217235203,http://cwastes.skolbloggen.se:80/tag/svenska/,200,text/html,https://web.archive.org/web/20180217235203/http://cwastes.skolbloggen.se:80/tag/svenska/
http://cwastes.skolbloggen.se/tag/tema/,tag,20100222063803,20100223091032,2,20100223091032,http://cwastes.skolbloggen.se:80/tag/tema/,200,text/html,https://web.archive.org/web/20100223091032/http://cwastes.skolbloggen.se:80/tag/tema/
http://cwastes.skolbloggen.se/tag/tips/,tag,20100222064011,20180421010509,11,20180217235208,http://cwastes.skolbloggen.se:80/tag/tips/,200,text/html,https://web.archive.org/web/20180217235208/http://cwastes.skolbloggen.se:80/tag/tips/
http://cwastes.skolbloggen.se/tag/troll/,tag,20100222053326,20100223091042,2,20100223091042,http://cwastes.skolbloggen.se:80/tag/troll/,200,text/html,https://web.archive.org/web/20100223091042/http://cwastes.skolbloggen.se:80/tag/troll/
http://cwastes.skolbloggen.se/tag/twitter/,tag,20110325021301,20180421010900,10,20180217235555,http://cwastes.skolbloggen.se:80/tag/twitter/,200,text/html,https://web.archive.org/web/20180217235555/http://cwastes.skolbloggen.se:80/tag/twitter/
http://cwastes.skolbloggen.se/tag/upplysningstiden/,tag,20120918000501,20180421011031,7,20180217235348,http://cwastes.skolbloggen.se:80/tag/upplysningstiden/,200,text/html,https://web.archive.org/web/20180217235348/http://cwastes.skolbloggen.se:80/tag/upplysningstiden/
http://cwastes.skolbloggen.se/tag/utbildning/,tag,20110325021110,20180420125338,9,20180218000318,http://cwastes.skolbloggen.se:80/tag/utbildning/,200,text/html,https://web.archive.org/web/20180218000318/http://cwastes.skolbloggen.se:80/tag/utbildning/
http://cwastes.skolbloggen.se/tag/utseende/,tag,20100222064016,20100223090420,2,20100223090420,http://cwastes.skolbloggen.se:80/tag/utseende/,200,text/html,https://web.archive.org/web/20100223090420/http://cwastes.skolbloggen.se:80/tag/utseende/
http://cwastes.skolbloggen.se/tag/visualisering/,tag,20100222065305,20110528004843,4,20110528004843,http://cwastes.skolbloggen.se:80/tag/visualisering/,200,text/html,https://web.archive.org/web/20110528004843/http://cwastes.skolbloggen.se:80/tag/visualisering/
http://cwastes.skolbloggen.se/tag/voddler/,tag,20100222053332,20100223085957,2,20100223085957,http://cwastes.skolbloggen.se:80/tag/voddler/,200,text/html,https://web.archive.org/web/20100223085957/http://cwastes.skolbloggen.se:80/tag/voddler/
http://cwastes.skolbloggen.se/tag/webbsida/,tag,20100222053338,20100223090002,2,20100223090002,http://cwastes.skolbloggen.se:80/tag/webbsida/,200,text/html,https://web.archive.org/web/20100223090002/http://cwastes.skolbloggen.se:80/tag/webbsida/
http://cwastes.skolbloggen.se/tag/wordle/,tag,20100222064021,20180420130341,10,20180217235651,http://cwastes.skolbloggen.se:80/tag/wordle/,200,text/html,https://web.archive.org/web/20180217235651/http://cwastes.skolbloggen.se:80/tag/wordle/
http://cwastes.skolbloggen.se/tag/youtube-klipp/,tag,20110325021114,20180422104611,9,20180220114150,http://cwastes.skolbloggen.se:80/tag/youtube-klipp/,200,text/html,https://web.archive.org/web/20180220114150/http://cwastes.skolbloggen.se:80/tag/youtube-klipp/
http://cwastes.skolbloggen.se/tag/youtube/,tag,20100222065310,20180421010541,12,20180217235213,http://cwastes.skolbloggen.se:80/tag/youtube/,200,text/html,https://web.archive.org/web/20180217235213/http://cwastes.skolbloggen.se:80/tag/youtube/
http://cwastes.skolbloggen.se/wp-admin/admin-ajax.php,other,20140601095237,20140601095237,1,20140601095237,http://cwastes.skolbloggen.se:80/wp-admin/admin-ajax.php,200,text/html,https://web.archive.org/web/20140601095237/http://cwastes.skolbloggen.se:80/wp-admin/admin-ajax.php
http://cwastes.skolbloggen.se/wp-comments-post.php,other,20100222103237,20140601003218,4,20140601003218,http://cwastes.skolbloggen.se:80/wp-comments-post.php,405,text/plain,https://web.archive.org/web/20140601003218/http://cwastes.skolbloggen.se:80/wp-comments-post.php
http://cwastes.skolbloggen.se/wp-content/mu-plugins/anarchy_media/anarchy_media_player.php?anarchy.js,other,20100222065316,20110528005828,5,20110528005828,http://cwastes.skolbloggen.se:80/wp-content/mu-plugins/anarchy_media/anarchy_media_player.php?anarchy.js,200,text/javascript,https://web.archive.org/web/20110528005828/http://cwastes.skolbloggen.se:80/wp-content/mu-plugins/anarchy_media/anarchy_media_player.php?anarchy.js
http://cwastes.skolbloggen.se/wp-content/mu-plugins/wp-recaptcha/recaptcha.css,other,20100824213203,20100824213203,1,20100824213203,http://cwastes.skolbloggen.se/wp-content/mu-plugins/wp-recaptcha/recaptcha.css,200,text/css,https://web.archive.org/web/20100824213203/http://cwastes.skolbloggen.se/wp-content/mu-plugins/wp-recaptcha/recaptcha.css
http://cwastes.skolbloggen.se/wp-content/plugins/admin-bar-login/admin-bar-login.css?ver=1.0.1,other,20180523173129,20180523173129,1,20180523173129,http://cwastes.skolbloggen.se/wp-content/plugins/admin-bar-login/admin-bar-login.css?ver=1.0.1,301,text/html,https://web.archive.org/web/20180523173129/http://cwastes.skolbloggen.se/wp-content/plugins/admin-bar-login/admin-bar-login.css?ver=1.0.1
http://cwastes.skolbloggen.se/wp-content/plugins/admin-bar-login/admin-bar-login.css?ver=761af2ca77b52d7047b2224a7b120f13,other,20160620061535,20160620061535,1,20160620061535,http://cwastes.skolbloggen.se/wp-content/plugins/admin-bar-login/admin-bar-login.css?ver=761af2ca77b52d7047b2224a7b120f13,200,text/css,https://web.archive.org/web/20160620061535/http://cwastes.skolbloggen.se/wp-content/plugins/admin-bar-login/admin-bar-login.css?ver=761af2ca77b52d7047b2224a7b120f13
http://cwastes.skolbloggen.se/wp-content/plugins/buddypress/bp-core/css/buddybar.min.css?ver=761af2ca77b52d7047b2224a7b120f13,other,20160620000432,20160620000432,1,20160620000432,http://cwastes.skolbloggen.se/wp-content/plugins/buddypress/bp-core/css/buddybar.min.css?ver=761af2ca77b52d7047b2224a7b120f13,200,text/css,https://web.archive.org/web/20160620000432/http://cwastes.skolbloggen.se/wp-content/plugins/buddypress/bp-core/css/buddybar.min.css?ver=761af2ca77b52d7047b2224a7b120f13
http://cwastes.skolbloggen.se/wp-content/plugins/buddypress/bp-core/images/60pc_black.png,media,20160802174855,20160802174855,1,20160802174855,http://cwastes.skolbloggen.se/wp-content/plugins/buddypress/bp-core/images/60pc_black.png,200,image/png,https://web.archive.org/web/20160802174855/http://cwastes.skolbloggen.se/wp-content/plugins/buddypress/bp-core/images/60pc_black.png
http://cwastes.skolbloggen.se/wp-content/plugins/buddypress/bp-core/images/admin-menu-arrow.gif,media,20160802174723,20160802174723,1,20160802174723,http://cwastes.skolbloggen.se/wp-content/plugins/buddypress/bp-core/images/admin-menu-arrow.gif,200,image/gif,https://web.archive.org/web/20160802174723/http://cwastes.skolbloggen.se/wp-content/plugins/buddypress/bp-core/images/admin-menu-arrow.gif
http://cwastes.skolbloggen.se/wp-content/plugins/buddypress/bp-core/js/confirm.min.js?ver=761af2ca77b52d7047b2224a7b120f13,other,20160620061527,20160620061527,1,20160620061527,http://cwastes.skolbloggen.se/wp-content/plugins/buddypress/bp-core/js/confirm.min.js?ver=761af2ca77b52d7047b2224a7b120f13,200,application/javascript,https://web.archive.org/web/20160620061527/http://cwastes.skolbloggen.se/wp-content/plugins/buddypress/bp-core/js/confirm.min.js?ver=761af2ca77b52d7047b2224a7b120f13
http://cwastes.skolbloggen.se/wp-content/plugins/buddypress/bp-core/js/jquery-cookie.min.js?ver=761af2ca77b52d7047b2224a7b120f13,other,20160620061314,20160620061314,1,20160620061314,http://cwastes.skolbloggen.se/wp-content/plugins/buddypress/bp-core/js/jquery-cookie.min.js?ver=761af2ca77b52d7047b2224a7b120f13,200,application/javascript,https://web.archive.org/web/20160620061314/http://cwastes.skolbloggen.se/wp-content/plugins/buddypress/bp-core/js/jquery-cookie.min.js?ver=761af2ca77b52d7047b2224a7b120f13
http://cwastes.skolbloggen.se/wp-content/plugins/buddypress/bp-core/js/jquery-query.min.js?ver=761af2ca77b52d7047b2224a7b120f13,other,20160620061337,20160620061337,1,20160620061337,http://cwastes.skolbloggen.se/wp-content/plugins/buddypress/bp-core/js/jquery-query.min.js?ver=761af2ca77b52d7047b2224a7b120f13,200,application/javascript,https://web.archive.org/web/20160620061337/http://cwastes.skolbloggen.se/wp-content/plugins/buddypress/bp-core/js/jquery-query.min.js?ver=761af2ca77b52d7047b2224a7b120f13
http://cwastes.skolbloggen.se/wp-content/plugins/buddypress/bp-core/js/jquery-scroll-to.min.js?ver=761af2ca77b52d7047b2224a7b120f13,other,20160620061540,20160620061540,1,20160620061540,http://cwastes.skolbloggen.se/wp-content/plugins/buddypress/bp-core/js/jquery-scroll-to.min.js?ver=761af2ca77b52d7047b2224a7b120f13,200,application/javascript,https://web.archive.org/web/20160620061540/http://cwastes.skolbloggen.se/wp-content/plugins/buddypress/bp-core/js/jquery-scroll-to.min.js?ver=761af2ca77b52d7047b2224a7b120f13
http://cwastes.skolbloggen.se/wp-content/plugins/buddypress/bp-core/js/widget-members.min.js?ver=761af2ca77b52d7047b2224a7b120f13,other,20160620061641,20160620061641,1,20160620061641,http://cwastes.skolbloggen.se/wp-content/plugins/buddypress/bp-core/js/widget-members.min.js?ver=761af2ca77b52d7047b2224a7b120f13,200,application/javascript,https://web.archive.org/web/20160620061641/http://cwastes.skolbloggen.se/wp-content/plugins/buddypress/bp-core/js/widget-members.min.js?ver=761af2ca77b52d7047b2224a7b120f13
http://cwastes.skolbloggen.se/wp-content/plugins/buddypress/bp-templates/bp-legacy/css/buddypress.min.css?ver=761af2ca77b52d7047b2224a7b120f13,other,20160620061610,20160620061610,1,20160620061610,http://cwastes.skolbloggen.se/wp-content/plugins/buddypress/bp-templates/bp-legacy/css/buddypress.min.css?ver=761af2ca77b52d7047b2224a7b120f13,200,text/css,https://web.archive.org/web/20160620061610/http://cwastes.skolbloggen.se/wp-content/plugins/buddypress/bp-templates/bp-legacy/css/buddypress.min.css?ver=761af2ca77b52d7047b2224a7b120f13
http://cwastes.skolbloggen.se/wp-content/plugins/buddypress/bp-templates/bp-legacy/js/buddypress.min.js?ver=761af2ca77b52d7047b2224a7b120f13,other,20160620061331,20160620061331,1,20160620061331,http://cwastes.skolbloggen.se/wp-content/plugins/buddypress/bp-templates/bp-legacy/js/buddypress.min.js?ver=761af2ca77b52d7047b2224a7b120f13,200,application/javascript,https://web.archive.org/web/20160620061331/http://cwastes.skolbloggen.se/wp-content/plugins/buddypress/bp-templates/bp-legacy/js/buddypress.min.js?ver=761af2ca77b52d7047b2224a7b120f13
http://cwastes.skolbloggen.se/wp-content/plugins/buddypress/bp-themes/bp-default/_inc/css/adminbar.css?ver=2.9.2,other,20100824213110,20100824213110,1,20100824213110,http://cwastes.skolbloggen.se/wp-content/plugins/buddypress/bp-themes/bp-default/_inc/css/adminbar.css?ver=2.9.2,200,text/css,https://web.archive.org/web/20100824213110/http://cwastes.skolbloggen.se/wp-content/plugins/buddypress/bp-themes/bp-default/_inc/css/adminbar.css?ver=2.9.2
http://cwastes.skolbloggen.se/wp-content/plugins/pro-sites/pro-sites-files/js/tax.js?ver=761af2ca77b52d7047b2224a7b120f13,other,20160620061518,20160620061518,1,20160620061518,http://cwastes.skolbloggen.se/wp-content/plugins/pro-sites/pro-sites-files/js/tax.js?ver=761af2ca77b52d7047b2224a7b120f13,200,application/javascript,https://web.archive.org/web/20160620061518/http://cwastes.skolbloggen.se/wp-content/plugins/pro-sites/pro-sites-files/js/tax.js?ver=761af2ca77b52d7047b2224a7b120f13
http://cwastes.skolbloggen.se/wp-content/themes/thematic.0.9/thematic/library/layouts/2c-r-fixed.css,other,20160803160659,20160803160659,1,20160803160659,http://cwastes.skolbloggen.se/wp-content/themes/thematic.0.9/thematic/library/layouts/2c-r-fixed.css,200,text/css,https://web.archive.org/web/20160803160659/http://cwastes.skolbloggen.se/wp-content/themes/thematic.0.9/thematic/library/layouts/2c-r-fixed.css
http://cwastes.skolbloggen.se/wp-content/themes/thematic.0.9/thematic/library/scripts/hoverIntent.js,other,20100824213223,20180524164444,3,20160620061633,http://cwastes.skolbloggen.se/wp-content/themes/thematic.0.9/thematic/library/scripts/hoverIntent.js,200,application/javascript,https://web.archive.org/web/20160620061633/http://cwastes.skolbloggen.se/wp-content/themes/thematic.0.9/thematic/library/scripts/hoverIntent.js
http://cwastes.skolbloggen.se/wp-content/themes/thematic.0.9/thematic/library/scripts/superfish.js,other,20100824213234,20180524070802,3,20160620061505,http://cwastes.skolbloggen.se/wp-content/themes/thematic.0.9/thematic/library/scripts/superfish.js,200,application/javascript,https://web.archive.org/web/20160620061505/http://cwastes.skolbloggen.se/wp-content/themes/thematic.0.9/thematic/library/scripts/superfish.js
http://cwastes.skolbloggen.se/wp-content/themes/thematic.0.9/thematic/library/scripts/supersubs.js,other,20100824213246,20180523192251,3,20160620061317,http://cwastes.skolbloggen.se/wp-content/themes/thematic.0.9/thematic/library/scripts/supersubs.js,200,application/javascript,https://web.archive.org/web/20160620061317/http://cwastes.skolbloggen.se/wp-content/themes/thematic.0.9/thematic/library/scripts/supersubs.js
http://cwastes.skolbloggen.se/wp-content/themes/thematic.0.9/thematic/library/scripts/thematic-dropdowns.js,other,20100824213258,20180524053953,3,20160620061459,http://cwastes.skolbloggen.se/wp-content/themes/thematic.0.9/thematic/library/scripts/thematic-dropdowns.js,200,application/javascript,https://web.archive.org/web/20160620061459/http://cwastes.skolbloggen.se/wp-content/themes/thematic.0.9/thematic/library/scripts/thematic-dropdowns.js
http://cwastes.skolbloggen.se/wp-content/themes/thematic.0.9/thematic/library/styles/default.css,other,20160803160312,20160803160312,1,20160803160312,http://cwastes.skolbloggen.se/wp-content/themes/thematic.0.9/thematic/library/styles/default.css,200,text/css,https://web.archive.org/web/20160803160312/http://cwastes.skolbloggen.se/wp-content/themes/thematic.0.9/thematic/library/styles/default.css
http://cwastes.skolbloggen.se/wp-content/themes/thematic.0.9/thematic/library/styles/plugins.css,other,20160803155818,20160803155818,1,20160803155818,http://cwastes.skolbloggen.se/wp-content/themes/thematic.0.9/thematic/library/styles/plugins.css,200,text/css,https://web.archive.org/web/20160803155818/http://cwastes.skolbloggen.se/wp-content/themes/thematic.0.9/thematic/library/styles/plugins.css
http://cwastes.skolbloggen.se/wp-content/themes/thematic.0.9/thematic/library/styles/reset.css,other,20160803160518,20160803160518,1,20160803160518,http://cwastes.skolbloggen.se/wp-content/themes/thematic.0.9/thematic/library/styles/reset.css,200,text/css,https://web.archive.org/web/20160803160518/http://cwastes.skolbloggen.se/wp-content/themes/thematic.0.9/thematic/library/styles/reset.css
http://cwastes.skolbloggen.se/wp-content/themes/thematic.0.9/thematic/library/styles/typography.css,other,20160803160035,20160803160035,1,20160803160035,http://cwastes.skolbloggen.se/wp-content/themes/thematic.0.9/thematic/library/styles/typography.css,200,text/css,https://web.archive.org/web/20160803160035/http://cwastes.skolbloggen.se/wp-content/themes/thematic.0.9/thematic/library/styles/typography.css
http://cwastes.skolbloggen.se/wp-content/themes/thematic.0.9/thematic/style.css,other,20100824213021,20180524001339,3,20160620061346,http://cwastes.skolbloggen.se/wp-content/themes/thematic.0.9/thematic/style.css,200,text/css,https://web.archive.org/web/20160620061346/http://cwastes.skolbloggen.se/wp-content/themes/thematic.0.9/thematic/style.css
http://cwastes.skolbloggen.se/wp-includes/css/admin-bar.min.css?ver=63a1754c5b1d2ffcae81f9988ee0db8c,other,20180524005120,20180524005120,1,20180524005120,http://cwastes.skolbloggen.se/wp-includes/css/admin-bar.min.css?ver=63a1754c5b1d2ffcae81f9988ee0db8c,301,text/html,https://web.archive.org/web/20180524005120/http://cwastes.skolbloggen.se/wp-includes/css/admin-bar.min.css?ver=63a1754c5b1d2ffcae81f9988ee0db8c
http://cwastes.skolbloggen.se/wp-includes/css/admin-bar.min.css?ver=761af2ca77b52d7047b2224a7b120f13,other,20160620061327,20160620061327,1,20160620061327,http://cwastes.skolbloggen.se/wp-includes/css/admin-bar.min.css?ver=761af2ca77b52d7047b2224a7b120f13,200,text/css,https://web.archive.org/web/20160620061327/http://cwastes.skolbloggen.se/wp-includes/css/admin-bar.min.css?ver=761af2ca77b52d7047b2224a7b120f13
http://cwastes.skolbloggen.se/wp-includes/css/dashicons.min.css?ver=63a1754c5b1d2ffcae81f9988ee0db8c,other,20180523195617,20180523195617,1,20180523195617,http://cwastes.skolbloggen.se/wp-includes/css/dashicons.min.css?ver=63a1754c5b1d2ffcae81f9988ee0db8c,301,text/html,https://web.archive.org/web/20180523195617/http://cwastes.skolbloggen.se/wp-includes/css/dashicons.min.css?ver=63a1754c5b1d2ffcae81f9988ee0db8c
http://cwastes.skolbloggen.se/wp-includes/js/admin-bar.min.js?ver=63a1754c5b1d2ffcae81f9988ee0db8c,other,20180524025800,20180524025800,1,20180524025800,http://cwastes.skolbloggen.se/wp-includes/js/admin-bar.min.js?ver=63a1754c5b1d2ffcae81f9988ee0db8c,301,text/html,https://web.archive.org/web/20180524025800/http://cwastes.skolbloggen.se/wp-includes/js/admin-bar.min.js?ver=63a1754c5b1d2ffcae81f9988ee0db8c
http://cwastes.skolbloggen.se/wp-includes/js/admin-bar.min.js?ver=761af2ca77b52d7047b2224a7b120f13,other,20160620061342,20160620061342,1,20160620061342,http://cwastes.skolbloggen.se/wp-includes/js/admin-bar.min.js?ver=761af2ca77b52d7047b2224a7b120f13,200,application/javascript,https://web.archive.org/web/20160620061342/http://cwastes.skolbloggen.se/wp-includes/js/admin-bar.min.js?ver=761af2ca77b52d7047b2224a7b120f13
http://cwastes.skolbloggen.se/wp-includes/js/jquery/jquery-migrate.min.js?ver=1.4.1,other,20180524154559,20180524154559,1,20180524154559,http://cwastes.skolbloggen.se/wp-includes/js/jquery/jquery-migrate.min.js?ver=1.4.1,301,text/html,https://web.archive.org/web/20180524154559/http://cwastes.skolbloggen.se/wp-includes/js/jquery/jquery-migrate.min.js?ver=1.4.1
http://cwastes.skolbloggen.se/wp-includes/js/jquery/jquery-migrate.min.js?ver=761af2ca77b52d7047b2224a7b120f13,other,20160620061305,20160620061305,1,20160620061305,http://cwastes.skolbloggen.se/wp-includes/js/jquery/jquery-migrate.min.js?ver=761af2ca77b52d7047b2224a7b120f13,200,application/javascript,https://web.archive.org/web/20160620061305/http://cwastes.skolbloggen.se/wp-includes/js/jquery/jquery-migrate.min.js?ver=761af2ca77b52d7047b2224a7b120f13
http://cwastes.skolbloggen.se/wp-includes/js/jquery/jquery.js?ver=1.12.4,other,20180523210530,20180523210530,1,20180523210530,http://cwastes.skolbloggen.se/wp-includes/js/jquery/jquery.js?ver=1.12.4,301,text/html,https://web.archive.org/web/20180523210530/http://cwastes.skolbloggen.se/wp-includes/js/jquery/jquery.js?ver=1.12.4
http://cwastes.skolbloggen.se/wp-includes/js/jquery/jquery.js?ver=1.3.2,other,20100824213118,20100824213118,1,20100824213118,http://cwastes.skolbloggen.se/wp-includes/js/jquery/jquery.js?ver=1.3.2,200,application/javascript,https://web.archive.org/web/20100824213118/http://cwastes.skolbloggen.se/wp-includes/js/jquery/jquery.js?ver=1.3.2
http://cwastes.skolbloggen.se/wp-includes/js/wp-embed.min.js?ver=63a1754c5b1d2ffcae81f9988ee0db8c,other,20180524073941,20180524073941,1,20180524073941,http://cwastes.skolbloggen.se/wp-includes/js/wp-embed.min.js?ver=63a1754c5b1d2ffcae81f9988ee0db8c,301,text/html,https://web.archive.org/web/20180524073941/http://cwastes.skolbloggen.se/wp-includes/js/wp-embed.min.js?ver=63a1754c5b1d2ffcae81f9988ee0db8c
http://cwastes.skolbloggen.se/wp-includes/js/wp-embed.min.js?ver=761af2ca77b52d7047b2224a7b120f13,other,20160620061523,20160620061523,1,20160620061523,http://cwastes.skolbloggen.se/wp-includes/js/wp-embed.min.js?ver=761af2ca77b52d7047b2224a7b120f13,200,application/javascript,https://web.archive.org/web/20160620061523/http://cwastes.skolbloggen.se/wp-includes/js/wp-embed.min.js?ver=761af2ca77b52d7047b2224a7b120f13
http://cwastes.skolbloggen.se/wp-includes/wlwmanifest.xml,other,20100222065325,20180524191939,13,20180220112538,http://cwastes.skolbloggen.se:80/wp-includes/wlwmanifest.xml,200,application/xml,https://web.archive.org/web/20180220112538/http://cwastes.skolbloggen.se:80/wp-includes/wlwmanifest.xml
http://cwastes.skolbloggen.se/wp-json/,other,20160620061530,20180524113910,7,20180220114321,http://cwastes.skolbloggen.se:80/wp-json/,200,application/json,https://web.archive.org/web/20180220114321/http://cwastes.skolbloggen.se:80/wp-json/
http://cwastes.skolbloggen.se/wp-json/oembed/1.0/embed?url=http://cwastes.skolbloggen.se/2010/12/13/per-christan-jersild/,other,20180318065141,20180319142232,2,20180319142232,http://cwastes.skolbloggen.se:80/wp-json/oembed/1.0/embed?url=http://cwastes.skolbloggen.se/2010/12/13/per-christan-jersild/,200,application/json,https://web.archive.org/web/20180319142232/http://cwastes.skolbloggen.se:80/wp-json/oembed/1.0/embed?url=http://cwastes.skolbloggen.se/2010/12/13/per-christan-jersild/
http://cwastes.skolbloggen.se/wp-json/oembed/1.0/embed?url=http://cwastes.skolbloggen.se/2010/12/13/per-christan-jersild/&format=xml,other,20180318063216,20180318063216,1,20180318063216,http://cwastes.skolbloggen.se:80/wp-json/oembed/1.0/embed?url=http://cwastes.skolbloggen.se/2010/12/13/per-christan-jersild/&format=xml,200,text/xml,https://web.archive.org/web/20180318063216/http://cwastes.skolbloggen.se:80/wp-json/oembed/1.0/embed?url=http://cwastes.skolbloggen.se/2010/12/13/per-christan-jersild/&format=xml
http://cwastes.skolbloggen.se/wp-json/oembed/1.0/embed?url=http://cwastes.skolbloggen.se/2010/12/20/vem-var-franz-kafka/,other,20180216083253,20180216083253,1,20180216083253,http://cwastes.skolbloggen.se:80/wp-json/oembed/1.0/embed?url=http://cwastes.skolbloggen.se/2010/12/20/vem-var-franz-kafka/,200,application/json,https://web.archive.org/web/20180216083253/http://cwastes.skolbloggen.se:80/wp-json/oembed/1.0/embed?url=http://cwastes.skolbloggen.se/2010/12/20/vem-var-franz-kafka/
http://cwastes.skolbloggen.se/wp-json/oembed/1.0/embed?url=http://cwastes.skolbloggen.se/2010/12/20/vem-var-franz-kafka/&format=xml,other,20180216083729,20180216083729,1,20180216083729,http://cwastes.skolbloggen.se:80/wp-json/oembed/1.0/embed?url=http://cwastes.skolbloggen.se/2010/12/20/vem-var-franz-kafka/&format=xml,200,text/xml,https://web.archive.org/web/20180216083729/http://cwastes.skolbloggen.se:80/wp-json/oembed/1.0/embed?url=http://cwastes.skolbloggen.se/2010/12/20/vem-var-franz-kafka/&format=xml
http://cwastes.skolbloggen.se/wp-json/oembed/1.0/embed?url=http://cwastes.skolbloggen.se/2011/09/16/om-man-skulle-gora-en-bokpresentation-av-till-exempel-gosta-berlings-saga/,other,20170612173834,20170612173834,1,20170612173834,http://cwastes.skolbloggen.se:80/wp-json/oembed/1.0/embed?url=http://cwastes.skolbloggen.se/2011/09/16/om-man-skulle-gora-en-bokpresentation-av-till-exempel-gosta-berlings-saga/,200,application/json,https://web.archive.org/web/20170612173834/http://cwastes.skolbloggen.se:80/wp-json/oembed/1.0/embed?url=http://cwastes.skolbloggen.se/2011/09/16/om-man-skulle-gora-en-bokpresentation-av-till-exempel-gosta-berlings-saga/
http://cwastes.skolbloggen.se/wp-json/oembed/1.0/embed?url=http://cwastes.skolbloggen.se/2011/09/16/om-man-skulle-gora-en-bokpresentation-av-till-exempel-gosta-berlings-saga/&format=xml,other,20170612145524,20170612145524,1,20170612145524,http://cwastes.skolbloggen.se:80/wp-json/oembed/1.0/embed?url=http://cwastes.skolbloggen.se/2011/09/16/om-man-skulle-gora-en-bokpresentation-av-till-exempel-gosta-berlings-saga/&format=xml,200,text/xml,https://web.archive.org/web/20170612145524/http://cwastes.skolbloggen.se:80/wp-json/oembed/1.0/embed?url=http://cwastes.skolbloggen.se/2011/09/16/om-man-skulle-gora-en-bokpresentation-av-till-exempel-gosta-berlings-saga/&format=xml
http://cwastes.skolbloggen.se/wp-json/oembed/1.0/embed?url=http://cwastes.skolbloggen.se/2011/09/21/bokpresentation-robinson-crusoe/,other,20180406004128,20180406004128,1,20180406004128,http://cwastes.skolbloggen.se:80/wp-json/oembed/1.0/embed?url=http://cwastes.skolbloggen.se/2011/09/21/bokpresentation-robinson-crusoe/,301,text/html,https://web.archive.org/web/20180406004128/http://cwastes.skolbloggen.se:80/wp-json/oembed/1.0/embed?url=http://cwastes.skolbloggen.se/2011/09/21/bokpresentation-robinson-crusoe/
http://cwastes.skolbloggen.se/wp-json/oembed/1.0/embed?url=http://cwastes.skolbloggen.se/2011/09/21/bokpresentation-robinson-crusoe/&format=xml,other,20180405234437,20180405234437,1,20180405234437,http://cwastes.skolbloggen.se:80/wp-json/oembed/1.0/embed?url=http://cwastes.skolbloggen.se/2011/09/21/bokpresentation-robinson-crusoe/&format=xml,301,text/html,https://web.archive.org/web/20180405234437/http://cwastes.skolbloggen.se:80/wp-json/oembed/1.0/embed?url=http://cwastes.skolbloggen.se/2011/09/21/bokpresentation-robinson-crusoe/&format=xml
http://cwastes.skolbloggen.se/wp-json/oembed/1.0/embed?url=http://cwastes.skolbloggen.se/2011/10/07/1561/,other,20171216152356,20171216152356,1,20171216152356,http://cwastes.skolbloggen.se:80/wp-json/oembed/1.0/embed?url=http://cwastes.skolbloggen.se/2011/10/07/1561/,200,application/json,https://web.archive.org/web/20171216152356/http://cwastes.skolbloggen.se:80/wp-json/oembed/1.0/embed?url=http://cwastes.skolbloggen.se/2011/10/07/1561/
http://cwastes.skolbloggen.se/wp-json/oembed/1.0/embed?url=http://cwastes.skolbloggen.se/2011/10/07/1561/&format=xml,other,20171216152912,20171216152912,1,20171216152912,http://cwastes.skolbloggen.se:80/wp-json/oembed/1.0/embed?url=http://cwastes.skolbloggen.se/2011/10/07/1561/&format=xml,200,text/xml,https://web.archive.org/web/20171216152912/http://cwastes.skolbloggen.se:80/wp-json/oembed/1.0/embed?url=http://cwastes.skolbloggen.se/2011/10/07/1561/&format=xml
http://cwastes.skolbloggen.se/wp-load.php,other,20100824213212,20110528004904,3,20110528004904,http://cwastes.skolbloggen.se:80/wp-load.php,200,text/html,https://web.archive.org/web/20110528004904/http://cwastes.skolbloggen.se:80/wp-load.php
http://cwastes.skolbloggen.se/wp-login.php,other,20100222053342,20180422110049,14,20180220112150,http://cwastes.skolbloggen.se:80/wp-login.php,200,text/html,https://web.archive.org/web/20180220112150/http://cwastes.skolbloggen.se:80/wp-login.php
http://cwastes.skolbloggen.se/wp-login.php?action=register,other,20100222053349,20180301022913,11,20180301022913,http://cwastes.skolbloggen.se:80/wp-login.php?action=register,302,text/html,https://web.archive.org/web/20180301022913/http://cwastes.skolbloggen.se:80/wp-login.php?action=register
http://cwastes.skolbloggen.se/wp-signup.php,other,20100222053349,20100222053349,1,20100222053349,http://cwastes.skolbloggen.se:80/wp-signup.php,302,text/html,https://web.archive.org/web/20100222053349/http://cwastes.skolbloggen.se:80/wp-signup.php
http://cwastes.skolbloggen.se/xmlrpc.php,other,20100222064028,20180524154237,14,20140601010833,http://cwastes.skolbloggen.se:80/xmlrpc.php,200,text/plain,https://web.archive.org/web/20140601010833/http://cwastes.skolbloggen.se:80/xmlrpc.php
http://cwastes.skolbloggen.se/xmlrpc.php?rsd,other,20100222064033,20180524152017,14,20180220112155,http://cwastes.skolbloggen.se:80/xmlrpc.php?rsd,200,text/xml,https://web.archive.org/web/20180220112155/http://cwastes.skolbloggen.se:80/xmlrpc.php?rsd
http://www.cwastes.skolbloggen.se/robots.txt,other,20120803224702,20180719195725,11,20130506014733,http://www.cwastes.skolbloggen.se/robots.txt,200,text/plain,https://web.archive.org/web/20130506014733/http://www.cwastes.skolbloggen.se/robots.txt
https://cwastes.skolbloggen.se/,homepage,20181204134544,20181204134544,1,20181204134544,https://cwastes.skolbloggen.se/,200,text/html,https://web.archive.org/web/20181204134544/https://cwastes.skolbloggen.se/
https://cwastes.skolbloggen.se/comments/feed/,feed,20181228031452,20181228031452,1,20181228031452,https://cwastes.skolbloggen.se/comments/feed/,200,application/rss+xml,https://web.archive.org/web/20181228031452/https://cwastes.skolbloggen.se/comments/feed/
https://cwastes.skolbloggen.se/favicon.ico,media,20180708222421,20181204155236,2,20181204155236,https://cwastes.skolbloggen.se/favicon.ico,200,image/vnd.microsoft.icon,https://web.archive.org/web/20181204155236/https://cwastes.skolbloggen.se/favicon.ico
https://cwastes.skolbloggen.se/feed/,feed,20190103144300,20190103144300,1,20190103144300,https://cwastes.skolbloggen.se/feed/,200,application/rss+xml,https://web.archive.org/web/20190103144300/https://cwastes.skolbloggen.se/feed/
https://cwastes.skolbloggen.se/files/2012/06/4745740382_2ab039b41a_m.jpg,media,20180708214058,20190129063906,2,20190129063906,https://cwastes.skolbloggen.se/files/2012/06/4745740382_2ab039b41a_m.jpg,200,text/html,https://web.archive.org/web/20190129063906/https://cwastes.skolbloggen.se/files/2012/06/4745740382_2ab039b41a_m.jpg
https://cwastes.skolbloggen.se/files/2012/06/me-tina-mom-long-ago-R-300x219.jpg,media,20180708215955,20190122184857,2,20190122184857,https://cwastes.skolbloggen.se/files/2012/06/me-tina-mom-long-ago-R-300x219.jpg,200,text/html,https://web.archive.org/web/20190122184857/https://cwastes.skolbloggen.se/files/2012/06/me-tina-mom-long-ago-R-300x219.jpg
https://cwastes.skolbloggen.se/files/2012/06/vap22-300x200.jpg,media,20180708193439,20190127171902,2,20190127171902,https://cwastes.skolbloggen.se/files/2012/06/vap22-300x200.jpg,200,text/html,https://web.archive.org/web/20190127171902/https://cwastes.skolbloggen.se/files/2012/06/vap22-300x200.jpg
https://cwastes.skolbloggen.se/robots.txt,other,20180523170314,20190130204819,51,20190119001256,https://cwastes.skolbloggen.se/robots.txt,200,text/html,https://web.archive.org/web/20190119001256/https://cwastes.skolbloggen.se/robots.txt
https://cwastes.skolbloggen.se/wp-content/plugins/admin-bar-login/admin-bar-login.css?ver=1.0.1,other,20180708201407,20181229005419,2,20180708201407,https://cwastes.skolbloggen.se/wp-content/plugins/admin-bar-login/admin-bar-login.css?ver=1.0.1,200,text/css,https://web.archive.org/web/20180708201407/https://cwastes.skolbloggen.se/wp-content/plugins/admin-bar-login/admin-bar-login.css?ver=1.0.1
https://cwastes.skolbloggen.se/wp-content/themes/thematic.0.9/thematic/library/layouts/2c-r-fixed.css,other,20190127183839,20190127183839,1,20190127183839,https://cwastes.skolbloggen.se/wp-content/themes/thematic.0.9/thematic/library/layouts/2c-r-fixed.css,200,text/html,https://web.archive.org/web/20190127183839/https://cwastes.skolbloggen.se/wp-content/themes/thematic.0.9/thematic/library/layouts/2c-r-fixed.css
https://cwastes.skolbloggen.se/wp-content/themes/thematic.0.9/thematic/library/scripts/hoverIntent.js,other,20180709000754,20190109062022,2,20180709000754,https://cwastes.skolbloggen.se/wp-content/themes/thematic.0.9/thematic/library/scripts/hoverIntent.js,200,application/javascript,https://web.archive.org/web/20180709000754/https://cwastes.skolbloggen.se/wp-content/themes/thematic.0.9/thematic/library/scripts/hoverIntent.js
https://cwastes.skolbloggen.se/wp-content/themes/thematic.0.9/thematic/library/scripts/superfish.js,other,20180708222829,20181231083427,2,20180708222829,https://cwastes.skolbloggen.se/wp-content/themes/thematic.0.9/thematic/library/scripts/superfish.js,200,application/javascript,https://web.archive.org/web/20180708222829/https://cwastes.skolbloggen.se/wp-content/themes/thematic.0.9/thematic/library/scripts/superfish.js
https://cwastes.skolbloggen.se/wp-content/themes/thematic.0.9/thematic/library/scripts/supersubs.js,other,20180708203004,20181227050922,2,20180708203004,https://cwastes.skolbloggen.se/wp-content/themes/thematic.0.9/thematic/library/scripts/supersubs.js,200,application/javascript,https://web.archive.org/web/20180708203004/https://cwastes.skolbloggen.se/wp-content/themes/thematic.0.9/thematic/library/scripts/supersubs.js
https://cwastes.skolbloggen.se/wp-content/themes/thematic.0.9/thematic/library/scripts/thematic-dropdowns.js,other,20180708221803,20190102201331,2,20180708221803,https://cwastes.skolbloggen.se/wp-content/themes/thematic.0.9/thematic/library/scripts/thematic-dropdowns.js,200,application/javascript,https://web.archive.org/web/20180708221803/https://cwastes.skolbloggen.se/wp-content/themes/thematic.0.9/thematic/library/scripts/thematic-dropdowns.js
https://cwastes.skolbloggen.se/wp-content/themes/thematic.0.9/thematic/library/styles/default.css,other,20190124073709,20190124073709,1,20190124073709,https://cwastes.skolbloggen.se/wp-content/themes/thematic.0.9/thematic/library/styles/default.css,200,text/html,https://web.archive.org/web/20190124073709/https://cwastes.skolbloggen.se/wp-content/themes/thematic.0.9/thematic/library/styles/default.css
https://cwastes.skolbloggen.se/wp-content/themes/thematic.0.9/thematic/library/styles/images.css,other,20190124141919,20190124141919,1,20190124141919,https://cwastes.skolbloggen.se/wp-content/themes/thematic.0.9/thematic/library/styles/images.css,200,text/html,https://web.archive.org/web/20190124141919/https://cwastes.skolbloggen.se/wp-content/themes/thematic.0.9/thematic/library/styles/images.css
https://cwastes.skolbloggen.se/wp-content/themes/thematic.0.9/thematic/library/styles/plugins.css,other,20190128070456,20190128070456,1,20190128070456,https://cwastes.skolbloggen.se/wp-content/themes/thematic.0.9/thematic/library/styles/plugins.css,200,text/html,https://web.archive.org/web/20190128070456/https://cwastes.skolbloggen.se/wp-content/themes/thematic.0.9/thematic/library/styles/plugins.css
https://cwastes.skolbloggen.se/wp-content/themes/thematic.0.9/thematic/library/styles/reset.css,other,20190130204824,20190130204824,1,20190130204824,https://cwastes.skolbloggen.se/wp-content/themes/thematic.0.9/thematic/library/styles/reset.css,200,text/html,https://web.archive.org/web/20190130204824/https://cwastes.skolbloggen.se/wp-content/themes/thematic.0.9/thematic/library/styles/reset.css
https://cwastes.skolbloggen.se/wp-content/themes/thematic.0.9/thematic/library/styles/typography.css,other,20190127014415,20190127014415,1,20190127014415,https://cwastes.skolbloggen.se/wp-content/themes/thematic.0.9/thematic/library/styles/typography.css,200,text/html,https://web.archive.org/web/20190127014415/https://cwastes.skolbloggen.se/wp-content/themes/thematic.0.9/thematic/library/styles/typography.css
https://cwastes.skolbloggen.se/wp-content/themes/thematic.0.9/thematic/style.css,other,20180708212303,20190104010844,2,20180708212303,https://cwastes.skolbloggen.se/wp-content/themes/thematic.0.9/thematic/style.css,200,text/css,https://web.archive.org/web/20180708212303/https://cwastes.skolbloggen.se/wp-content/themes/thematic.0.9/thematic/style.css
https://cwastes.skolbloggen.se/wp-includes/css/admin-bar.min.css?ver=4.9.8,other,20181223151351,20181223151351,1,20181223151351,https://cwastes.skolbloggen.se/wp-includes/css/admin-bar.min.css?ver=4.9.8,200,text/css,https://web.archive.org/web/20181223151351/https://cwastes.skolbloggen.se/wp-includes/css/admin-bar.min.css?ver=4.9.8
https://cwastes.skolbloggen.se/wp-includes/css/admin-bar.min.css?ver=63a1754c5b1d2ffcae81f9988ee0db8c,other,20180708213612,20180708213612,1,20180708213612,https://cwastes.skolbloggen.se/wp-includes/css/admin-bar.min.css?ver=63a1754c5b1d2ffcae81f9988ee0db8c,200,text/css,https://web.archive.org/web/20180708213612/https://cwastes.skolbloggen.se/wp-includes/css/admin-bar.min.css?ver=63a1754c5b1d2ffcae81f9988ee0db8c
https://cwastes.skolbloggen.se/wp-includes/css/dashicons.min.css?ver=4.9.8,other,20181229165518,20181229165518,1,20181229165518,https://cwastes.skolbloggen.se/wp-includes/css/dashicons.min.css?ver=4.9.8,200,text/css,https://web.archive.org/web/20181229165518/https://cwastes.skolbloggen.se/wp-includes/css/dashicons.min.css?ver=4.9.8
https://cwastes.skolbloggen.se/wp-includes/css/dashicons.min.css?ver=63a1754c5b1d2ffcae81f9988ee0db8c,other,20180708203202,20180708203202,1,20180708203202,https://cwastes.skolbloggen.se/wp-includes/css/dashicons.min.css?ver=63a1754c5b1d2ffcae81f9988ee0db8c,200,text/css,https://web.archive.org/web/20180708203202/https://cwastes.skolbloggen.se/wp-includes/css/dashicons.min.css?ver=63a1754c5b1d2ffcae81f9988ee0db8c
https://cwastes.skolbloggen.se/wp-includes/fonts/dashicons.eot,other,20190124011409,20190124011409,1,20190124011409,https://cwastes.skolbloggen.se/wp-includes/fonts/dashicons.eot,200,text/html,https://web.archive.org/web/20190124011409/https://cwastes.skolbloggen.se/wp-includes/fonts/dashicons.eot
https://cwastes.skolbloggen.se/wp-includes/fonts/dashicons.svg,media,20190126004715,20190126004715,1,20190126004715,https://cwastes.skolbloggen.se/wp-includes/fonts/dashicons.svg,200,text/html,https://web.archive.org/web/20190126004715/https://cwastes.skolbloggen.se/wp-includes/fonts/dashicons.svg
https://cwastes.skolbloggen.se/wp-includes/fonts/dashicons.ttf,other,20190119001300,20190119001300,1,20190119001300,https://cwastes.skolbloggen.se/wp-includes/fonts/dashicons.ttf,200,text/html,https://web.archive.org/web/20190119001300/https://cwastes.skolbloggen.se/wp-includes/fonts/dashicons.ttf
https://cwastes.skolbloggen.se/wp-includes/js/admin-bar.min.js?ver=4.9.8,other,20190108050849,20190108050849,1,20190108050849,https://cwastes.skolbloggen.se/wp-includes/js/admin-bar.min.js?ver=4.9.8,200,application/javascript,https://web.archive.org/web/20190108050849/https://cwastes.skolbloggen.se/wp-includes/js/admin-bar.min.js?ver=4.9.8
https://cwastes.skolbloggen.se/wp-includes/js/admin-bar.min.js?ver=63a1754c5b1d2ffcae81f9988ee0db8c,other,20180708215738,20180708215738,1,20180708215738,https://cwastes.skolbloggen.se/wp-includes/js/admin-bar.min.js?ver=63a1754c5b1d2ffcae81f9988ee0db8c,200,application/javascript,https://web.archive.org/web/20180708215738/https://cwastes.skolbloggen.se/wp-includes/js/admin-bar.min.js?ver=63a1754c5b1d2ffcae81f9988ee0db8c
https://cwastes.skolbloggen.se/wp-includes/js/jquery/jquery-migrate.min.js?ver=1.4.1,other,20180708235750,20190103035656,2,20180708235750,https://cwastes.skolbloggen.se/wp-includes/js/jquery/jquery-migrate.min.js?ver=1.4.1,200,application/javascript,https://web.archive.org/web/20180708235750/https://cwastes.skolbloggen.se/wp-includes/js/jquery/jquery-migrate.min.js?ver=1.4.1
https://cwastes.skolbloggen.se/wp-includes/js/jquery/jquery.js?ver=1.12.4,other,20180708210825,20181227183450,2,20180708210825,https://cwastes.skolbloggen.se/wp-includes/js/jquery/jquery.js?ver=1.12.4,200,application/javascript,https://web.archive.org/web/20180708210825/https://cwastes.skolbloggen.se/wp-includes/js/jquery/jquery.js?ver=1.12.4
https://cwastes.skolbloggen.se/wp-includes/js/wp-embed.min.js?ver=4.9.8,other,20190105210541,20190105210541,1,20190105210541,https://cwastes.skolbloggen.se/wp-includes/js/wp-embed.min.js?ver=4.9.8,200,application/javascript,https://web.archive.org/web/20190105210541/https://cwastes.skolbloggen.se/wp-includes/js/wp-embed.min.js?ver=4.9.8
https://cwastes.skolbloggen.se/wp-includes/js/wp-embed.min.js?ver=63a1754c5b1d2ffcae81f9988ee0db8c,other,20180708221941,20180708221941,1,20180708221941,https://cwastes.skolbloggen.se/wp-includes/js/wp-embed.min.js?ver=63a1754c5b1d2ffcae81f9988ee0db8c,200,application/javascript,https://web.archive.org/web/20180708221941/https://cwastes.skolbloggen.se/wp-includes/js/wp-embed.min.js?ver=63a1754c5b1d2ffcae81f9988ee0db8c
https://cwastes.skolbloggen.se/wp-includes/wlwmanifest.xml,other,20180709005757,20190105095434,2,20190105095434,https://cwastes.skolbloggen.se/wp-includes/wlwmanifest.xml,200,application/xml,https://web.archive.org/web/20190105095434/https://cwastes.skolbloggen.se/wp-includes/wlwmanifest.xml
https://cwastes.skolbloggen.se/wp-json/,other,20181230032041,20181230032041,1,20181230032041,https://cwastes.skolbloggen.se/wp-json/,200,application/json,https://web.archive.org/web/20181230032041/https://cwastes.skolbloggen.se/wp-json/
https://cwastes.skolbloggen.se/xmlrpc.php,other,20190106130839,20190106130839,1,20190106130839,https://cwastes.skolbloggen.se/xmlrpc.php,405,text/plain,https://web.archive.org/web/20190106130839/https://cwastes.skolbloggen.se/xmlrpc.php
https://cwastes.skolbloggen.se/xmlrpc.php?rsd,other,20190101095430,20190101095430,1,20190101095430,https://cwastes.skolbloggen.se/xmlrpc.php?rsd,200,text/xml,https://web.archive.org/web/20190101095430/https://cwastes.skolbloggen.se/xmlrpc.php?rsd
