normalized_url,kind,first_timestamp,last_timestamp,capture_count,best_timestamp,best_original,best_statuscode,best_mimetype,best_wayback_url
http://cwasteson.skolbloggen.se/,homepage,20100225154610,20190819164747,14,20190819164747,https://cwasteson.skolbloggen.se/,200,text/html,https://web.archive.org/web/20190819164747/https://cwasteson.skolbloggen.se/
http://cwasteson.skolbloggen.se/2010/01/,other,20100817215520,20100817215520,1,20100817215520,http://cwasteson.skolbloggen.se/2010/01/,200,text/html,https://web.archive.org/web/20100817215520/http://cwasteson.skolbloggen.se/2010/01/
http://cwasteson.skolbloggen.se/2010/01/18/varfor-pedagogisk-dokumentation/,post_like,20130522203619,20130522203619,1,20130522203619,http://cwasteson.skolbloggen.se/2010/01/18/varfor-pedagogisk-dokumentation/,200,text/html,https://web.archive.org/web/20130522203619/http://cwasteson.skolbloggen.se/2010/01/18/varfor-pedagogisk-dokumentation/
http://cwasteson.skolbloggen.se/2010/01/31/podsandning-skapar-mening/,post_like,20100303001203,20100303001203,1,20100303001203,http://cwasteson.skolbloggen.se:80/2010/01/31/podsandning-skapar-mening/,200,text/html,https://web.archive.org/web/20100303001203/http://cwasteson.skolbloggen.se:80/2010/01/31/podsandning-skapar-mening/
http://cwasteson.skolbloggen.se/2010/02/,other,20100817215451,20100817215451,1,20100817215451,http://cwasteson.skolbloggen.se/2010/02/,200,text/html,https://web.archive.org/web/20100817215451/http://cwasteson.skolbloggen.se/2010/02/
http://cwasteson.skolbloggen.se/2010/02/01/att-lara-sig-podsandning/,post_like,20100303001212,20100303001212,1,20100303001212,http://cwasteson.skolbloggen.se:80/2010/02/01/att-lara-sig-podsandning/,200,text/html,https://web.archive.org/web/20100303001212/http://cwasteson.skolbloggen.se:80/2010/02/01/att-lara-sig-podsandning/
http://cwasteson.skolbloggen.se/2010/02/06/kallkritik-%E2%80%93-viktigare-an-nagonsin/,post_like,20100227062445,20100227062445,1,20100227062445,http://cwasteson.skolbloggen.se:80/2010/02/06/kallkritik-%E2%80%93-viktigare-an-nagonsin/,200,text/html,https://web.archive.org/web/20100227062445/http://cwasteson.skolbloggen.se:80/2010/02/06/kallkritik-%E2%80%93-viktigare-an-nagonsin/
http://cwasteson.skolbloggen.se/2010/02/09/skriva-for-att-lara/,post_like,20100227062145,20100227062145,1,20100227062145,http://cwasteson.skolbloggen.se:80/2010/02/09/skriva-for-att-lara/,200,text/html,https://web.archive.org/web/20100227062145/http://cwasteson.skolbloggen.se:80/2010/02/09/skriva-for-att-lara/
http://cwasteson.skolbloggen.se/2010/02/10/lamplighetstest-av-larare/,post_like,20100227062151,20100227062151,1,20100227062151,http://cwasteson.skolbloggen.se:80/2010/02/10/lamplighetstest-av-larare/,200,text/html,https://web.archive.org/web/20100227062151/http://cwasteson.skolbloggen.se:80/2010/02/10/lamplighetstest-av-larare/
http://cwasteson.skolbloggen.se/2010/02/13/cheat-neutral/,post_like,20100227062449,20100227062449,1,20100227062449,http://cwasteson.skolbloggen.se:80/2010/02/13/cheat-neutral/,200,text/html,https://web.archive.org/web/20100227062449/http://cwasteson.skolbloggen.se:80/2010/02/13/cheat-neutral/
http://cwasteson.skolbloggen.se/2010/02/13/surfandet-stjal-tid-och-gor-dig-otalig/,post_like,20100227062454,20100227062454,1,20100227062454,http://cwasteson.skolbloggen.se:80/2010/02/13/surfandet-stjal-tid-och-gor-dig-otalig/,200,text/html,https://web.archive.org/web/20100227062454/http://cwasteson.skolbloggen.se:80/2010/02/13/surfandet-stjal-tid-och-gor-dig-otalig/
http://cwasteson.skolbloggen.se/2010/02/15/tips-nar-du-ska-skriva-texter-for-webben/,post_like,20100227062156,20100227062156,1,20100227062156,http://cwasteson.skolbloggen.se:80/2010/02/15/tips-nar-du-ska-skriva-texter-for-webben/,200,text/html,https://web.archive.org/web/20100227062156/http://cwasteson.skolbloggen.se:80/2010/02/15/tips-nar-du-ska-skriva-texter-for-webben/
http://cwasteson.skolbloggen.se/2010/02/17/borde-vi-inte-alla-visa-tacksamhet/,post_like,20100227062202,20100227062202,1,20100227062202,http://cwasteson.skolbloggen.se:80/2010/02/17/borde-vi-inte-alla-visa-tacksamhet/,200,text/html,https://web.archive.org/web/20100227062202/http://cwasteson.skolbloggen.se:80/2010/02/17/borde-vi-inte-alla-visa-tacksamhet/
http://cwasteson.skolbloggen.se/2010/02/17/svenska-skrivregler-har-utvidgats/,post_like,20100227062505,20100227062505,1,20100227062505,http://cwasteson.skolbloggen.se:80/2010/02/17/svenska-skrivregler-har-utvidgats/,200,text/html,https://web.archive.org/web/20100227062505/http://cwasteson.skolbloggen.se:80/2010/02/17/svenska-skrivregler-har-utvidgats/
http://cwasteson.skolbloggen.se/2010/02/18/extra-tid-foder-kreativitet/,post_like,20100227062509,20100227062509,1,20100227062509,http://cwasteson.skolbloggen.se:80/2010/02/18/extra-tid-foder-kreativitet/,200,text/html,https://web.archive.org/web/20100227062509/http://cwasteson.skolbloggen.se:80/2010/02/18/extra-tid-foder-kreativitet/
http://cwasteson.skolbloggen.se/2010/02/19/textvard/,post_like,20100227041153,20100227041153,1,20100227041153,http://cwasteson.skolbloggen.se:80/2010/02/19/textvard/,200,text/html,https://web.archive.org/web/20100227041153/http://cwasteson.skolbloggen.se:80/2010/02/19/textvard/
http://cwasteson.skolbloggen.se/2010/03/,other,20100817215437,20100817215437,1,20100817215437,http://cwasteson.skolbloggen.se/2010/03/,200,text/html,https://web.archive.org/web/20100817215437/http://cwasteson.skolbloggen.se/2010/03/
http://cwasteson.skolbloggen.se/2010/04/,other,20100817215422,20100817215422,1,20100817215422,http://cwasteson.skolbloggen.se/2010/04/,200,text/html,https://web.archive.org/web/20100817215422/http://cwasteson.skolbloggen.se/2010/04/
http://cwasteson.skolbloggen.se/2010/05/,other,20100817215357,20100817215357,1,20100817215357,http://cwasteson.skolbloggen.se/2010/05/,200,text/html,https://web.archive.org/web/20100817215357/http://cwasteson.skolbloggen.se/2010/05/
http://cwasteson.skolbloggen.se/2010/06/,other,20100817215338,20100817215338,1,20100817215338,http://cwasteson.skolbloggen.se/2010/06/,200,text/html,https://web.archive.org/web/20100817215338/http://cwasteson.skolbloggen.se/2010/06/
http://cwasteson.skolbloggen.se/2010/06/07/medier-i-undervisningen/,post_like,20100621114248,20100621114248,1,20100621114248,http://cwasteson.skolbloggen.se:80/2010/06/07/medier-i-undervisningen/,200,text/html,https://web.archive.org/web/20100621114248/http://cwasteson.skolbloggen.se:80/2010/06/07/medier-i-undervisningen/
http://cwasteson.skolbloggen.se/2010/06/07/tips-nar-du-vill-dokumentera-ett-studiebesok/,post_like,20100621114253,20100621114253,1,20100621114253,http://cwasteson.skolbloggen.se:80/2010/06/07/tips-nar-du-vill-dokumentera-ett-studiebesok/,200,text/html,https://web.archive.org/web/20100621114253/http://cwasteson.skolbloggen.se:80/2010/06/07/tips-nar-du-vill-dokumentera-ett-studiebesok/
http://cwasteson.skolbloggen.se/2010/06/10/en-wiki-for-larare-pa-natet/,post_like,20100621114258,20100621114258,1,20100621114258,http://cwasteson.skolbloggen.se:80/2010/06/10/en-wiki-for-larare-pa-natet/,200,text/html,https://web.archive.org/web/20100621114258/http://cwasteson.skolbloggen.se:80/2010/06/10/en-wiki-for-larare-pa-natet/
http://cwasteson.skolbloggen.se/2010/06/12/google-reader-bade-van-och-fiende/,post_like,20100621120704,20100621120704,1,20100621120704,http://cwasteson.skolbloggen.se:80/2010/06/12/google-reader-bade-van-och-fiende/,200,text/html,https://web.archive.org/web/20100621120704/http://cwasteson.skolbloggen.se:80/2010/06/12/google-reader-bade-van-och-fiende/
http://cwasteson.skolbloggen.se/2010/06/13/google-docs-for-fildelning-och-samarbete/,post_like,20100621120719,20100621120719,1,20100621120719,http://cwasteson.skolbloggen.se:80/2010/06/13/google-docs-for-fildelning-och-samarbete/,200,text/html,https://web.archive.org/web/20100621120719/http://cwasteson.skolbloggen.se:80/2010/06/13/google-docs-for-fildelning-och-samarbete/
http://cwasteson.skolbloggen.se/2010/06/15/traffande-beskrivning-av-problemlosning/,post_like,20100621120724,20100621120724,1,20100621120724,http://cwasteson.skolbloggen.se:80/2010/06/15/traffande-beskrivning-av-problemlosning/,200,text/html,https://web.archive.org/web/20100621120724/http://cwasteson.skolbloggen.se:80/2010/06/15/traffande-beskrivning-av-problemlosning/
http://cwasteson.skolbloggen.se/2010/07/,other,20100817215330,20100817215330,1,20100817215330,http://cwasteson.skolbloggen.se/2010/07/,200,text/html,https://web.archive.org/web/20100817215330/http://cwasteson.skolbloggen.se/2010/07/
http://cwasteson.skolbloggen.se/2010/07/18/integritet-pa-internet/,post_like,20100809185427,20100809185427,1,20100809185427,http://cwasteson.skolbloggen.se:80/2010/07/18/integritet-pa-internet/,200,text/html,https://web.archive.org/web/20100809185427/http://cwasteson.skolbloggen.se:80/2010/07/18/integritet-pa-internet/
http://cwasteson.skolbloggen.se/2010/08/,other,20100817215320,20100817215320,1,20100817215320,http://cwasteson.skolbloggen.se/2010/08/,200,text/html,https://web.archive.org/web/20100817215320/http://cwasteson.skolbloggen.se/2010/08/
http://cwasteson.skolbloggen.se/2010/09/18/uppstramningen-framst-mot-de-svaga/,post_like,20120126044118,20120126044118,1,20120126044118,http://cwasteson.skolbloggen.se/2010/09/18/uppstramningen-framst-mot-de-svaga/,200,text/html,https://web.archive.org/web/20120126044118/http://cwasteson.skolbloggen.se/2010/09/18/uppstramningen-framst-mot-de-svaga/
http://cwasteson.skolbloggen.se/2010/09/21/pippi-och-forebilder/,post_like,20120126061620,20120308021740,2,20120308021740,http://cwasteson.skolbloggen.se:80/2010/09/21/pippi-och-forebilder/,200,text/html,https://web.archive.org/web/20120308021740/http://cwasteson.skolbloggen.se:80/2010/09/21/pippi-och-forebilder/
http://cwasteson.skolbloggen.se/2010/09/22/rwandas-kvinnor-far-allt-mer-makt/,post_like,20120126051211,20120126051211,1,20120126051211,http://cwasteson.skolbloggen.se/2010/09/22/rwandas-kvinnor-far-allt-mer-makt/,200,text/html,https://web.archive.org/web/20120126051211/http://cwasteson.skolbloggen.se/2010/09/22/rwandas-kvinnor-far-allt-mer-makt/
http://cwasteson.skolbloggen.se/2010/09/23/var-framtid-med-sverigedemokraterna/,post_like,20120126044344,20120126044344,1,20120126044344,http://cwasteson.skolbloggen.se/2010/09/23/var-framtid-med-sverigedemokraterna/,200,text/html,https://web.archive.org/web/20120126044344/http://cwasteson.skolbloggen.se/2010/09/23/var-framtid-med-sverigedemokraterna/
http://cwasteson.skolbloggen.se/2010/09/25/lashunger-kan-kopplas-till-stordad/,post_like,20120126081116,20120126081116,1,20120126081116,http://cwasteson.skolbloggen.se/2010/09/25/lashunger-kan-kopplas-till-stordad/,200,text/html,https://web.archive.org/web/20120126081116/http://cwasteson.skolbloggen.se/2010/09/25/lashunger-kan-kopplas-till-stordad/
http://cwasteson.skolbloggen.se/2010/10/06/vi-lar-som-vi-lever/,post_like,20120126042231,20120126042231,1,20120126042231,http://cwasteson.skolbloggen.se/2010/10/06/vi-lar-som-vi-lever/,200,text/html,https://web.archive.org/web/20120126042231/http://cwasteson.skolbloggen.se/2010/10/06/vi-lar-som-vi-lever/
http://cwasteson.skolbloggen.se/2010/11/02/ta-tillvara-fordelarna-och-undvik-fallgroparna/,post_like,20120126091856,20120126091856,1,20120126091856,http://cwasteson.skolbloggen.se/2010/11/02/ta-tillvara-fordelarna-och-undvik-fallgroparna/,200,text/html,https://web.archive.org/web/20120126091856/http://cwasteson.skolbloggen.se/2010/11/02/ta-tillvara-fordelarna-och-undvik-fallgroparna/
http://cwasteson.skolbloggen.se/2011/04/13/1496/,post_like,20120126055300,20170128144647,2,20170128144647,http://cwasteson.skolbloggen.se/2011/04/13/1496/,200,text/html,https://web.archive.org/web/20170128144647/http://cwasteson.skolbloggen.se/2011/04/13/1496/
http://cwasteson.skolbloggen.se/2011/04/29/en-forfarlig-paskhelg-pa-osterlen/,post_like,20120126060026,20120126060026,1,20120126060026,http://cwasteson.skolbloggen.se/2011/04/29/en-forfarlig-paskhelg-pa-osterlen/,200,text/html,https://web.archive.org/web/20120126060026/http://cwasteson.skolbloggen.se/2011/04/29/en-forfarlig-paskhelg-pa-osterlen/
http://cwasteson.skolbloggen.se/2011/09/28/nu-skriver-jag-dar-istallet/,post_like,20120126013936,20190819164826,3,20190819164826,https://cwasteson.skolbloggen.se/2011/09/28/nu-skriver-jag-dar-istallet/,200,text/html,https://web.archive.org/web/20190819164826/https://cwasteson.skolbloggen.se/2011/09/28/nu-skriver-jag-dar-istallet/
http://cwasteson.skolbloggen.se/category/bokpresentation/,category,20100227062515,20120126082431,3,20120126082431,http://cwasteson.skolbloggen.se/category/bokpresentation/,200,text/html,https://web.archive.org/web/20120126082431/http://cwasteson.skolbloggen.se/category/bokpresentation/
http://cwasteson.skolbloggen.se/category/bokpresentation/feed/,category,20100820163128,20100820163128,1,20100820163128,http://cwasteson.skolbloggen.se/category/bokpresentation/feed/,200,text/xml,https://web.archive.org/web/20100820163128/http://cwasteson.skolbloggen.se/category/bokpresentation/feed/
http://cwasteson.skolbloggen.se/category/forskning/,category,20100821093746,20120126003704,2,20120126003704,http://cwasteson.skolbloggen.se/category/forskning/,200,text/html,https://web.archive.org/web/20120126003704/http://cwasteson.skolbloggen.se/category/forskning/
http://cwasteson.skolbloggen.se/category/forskning/feed/,category,20100821093801,20100821093801,1,20100821093801,http://cwasteson.skolbloggen.se/category/forskning/feed/,200,text/xml,https://web.archive.org/web/20100821093801/http://cwasteson.skolbloggen.se/category/forskning/feed/
http://cwasteson.skolbloggen.se/category/funderingar/,category,20100227025329,20120303061801,4,20120303061801,http://cwasteson.skolbloggen.se:80/category/funderingar/,200,text/html,https://web.archive.org/web/20120303061801/http://cwasteson.skolbloggen.se:80/category/funderingar/
http://cwasteson.skolbloggen.se/category/funderingar/feed/,category,20100820163155,20100820163155,1,20100820163155,http://cwasteson.skolbloggen.se/category/funderingar/feed/,200,text/xml,https://web.archive.org/web/20100820163155/http://cwasteson.skolbloggen.se/category/funderingar/feed/
http://cwasteson.skolbloggen.se/category/internet/,category,20100227062211,20120126030735,3,20120126030735,http://cwasteson.skolbloggen.se/category/internet/,200,text/html,https://web.archive.org/web/20120126030735/http://cwasteson.skolbloggen.se/category/internet/
http://cwasteson.skolbloggen.se/category/internet/feed/,category,20100820163102,20100820163102,1,20100820163102,http://cwasteson.skolbloggen.se/category/internet/feed/,200,text/xml,https://web.archive.org/web/20100820163102/http://cwasteson.skolbloggen.se/category/internet/feed/
http://cwasteson.skolbloggen.se/category/okategoriserad/,category,20100621114313,20100820163012,2,20100820163012,http://cwasteson.skolbloggen.se/category/okategoriserad/,200,text/html,https://web.archive.org/web/20100820163012/http://cwasteson.skolbloggen.se/category/okategoriserad/
http://cwasteson.skolbloggen.se/category/okategoriserad/feed/,category,20100820163025,20100820163025,1,20100820163025,http://cwasteson.skolbloggen.se/category/okategoriserad/feed/,200,text/xml,https://web.archive.org/web/20100820163025/http://cwasteson.skolbloggen.se/category/okategoriserad/feed/
http://cwasteson.skolbloggen.se/category/pim/,category,20100821011727,20100821011727,1,20100821011727,http://cwasteson.skolbloggen.se/category/pim/,200,text/html,https://web.archive.org/web/20100821011727/http://cwasteson.skolbloggen.se/category/pim/
http://cwasteson.skolbloggen.se/category/pim/feed/,category,20100821011742,20100821011742,1,20100821011742,http://cwasteson.skolbloggen.se/category/pim/feed/,200,text/xml,https://web.archive.org/web/20100821011742/http://cwasteson.skolbloggen.se/category/pim/feed/
http://cwasteson.skolbloggen.se/category/utbildning/,category,20100227062216,20120308033303,4,20120308033303,http://cwasteson.skolbloggen.se:80/category/utbildning/,200,text/html,https://web.archive.org/web/20120308033303/http://cwasteson.skolbloggen.se:80/category/utbildning/
http://cwasteson.skolbloggen.se/category/utbildning/feed/,category,20100820163228,20100820163228,1,20100820163228,http://cwasteson.skolbloggen.se/category/utbildning/feed/,200,text/xml,https://web.archive.org/web/20100820163228/http://cwasteson.skolbloggen.se/category/utbildning/feed/
http://cwasteson.skolbloggen.se/comments/feed/,feed,20100303004045,20120126035759,4,20120126035759,http://cwasteson.skolbloggen.se/comments/feed/,200,text/xml,https://web.archive.org/web/20120126035759/http://cwasteson.skolbloggen.se/comments/feed/
http://cwasteson.skolbloggen.se/favicon.ico,media,20100820163006,20190128094810,5,20190128094810,https://cwasteson.skolbloggen.se/favicon.ico,200,text/html,https://web.archive.org/web/20190128094810/https://cwasteson.skolbloggen.se/favicon.ico
http://cwasteson.skolbloggen.se/feed/,feed,20100227062521,20180329150724,6,20180329150724,http://cwasteson.skolbloggen.se/feed/,200,application/rss+xml,https://web.archive.org/web/20180329150724/http://cwasteson.skolbloggen.se/feed/
http://cwasteson.skolbloggen.se/feed/atom/,feed,20100817215131,20100817215131,1,20100817215131,http://cwasteson.skolbloggen.se/feed/atom/,200,application/atom+xml,https://web.archive.org/web/20100817215131/http://cwasteson.skolbloggen.se/feed/atom/
http://cwasteson.skolbloggen.se/feed/rss/,feed,20100817215122,20100817215122,1,20100817215122,http://cwasteson.skolbloggen.se/feed/rss/,200,text/xml,https://web.archive.org/web/20100817215122/http://cwasteson.skolbloggen.se/feed/rss/
http://cwasteson.skolbloggen.se/files/2010/01/Anita-Mattsson-150x150.jpg,media,20100821005239,20160130181649,2,20160130181649,http://cwasteson.skolbloggen.se/files/2010/01/Anita-Mattsson-150x150.jpg,200,image/jpeg,https://web.archive.org/web/20160130181649/http://cwasteson.skolbloggen.se/files/2010/01/Anita-Mattsson-150x150.jpg
http://cwasteson.skolbloggen.se/files/2010/01/Ellmin-och-Ellmin.jpg,media,20160130224437,20160130224437,1,20160130224437,http://cwasteson.skolbloggen.se/files/2010/01/Ellmin-och-Ellmin.jpg,200,image/jpeg,https://web.archive.org/web/20160130224437/http://cwasteson.skolbloggen.se/files/2010/01/Ellmin-och-Ellmin.jpg
http://cwasteson.skolbloggen.se/files/2010/01/digital-portfolio-osterlund1-150x150.jpg,media,20160130224441,20160130224441,1,20160130224441,http://cwasteson.skolbloggen.se/files/2010/01/digital-portfolio-osterlund1-150x150.jpg,200,image/jpeg,https://web.archive.org/web/20160130224441/http://cwasteson.skolbloggen.se/files/2010/01/digital-portfolio-osterlund1-150x150.jpg
http://cwasteson.skolbloggen.se/files/2010/01/mindre-version-till-blogg1-150x150.jpg,media,20160130163055,20160130163055,1,20160130163055,http://cwasteson.skolbloggen.se/files/2010/01/mindre-version-till-blogg1-150x150.jpg,200,image/jpeg,https://web.archive.org/web/20160130163055/http://cwasteson.skolbloggen.se/files/2010/01/mindre-version-till-blogg1-150x150.jpg
http://cwasteson.skolbloggen.se/files/2010/01/till-bloggen-taguchi1-150x150.jpg,media,20100821010244,20100821010244,1,20100821010244,http://cwasteson.skolbloggen.se/files/2010/01/till-bloggen-taguchi1-150x150.jpg,200,image/jpeg,https://web.archive.org/web/20100821010244/http://cwasteson.skolbloggen.se/files/2010/01/till-bloggen-taguchi1-150x150.jpg
http://cwasteson.skolbloggen.se/om/,other,20100302131547,20120126013804,4,20120126013804,http://cwasteson.skolbloggen.se/om/,200,text/html,https://web.archive.org/web/20120126013804/http://cwasteson.skolbloggen.se/om/
http://cwasteson.skolbloggen.se/om/feed/,feed,20100821003554,20100821003554,1,20100821003554,http://cwasteson.skolbloggen.se/om/feed/,200,text/xml,https://web.archive.org/web/20100821003554/http://cwasteson.skolbloggen.se/om/feed/
http://cwasteson.skolbloggen.se/page/2/,pagination,20100303002331,20120126045337,3,20120126045337,http://cwasteson.skolbloggen.se/page/2/,200,text/html,https://web.archive.org/web/20120126045337/http://cwasteson.skolbloggen.se/page/2/
http://cwasteson.skolbloggen.se/page/6,pagination,20170602224518,20170704113908,2,20170704113908,http://cwasteson.skolbloggen.se:80/page/6/,200,text/html,https://web.archive.org/web/20170704113908/http://cwasteson.skolbloggen.se:80/page/6/
http://cwasteson.skolbloggen.se/robots.txt,other,20100817215033,20190131190847,20,20190131190847,https://cwasteson.skolbloggen.se/robots.txt,200,text/html,https://web.archive.org/web/20190131190847/https://cwasteson.skolbloggen.se/robots.txt
http://cwasteson.skolbloggen.se/tag/affarside/,tag,20100821100126,20100821100126,1,20100821100126,http://cwasteson.skolbloggen.se/tag/affarside/,200,text/html,https://web.archive.org/web/20100821100126/http://cwasteson.skolbloggen.se/tag/affarside/
http://cwasteson.skolbloggen.se/tag/affarside/feed/,tag,20100821100136,20100821100136,1,20100821100136,http://cwasteson.skolbloggen.se/tag/affarside/feed/,200,text/xml,https://web.archive.org/web/20100821100136/http://cwasteson.skolbloggen.se/tag/affarside/feed/
http://cwasteson.skolbloggen.se/tag/aktivitetshanteraren/,tag,20100821091747,20100821091747,1,20100821091747,http://cwasteson.skolbloggen.se/tag/aktivitetshanteraren/,200,text/html,https://web.archive.org/web/20100821091747/http://cwasteson.skolbloggen.se/tag/aktivitetshanteraren/
http://cwasteson.skolbloggen.se/tag/aktivitetshanteraren/feed/,tag,20100821091758,20100821091758,1,20100821091758,http://cwasteson.skolbloggen.se/tag/aktivitetshanteraren/feed/,200,text/xml,https://web.archive.org/web/20100821091758/http://cwasteson.skolbloggen.se/tag/aktivitetshanteraren/feed/
http://cwasteson.skolbloggen.se/tag/amneskunskaper/,tag,20100821094237,20100821094237,1,20100821094237,http://cwasteson.skolbloggen.se/tag/amneskunskaper/,200,text/html,https://web.archive.org/web/20100821094237/http://cwasteson.skolbloggen.se/tag/amneskunskaper/
http://cwasteson.skolbloggen.se/tag/amneskunskaper/feed/,tag,20100821094250,20100821094250,1,20100821094250,http://cwasteson.skolbloggen.se/tag/amneskunskaper/feed/,200,text/xml,https://web.archive.org/web/20100821094250/http://cwasteson.skolbloggen.se/tag/amneskunskaper/feed/
http://cwasteson.skolbloggen.se/tag/animoto/,tag,20100621120729,20120126061934,3,20120126061934,http://cwasteson.skolbloggen.se/tag/animoto/,200,text/html,https://web.archive.org/web/20120126061934/http://cwasteson.skolbloggen.se/tag/animoto/
http://cwasteson.skolbloggen.se/tag/animoto/feed/,tag,20100821004821,20100821004821,1,20100821004821,http://cwasteson.skolbloggen.se/tag/animoto/feed/,200,text/xml,https://web.archive.org/web/20100821004821/http://cwasteson.skolbloggen.se/tag/animoto/feed/
http://cwasteson.skolbloggen.se/tag/anita-mattsson/,tag,20100303002335,20100303002335,1,20100303002335,http://cwasteson.skolbloggen.se:80/tag/anita-mattsson/,200,text/html,https://web.archive.org/web/20100303002335/http://cwasteson.skolbloggen.se:80/tag/anita-mattsson/
http://cwasteson.skolbloggen.se/tag/anvandbarhet/,tag,20100305030811,20120126055924,4,20120126055924,http://cwasteson.skolbloggen.se/tag/anvandbarhet/,200,text/html,https://web.archive.org/web/20120126055924/http://cwasteson.skolbloggen.se/tag/anvandbarhet/
http://cwasteson.skolbloggen.se/tag/anvandbarhet/feed/,tag,20100821004910,20100821004910,1,20100821004910,http://cwasteson.skolbloggen.se/tag/anvandbarhet/feed/,200,text/xml,https://web.archive.org/web/20100821004910/http://cwasteson.skolbloggen.se/tag/anvandbarhet/feed/
http://cwasteson.skolbloggen.se/tag/asteni/,tag,20100821092417,20100821092417,1,20100821092417,http://cwasteson.skolbloggen.se/tag/asteni/,200,text/html,https://web.archive.org/web/20100821092417/http://cwasteson.skolbloggen.se/tag/asteni/
http://cwasteson.skolbloggen.se/tag/asteni/feed/,tag,20100821092427,20100821092427,1,20100821092427,http://cwasteson.skolbloggen.se/tag/asteni/feed/,200,text/xml,https://web.archive.org/web/20100821092427/http://cwasteson.skolbloggen.se/tag/asteni/feed/
http://cwasteson.skolbloggen.se/tag/attityd/,tag,20100821095641,20100821095641,1,20100821095641,http://cwasteson.skolbloggen.se/tag/attityd/,200,text/html,https://web.archive.org/web/20100821095641/http://cwasteson.skolbloggen.se/tag/attityd/
http://cwasteson.skolbloggen.se/tag/attityd/feed/,tag,20100821095650,20100821095650,1,20100821095650,http://cwasteson.skolbloggen.se/tag/attityd/feed/,200,text/xml,https://web.archive.org/web/20100821095650/http://cwasteson.skolbloggen.se/tag/attityd/feed/
http://cwasteson.skolbloggen.se/tag/avhandling/,tag,20100305030139,20100305030139,1,20100305030139,http://cwasteson.skolbloggen.se:80/tag/avhandling/,200,text/html,https://web.archive.org/web/20100305030139/http://cwasteson.skolbloggen.se:80/tag/avhandling/
http://cwasteson.skolbloggen.se/tag/begripligt/,tag,20100821092632,20100821092632,1,20100821092632,http://cwasteson.skolbloggen.se/tag/begripligt/,200,text/html,https://web.archive.org/web/20100821092632/http://cwasteson.skolbloggen.se/tag/begripligt/
http://cwasteson.skolbloggen.se/tag/begripligt/feed/,tag,20100821092647,20100821092647,1,20100821092647,http://cwasteson.skolbloggen.se/tag/begripligt/feed/,200,text/xml,https://web.archive.org/web/20100821092647/http://cwasteson.skolbloggen.se/tag/begripligt/feed/
http://cwasteson.skolbloggen.se/tag/beskrivning/,tag,20100821093423,20100821093423,1,20100821093423,http://cwasteson.skolbloggen.se/tag/beskrivning/,200,text/html,https://web.archive.org/web/20100821093423/http://cwasteson.skolbloggen.se/tag/beskrivning/
http://cwasteson.skolbloggen.se/tag/beskrivning/feed/,tag,20100821093436,20100821093436,1,20100821093436,http://cwasteson.skolbloggen.se/tag/beskrivning/feed/,200,text/xml,https://web.archive.org/web/20100821093436/http://cwasteson.skolbloggen.se/tag/beskrivning/feed/
http://cwasteson.skolbloggen.se/tag/beslut/,tag,20100821092458,20100821092458,1,20100821092458,http://cwasteson.skolbloggen.se/tag/beslut/,200,text/html,https://web.archive.org/web/20100821092458/http://cwasteson.skolbloggen.se/tag/beslut/
http://cwasteson.skolbloggen.se/tag/beslut/feed/,tag,20100821092517,20100821092517,1,20100821092517,http://cwasteson.skolbloggen.se/tag/beslut/feed/,200,text/xml,https://web.archive.org/web/20100821092517/http://cwasteson.skolbloggen.se/tag/beslut/feed/
http://cwasteson.skolbloggen.se/tag/beslutsangest/,tag,20100821092526,20100821092526,1,20100821092526,http://cwasteson.skolbloggen.se/tag/beslutsangest/,200,text/html,https://web.archive.org/web/20100821092526/http://cwasteson.skolbloggen.se/tag/beslutsangest/
http://cwasteson.skolbloggen.se/tag/beslutsangest/feed/,tag,20100821092539,20100821092539,1,20100821092539,http://cwasteson.skolbloggen.se/tag/beslutsangest/feed/,200,text/xml,https://web.archive.org/web/20100821092539/http://cwasteson.skolbloggen.se/tag/beslutsangest/feed/
http://cwasteson.skolbloggen.se/tag/betygskriterier/,tag,20100303002058,20120126024538,4,20120126024538,http://cwasteson.skolbloggen.se/tag/betygskriterier/,200,text/html,https://web.archive.org/web/20120126024538/http://cwasteson.skolbloggen.se/tag/betygskriterier/
http://cwasteson.skolbloggen.se/tag/betygskriterier/feed/,tag,20100821004937,20100821004937,1,20100821004937,http://cwasteson.skolbloggen.se/tag/betygskriterier/feed/,200,text/xml,https://web.archive.org/web/20100821004937/http://cwasteson.skolbloggen.se/tag/betygskriterier/feed/
http://cwasteson.skolbloggen.se/tag/bibliotek/,tag,20100821093116,20100821093116,1,20100821093116,http://cwasteson.skolbloggen.se/tag/bibliotek/,200,text/html,https://web.archive.org/web/20100821093116/http://cwasteson.skolbloggen.se/tag/bibliotek/
http://cwasteson.skolbloggen.se/tag/bibliotek/feed/,tag,20100821093130,20100821093130,1,20100821093130,http://cwasteson.skolbloggen.se/tag/bibliotek/feed/,200,text/xml,https://web.archive.org/web/20100821093130/http://cwasteson.skolbloggen.se/tag/bibliotek/feed/
http://cwasteson.skolbloggen.se/tag/big-huge-labs/,tag,20100821091408,20100821091408,1,20100821091408,http://cwasteson.skolbloggen.se/tag/big-huge-labs/,200,text/html,https://web.archive.org/web/20100821091408/http://cwasteson.skolbloggen.se/tag/big-huge-labs/
http://cwasteson.skolbloggen.se/tag/big-huge-labs/feed/,tag,20100821091424,20100821091424,1,20100821091424,http://cwasteson.skolbloggen.se/tag/big-huge-labs/feed/,200,text/xml,https://web.archive.org/web/20100821091424/http://cwasteson.skolbloggen.se/tag/big-huge-labs/feed/
http://cwasteson.skolbloggen.se/tag/bild/,tag,20100621114328,20120126073729,3,20120126073729,http://cwasteson.skolbloggen.se/tag/bild/,200,text/html,https://web.archive.org/web/20120126073729/http://cwasteson.skolbloggen.se/tag/bild/
http://cwasteson.skolbloggen.se/tag/bild/feed/,tag,20100821005004,20100821005004,1,20100821005004,http://cwasteson.skolbloggen.se/tag/bild/feed/,200,text/xml,https://web.archive.org/web/20100821005004/http://cwasteson.skolbloggen.se/tag/bild/feed/
http://cwasteson.skolbloggen.se/tag/bildmosaik/,tag,20100821091459,20100821091459,1,20100821091459,http://cwasteson.skolbloggen.se/tag/bildmosaik/,200,text/html,https://web.archive.org/web/20100821091459/http://cwasteson.skolbloggen.se/tag/bildmosaik/
http://cwasteson.skolbloggen.se/tag/bildmosaik/feed/,tag,20100821091516,20100821091516,1,20100821091516,http://cwasteson.skolbloggen.se/tag/bildmosaik/feed/,200,text/xml,https://web.archive.org/web/20100821091516/http://cwasteson.skolbloggen.se/tag/bildmosaik/feed/
http://cwasteson.skolbloggen.se/tag/bildredigering/,tag,20100821011754,20100821011754,1,20100821011754,http://cwasteson.skolbloggen.se/tag/bildredigering/,200,text/html,https://web.archive.org/web/20100821011754/http://cwasteson.skolbloggen.se/tag/bildredigering/
http://cwasteson.skolbloggen.se/tag/bildredigering/feed/,tag,20100821011807,20100821011807,1,20100821011807,http://cwasteson.skolbloggen.se/tag/bildredigering/feed/,200,text/xml,https://web.archive.org/web/20100821011807/http://cwasteson.skolbloggen.se/tag/bildredigering/feed/
http://cwasteson.skolbloggen.se/tag/blip-tv/,tag,20100305030204,20120126092858,3,20120126092858,http://cwasteson.skolbloggen.se/tag/blip-tv/,200,text/html,https://web.archive.org/web/20120126092858/http://cwasteson.skolbloggen.se/tag/blip-tv/
http://cwasteson.skolbloggen.se/tag/blip-tv/feed/,tag,20100820163407,20100820163407,1,20100820163407,http://cwasteson.skolbloggen.se/tag/blip-tv/feed/,200,text/xml,https://web.archive.org/web/20100820163407/http://cwasteson.skolbloggen.se/tag/blip-tv/feed/
http://cwasteson.skolbloggen.se/tag/blogg/,tag,20100303004100,20120126015839,4,20120126015839,http://cwasteson.skolbloggen.se/tag/blogg/,200,text/html,https://web.archive.org/web/20120126015839/http://cwasteson.skolbloggen.se/tag/blogg/
http://cwasteson.skolbloggen.se/tag/blogg/feed/,tag,20100820163536,20100820163536,1,20100820163536,http://cwasteson.skolbloggen.se/tag/blogg/feed/,200,text/xml,https://web.archive.org/web/20100820163536/http://cwasteson.skolbloggen.se/tag/blogg/feed/
http://cwasteson.skolbloggen.se/tag/blogger/,tag,20100820163555,20100820163555,1,20100820163555,http://cwasteson.skolbloggen.se/tag/blogger/,200,text/html,https://web.archive.org/web/20100820163555/http://cwasteson.skolbloggen.se/tag/blogger/
http://cwasteson.skolbloggen.se/tag/blogger/feed/,tag,20100820163609,20100820163609,1,20100820163609,http://cwasteson.skolbloggen.se/tag/blogger/feed/,200,text/xml,https://web.archive.org/web/20100820163609/http://cwasteson.skolbloggen.se/tag/blogger/feed/
http://cwasteson.skolbloggen.se/tag/bodil-jonsson/,tag,20120126024506,20120126024506,1,20120126024506,http://cwasteson.skolbloggen.se/tag/bodil-jonsson/,200,text/html,https://web.archive.org/web/20120126024506/http://cwasteson.skolbloggen.se/tag/bodil-jonsson/
http://cwasteson.skolbloggen.se/tag/bokpresentation/,tag,20100621120744,20120126011010,3,20120126011010,http://cwasteson.skolbloggen.se/tag/bokpresentation/,200,text/html,https://web.archive.org/web/20120126011010/http://cwasteson.skolbloggen.se/tag/bokpresentation/
http://cwasteson.skolbloggen.se/tag/bokpresentation/feed/,tag,20100821005028,20100821005028,1,20100821005028,http://cwasteson.skolbloggen.se/tag/bokpresentation/feed/,200,text/xml,https://web.archive.org/web/20100821005028/http://cwasteson.skolbloggen.se/tag/bokpresentation/feed/
http://cwasteson.skolbloggen.se/tag/bruksprosa/,tag,20100821095437,20100821095437,1,20100821095437,http://cwasteson.skolbloggen.se/tag/bruksprosa/,200,text/html,https://web.archive.org/web/20100821095437/http://cwasteson.skolbloggen.se/tag/bruksprosa/
http://cwasteson.skolbloggen.se/tag/bruksprosa/feed/,tag,20100821095452,20100821095452,1,20100821095452,http://cwasteson.skolbloggen.se/tag/bruksprosa/feed/,200,text/xml,https://web.archive.org/web/20100821095452/http://cwasteson.skolbloggen.se/tag/bruksprosa/feed/
http://cwasteson.skolbloggen.se/tag/centrum-for-livsstilsfragor/,tag,20100821093813,20100821093813,1,20100821093813,http://cwasteson.skolbloggen.se/tag/centrum-for-livsstilsfragor/,200,text/html,https://web.archive.org/web/20100821093813/http://cwasteson.skolbloggen.se/tag/centrum-for-livsstilsfragor/
http://cwasteson.skolbloggen.se/tag/centrum-for-livsstilsfragor/feed/,tag,20100821093827,20100821093827,1,20100821093827,http://cwasteson.skolbloggen.se/tag/centrum-for-livsstilsfragor/feed/,200,text/xml,https://web.archive.org/web/20100821093827/http://cwasteson.skolbloggen.se/tag/centrum-for-livsstilsfragor/feed/
http://cwasteson.skolbloggen.se/tag/cicero/,tag,20100821094932,20100821094932,1,20100821094932,http://cwasteson.skolbloggen.se/tag/cicero/,200,text/html,https://web.archive.org/web/20100821094932/http://cwasteson.skolbloggen.se/tag/cicero/
http://cwasteson.skolbloggen.se/tag/cicero/feed/,tag,20100821094944,20100821094944,1,20100821094944,http://cwasteson.skolbloggen.se/tag/cicero/feed/,200,text/xml,https://web.archive.org/web/20100821094944/http://cwasteson.skolbloggen.se/tag/cicero/feed/
http://cwasteson.skolbloggen.se/tag/dag-osterlund/,tag,20100303002106,20100824213524,2,20100824213524,http://cwasteson.skolbloggen.se/tag/dag-osterlund/,200,text/html,https://web.archive.org/web/20100824213524/http://cwasteson.skolbloggen.se/tag/dag-osterlund/
http://cwasteson.skolbloggen.se/tag/dag-osterlund/feed/,tag,20100824213536,20100824213536,1,20100824213536,http://cwasteson.skolbloggen.se/tag/dag-osterlund/feed/,200,text/xml,https://web.archive.org/web/20100824213536/http://cwasteson.skolbloggen.se/tag/dag-osterlund/feed/
http://cwasteson.skolbloggen.se/tag/databaser/,tag,20100821093147,20100821093147,1,20100821093147,http://cwasteson.skolbloggen.se/tag/databaser/,200,text/html,https://web.archive.org/web/20100821093147/http://cwasteson.skolbloggen.se/tag/databaser/
http://cwasteson.skolbloggen.se/tag/databaser/feed/,tag,20100821093202,20100821093202,1,20100821093202,http://cwasteson.skolbloggen.se/tag/databaser/feed/,200,text/xml,https://web.archive.org/web/20100821093202/http://cwasteson.skolbloggen.se/tag/databaser/feed/
http://cwasteson.skolbloggen.se/tag/datoranvandning/,tag,20100621120750,20120126024522,3,20120126024522,http://cwasteson.skolbloggen.se/tag/datoranvandning/,200,text/html,https://web.archive.org/web/20120126024522/http://cwasteson.skolbloggen.se/tag/datoranvandning/
http://cwasteson.skolbloggen.se/tag/datoranvandning/feed/,tag,20100821005053,20100821005053,1,20100821005053,http://cwasteson.skolbloggen.se/tag/datoranvandning/feed/,200,text/xml,https://web.archive.org/web/20100821005053/http://cwasteson.skolbloggen.se/tag/datoranvandning/feed/
http://cwasteson.skolbloggen.se/tag/demokrati/,tag,20100821092659,20100821092659,1,20100821092659,http://cwasteson.skolbloggen.se/tag/demokrati/,200,text/html,https://web.archive.org/web/20100821092659/http://cwasteson.skolbloggen.se/tag/demokrati/
http://cwasteson.skolbloggen.se/tag/demokrati/feed/,tag,20100821092713,20100821092713,1,20100821092713,http://cwasteson.skolbloggen.se/tag/demokrati/feed/,200,text/xml,https://web.archive.org/web/20100821092713/http://cwasteson.skolbloggen.se/tag/demokrati/feed/
http://cwasteson.skolbloggen.se/tag/digital-kompetens/,tag,20100302235821,20120126050334,4,20120126050334,http://cwasteson.skolbloggen.se/tag/digital-kompetens/,200,text/html,https://web.archive.org/web/20120126050334/http://cwasteson.skolbloggen.se/tag/digital-kompetens/
http://cwasteson.skolbloggen.se/tag/digital-kompetens/feed/,tag,20100821005119,20100821005119,1,20100821005119,http://cwasteson.skolbloggen.se/tag/digital-kompetens/feed/,200,text/xml,https://web.archive.org/web/20100821005119/http://cwasteson.skolbloggen.se/tag/digital-kompetens/feed/
http://cwasteson.skolbloggen.se/tag/digital-portfolio/,tag,20100302114115,20120126091949,4,20120126091949,http://cwasteson.skolbloggen.se/tag/digital-portfolio/,200,text/html,https://web.archive.org/web/20120126091949/http://cwasteson.skolbloggen.se/tag/digital-portfolio/
http://cwasteson.skolbloggen.se/tag/digital-portfolio/feed/,tag,20100821005151,20100821005151,1,20100821005151,http://cwasteson.skolbloggen.se/tag/digital-portfolio/feed/,200,text/xml,https://web.archive.org/web/20100821005151/http://cwasteson.skolbloggen.se/tag/digital-portfolio/feed/
http://cwasteson.skolbloggen.se/tag/diskussionsforum/,tag,20100302114119,20100824211650,2,20100824211650,http://cwasteson.skolbloggen.se/tag/diskussionsforum/,200,text/html,https://web.archive.org/web/20100824211650/http://cwasteson.skolbloggen.se/tag/diskussionsforum/
http://cwasteson.skolbloggen.se/tag/diskussionsforum/feed/,tag,20100824211705,20100824211705,1,20100824211705,http://cwasteson.skolbloggen.se/tag/diskussionsforum/feed/,200,text/xml,https://web.archive.org/web/20100824211705/http://cwasteson.skolbloggen.se/tag/diskussionsforum/feed/
http://cwasteson.skolbloggen.se/tag/distansutbildning/,tag,20100303002340,20120126052959,4,20120126052959,http://cwasteson.skolbloggen.se/tag/distansutbildning/,200,text/html,https://web.archive.org/web/20120126052959/http://cwasteson.skolbloggen.se/tag/distansutbildning/
http://cwasteson.skolbloggen.se/tag/distansutbildning/feed/,tag,20100821005227,20100821005227,1,20100821005227,http://cwasteson.skolbloggen.se/tag/distansutbildning/feed/,200,text/xml,https://web.archive.org/web/20100821005227/http://cwasteson.skolbloggen.se/tag/distansutbildning/feed/
http://cwasteson.skolbloggen.se/tag/distribution/,tag,20100303002345,20120126070223,4,20120126070223,http://cwasteson.skolbloggen.se/tag/distribution/,200,text/html,https://web.archive.org/web/20120126070223/http://cwasteson.skolbloggen.se/tag/distribution/
http://cwasteson.skolbloggen.se/tag/distribution/feed/,tag,20100821005301,20100821005301,1,20100821005301,http://cwasteson.skolbloggen.se/tag/distribution/feed/,200,text/xml,https://web.archive.org/web/20100821005301/http://cwasteson.skolbloggen.se/tag/distribution/feed/
http://cwasteson.skolbloggen.se/tag/dokument/,tag,20100821011529,20100821011529,1,20100821011529,http://cwasteson.skolbloggen.se/tag/dokument/,200,text/html,https://web.archive.org/web/20100821011529/http://cwasteson.skolbloggen.se/tag/dokument/
http://cwasteson.skolbloggen.se/tag/dokument/feed/,tag,20100821011543,20100821011543,1,20100821011543,http://cwasteson.skolbloggen.se/tag/dokument/feed/,200,text/xml,https://web.archive.org/web/20100821011543/http://cwasteson.skolbloggen.se/tag/dokument/feed/
http://cwasteson.skolbloggen.se/tag/dokumentation/,tag,20100302121212,20120126090019,4,20120126090019,http://cwasteson.skolbloggen.se/tag/dokumentation/,200,text/html,https://web.archive.org/web/20120126090019/http://cwasteson.skolbloggen.se/tag/dokumentation/
http://cwasteson.skolbloggen.se/tag/dokumentation/feed/,tag,20100821005625,20100821005625,1,20100821005625,http://cwasteson.skolbloggen.se/tag/dokumentation/feed/,200,text/xml,https://web.archive.org/web/20100821005625/http://cwasteson.skolbloggen.se/tag/dokumentation/feed/
http://cwasteson.skolbloggen.se/tag/dunkels/,tag,20100821095821,20100821095821,1,20100821095821,http://cwasteson.skolbloggen.se/tag/dunkels/,200,text/html,https://web.archive.org/web/20100821095821/http://cwasteson.skolbloggen.se/tag/dunkels/
http://cwasteson.skolbloggen.se/tag/dunkels/feed/,tag,20100821095837,20100821095837,1,20100821095837,http://cwasteson.skolbloggen.se/tag/dunkels/feed/,200,text/xml,https://web.archive.org/web/20100821095837/http://cwasteson.skolbloggen.se/tag/dunkels/feed/
http://cwasteson.skolbloggen.se/tag/dysthe/,tag,20100821100235,20100821100235,1,20100821100235,http://cwasteson.skolbloggen.se/tag/dysthe/,200,text/html,https://web.archive.org/web/20100821100235/http://cwasteson.skolbloggen.se/tag/dysthe/
http://cwasteson.skolbloggen.se/tag/dysthe/feed/,tag,20100821100249,20100821100249,1,20100821100249,http://cwasteson.skolbloggen.se/tag/dysthe/feed/,200,text/xml,https://web.archive.org/web/20100821100249/http://cwasteson.skolbloggen.se/tag/dysthe/feed/
http://cwasteson.skolbloggen.se/tag/e-bocker/,tag,20100821093212,20100821093212,1,20100821093212,http://cwasteson.skolbloggen.se/tag/e-bocker/,200,text/html,https://web.archive.org/web/20100821093212/http://cwasteson.skolbloggen.se/tag/e-bocker/
http://cwasteson.skolbloggen.se/tag/e-bocker/feed/,tag,20100821093226,20100821093226,1,20100821093226,http://cwasteson.skolbloggen.se/tag/e-bocker/feed/,200,text/xml,https://web.archive.org/web/20100821093226/http://cwasteson.skolbloggen.se/tag/e-bocker/feed/
http://cwasteson.skolbloggen.se/tag/e-post/,tag,20100821095217,20100821095217,1,20100821095217,http://cwasteson.skolbloggen.se/tag/e-post/,200,text/html,https://web.archive.org/web/20100821095217/http://cwasteson.skolbloggen.se/tag/e-post/
http://cwasteson.skolbloggen.se/tag/e-post/feed/,tag,20100821095230,20100821095230,1,20100821095230,http://cwasteson.skolbloggen.se/tag/e-post/feed/,200,text/xml,https://web.archive.org/web/20100821095230/http://cwasteson.skolbloggen.se/tag/e-post/feed/
http://cwasteson.skolbloggen.se/tag/e/,tag,20100821095154,20100821095154,1,20100821095154,http://cwasteson.skolbloggen.se/tag/e/,200,text/html,https://web.archive.org/web/20100821095154/http://cwasteson.skolbloggen.se/tag/e/
http://cwasteson.skolbloggen.se/tag/e/feed/,tag,20100821095205,20100821095205,1,20100821095205,http://cwasteson.skolbloggen.se/tag/e/feed/,200,text/xml,https://web.archive.org/web/20100821095205/http://cwasteson.skolbloggen.se/tag/e/feed/
http://cwasteson.skolbloggen.se/tag/ellmin/,tag,20100302121231,20120126043608,4,20120126043608,http://cwasteson.skolbloggen.se/tag/ellmin/,200,text/html,https://web.archive.org/web/20120126043608/http://cwasteson.skolbloggen.se/tag/ellmin/
http://cwasteson.skolbloggen.se/tag/ellmin/feed/,tag,20100821005650,20100821005650,1,20100821005650,http://cwasteson.skolbloggen.se/tag/ellmin/feed/,200,text/xml,https://web.archive.org/web/20100821005650/http://cwasteson.skolbloggen.se/tag/ellmin/feed/
http://cwasteson.skolbloggen.se/tag/ergonomi/,tag,20100821092000,20100821092000,1,20100821092000,http://cwasteson.skolbloggen.se/tag/ergonomi/,200,text/html,https://web.archive.org/web/20100821092000/http://cwasteson.skolbloggen.se/tag/ergonomi/
http://cwasteson.skolbloggen.se/tag/ergonomi/feed/,tag,20100821092013,20100821092013,1,20100821092013,http://cwasteson.skolbloggen.se/tag/ergonomi/feed/,200,text/xml,https://web.archive.org/web/20100821092013/http://cwasteson.skolbloggen.se/tag/ergonomi/feed/
http://cwasteson.skolbloggen.se/tag/facebook/,tag,20100621115516,20100821095240,2,20100821095240,http://cwasteson.skolbloggen.se/tag/facebook/,200,text/html,https://web.archive.org/web/20100821095240/http://cwasteson.skolbloggen.se/tag/facebook/
http://cwasteson.skolbloggen.se/tag/facebook/feed/,tag,20100821095254,20100821095254,1,20100821095254,http://cwasteson.skolbloggen.se/tag/facebook/feed/,200,text/xml,https://web.archive.org/web/20100821095254/http://cwasteson.skolbloggen.se/tag/facebook/feed/
http://cwasteson.skolbloggen.se/tag/familj/,tag,20100821093838,20100821093838,1,20100821093838,http://cwasteson.skolbloggen.se/tag/familj/,200,text/html,https://web.archive.org/web/20100821093838/http://cwasteson.skolbloggen.se/tag/familj/
http://cwasteson.skolbloggen.se/tag/familj/feed/,tag,20100821093849,20100821093849,1,20100821093849,http://cwasteson.skolbloggen.se/tag/familj/feed/,200,text/xml,https://web.archive.org/web/20100821093849/http://cwasteson.skolbloggen.se/tag/familj/feed/
http://cwasteson.skolbloggen.se/tag/fardighet/,tag,20100821094301,20100821094301,1,20100821094301,http://cwasteson.skolbloggen.se/tag/fardighet/,200,text/html,https://web.archive.org/web/20100821094301/http://cwasteson.skolbloggen.se/tag/fardighet/
http://cwasteson.skolbloggen.se/tag/fardighet/feed/,tag,20100821094314,20100821094314,1,20100821094314,http://cwasteson.skolbloggen.se/tag/fardighet/feed/,200,text/xml,https://web.archive.org/web/20100821094314/http://cwasteson.skolbloggen.se/tag/fardighet/feed/
http://cwasteson.skolbloggen.se/tag/filandelser/,tag,20100821091808,20100821091808,1,20100821091808,http://cwasteson.skolbloggen.se/tag/filandelser/,200,text/html,https://web.archive.org/web/20100821091808/http://cwasteson.skolbloggen.se/tag/filandelser/
http://cwasteson.skolbloggen.se/tag/filandelser/feed/,tag,20100821091820,20100821091820,1,20100821091820,http://cwasteson.skolbloggen.se/tag/filandelser/feed/,200,text/xml,https://web.archive.org/web/20100821091820/http://cwasteson.skolbloggen.se/tag/filandelser/feed/
http://cwasteson.skolbloggen.se/tag/film/,tag,20100621115522,20120126020148,3,20120126020148,http://cwasteson.skolbloggen.se/tag/film/,200,text/html,https://web.archive.org/web/20120126020148/http://cwasteson.skolbloggen.se/tag/film/
http://cwasteson.skolbloggen.se/tag/film/feed/,tag,20100821005716,20100821005716,1,20100821005716,http://cwasteson.skolbloggen.se/tag/film/feed/,200,text/xml,https://web.archive.org/web/20100821005716/http://cwasteson.skolbloggen.se/tag/film/feed/
http://cwasteson.skolbloggen.se/tag/flash/,tag,20100821092026,20100821092026,1,20100821092026,http://cwasteson.skolbloggen.se/tag/flash/,200,text/html,https://web.archive.org/web/20100821092026/http://cwasteson.skolbloggen.se/tag/flash/
http://cwasteson.skolbloggen.se/tag/flash/feed/,tag,20100821092038,20100821092038,1,20100821092038,http://cwasteson.skolbloggen.se/tag/flash/feed/,200,text/xml,https://web.archive.org/web/20100821092038/http://cwasteson.skolbloggen.se/tag/flash/feed/
http://cwasteson.skolbloggen.se/tag/flickr/,tag,20100621120759,20120126072108,3,20120126072108,http://cwasteson.skolbloggen.se/tag/flickr/,200,text/html,https://web.archive.org/web/20120126072108/http://cwasteson.skolbloggen.se/tag/flickr/
http://cwasteson.skolbloggen.se/tag/flickr/feed/,tag,20100821005740,20100821005740,1,20100821005740,http://cwasteson.skolbloggen.se/tag/flickr/feed/,200,text/xml,https://web.archive.org/web/20100821005740/http://cwasteson.skolbloggen.se/tag/flickr/feed/
http://cwasteson.skolbloggen.se/tag/fonsterhantering/feed/,tag,20100821092100,20100821092100,1,20100821092100,http://cwasteson.skolbloggen.se/tag/fonsterhantering/feed/,200,text/xml,https://web.archive.org/web/20100821092100/http://cwasteson.skolbloggen.se/tag/fonsterhantering/feed/
http://cwasteson.skolbloggen.se/tag/forlatelse/,tag,20100821092237,20100821092237,1,20100821092237,http://cwasteson.skolbloggen.se/tag/forlatelse/,200,text/html,https://web.archive.org/web/20100821092237/http://cwasteson.skolbloggen.se/tag/forlatelse/
http://cwasteson.skolbloggen.se/tag/forlatelse/feed/,tag,20100821092250,20100821092250,1,20100821092250,http://cwasteson.skolbloggen.se/tag/forlatelse/feed/,200,text/xml,https://web.archive.org/web/20100821092250/http://cwasteson.skolbloggen.se/tag/forlatelse/feed/
http://cwasteson.skolbloggen.se/tag/forskning/feed/,tag,20100821095008,20100821095008,1,20100821095008,http://cwasteson.skolbloggen.se/tag/forskning/feed/,200,text/xml,https://web.archive.org/web/20100821095008/http://cwasteson.skolbloggen.se/tag/forskning/feed/
http://cwasteson.skolbloggen.se/tag/forteckningar/,tag,20100821095720,20100821095720,1,20100821095720,http://cwasteson.skolbloggen.se/tag/forteckningar/,200,text/html,https://web.archive.org/web/20100821095720/http://cwasteson.skolbloggen.se/tag/forteckningar/
http://cwasteson.skolbloggen.se/tag/foto/,tag,20100621120808,20120126085713,3,20120126085713,http://cwasteson.skolbloggen.se/tag/foto/,200,text/html,https://web.archive.org/web/20120126085713/http://cwasteson.skolbloggen.se/tag/foto/
http://cwasteson.skolbloggen.se/tag/foto/feed/,tag,20100821005807,20100821005807,1,20100821005807,http://cwasteson.skolbloggen.se/tag/foto/feed/,200,text/xml,https://web.archive.org/web/20100821005807/http://cwasteson.skolbloggen.se/tag/foto/feed/
http://cwasteson.skolbloggen.se/tag/framtidsvision/,tag,20100821093903,20100821093903,1,20100821093903,http://cwasteson.skolbloggen.se/tag/framtidsvision/,200,text/html,https://web.archive.org/web/20100821093903/http://cwasteson.skolbloggen.se/tag/framtidsvision/
http://cwasteson.skolbloggen.se/tag/framtidsvision/feed/,tag,20100821093916,20100821093916,1,20100821093916,http://cwasteson.skolbloggen.se/tag/framtidsvision/feed/,200,text/xml,https://web.archive.org/web/20100821093916/http://cwasteson.skolbloggen.se/tag/framtidsvision/feed/
http://cwasteson.skolbloggen.se/tag/fundering/,tag,20100821093444,20100821093444,1,20100821093444,http://cwasteson.skolbloggen.se/tag/fundering/,200,text/html,https://web.archive.org/web/20100821093444/http://cwasteson.skolbloggen.se/tag/fundering/
http://cwasteson.skolbloggen.se/tag/google-docs/,tag,20100821011552,20100821011552,1,20100821011552,http://cwasteson.skolbloggen.se/tag/google-docs/,200,text/html,https://web.archive.org/web/20100821011552/http://cwasteson.skolbloggen.se/tag/google-docs/
http://cwasteson.skolbloggen.se/tag/google-dokuments/feed/,tag,20100821011629,20100821011629,1,20100821011629,http://cwasteson.skolbloggen.se/tag/google-dokuments/feed/,200,text/xml,https://web.archive.org/web/20100821011629/http://cwasteson.skolbloggen.se/tag/google-dokuments/feed/
http://cwasteson.skolbloggen.se/tag/google/,tag,20100621120812,20120126043332,3,20120126043332,http://cwasteson.skolbloggen.se/tag/google/,200,text/html,https://web.archive.org/web/20120126043332/http://cwasteson.skolbloggen.se/tag/google/
http://cwasteson.skolbloggen.se/tag/google/feed/,tag,20100821005856,20100821005856,1,20100821005856,http://cwasteson.skolbloggen.se/tag/google/feed/,200,text/xml,https://web.archive.org/web/20100821005856/http://cwasteson.skolbloggen.se/tag/google/feed/
http://cwasteson.skolbloggen.se/tag/gratis-verktyg/,tag,20100821093047,20100821093047,1,20100821093047,http://cwasteson.skolbloggen.se/tag/gratis-verktyg/,200,text/html,https://web.archive.org/web/20100821093047/http://cwasteson.skolbloggen.se/tag/gratis-verktyg/
http://cwasteson.skolbloggen.se/tag/grooming/,tag,20100821011411,20100821011411,1,20100821011411,http://cwasteson.skolbloggen.se/tag/grooming/,200,text/html,https://web.archive.org/web/20100821011411/http://cwasteson.skolbloggen.se/tag/grooming/
http://cwasteson.skolbloggen.se/tag/grooming/feed/,tag,20100821011432,20100821011432,1,20100821011432,http://cwasteson.skolbloggen.se/tag/grooming/feed/,200,text/xml,https://web.archive.org/web/20100821011432/http://cwasteson.skolbloggen.se/tag/grooming/feed/
http://cwasteson.skolbloggen.se/tag/grupparbete/,tag,20100302232541,20100302232541,1,20100302232541,http://cwasteson.skolbloggen.se:80/tag/grupparbete/,200,text/html,https://web.archive.org/web/20100302232541/http://cwasteson.skolbloggen.se:80/tag/grupparbete/
http://cwasteson.skolbloggen.se/tag/hantera/,tag,20100821011927,20100821011927,1,20100821011927,http://cwasteson.skolbloggen.se/tag/hantera/,200,text/html,https://web.archive.org/web/20100821011927/http://cwasteson.skolbloggen.se/tag/hantera/
http://cwasteson.skolbloggen.se/tag/hantera/feed/,tag,20100821091358,20100821091358,1,20100821091358,http://cwasteson.skolbloggen.se/tag/hantera/feed/,200,text/xml,https://web.archive.org/web/20100821091358/http://cwasteson.skolbloggen.se/tag/hantera/feed/
http://cwasteson.skolbloggen.se/tag/hertzberg/feed/,tag,20100821100312,20100821100312,1,20100821100312,http://cwasteson.skolbloggen.se/tag/hertzberg/feed/,200,text/xml,https://web.archive.org/web/20100821100312/http://cwasteson.skolbloggen.se/tag/hertzberg/feed/
http://cwasteson.skolbloggen.se/tag/humla/,tag,20100821011644,20100821011644,1,20100821011644,http://cwasteson.skolbloggen.se/tag/humla/,200,text/html,https://web.archive.org/web/20100821011644/http://cwasteson.skolbloggen.se/tag/humla/
http://cwasteson.skolbloggen.se/tag/humla/feed/,tag,20100821011657,20100821011657,1,20100821011657,http://cwasteson.skolbloggen.se/tag/humla/feed/,200,text/xml,https://web.archive.org/web/20100821011657/http://cwasteson.skolbloggen.se/tag/humla/feed/
http://cwasteson.skolbloggen.se/tag/humor/,tag,20100821093555,20100821093555,1,20100821093555,http://cwasteson.skolbloggen.se/tag/humor/,200,text/html,https://web.archive.org/web/20100821093555/http://cwasteson.skolbloggen.se/tag/humor/
http://cwasteson.skolbloggen.se/tag/humor/feed/,tag,20100821093607,20100821093607,1,20100821093607,http://cwasteson.skolbloggen.se/tag/humor/feed/,200,text/xml,https://web.archive.org/web/20100821093607/http://cwasteson.skolbloggen.se/tag/humor/feed/
http://cwasteson.skolbloggen.se/tag/hund/,tag,20100821093618,20100821093618,1,20100821093618,http://cwasteson.skolbloggen.se/tag/hund/,200,text/html,https://web.archive.org/web/20100821093618/http://cwasteson.skolbloggen.se/tag/hund/
http://cwasteson.skolbloggen.se/tag/hund/feed/,tag,20100821093628,20100821093628,1,20100821093628,http://cwasteson.skolbloggen.se/tag/hund/feed/,200,text/xml,https://web.archive.org/web/20100821093628/http://cwasteson.skolbloggen.se/tag/hund/feed/
http://cwasteson.skolbloggen.se/tag/hyperlankar/,tag,20100302131552,20100824213549,2,20100824213549,http://cwasteson.skolbloggen.se/tag/hyperlankar/,200,text/html,https://web.archive.org/web/20100824213549/http://cwasteson.skolbloggen.se/tag/hyperlankar/
http://cwasteson.skolbloggen.se/tag/hyperlankar/feed/,tag,20100824213600,20100824213600,1,20100824213600,http://cwasteson.skolbloggen.se/tag/hyperlankar/feed/,200,text/xml,https://web.archive.org/web/20100824213600/http://cwasteson.skolbloggen.se/tag/hyperlankar/feed/
http://cwasteson.skolbloggen.se/tag/ikt/,tag,20100820163618,20100820163618,1,20100820163618,http://cwasteson.skolbloggen.se/tag/ikt/,200,text/html,https://web.archive.org/web/20100820163618/http://cwasteson.skolbloggen.se/tag/ikt/
http://cwasteson.skolbloggen.se/tag/ikt/feed/,tag,20100820163634,20100820163634,1,20100820163634,http://cwasteson.skolbloggen.se/tag/ikt/feed/,200,text/xml,https://web.archive.org/web/20100820163634/http://cwasteson.skolbloggen.se/tag/ikt/feed/
http://cwasteson.skolbloggen.se/tag/illustrera/,tag,20100821095919,20100821095919,1,20100821095919,http://cwasteson.skolbloggen.se/tag/illustrera/,200,text/html,https://web.archive.org/web/20100821095919/http://cwasteson.skolbloggen.se/tag/illustrera/
http://cwasteson.skolbloggen.se/tag/imagechef/,tag,20100821091557,20100821091557,1,20100821091557,http://cwasteson.skolbloggen.se/tag/imagechef/,200,text/html,https://web.archive.org/web/20100821091557/http://cwasteson.skolbloggen.se/tag/imagechef/
http://cwasteson.skolbloggen.se/tag/imagechef/feed/,tag,20100821091608,20100821091608,1,20100821091608,http://cwasteson.skolbloggen.se/tag/imagechef/feed/,200,text/xml,https://web.archive.org/web/20100821091608/http://cwasteson.skolbloggen.se/tag/imagechef/feed/
http://cwasteson.skolbloggen.se/tag/informationskompetens/feed/,tag,20100821094334,20100821094334,1,20100821094334,http://cwasteson.skolbloggen.se/tag/informationskompetens/feed/,200,text/xml,https://web.archive.org/web/20100821094334/http://cwasteson.skolbloggen.se/tag/informationskompetens/feed/
http://cwasteson.skolbloggen.se/tag/installningar/feed/,tag,20100821094627,20100821094627,1,20100821094627,http://cwasteson.skolbloggen.se/tag/installningar/feed/,200,text/xml,https://web.archive.org/web/20100821094627/http://cwasteson.skolbloggen.se/tag/installningar/feed/
http://cwasteson.skolbloggen.se/tag/instruktionsfilm/,tag,20100302131618,20100824213415,2,20100824213415,http://cwasteson.skolbloggen.se/tag/instruktionsfilm/,200,text/html,https://web.archive.org/web/20100824213415/http://cwasteson.skolbloggen.se/tag/instruktionsfilm/
http://cwasteson.skolbloggen.se/tag/instruktionsfilm/feed/,tag,20100824213426,20100824213426,1,20100824213426,http://cwasteson.skolbloggen.se/tag/instruktionsfilm/feed/,200,text/xml,https://web.archive.org/web/20100824213426/http://cwasteson.skolbloggen.se/tag/instruktionsfilm/feed/
http://cwasteson.skolbloggen.se/tag/integritet/,tag,20100820163237,20100820163237,1,20100820163237,http://cwasteson.skolbloggen.se/tag/integritet/,200,text/html,https://web.archive.org/web/20100820163237/http://cwasteson.skolbloggen.se/tag/integritet/
http://cwasteson.skolbloggen.se/tag/integritet/feed/,tag,20100820163250,20100820163250,1,20100820163250,http://cwasteson.skolbloggen.se/tag/integritet/feed/,200,text/xml,https://web.archive.org/web/20100820163250/http://cwasteson.skolbloggen.se/tag/integritet/feed/
http://cwasteson.skolbloggen.se/tag/intelligens/,tag,20100821003334,20100821003334,1,20100821003334,http://cwasteson.skolbloggen.se/tag/intelligens/,200,text/html,https://web.archive.org/web/20100821003334/http://cwasteson.skolbloggen.se/tag/intelligens/
http://cwasteson.skolbloggen.se/tag/intelligens/feed/,tag,20100821003347,20100821003347,1,20100821003347,http://cwasteson.skolbloggen.se/tag/intelligens/feed/,200,text/xml,https://web.archive.org/web/20100821003347/http://cwasteson.skolbloggen.se/tag/intelligens/feed/
http://cwasteson.skolbloggen.se/tag/internet/,tag,20100621120817,20120126093913,3,20120126093913,http://cwasteson.skolbloggen.se/tag/internet/,200,text/html,https://web.archive.org/web/20120126093913/http://cwasteson.skolbloggen.se/tag/internet/
http://cwasteson.skolbloggen.se/tag/internet/feed/,tag,20100820163314,20100820163314,1,20100820163314,http://cwasteson.skolbloggen.se/tag/internet/feed/,200,text/xml,https://web.archive.org/web/20100820163314/http://cwasteson.skolbloggen.se/tag/internet/feed/
http://cwasteson.skolbloggen.se/tag/it/,tag,20100621115527,20120126062601,3,20120126062601,http://cwasteson.skolbloggen.se/tag/it/,200,text/html,https://web.archive.org/web/20120126062601/http://cwasteson.skolbloggen.se/tag/it/
http://cwasteson.skolbloggen.se/tag/it/feed/,tag,20100821005918,20100821005918,1,20100821005918,http://cwasteson.skolbloggen.se/tag/it/feed/,200,text/xml,https://web.archive.org/web/20100821005918/http://cwasteson.skolbloggen.se/tag/it/feed/
http://cwasteson.skolbloggen.se/tag/kanslisprak/,tag,20100821092724,20100821092724,1,20100821092724,http://cwasteson.skolbloggen.se/tag/kanslisprak/,200,text/html,https://web.archive.org/web/20100821092724/http://cwasteson.skolbloggen.se/tag/kanslisprak/
http://cwasteson.skolbloggen.se/tag/kanslisprak/feed/,tag,20100821092738,20100821092738,1,20100821092738,http://cwasteson.skolbloggen.se/tag/kanslisprak/feed/,200,text/xml,https://web.archive.org/web/20100821092738/http://cwasteson.skolbloggen.se/tag/kanslisprak/feed/
http://cwasteson.skolbloggen.se/tag/ken-robinson/,tag,20100821003357,20100821003357,1,20100821003357,http://cwasteson.skolbloggen.se/tag/ken-robinson/,200,text/html,https://web.archive.org/web/20100821003357/http://cwasteson.skolbloggen.se/tag/ken-robinson/
http://cwasteson.skolbloggen.se/tag/ken-robinson/feed/,tag,20100821003412,20100821003412,1,20100821003412,http://cwasteson.skolbloggen.se/tag/ken-robinson/feed/,200,text/xml,https://web.archive.org/web/20100821003412/http://cwasteson.skolbloggen.se/tag/ken-robinson/feed/
http://cwasteson.skolbloggen.se/tag/klipp-och-klistra/,tag,20100821095415,20100821095415,1,20100821095415,http://cwasteson.skolbloggen.se/tag/klipp-och-klistra/,200,text/html,https://web.archive.org/web/20100821095415/http://cwasteson.skolbloggen.se/tag/klipp-och-klistra/
http://cwasteson.skolbloggen.se/tag/klipp-och-klistra/feed/,tag,20100821095428,20100821095428,1,20100821095428,http://cwasteson.skolbloggen.se/tag/klipp-och-klistra/feed/,200,text/xml,https://web.archive.org/web/20100821095428/http://cwasteson.skolbloggen.se/tag/klipp-och-klistra/feed/
http://cwasteson.skolbloggen.se/tag/kolla-kallan/feed/,tag,20100821094355,20100821094355,1,20100821094355,http://cwasteson.skolbloggen.se/tag/kolla-kallan/feed/,200,text/xml,https://web.archive.org/web/20100821094355/http://cwasteson.skolbloggen.se/tag/kolla-kallan/feed/
http://cwasteson.skolbloggen.se/tag/kommentarsfunktion/,tag,20100821095943,20100821095943,1,20100821095943,http://cwasteson.skolbloggen.se/tag/kommentarsfunktion/,200,text/html,https://web.archive.org/web/20100821095943/http://cwasteson.skolbloggen.se/tag/kommentarsfunktion/
http://cwasteson.skolbloggen.se/tag/konsroll/,tag,20120126084002,20120126084002,1,20120126084002,http://cwasteson.skolbloggen.se/tag/konsroll/,200,text/html,https://web.archive.org/web/20120126084002/http://cwasteson.skolbloggen.se/tag/konsroll/
http://cwasteson.skolbloggen.se/tag/kreativitet/,tag,20100621120822,20120126033632,3,20120126033632,http://cwasteson.skolbloggen.se/tag/kreativitet/,200,text/html,https://web.archive.org/web/20120126033632/http://cwasteson.skolbloggen.se/tag/kreativitet/
http://cwasteson.skolbloggen.se/tag/kunskap/,tag,20100821094403,20100821094403,1,20100821094403,http://cwasteson.skolbloggen.se/tag/kunskap/,200,text/html,https://web.archive.org/web/20100821094403/http://cwasteson.skolbloggen.se/tag/kunskap/
http://cwasteson.skolbloggen.se/tag/kunskap/feed/,tag,20100821094416,20100821094416,1,20100821094416,http://cwasteson.skolbloggen.se/tag/kunskap/feed/,200,text/xml,https://web.archive.org/web/20100821094416/http://cwasteson.skolbloggen.se/tag/kunskap/feed/
http://cwasteson.skolbloggen.se/tag/kursmal/,tag,20100302232546,20120126004153,4,20120126004153,http://cwasteson.skolbloggen.se/tag/kursmal/,200,text/html,https://web.archive.org/web/20120126004153/http://cwasteson.skolbloggen.se/tag/kursmal/
http://cwasteson.skolbloggen.se/tag/kursmal/feed/,tag,20100821005943,20100821005943,1,20100821005943,http://cwasteson.skolbloggen.se/tag/kursmal/feed/,200,text/xml,https://web.archive.org/web/20100821005943/http://cwasteson.skolbloggen.se/tag/kursmal/feed/
http://cwasteson.skolbloggen.se/tag/kvinnor/,tag,20120126024459,20120126024459,1,20120126024459,http://cwasteson.skolbloggen.se/tag/kvinnor/,200,text/html,https://web.archive.org/web/20120126024459/http://cwasteson.skolbloggen.se/tag/kvinnor/
http://cwasteson.skolbloggen.se/tag/kyckling/,tag,20100821093640,20100821093640,1,20100821093640,http://cwasteson.skolbloggen.se/tag/kyckling/,200,text/html,https://web.archive.org/web/20100821093640/http://cwasteson.skolbloggen.se/tag/kyckling/
http://cwasteson.skolbloggen.se/tag/kyckling/feed/,tag,20100821093653,20100821093653,1,20100821093653,http://cwasteson.skolbloggen.se/tag/kyckling/feed/,200,text/xml,https://web.archive.org/web/20100821093653/http://cwasteson.skolbloggen.se/tag/kyckling/feed/
http://cwasteson.skolbloggen.se/tag/lamplighetstest/,tag,20100821100213,20100821100213,1,20100821100213,http://cwasteson.skolbloggen.se/tag/lamplighetstest/,200,text/html,https://web.archive.org/web/20100821100213/http://cwasteson.skolbloggen.se/tag/lamplighetstest/
http://cwasteson.skolbloggen.se/tag/lamplighetstest/feed/,tag,20100821100223,20100821100223,1,20100821100223,http://cwasteson.skolbloggen.se/tag/lamplighetstest/feed/,200,text/xml,https://web.archive.org/web/20100821100223/http://cwasteson.skolbloggen.se/tag/lamplighetstest/feed/
http://cwasteson.skolbloggen.se/tag/lankar/,tag,20100821100009,20100821100009,1,20100821100009,http://cwasteson.skolbloggen.se/tag/lankar/,200,text/html,https://web.archive.org/web/20100821100009/http://cwasteson.skolbloggen.se/tag/lankar/
http://cwasteson.skolbloggen.se/tag/lankar/feed/,tag,20100821100019,20100821100019,1,20100821100019,http://cwasteson.skolbloggen.se/tag/lankar/feed/,200,text/xml,https://web.archive.org/web/20100821100019/http://cwasteson.skolbloggen.se/tag/lankar/feed/
http://cwasteson.skolbloggen.se/tag/larare/,tag,20100621120833,20120126080327,3,20120126080327,http://cwasteson.skolbloggen.se/tag/larare/,200,text/html,https://web.archive.org/web/20120126080327/http://cwasteson.skolbloggen.se/tag/larare/
http://cwasteson.skolbloggen.se/tag/larare/feed/,tag,20100821010010,20100821010010,1,20100821010010,http://cwasteson.skolbloggen.se/tag/larare/feed/,200,text/xml,https://web.archive.org/web/20100821010010/http://cwasteson.skolbloggen.se/tag/larare/feed/
http://cwasteson.skolbloggen.se/tag/larplattform/,tag,20100303010301,20100303010301,1,20100303010301,http://cwasteson.skolbloggen.se:80/tag/larplattform/,200,text/html,https://web.archive.org/web/20100303010301/http://cwasteson.skolbloggen.se:80/tag/larplattform/
http://cwasteson.skolbloggen.se/tag/lars-lagergren/,tag,20100821093949,20100821093949,1,20100821093949,http://cwasteson.skolbloggen.se/tag/lars-lagergren/,200,text/html,https://web.archive.org/web/20100821093949/http://cwasteson.skolbloggen.se/tag/lars-lagergren/
http://cwasteson.skolbloggen.se/tag/lars-lagergren/feed/,tag,20100821094004,20100821094004,1,20100821094004,http://cwasteson.skolbloggen.se/tag/lars-lagergren/feed/,200,text/xml,https://web.archive.org/web/20100821094004/http://cwasteson.skolbloggen.se/tag/lars-lagergren/feed/
http://cwasteson.skolbloggen.se/tag/lasvanligt/feed/,tag,20100821092829,20100821092829,1,20100821092829,http://cwasteson.skolbloggen.se/tag/lasvanligt/feed/,200,text/xml,https://web.archive.org/web/20100821092829/http://cwasteson.skolbloggen.se/tag/lasvanligt/feed/
http://cwasteson.skolbloggen.se/tag/lenz-taguchi/,tag,20100302114554,20100302114554,1,20100302114554,http://cwasteson.skolbloggen.se:80/tag/lenz-taguchi/,200,text/html,https://web.archive.org/web/20100302114554/http://cwasteson.skolbloggen.se:80/tag/lenz-taguchi/
http://cwasteson.skolbloggen.se/tag/ljud/feed/,tag,20100821100046,20100821100046,1,20100821100046,http://cwasteson.skolbloggen.se/tag/ljud/feed/,200,text/xml,https://web.archive.org/web/20100821100046/http://cwasteson.skolbloggen.se/tag/ljud/feed/
http://cwasteson.skolbloggen.se/tag/loggbok/,tag,20100303010742,20100824211718,2,20100824211718,http://cwasteson.skolbloggen.se/tag/loggbok/,200,text/html,https://web.archive.org/web/20100824211718/http://cwasteson.skolbloggen.se/tag/loggbok/
http://cwasteson.skolbloggen.se/tag/loggbok/feed/,tag,20100824211741,20100824211741,1,20100824211741,http://cwasteson.skolbloggen.se/tag/loggbok/feed/,200,text/xml,https://web.archive.org/web/20100824211741/http://cwasteson.skolbloggen.se/tag/loggbok/feed/
http://cwasteson.skolbloggen.se/tag/lokensgard-hoel/,tag,20100821100323,20100821100323,1,20100821100323,http://cwasteson.skolbloggen.se/tag/lokensgard-hoel/,200,text/html,https://web.archive.org/web/20100821100323/http://cwasteson.skolbloggen.se/tag/lokensgard-hoel/
http://cwasteson.skolbloggen.se/tag/lokensgard-hoel/feed/,tag,20100824211640,20100824211640,1,20100824211640,http://cwasteson.skolbloggen.se/tag/lokensgard-hoel/feed/,200,text/xml,https://web.archive.org/web/20100824211640/http://cwasteson.skolbloggen.se/tag/lokensgard-hoel/feed/
http://cwasteson.skolbloggen.se/tag/malsman/,tag,20100621115532,20120126002522,3,20120126002522,http://cwasteson.skolbloggen.se/tag/malsman/,200,text/html,https://web.archive.org/web/20120126002522/http://cwasteson.skolbloggen.se/tag/malsman/
http://cwasteson.skolbloggen.se/tag/malsman/feed/,tag,20100821010032,20100821010032,1,20100821010032,http://cwasteson.skolbloggen.se/tag/malsman/feed/,200,text/xml,https://web.archive.org/web/20100821010032/http://cwasteson.skolbloggen.se/tag/malsman/feed/
http://cwasteson.skolbloggen.se/tag/medier/,tag,20100820163658,20120126061408,2,20120126061408,http://cwasteson.skolbloggen.se/tag/medier/,200,text/html,https://web.archive.org/web/20120126061408/http://cwasteson.skolbloggen.se/tag/medier/
http://cwasteson.skolbloggen.se/tag/medier/feed/,tag,20100820163717,20100820163717,1,20100820163717,http://cwasteson.skolbloggen.se/tag/medier/feed/,200,text/xml,https://web.archive.org/web/20100820163717/http://cwasteson.skolbloggen.se/tag/medier/feed/
http://cwasteson.skolbloggen.se/tag/medieradet/,tag,20100821003227,20100821003227,1,20100821003227,http://cwasteson.skolbloggen.se/tag/medieradet/,200,text/html,https://web.archive.org/web/20100821003227/http://cwasteson.skolbloggen.se/tag/medieradet/
http://cwasteson.skolbloggen.se/tag/menyer/,tag,20100821092112,20100821092112,1,20100821092112,http://cwasteson.skolbloggen.se/tag/menyer/,200,text/html,https://web.archive.org/web/20100821092112/http://cwasteson.skolbloggen.se/tag/menyer/
http://cwasteson.skolbloggen.se/tag/metakunskap/,tag,20100821095503,20100821095503,1,20100821095503,http://cwasteson.skolbloggen.se/tag/metakunskap/,200,text/html,https://web.archive.org/web/20100821095503/http://cwasteson.skolbloggen.se/tag/metakunskap/
http://cwasteson.skolbloggen.se/tag/metakunskap/feed/,tag,20100821095515,20100821095515,1,20100821095515,http://cwasteson.skolbloggen.se/tag/metakunskap/feed/,200,text/xml,https://web.archive.org/web/20100821095515/http://cwasteson.skolbloggen.se/tag/metakunskap/feed/
http://cwasteson.skolbloggen.se/tag/miljodebatt/,tag,20100821100148,20100821100148,1,20100821100148,http://cwasteson.skolbloggen.se/tag/miljodebatt/,200,text/html,https://web.archive.org/web/20100821100148/http://cwasteson.skolbloggen.se/tag/miljodebatt/
http://cwasteson.skolbloggen.se/tag/millenniemal/,tag,20120126014206,20120126014206,1,20120126014206,http://cwasteson.skolbloggen.se/tag/millenniemal/,200,text/html,https://web.archive.org/web/20120126014206/http://cwasteson.skolbloggen.se/tag/millenniemal/
http://cwasteson.skolbloggen.se/tag/mindmap/feed/,tag,20100821011717,20100821011717,1,20100821011717,http://cwasteson.skolbloggen.se/tag/mindmap/feed/,200,text/xml,https://web.archive.org/web/20100821011717/http://cwasteson.skolbloggen.se/tag/mindmap/feed/
http://cwasteson.skolbloggen.se/tag/motivation/,tag,20100821091726,20100821091726,1,20100821091726,http://cwasteson.skolbloggen.se/tag/motivation/,200,text/html,https://web.archive.org/web/20100821091726/http://cwasteson.skolbloggen.se/tag/motivation/
http://cwasteson.skolbloggen.se/tag/motivation/feed/,tag,20100821091738,20100821091738,1,20100821091738,http://cwasteson.skolbloggen.se/tag/motivation/feed/,200,text/xml,https://web.archive.org/web/20100821091738/http://cwasteson.skolbloggen.se/tag/motivation/feed/
http://cwasteson.skolbloggen.se/tag/multimediabyran/,tag,20100303004105,20120126044432,4,20120126044432,http://cwasteson.skolbloggen.se/tag/multimediabyran/,200,text/html,https://web.archive.org/web/20120126044432/http://cwasteson.skolbloggen.se/tag/multimediabyran/
http://cwasteson.skolbloggen.se/tag/multimediabyran/feed/,tag,20100821010055,20100821010055,1,20100821010055,http://cwasteson.skolbloggen.se/tag/multimediabyran/feed/,200,text/xml,https://web.archive.org/web/20100821010055/http://cwasteson.skolbloggen.se/tag/multimediabyran/feed/
http://cwasteson.skolbloggen.se/tag/musik/,tag,20100821092323,20100821092323,1,20100821092323,http://cwasteson.skolbloggen.se/tag/musik/,200,text/html,https://web.archive.org/web/20100821092323/http://cwasteson.skolbloggen.se/tag/musik/
http://cwasteson.skolbloggen.se/tag/natkulturer/,tag,20100821011444,20100821011444,1,20100821011444,http://cwasteson.skolbloggen.se/tag/natkulturer/,200,text/html,https://web.archive.org/web/20100821011444/http://cwasteson.skolbloggen.se/tag/natkulturer/
http://cwasteson.skolbloggen.se/tag/natkulturer/feed/,tag,20100821011456,20100821011456,1,20100821011456,http://cwasteson.skolbloggen.se/tag/natkulturer/feed/,200,text/xml,https://web.archive.org/web/20100821011456/http://cwasteson.skolbloggen.se/tag/natkulturer/feed/
http://cwasteson.skolbloggen.se/tag/natmobbing/,tag,20100821011507,20100821011507,1,20100821011507,http://cwasteson.skolbloggen.se/tag/natmobbing/,200,text/html,https://web.archive.org/web/20100821011507/http://cwasteson.skolbloggen.se/tag/natmobbing/
http://cwasteson.skolbloggen.se/tag/naturskildring/,tag,20100821093513,20100821093513,1,20100821093513,http://cwasteson.skolbloggen.se/tag/naturskildring/,200,text/html,https://web.archive.org/web/20100821093513/http://cwasteson.skolbloggen.se/tag/naturskildring/
http://cwasteson.skolbloggen.se/tag/naturskildring/feed/,tag,20100821093522,20100821093522,1,20100821093522,http://cwasteson.skolbloggen.se/tag/naturskildring/feed/,200,text/xml,https://web.archive.org/web/20100821093522/http://cwasteson.skolbloggen.se/tag/naturskildring/feed/
http://cwasteson.skolbloggen.se/tag/naturupplevelse/,tag,20100821093534,20100821093534,1,20100821093534,http://cwasteson.skolbloggen.se/tag/naturupplevelse/,200,text/html,https://web.archive.org/web/20100821093534/http://cwasteson.skolbloggen.se/tag/naturupplevelse/
http://cwasteson.skolbloggen.se/tag/naturupplevelse/feed/,tag,20100821093546,20100821093546,1,20100821093546,http://cwasteson.skolbloggen.se/tag/naturupplevelse/feed/,200,text/xml,https://web.archive.org/web/20100821093546/http://cwasteson.skolbloggen.se/tag/naturupplevelse/feed/
http://cwasteson.skolbloggen.se/tag/ning/,tag,20100621120842,20120126070438,3,20120126070438,http://cwasteson.skolbloggen.se/tag/ning/,200,text/html,https://web.archive.org/web/20120126070438/http://cwasteson.skolbloggen.se/tag/ning/
http://cwasteson.skolbloggen.se/tag/ning/feed/,tag,20100821010119,20100821010119,1,20100821010119,http://cwasteson.skolbloggen.se/tag/ning/feed/,200,text/xml,https://web.archive.org/web/20100821010119/http://cwasteson.skolbloggen.se/tag/ning/feed/
http://cwasteson.skolbloggen.se/tag/nyhetsbrev/,tag,20100621115538,20120126055408,3,20120126055408,http://cwasteson.skolbloggen.se/tag/nyhetsbrev/,200,text/html,https://web.archive.org/web/20120126055408/http://cwasteson.skolbloggen.se/tag/nyhetsbrev/
http://cwasteson.skolbloggen.se/tag/nyhetsbrev/feed/,tag,20100821010142,20100821010142,1,20100821010142,http://cwasteson.skolbloggen.se/tag/nyhetsbrev/feed/,200,text/xml,https://web.archive.org/web/20100821010142/http://cwasteson.skolbloggen.se/tag/nyhetsbrev/feed/
http://cwasteson.skolbloggen.se/tag/osterlund/,tag,20100303010747,20100824213705,2,20100824213705,http://cwasteson.skolbloggen.se/tag/osterlund/,200,text/html,https://web.archive.org/web/20100824213705/http://cwasteson.skolbloggen.se/tag/osterlund/
http://cwasteson.skolbloggen.se/tag/osterlund/feed/,tag,20100824213718,20100824213718,1,20100824213718,http://cwasteson.skolbloggen.se/tag/osterlund/feed/,200,text/xml,https://web.archive.org/web/20100824213718/http://cwasteson.skolbloggen.se/tag/osterlund/feed/
http://cwasteson.skolbloggen.se/tag/pedagogisk-dokumentation/,tag,20100303010306,20120126013730,4,20120126013730,http://cwasteson.skolbloggen.se/tag/pedagogisk-dokumentation/,200,text/html,https://web.archive.org/web/20120126013730/http://cwasteson.skolbloggen.se/tag/pedagogisk-dokumentation/
http://cwasteson.skolbloggen.se/tag/pedagogisk-dokumentation/feed/,tag,20100821010231,20100821010231,1,20100821010231,http://cwasteson.skolbloggen.se/tag/pedagogisk-dokumentation/feed/,200,text/xml,https://web.archive.org/web/20100821010231/http://cwasteson.skolbloggen.se/tag/pedagogisk-dokumentation/feed/
http://cwasteson.skolbloggen.se/tag/pedagogiska-rad/,tag,20100621115543,20120126001317,3,20120126001317,http://cwasteson.skolbloggen.se/tag/pedagogiska-rad/,200,text/html,https://web.archive.org/web/20120126001317/http://cwasteson.skolbloggen.se/tag/pedagogiska-rad/
http://cwasteson.skolbloggen.se/tag/pedagogiska-rad/feed/,tag,20100821010208,20100821010208,1,20100821010208,http://cwasteson.skolbloggen.se/tag/pedagogiska-rad/feed/,200,text/xml,https://web.archive.org/web/20100821010208/http://cwasteson.skolbloggen.se/tag/pedagogiska-rad/feed/
http://cwasteson.skolbloggen.se/tag/photofiltre/feed/,tag,20100821011852,20100821011852,1,20100821011852,http://cwasteson.skolbloggen.se/tag/photofiltre/feed/,200,text/xml,https://web.archive.org/web/20100821011852/http://cwasteson.skolbloggen.se/tag/photofiltre/feed/
http://cwasteson.skolbloggen.se/tag/pim/,tag,20100621121600,20120126003939,3,20120126003939,http://cwasteson.skolbloggen.se/tag/pim/,200,text/html,https://web.archive.org/web/20120126003939/http://cwasteson.skolbloggen.se/tag/pim/
http://cwasteson.skolbloggen.se/tag/pitbull/feed/,tag,20100821093732,20100821093732,1,20100821093732,http://cwasteson.skolbloggen.se/tag/pitbull/feed/,200,text/xml,https://web.archive.org/web/20100821093732/http://cwasteson.skolbloggen.se/tag/pitbull/feed/
http://cwasteson.skolbloggen.se/tag/planering/,tag,20100302232551,20100824211759,2,20100824211759,http://cwasteson.skolbloggen.se/tag/planering/,200,text/html,https://web.archive.org/web/20100824211759/http://cwasteson.skolbloggen.se/tag/planering/
http://cwasteson.skolbloggen.se/tag/planering/feed/,tag,20100824211818,20100824211818,1,20100824211818,http://cwasteson.skolbloggen.se/tag/planering/feed/,200,text/xml,https://web.archive.org/web/20100824211818/http://cwasteson.skolbloggen.se/tag/planering/feed/
http://cwasteson.skolbloggen.se/tag/plugin/,tag,20100303000706,20100824213329,2,20100824213329,http://cwasteson.skolbloggen.se/tag/plugin/,200,text/html,https://web.archive.org/web/20100824213329/http://cwasteson.skolbloggen.se/tag/plugin/
http://cwasteson.skolbloggen.se/tag/plugin/feed/,tag,20100824213341,20100824213341,1,20100824213341,http://cwasteson.skolbloggen.se/tag/plugin/feed/,200,text/xml,https://web.archive.org/web/20100824213341/http://cwasteson.skolbloggen.se/tag/plugin/feed/
http://cwasteson.skolbloggen.se/tag/podcast/feed/,tag,20100820163441,20100820163441,1,20100820163441,http://cwasteson.skolbloggen.se/tag/podcast/feed/,200,text/xml,https://web.archive.org/web/20100820163441/http://cwasteson.skolbloggen.se/tag/podcast/feed/
http://cwasteson.skolbloggen.se/tag/podsandning/,tag,20100302121236,20120126021236,4,20120126021236,http://cwasteson.skolbloggen.se/tag/podsandning/,200,text/html,https://web.archive.org/web/20120126021236/http://cwasteson.skolbloggen.se/tag/podsandning/
http://cwasteson.skolbloggen.se/tag/podsandning/feed/,tag,20100820163509,20100820163509,1,20100820163509,http://cwasteson.skolbloggen.se/tag/podsandning/feed/,200,text/xml,https://web.archive.org/web/20100820163509/http://cwasteson.skolbloggen.se/tag/podsandning/feed/
http://cwasteson.skolbloggen.se/tag/portfolio/,tag,20100303002351,20120126084416,4,20120126084416,http://cwasteson.skolbloggen.se/tag/portfolio/,200,text/html,https://web.archive.org/web/20120126084416/http://cwasteson.skolbloggen.se/tag/portfolio/
http://cwasteson.skolbloggen.se/tag/portfolio/feed/,tag,20100821010339,20100821010339,1,20100821010339,http://cwasteson.skolbloggen.se/tag/portfolio/feed/,200,text/xml,https://web.archive.org/web/20100821010339/http://cwasteson.skolbloggen.se/tag/portfolio/feed/
http://cwasteson.skolbloggen.se/tag/portfoliometodik/,tag,20100303004758,20100824213728,2,20100824213728,http://cwasteson.skolbloggen.se/tag/portfoliometodik/,200,text/html,https://web.archive.org/web/20100824213728/http://cwasteson.skolbloggen.se/tag/portfoliometodik/
http://cwasteson.skolbloggen.se/tag/portfoliometodik/feed/,tag,20100824213744,20100824213744,1,20100824213744,http://cwasteson.skolbloggen.se/tag/portfoliometodik/feed/,200,text/xml,https://web.archive.org/web/20100824213744/http://cwasteson.skolbloggen.se/tag/portfoliometodik/feed/
http://cwasteson.skolbloggen.se/tag/powerpoint/,tag,20100303004803,20120126033808,4,20120126033808,http://cwasteson.skolbloggen.se/tag/powerpoint/,200,text/html,https://web.archive.org/web/20120126033808/http://cwasteson.skolbloggen.se/tag/powerpoint/
http://cwasteson.skolbloggen.se/tag/presentation/feed/,tag,20100821095033,20100821095033,1,20100821095033,http://cwasteson.skolbloggen.se/tag/presentation/feed/,200,text/xml,https://web.archive.org/web/20100821095033/http://cwasteson.skolbloggen.se/tag/presentation/feed/
http://cwasteson.skolbloggen.se/tag/profilsida/feed/,tag,20100821094651,20100821094651,1,20100821094651,http://cwasteson.skolbloggen.se/tag/profilsida/feed/,200,text/xml,https://web.archive.org/web/20100821094651/http://cwasteson.skolbloggen.se/tag/profilsida/feed/
http://cwasteson.skolbloggen.se/tag/redovisning/,tag,20100302232556,20100824211838,2,20100824211838,http://cwasteson.skolbloggen.se/tag/redovisning/,200,text/html,https://web.archive.org/web/20100824211838/http://cwasteson.skolbloggen.se/tag/redovisning/
http://cwasteson.skolbloggen.se/tag/reflektera/,tag,20100621121614,20120126003416,3,20120126003416,http://cwasteson.skolbloggen.se/tag/reflektera/,200,text/html,https://web.archive.org/web/20120126003416/http://cwasteson.skolbloggen.se/tag/reflektera/
http://cwasteson.skolbloggen.se/tag/reflektera/feed/,tag,20100821010433,20100821010433,1,20100821010433,http://cwasteson.skolbloggen.se/tag/reflektera/feed/,200,text/xml,https://web.archive.org/web/20100821010433/http://cwasteson.skolbloggen.se/tag/reflektera/feed/
http://cwasteson.skolbloggen.se/tag/richardson/,tag,20100303010821,20120126015812,4,20120126015812,http://cwasteson.skolbloggen.se/tag/richardson/,200,text/html,https://web.archive.org/web/20120126015812/http://cwasteson.skolbloggen.se/tag/richardson/
http://cwasteson.skolbloggen.se/tag/richardson/feed/,tag,20100821010500,20100821010500,1,20100821010500,http://cwasteson.skolbloggen.se/tag/richardson/feed/,200,text/xml,https://web.archive.org/web/20100821010500/http://cwasteson.skolbloggen.se/tag/richardson/feed/
http://cwasteson.skolbloggen.se/tag/rwanda/,tag,20120126021036,20120126021036,1,20120126021036,http://cwasteson.skolbloggen.se/tag/rwanda/,200,text/html,https://web.archive.org/web/20120126021036/http://cwasteson.skolbloggen.se/tag/rwanda/
http://cwasteson.skolbloggen.se/tag/sakerhet/,tag,20100821095848,20100821095848,1,20100821095848,http://cwasteson.skolbloggen.se/tag/sakerhet/,200,text/html,https://web.archive.org/web/20100821095848/http://cwasteson.skolbloggen.se/tag/sakerhet/
http://cwasteson.skolbloggen.se/tag/sakerhet/feed/,tag,20100821095903,20100821095903,1,20100821095903,http://cwasteson.skolbloggen.se/tag/sakerhet/feed/,200,text/xml,https://web.archive.org/web/20100821095903/http://cwasteson.skolbloggen.se/tag/sakerhet/feed/
http://cwasteson.skolbloggen.se/tag/samarbete/,tag,20100821093400,20100821093400,1,20100821093400,http://cwasteson.skolbloggen.se/tag/samarbete/,200,text/html,https://web.archive.org/web/20100821093400/http://cwasteson.skolbloggen.se/tag/samarbete/
http://cwasteson.skolbloggen.se/tag/samarbete/feed/,tag,20100821093413,20100821093413,1,20100821093413,http://cwasteson.skolbloggen.se/tag/samarbete/feed/,200,text/xml,https://web.archive.org/web/20100821093413/http://cwasteson.skolbloggen.se/tag/samarbete/feed/
http://cwasteson.skolbloggen.se/tag/scamportfolio/,tag,20100303004818,20100824213502,2,20100824213502,http://cwasteson.skolbloggen.se/tag/scamportfolio/,200,text/html,https://web.archive.org/web/20100824213502/http://cwasteson.skolbloggen.se/tag/scamportfolio/
http://cwasteson.skolbloggen.se/tag/scamportfolio/feed/,tag,20100824213513,20100824213513,1,20100824213513,http://cwasteson.skolbloggen.se/tag/scamportfolio/feed/,200,text/xml,https://web.archive.org/web/20100824213513/http://cwasteson.skolbloggen.se/tag/scamportfolio/feed/
http://cwasteson.skolbloggen.se/tag/scb/,tag,20100302114559,20100302114559,1,20100302114559,http://cwasteson.skolbloggen.se:80/tag/scb/,200,text/html,https://web.archive.org/web/20100302114559/http://cwasteson.skolbloggen.se:80/tag/scb/
http://cwasteson.skolbloggen.se/tag/se/,tag,20100303010841,20100824213304,2,20100824213304,http://cwasteson.skolbloggen.se/tag/se/,200,text/html,https://web.archive.org/web/20100824213304/http://cwasteson.skolbloggen.se/tag/se/
http://cwasteson.skolbloggen.se/tag/se/feed/,tag,20100824213319,20100824213319,1,20100824213319,http://cwasteson.skolbloggen.se/tag/se/feed/,200,text/xml,https://web.archive.org/web/20100824213319/http://cwasteson.skolbloggen.se/tag/se/feed/
http://cwasteson.skolbloggen.se/tag/simrishamn/,tag,20100621121625,20120126031234,3,20120126031234,http://cwasteson.skolbloggen.se/tag/simrishamn/,200,text/html,https://web.archive.org/web/20120126031234/http://cwasteson.skolbloggen.se/tag/simrishamn/
http://cwasteson.skolbloggen.se/tag/skola/,tag,20100621115552,20120126032704,3,20120126032704,http://cwasteson.skolbloggen.se/tag/skola/,200,text/html,https://web.archive.org/web/20120126032704/http://cwasteson.skolbloggen.se/tag/skola/
http://cwasteson.skolbloggen.se/tag/skolbloggen-se/,tag,20100821094701,20100821094701,1,20100821094701,http://cwasteson.skolbloggen.se/tag/skolbloggen-se/,200,text/html,https://web.archive.org/web/20100821094701/http://cwasteson.skolbloggen.se/tag/skolbloggen-se/
http://cwasteson.skolbloggen.se/tag/skolbloggen-se/feed/,tag,20100821094713,20100821094713,1,20100821094713,http://cwasteson.skolbloggen.se/tag/skolbloggen-se/feed/,200,text/xml,https://web.archive.org/web/20100821094713/http://cwasteson.skolbloggen.se/tag/skolbloggen-se/feed/
http://cwasteson.skolbloggen.se/tag/skolutveckling/,tag,20100302231842,20100302231842,1,20100302231842,http://cwasteson.skolbloggen.se:80/tag/skolutveckling/,200,text/html,https://web.archive.org/web/20100302231842/http://cwasteson.skolbloggen.se:80/tag/skolutveckling/
http://cwasteson.skolbloggen.se/tag/skrivrad/,tag,20100303005101,20120126085725,4,20120126085725,http://cwasteson.skolbloggen.se/tag/skrivrad/,200,text/html,https://web.archive.org/web/20120126085725/http://cwasteson.skolbloggen.se/tag/skrivrad/
http://cwasteson.skolbloggen.se/tag/skrivrad/feed/,tag,20100821010600,20100821010600,1,20100821010600,http://cwasteson.skolbloggen.se/tag/skrivrad/feed/,200,text/xml,https://web.archive.org/web/20100821010600/http://cwasteson.skolbloggen.se/tag/skrivrad/feed/
http://cwasteson.skolbloggen.se/tag/skrivregler/,tag,20100821095751,20100821095751,1,20100821095751,http://cwasteson.skolbloggen.se/tag/skrivregler/,200,text/html,https://web.archive.org/web/20100821095751/http://cwasteson.skolbloggen.se/tag/skrivregler/
http://cwasteson.skolbloggen.se/tag/skrivregler/feed/,tag,20100821095805,20100821095805,1,20100821095805,http://cwasteson.skolbloggen.se/tag/skrivregler/feed/,200,text/xml,https://web.archive.org/web/20100821095805/http://cwasteson.skolbloggen.se/tag/skrivregler/feed/
http://cwasteson.skolbloggen.se/tag/skype/feed/,tag,20100821095317,20100821095317,1,20100821095317,http://cwasteson.skolbloggen.se/tag/skype/feed/,200,text/xml,https://web.archive.org/web/20100821095317/http://cwasteson.skolbloggen.se/tag/skype/feed/
http://cwasteson.skolbloggen.se/tag/slideshow/,tag,20100821091641,20100821091641,1,20100821091641,http://cwasteson.skolbloggen.se/tag/slideshow/,200,text/html,https://web.archive.org/web/20100821091641/http://cwasteson.skolbloggen.se/tag/slideshow/
http://cwasteson.skolbloggen.se/tag/slideshow/feed/,tag,20100821091655,20100821091655,1,20100821091655,http://cwasteson.skolbloggen.se/tag/slideshow/feed/,200,text/xml,https://web.archive.org/web/20100821091655/http://cwasteson.skolbloggen.se/tag/slideshow/feed/
http://cwasteson.skolbloggen.se/tag/sociala-medier/,tag,20100621115557,20120126080539,3,20120126080539,http://cwasteson.skolbloggen.se/tag/sociala-medier/,200,text/html,https://web.archive.org/web/20120126080539/http://cwasteson.skolbloggen.se/tag/sociala-medier/
http://cwasteson.skolbloggen.se/tag/sociala-medier/feed/,tag,20100821010637,20100821010637,1,20100821010637,http://cwasteson.skolbloggen.se/tag/sociala-medier/feed/,200,text/xml,https://web.archive.org/web/20100821010637/http://cwasteson.skolbloggen.se/tag/sociala-medier/feed/
http://cwasteson.skolbloggen.se/tag/sokassistenten/,tag,20100821091831,20100821091831,1,20100821091831,http://cwasteson.skolbloggen.se/tag/sokassistenten/,200,text/html,https://web.archive.org/web/20100821091831/http://cwasteson.skolbloggen.se/tag/sokassistenten/
http://cwasteson.skolbloggen.se/tag/sokassistenten/feed/,tag,20100821091841,20100821091841,1,20100821091841,http://cwasteson.skolbloggen.se/tag/sokassistenten/feed/,200,text/xml,https://web.archive.org/web/20100821091841/http://cwasteson.skolbloggen.se/tag/sokassistenten/feed/
http://cwasteson.skolbloggen.se/tag/spara/,tag,20100821091850,20100821091850,1,20100821091850,http://cwasteson.skolbloggen.se/tag/spara/,200,text/html,https://web.archive.org/web/20100821091850/http://cwasteson.skolbloggen.se/tag/spara/
http://cwasteson.skolbloggen.se/tag/spara/feed/,tag,20100821091902,20100821091902,1,20100821091902,http://cwasteson.skolbloggen.se/tag/spara/feed/,200,text/xml,https://web.archive.org/web/20100821091902/http://cwasteson.skolbloggen.se/tag/spara/feed/
http://cwasteson.skolbloggen.se/tag/sprakriktighet/,tag,20100621115602,20120126081154,3,20120126081154,http://cwasteson.skolbloggen.se/tag/sprakriktighet/,200,text/html,https://web.archive.org/web/20120126081154/http://cwasteson.skolbloggen.se/tag/sprakriktighet/
http://cwasteson.skolbloggen.se/tag/sprakriktighet/feed/,tag,20100821010658,20100821010658,1,20100821010658,http://cwasteson.skolbloggen.se/tag/sprakriktighet/feed/,200,text/xml,https://web.archive.org/web/20100821010658/http://cwasteson.skolbloggen.se/tag/sprakriktighet/feed/
http://cwasteson.skolbloggen.se/tag/stefan-palsson/,tag,20100821094426,20100821094426,1,20100821094426,http://cwasteson.skolbloggen.se/tag/stefan-palsson/,200,text/html,https://web.archive.org/web/20100821094426/http://cwasteson.skolbloggen.se/tag/stefan-palsson/
http://cwasteson.skolbloggen.se/tag/stefan-palsson/feed/,tag,20100821094439,20100821094439,1,20100821094439,http://cwasteson.skolbloggen.se/tag/stefan-palsson/feed/,200,text/xml,https://web.archive.org/web/20100821094439/http://cwasteson.skolbloggen.se/tag/stefan-palsson/feed/
http://cwasteson.skolbloggen.se/tag/surfa/,tag,20100303000711,20120126081212,4,20120126081212,http://cwasteson.skolbloggen.se/tag/surfa/,200,text/html,https://web.archive.org/web/20120126081212/http://cwasteson.skolbloggen.se/tag/surfa/
http://cwasteson.skolbloggen.se/tag/surfa/feed/,tag,20100821010719,20100821010719,1,20100821010719,http://cwasteson.skolbloggen.se/tag/surfa/feed/,200,text/xml,https://web.archive.org/web/20100821010719/http://cwasteson.skolbloggen.se/tag/surfa/feed/
http://cwasteson.skolbloggen.se/tag/sven-eric-liedman/,tag,20100821094558,20100821094558,1,20100821094558,http://cwasteson.skolbloggen.se/tag/sven-eric-liedman/,200,text/html,https://web.archive.org/web/20100821094558/http://cwasteson.skolbloggen.se/tag/sven-eric-liedman/
http://cwasteson.skolbloggen.se/tag/sven-eric-liedman/feed/,tag,20100821094610,20100821094610,1,20100821094610,http://cwasteson.skolbloggen.se/tag/sven-eric-liedman/feed/,200,text/xml,https://web.archive.org/web/20100821094610/http://cwasteson.skolbloggen.se/tag/sven-eric-liedman/feed/
http://cwasteson.skolbloggen.se/tag/svenska-b-kurs/,tag,20100821095351,20100821095351,1,20100821095351,http://cwasteson.skolbloggen.se/tag/svenska-b-kurs/,200,text/html,https://web.archive.org/web/20100821095351/http://cwasteson.skolbloggen.se/tag/svenska-b-kurs/
http://cwasteson.skolbloggen.se/tag/synlighet/,tag,20100821094726,20100821094726,1,20100821094726,http://cwasteson.skolbloggen.se/tag/synlighet/,200,text/html,https://web.archive.org/web/20100821094726/http://cwasteson.skolbloggen.se/tag/synlighet/
http://cwasteson.skolbloggen.se/tag/synlighet/feed/,tag,20100821094740,20100821094740,1,20100821094740,http://cwasteson.skolbloggen.se/tag/synlighet/feed/,200,text/xml,https://web.archive.org/web/20100821094740/http://cwasteson.skolbloggen.se/tag/synlighet/feed/
http://cwasteson.skolbloggen.se/tag/tacksamhet/feed/,tag,20100821095710,20100821095710,1,20100821095710,http://cwasteson.skolbloggen.se/tag/tacksamhet/feed/,200,text/xml,https://web.archive.org/web/20100821095710/http://cwasteson.skolbloggen.se/tag/tacksamhet/feed/
http://cwasteson.skolbloggen.se/tag/tangentbord/,tag,20100821092208,20100821092208,1,20100821092208,http://cwasteson.skolbloggen.se/tag/tangentbord/,200,text/html,https://web.archive.org/web/20100821092208/http://cwasteson.skolbloggen.se/tag/tangentbord/
http://cwasteson.skolbloggen.se/tag/tankeverksamhet/,tag,20100821094912,20100821094912,1,20100821094912,http://cwasteson.skolbloggen.se/tag/tankeverksamhet/,200,text/html,https://web.archive.org/web/20100821094912/http://cwasteson.skolbloggen.se/tag/tankeverksamhet/
http://cwasteson.skolbloggen.se/tag/tankeverksamhet/feed/,tag,20100821094922,20100821094922,1,20100821094922,http://cwasteson.skolbloggen.se/tag/tankeverksamhet/feed/,200,text/xml,https://web.archive.org/web/20100821094922/http://cwasteson.skolbloggen.se/tag/tankeverksamhet/feed/
http://cwasteson.skolbloggen.se/tag/text/,tag,20100821095529,20100821095529,1,20100821095529,http://cwasteson.skolbloggen.se/tag/text/,200,text/html,https://web.archive.org/web/20100821095529/http://cwasteson.skolbloggen.se/tag/text/
http://cwasteson.skolbloggen.se/tag/text/feed/,tag,20100821095541,20100821095541,1,20100821095541,http://cwasteson.skolbloggen.se/tag/text/feed/,200,text/xml,https://web.archive.org/web/20100821095541/http://cwasteson.skolbloggen.se/tag/text/feed/
http://cwasteson.skolbloggen.se/tag/textvard/feed/,tag,20100821095607,20100821095607,1,20100821095607,http://cwasteson.skolbloggen.se/tag/textvard/feed/,200,text/xml,https://web.archive.org/web/20100821095607/http://cwasteson.skolbloggen.se/tag/textvard/feed/
http://cwasteson.skolbloggen.se/tag/tid/,tag,20100821095617,20100821095617,1,20100821095617,http://cwasteson.skolbloggen.se/tag/tid/,200,text/html,https://web.archive.org/web/20100821095617/http://cwasteson.skolbloggen.se/tag/tid/
http://cwasteson.skolbloggen.se/tag/tid/feed/,tag,20100821095630,20100821095630,1,20100821095630,http://cwasteson.skolbloggen.se/tag/tid/feed/,200,text/xml,https://web.archive.org/web/20100821095630/http://cwasteson.skolbloggen.se/tag/tid/feed/
http://cwasteson.skolbloggen.se/tag/tillganglighet/,tag,20100303010847,20100824213614,2,20100824213614,http://cwasteson.skolbloggen.se/tag/tillganglighet/,200,text/html,https://web.archive.org/web/20100824213614/http://cwasteson.skolbloggen.se/tag/tillganglighet/
http://cwasteson.skolbloggen.se/tag/tillganglighet/feed/,tag,20100824213629,20100824213629,1,20100824213629,http://cwasteson.skolbloggen.se/tag/tillganglighet/feed/,200,text/xml,https://web.archive.org/web/20100824213629/http://cwasteson.skolbloggen.se/tag/tillganglighet/feed/
http://cwasteson.skolbloggen.se/tag/tips/,tag,20100303002355,20120126070819,4,20120126070819,http://cwasteson.skolbloggen.se/tag/tips/,200,text/html,https://web.archive.org/web/20120126070819/http://cwasteson.skolbloggen.se/tag/tips/
http://cwasteson.skolbloggen.se/tag/tips/feed/,tag,20100821010742,20100821010742,1,20100821010742,http://cwasteson.skolbloggen.se/tag/tips/feed/,200,text/xml,https://web.archive.org/web/20100821010742/http://cwasteson.skolbloggen.se/tag/tips/feed/
http://cwasteson.skolbloggen.se/tag/trygg/feed/,tag,20100821094059,20100821094059,1,20100821094059,http://cwasteson.skolbloggen.se/tag/trygg/feed/,200,text/xml,https://web.archive.org/web/20100821094059/http://cwasteson.skolbloggen.se/tag/trygg/feed/
http://cwasteson.skolbloggen.se/tag/tv/,tag,20100821095137,20100821095137,1,20100821095137,http://cwasteson.skolbloggen.se/tag/tv/,200,text/html,https://web.archive.org/web/20100821095137/http://cwasteson.skolbloggen.se/tag/tv/
http://cwasteson.skolbloggen.se/tag/tv/feed/,tag,20100821095145,20100821095145,1,20100821095145,http://cwasteson.skolbloggen.se/tag/tv/feed/,200,text/xml,https://web.archive.org/web/20100821095145/http://cwasteson.skolbloggen.se/tag/tv/feed/
http://cwasteson.skolbloggen.se/tag/twitter/,tag,20100621115612,20100821095329,2,20100821095329,http://cwasteson.skolbloggen.se/tag/twitter/,200,text/html,https://web.archive.org/web/20100821095329/http://cwasteson.skolbloggen.se/tag/twitter/
http://cwasteson.skolbloggen.se/tag/twitter/feed/,tag,20100821095342,20100821095342,1,20100821095342,http://cwasteson.skolbloggen.se/tag/twitter/feed/,200,text/xml,https://web.archive.org/web/20100821095342/http://cwasteson.skolbloggen.se/tag/twitter/feed/
http://cwasteson.skolbloggen.se/tag/ungdom/,tag,20100821094115,20100821094115,1,20100821094115,http://cwasteson.skolbloggen.se/tag/ungdom/,200,text/html,https://web.archive.org/web/20100821094115/http://cwasteson.skolbloggen.se/tag/ungdom/
http://cwasteson.skolbloggen.se/tag/ungdom/feed/,tag,20100821094132,20100821094132,1,20100821094132,http://cwasteson.skolbloggen.se/tag/ungdom/feed/,200,text/xml,https://web.archive.org/web/20100821094132/http://cwasteson.skolbloggen.se/tag/ungdom/feed/
http://cwasteson.skolbloggen.se/tag/uppgifter/,tag,20100302131623,20100824211902,2,20100824211902,http://cwasteson.skolbloggen.se/tag/uppgifter/,200,text/html,https://web.archive.org/web/20100824211902/http://cwasteson.skolbloggen.se/tag/uppgifter/
http://cwasteson.skolbloggen.se/tag/uppgifter/feed/,tag,20100824211915,20100824211915,1,20100824211915,http://cwasteson.skolbloggen.se/tag/uppgifter/feed/,200,text/xml,https://web.archive.org/web/20100824211915/http://cwasteson.skolbloggen.se/tag/uppgifter/feed/
http://cwasteson.skolbloggen.se/tag/upphovsratt/,tag,20100820163328,20100820163328,1,20100820163328,http://cwasteson.skolbloggen.se/tag/upphovsratt/,200,text/html,https://web.archive.org/web/20100820163328/http://cwasteson.skolbloggen.se/tag/upphovsratt/
http://cwasteson.skolbloggen.se/tag/upphovsratt/feed/,tag,20100820163345,20100820163345,1,20100820163345,http://cwasteson.skolbloggen.se/tag/upphovsratt/feed/,200,text/xml,https://web.archive.org/web/20100820163345/http://cwasteson.skolbloggen.se/tag/upphovsratt/feed/
http://cwasteson.skolbloggen.se/tag/uppvaxtmiljo/,tag,20100821094147,20100821094147,1,20100821094147,http://cwasteson.skolbloggen.se/tag/uppvaxtmiljo/,200,text/html,https://web.archive.org/web/20100821094147/http://cwasteson.skolbloggen.se/tag/uppvaxtmiljo/
http://cwasteson.skolbloggen.se/tag/uppvaxtmiljo/feed/,tag,20100821094159,20100821094159,1,20100821094159,http://cwasteson.skolbloggen.se/tag/uppvaxtmiljo/feed/,200,text/xml,https://web.archive.org/web/20100821094159/http://cwasteson.skolbloggen.se/tag/uppvaxtmiljo/feed/
http://cwasteson.skolbloggen.se/tag/ursakt/,tag,20100821092259,20100821092259,1,20100821092259,http://cwasteson.skolbloggen.se/tag/ursakt/,200,text/html,https://web.archive.org/web/20100821092259/http://cwasteson.skolbloggen.se/tag/ursakt/
http://cwasteson.skolbloggen.se/tag/ursakt/feed/,tag,20100821092312,20100821092312,1,20100821092312,http://cwasteson.skolbloggen.se/tag/ursakt/feed/,200,text/xml,https://web.archive.org/web/20100821092312/http://cwasteson.skolbloggen.se/tag/ursakt/feed/
http://cwasteson.skolbloggen.se/tag/usb-minne/,tag,20100821091914,20100821091914,1,20100821091914,http://cwasteson.skolbloggen.se/tag/usb-minne/,200,text/html,https://web.archive.org/web/20100821091914/http://cwasteson.skolbloggen.se/tag/usb-minne/
http://cwasteson.skolbloggen.se/tag/usb-minne/feed/,tag,20100821091926,20100821091926,1,20100821091926,http://cwasteson.skolbloggen.se/tag/usb-minne/feed/,200,text/xml,https://web.archive.org/web/20100821091926/http://cwasteson.skolbloggen.se/tag/usb-minne/feed/
http://cwasteson.skolbloggen.se/tag/utbildning/,tag,20100621121640,20120126032807,3,20120126032807,http://cwasteson.skolbloggen.se/tag/utbildning/,200,text/html,https://web.archive.org/web/20120126032807/http://cwasteson.skolbloggen.se/tag/utbildning/
http://cwasteson.skolbloggen.se/tag/utbildning/feed/,tag,20100821010828,20100821010828,1,20100821010828,http://cwasteson.skolbloggen.se/tag/utbildning/feed/,200,text/xml,https://web.archive.org/web/20100821010828/http://cwasteson.skolbloggen.se/tag/utbildning/feed/
http://cwasteson.skolbloggen.se/tag/utforska/,tag,20100821091937,20100821091937,1,20100821091937,http://cwasteson.skolbloggen.se/tag/utforska/,200,text/html,https://web.archive.org/web/20100821091937/http://cwasteson.skolbloggen.se/tag/utforska/
http://cwasteson.skolbloggen.se/tag/vanner/feed/,tag,20100821094225,20100821094225,1,20100821094225,http://cwasteson.skolbloggen.se/tag/vanner/feed/,200,text/xml,https://web.archive.org/web/20100821094225/http://cwasteson.skolbloggen.se/tag/vanner/feed/
http://cwasteson.skolbloggen.se/tag/verktyg/,tag,20100303003946,20100824213436,2,20100824213436,http://cwasteson.skolbloggen.se/tag/verktyg/,200,text/html,https://web.archive.org/web/20100824213436/http://cwasteson.skolbloggen.se/tag/verktyg/
http://cwasteson.skolbloggen.se/tag/verktyg/feed/,tag,20100824213448,20100824213448,1,20100824213448,http://cwasteson.skolbloggen.se/tag/verktyg/feed/,200,text/xml,https://web.archive.org/web/20100824213448/http://cwasteson.skolbloggen.se/tag/verktyg/feed/
http://cwasteson.skolbloggen.se/tag/webbibliotek/,tag,20100821093242,20100821093242,1,20100821093242,http://cwasteson.skolbloggen.se/tag/webbibliotek/,200,text/html,https://web.archive.org/web/20100821093242/http://cwasteson.skolbloggen.se/tag/webbibliotek/
http://cwasteson.skolbloggen.se/tag/webbradio/,tag,20100821093335,20100821093335,1,20100821093335,http://cwasteson.skolbloggen.se/tag/webbradio/,200,text/html,https://web.archive.org/web/20100821093335/http://cwasteson.skolbloggen.se/tag/webbradio/
http://cwasteson.skolbloggen.se/tag/webbradio/feed/,tag,20100821093351,20100821093351,1,20100821093351,http://cwasteson.skolbloggen.se/tag/webbradio/feed/,200,text/xml,https://web.archive.org/web/20100821093351/http://cwasteson.skolbloggen.se/tag/webbradio/feed/
http://cwasteson.skolbloggen.se/tag/webbtext/feed/,tag,20100821100112,20100821100112,1,20100821100112,http://cwasteson.skolbloggen.se/tag/webbtext/feed/,200,text/xml,https://web.archive.org/web/20100821100112/http://cwasteson.skolbloggen.se/tag/webbtext/feed/
http://cwasteson.skolbloggen.se/tag/wiki/,tag,20100821003249,20100821003249,1,20100821003249,http://cwasteson.skolbloggen.se/tag/wiki/,200,text/html,https://web.archive.org/web/20100821003249/http://cwasteson.skolbloggen.se/tag/wiki/
http://cwasteson.skolbloggen.se/tag/wiki/feed/,tag,20100821003302,20100821003302,1,20100821003302,http://cwasteson.skolbloggen.se/tag/wiki/feed/,200,text/xml,https://web.archive.org/web/20100821003302/http://cwasteson.skolbloggen.se/tag/wiki/feed/
http://cwasteson.skolbloggen.se/tag/wikipedia/,tag,20100821003315,20100821003315,1,20100821003315,http://cwasteson.skolbloggen.se/tag/wikipedia/,200,text/html,https://web.archive.org/web/20100821003315/http://cwasteson.skolbloggen.se/tag/wikipedia/
http://cwasteson.skolbloggen.se/tag/will-richardson/,tag,20100303000716,20100824213638,2,20100824213638,http://cwasteson.skolbloggen.se/tag/will-richardson/,200,text/html,https://web.archive.org/web/20100824213638/http://cwasteson.skolbloggen.se/tag/will-richardson/
http://cwasteson.skolbloggen.se/tag/will-richardson/feed/,tag,20100824213654,20100824213654,1,20100824213654,http://cwasteson.skolbloggen.se/tag/will-richardson/feed/,200,text/xml,https://web.archive.org/web/20100824213654/http://cwasteson.skolbloggen.se/tag/will-richardson/feed/
http://cwasteson.skolbloggen.se/tag/wordle/,tag,20100303010321,20120126024513,4,20120126024513,http://cwasteson.skolbloggen.se/tag/wordle/,200,text/html,https://web.archive.org/web/20120126024513/http://cwasteson.skolbloggen.se/tag/wordle/
http://cwasteson.skolbloggen.se/tag/wordle/feed/,tag,20100821010850,20100821010850,1,20100821010850,http://cwasteson.skolbloggen.se/tag/wordle/feed/,200,text/xml,https://web.archive.org/web/20100821010850/http://cwasteson.skolbloggen.se/tag/wordle/feed/
http://cwasteson.skolbloggen.se/tag/wordpress/,tag,20100303002402,20100824213355,2,20100824213355,http://cwasteson.skolbloggen.se/tag/wordpress/,200,text/html,https://web.archive.org/web/20100824213355/http://cwasteson.skolbloggen.se/tag/wordpress/
http://cwasteson.skolbloggen.se/tag/wordpress/feed/,tag,20100824213404,20100824213404,1,20100824213404,http://cwasteson.skolbloggen.se/tag/wordpress/feed/,200,text/xml,https://web.archive.org/web/20100824213404/http://cwasteson.skolbloggen.se/tag/wordpress/feed/
http://cwasteson.skolbloggen.se/tag/youtube/,tag,20100821092352,20100821092352,1,20100821092352,http://cwasteson.skolbloggen.se/tag/youtube/,200,text/html,https://web.archive.org/web/20100821092352/http://cwasteson.skolbloggen.se/tag/youtube/
http://cwasteson.skolbloggen.se/tag/youtube/feed/,tag,20100821092403,20100821092403,1,20100821092403,http://cwasteson.skolbloggen.se/tag/youtube/feed/,200,text/xml,https://web.archive.org/web/20100821092403/http://cwasteson.skolbloggen.se/tag/youtube/feed/
http://cwasteson.skolbloggen.se/undervisningslanka,other,20100619075304,20120126063448,4,20120126063448,http://cwasteson.skolbloggen.se/undervisningslanka/,200,text/html,https://web.archive.org/web/20120126063448/http://cwasteson.skolbloggen.se/undervisningslanka/
http://cwasteson.skolbloggen.se/undervisningslanka/feed/,feed,20100621115622,20100821003615,2,20100821003615,http://cwasteson.skolbloggen.se/undervisningslanka/feed/,200,text/xml,https://web.archive.org/web/20100821003615/http://cwasteson.skolbloggen.se/undervisningslanka/feed/
http://cwasteson.skolbloggen.se/wp-content/mu-plugins/anarchy_media,other,20100821011115,20100821011115,1,20100821011115,http://cwasteson.skolbloggen.se/wp-content/mu-plugins/anarchy_media/,200,text/html,https://web.archive.org/web/20100821011115/http://cwasteson.skolbloggen.se/wp-content/mu-plugins/anarchy_media/
http://cwasteson.skolbloggen.se/wp-content/mu-plugins/anarchy_media/anarchy_media_player.php?anarchy.js,other,20100302231851,20120126014259,4,20120126014259,http://cwasteson.skolbloggen.se/wp-content/mu-plugins/anarchy_media/anarchy_media_player.php?anarchy.js,200,text/javascript,https://web.archive.org/web/20120126014259/http://cwasteson.skolbloggen.se/wp-content/mu-plugins/anarchy_media/anarchy_media_player.php?anarchy.js
http://cwasteson.skolbloggen.se/wp-content/mu-plugins/wp-recaptcha/email.png,media,20100821011402,20100821011402,1,20100821011402,http://cwasteson.skolbloggen.se/wp-content/mu-plugins/wp-recaptcha/email.png,200,image/png,https://web.archive.org/web/20100821011402/http://cwasteson.skolbloggen.se/wp-content/mu-plugins/wp-recaptcha/email.png
http://cwasteson.skolbloggen.se/wp-content/mu-plugins/wp-recaptcha/recaptcha.css,other,20100817215226,20120126012007,2,20120126012007,http://cwasteson.skolbloggen.se/wp-content/mu-plugins/wp-recaptcha/recaptcha.css,200,text/css,https://web.archive.org/web/20120126012007/http://cwasteson.skolbloggen.se/wp-content/mu-plugins/wp-recaptcha/recaptcha.css
http://cwasteson.skolbloggen.se/wp-content/plugins/admin-bar-login/admin-bar-login.css?ver=1.0.1,other,20170127221601,20180604180530,2,20180604180530,https://cwasteson.skolbloggen.se/wp-content/plugins/admin-bar-login/admin-bar-login.css?ver=1.0.1,200,text/css,https://web.archive.org/web/20180604180530/https://cwasteson.skolbloggen.se/wp-content/plugins/admin-bar-login/admin-bar-login.css?ver=1.0.1
http://cwasteson.skolbloggen.se/wp-content/plugins/buddypress/bp-themes/bp-default/_inc/css/adminbar.css?ver=3.2.1,other,20120126030023,20120126030023,1,20120126030023,http://cwasteson.skolbloggen.se/wp-content/plugins/buddypress/bp-themes/bp-default/_inc/css/adminbar.css?ver=3.2.1,200,text/css,https://web.archive.org/web/20120126030023/http://cwasteson.skolbloggen.se/wp-content/plugins/buddypress/bp-themes/bp-default/_inc/css/adminbar.css?ver=3.2.1
http://cwasteson.skolbloggen.se/wp-content/plugins/buddypress/bp-themes/bp-default/_inc/images/60pc_black.png,media,20100821011041,20100821011041,1,20100821011041,http://cwasteson.skolbloggen.se/wp-content/plugins/buddypress/bp-themes/bp-default/_inc/images/60pc_black.png,200,image/png,https://web.archive.org/web/20100821011041/http://cwasteson.skolbloggen.se/wp-content/plugins/buddypress/bp-themes/bp-default/_inc/images/60pc_black.png
http://cwasteson.skolbloggen.se/wp-content/plugins/buddypress/bp-themes/bp-default/_inc/images/admin-menu-arrow.gif,media,20100821011049,20100821011049,1,20100821011049,http://cwasteson.skolbloggen.se/wp-content/plugins/buddypress/bp-themes/bp-default/_inc/images/admin-menu-arrow.gif,200,image/gif,https://web.archive.org/web/20100821011049/http://cwasteson.skolbloggen.se/wp-content/plugins/buddypress/bp-themes/bp-default/_inc/images/admin-menu-arrow.gif
http://cwasteson.skolbloggen.se/wp-content/plugins/pro-sites/pro-sites-files/js/tax.js?ver=3.5.8,other,20180329165352,20180604164056,2,20180604164056,https://cwasteson.skolbloggen.se/wp-content/plugins/pro-sites/pro-sites-files/js/tax.js?ver=3.5.8,200,application/javascript,https://web.archive.org/web/20180604164056/https://cwasteson.skolbloggen.se/wp-content/plugins/pro-sites/pro-sites-files/js/tax.js?ver=3.5.8
http://cwasteson.skolbloggen.se/wp-content/themes/blix/images/spring_flavour/header_bg.jpg,media,20120126032600,20180604163956,2,20180604163956,https://cwasteson.skolbloggen.se/wp-content/themes/blix/images/spring_flavour/header_bg.jpg,200,image/jpeg,https://web.archive.org/web/20180604163956/https://cwasteson.skolbloggen.se/wp-content/themes/blix/images/spring_flavour/header_bg.jpg
http://cwasteson.skolbloggen.se/wp-content/themes/blix/layout.css?1,other,20180709210100,20180709210100,1,20180709210100,https://cwasteson.skolbloggen.se/wp-content/themes/blix/layout.css?1,200,text/css,https://web.archive.org/web/20180709210100/https://cwasteson.skolbloggen.se/wp-content/themes/blix/layout.css?1
http://cwasteson.skolbloggen.se/wp-content/themes/letterhead/style.css,other,20100817215102,20100817215102,1,20100817215102,http://cwasteson.skolbloggen.se/wp-content/themes/letterhead/style.css,200,text/css,https://web.archive.org/web/20100817215102/http://cwasteson.skolbloggen.se/wp-content/themes/letterhead/style.css
http://cwasteson.skolbloggen.se/wp-includes/css/admin-bar.min.css?ver=63a1754c5b1d2ffcae81f9988ee0db8c,other,20180329173614,20180604165337,2,20180604165337,https://cwasteson.skolbloggen.se/wp-includes/css/admin-bar.min.css?ver=63a1754c5b1d2ffcae81f9988ee0db8c,200,text/css,https://web.archive.org/web/20180604165337/https://cwasteson.skolbloggen.se/wp-includes/css/admin-bar.min.css?ver=63a1754c5b1d2ffcae81f9988ee0db8c
http://cwasteson.skolbloggen.se/wp-includes/css/dashicons.min.css?ver=63a1754c5b1d2ffcae81f9988ee0db8c,other,20180329163349,20180604161422,2,20180604161422,https://cwasteson.skolbloggen.se/wp-includes/css/dashicons.min.css?ver=63a1754c5b1d2ffcae81f9988ee0db8c,200,text/css,https://web.archive.org/web/20180604161422/https://cwasteson.skolbloggen.se/wp-includes/css/dashicons.min.css?ver=63a1754c5b1d2ffcae81f9988ee0db8c
http://cwasteson.skolbloggen.se/wp-includes/css/dashicons.min.css?ver=ba1af84a589c99f85e42f8364aff6812,other,20170201041553,20170201041553,1,20170201041553,http://cwasteson.skolbloggen.se/wp-includes/css/dashicons.min.css?ver=ba1af84a589c99f85e42f8364aff6812,200,text/css,https://web.archive.org/web/20170201041553/http://cwasteson.skolbloggen.se/wp-includes/css/dashicons.min.css?ver=ba1af84a589c99f85e42f8364aff6812
http://cwasteson.skolbloggen.se/wp-includes/fonts/dashicons.eot,other,20180709211251,20180709211251,1,20180709211251,https://cwasteson.skolbloggen.se/wp-includes/fonts/dashicons.eot,200,application/vnd.ms-fontobject,https://web.archive.org/web/20180709211251/https://cwasteson.skolbloggen.se/wp-includes/fonts/dashicons.eot
http://cwasteson.skolbloggen.se/wp-includes/fonts/dashicons.svg,media,20180709194031,20180709194031,1,20180709194031,https://cwasteson.skolbloggen.se/wp-includes/fonts/dashicons.svg,200,image/svg+xml,https://web.archive.org/web/20180709194031/https://cwasteson.skolbloggen.se/wp-includes/fonts/dashicons.svg
http://cwasteson.skolbloggen.se/wp-includes/fonts/dashicons.ttf,other,20180709210025,20180709210025,1,20180709210025,https://cwasteson.skolbloggen.se/wp-includes/fonts/dashicons.ttf,200,unk,https://web.archive.org/web/20180709210025/https://cwasteson.skolbloggen.se/wp-includes/fonts/dashicons.ttf
http://cwasteson.skolbloggen.se/wp-includes/images/smilies/icon_biggrin.gif,media,20100817215243,20100817215243,1,20100817215243,http://cwasteson.skolbloggen.se/wp-includes/images/smilies/icon_biggrin.gif,200,image/gif,https://web.archive.org/web/20100817215243/http://cwasteson.skolbloggen.se/wp-includes/images/smilies/icon_biggrin.gif
http://cwasteson.skolbloggen.se/wp-includes/images/smilies/icon_smile.gif,media,20100821011918,20120126024729,2,20120126024729,http://cwasteson.skolbloggen.se/wp-includes/images/smilies/icon_smile.gif,200,image/gif,https://web.archive.org/web/20120126024729/http://cwasteson.skolbloggen.se/wp-includes/images/smilies/icon_smile.gif
http://cwasteson.skolbloggen.se/wp-includes/images/smilies/icon_wink.gif,media,20100821011908,20120126055952,2,20120126055952,http://cwasteson.skolbloggen.se/wp-includes/images/smilies/icon_wink.gif,200,image/gif,https://web.archive.org/web/20120126055952/http://cwasteson.skolbloggen.se/wp-includes/images/smilies/icon_wink.gif
http://cwasteson.skolbloggen.se/wp-includes/js/admin-bar.min.js?ver=63a1754c5b1d2ffcae81f9988ee0db8c,other,20180329154007,20180604161751,2,20180604161751,https://cwasteson.skolbloggen.se/wp-includes/js/admin-bar.min.js?ver=63a1754c5b1d2ffcae81f9988ee0db8c,200,application/javascript,https://web.archive.org/web/20180604161751/https://cwasteson.skolbloggen.se/wp-includes/js/admin-bar.min.js?ver=63a1754c5b1d2ffcae81f9988ee0db8c
http://cwasteson.skolbloggen.se/wp-includes/js/admin-bar.min.js?ver=ba1af84a589c99f85e42f8364aff6812,other,20170125220210,20170125220210,1,20170125220210,http://cwasteson.skolbloggen.se/wp-includes/js/admin-bar.min.js?ver=ba1af84a589c99f85e42f8364aff6812,200,application/javascript,https://web.archive.org/web/20170125220210/http://cwasteson.skolbloggen.se/wp-includes/js/admin-bar.min.js?ver=ba1af84a589c99f85e42f8364aff6812
http://cwasteson.skolbloggen.se/wp-includes/js/comment-reply.min.js?ver=ba1af84a589c99f85e42f8364aff6812,other,20170125225014,20170125225014,1,20170125225014,http://cwasteson.skolbloggen.se/wp-includes/js/comment-reply.min.js?ver=ba1af84a589c99f85e42f8364aff6812,200,application/javascript,https://web.archive.org/web/20170125225014/http://cwasteson.skolbloggen.se/wp-includes/js/comment-reply.min.js?ver=ba1af84a589c99f85e42f8364aff6812
http://cwasteson.skolbloggen.se/wp-includes/js/wp-embed.min.js?ver=63a1754c5b1d2ffcae81f9988ee0db8c,other,20180329163723,20180604163544,2,20180604163544,https://cwasteson.skolbloggen.se/wp-includes/js/wp-embed.min.js?ver=63a1754c5b1d2ffcae81f9988ee0db8c,200,application/javascript,https://web.archive.org/web/20180604163544/https://cwasteson.skolbloggen.se/wp-includes/js/wp-embed.min.js?ver=63a1754c5b1d2ffcae81f9988ee0db8c
http://cwasteson.skolbloggen.se/wp-includes/js/wp-embed.min.js?ver=ba1af84a589c99f85e42f8364aff6812,other,20170201020612,20170201020612,1,20170201020612,http://cwasteson.skolbloggen.se/wp-includes/js/wp-embed.min.js?ver=ba1af84a589c99f85e42f8364aff6812,200,application/javascript,https://web.archive.org/web/20170201020612/http://cwasteson.skolbloggen.se/wp-includes/js/wp-embed.min.js?ver=ba1af84a589c99f85e42f8364aff6812
http://cwasteson.skolbloggen.se/wp-load.php,other,20100621115627,20100817215234,2,20100817215234,http://cwasteson.skolbloggen.se/wp-load.php,200,text/html,https://web.archive.org/web/20100817215234/http://cwasteson.skolbloggen.se/wp-load.php
https://cwasteson.skolbloggen.se/skolbloggen-logo.png,media,20190131190852,20190131190852,1,20190131190852,https://cwasteson.skolbloggen.se/skolbloggen-logo.png,200,image/png,https://web.archive.org/web/20190131190852/https://cwasteson.skolbloggen.se/skolbloggen-logo.png
https://cwasteson.skolbloggen.se/wrench.png,media,20190203135327,20190203135327,1,20190203135327,https://cwasteson.skolbloggen.se/wrench.png,200,text/html,https://web.archive.org/web/20190203135327/https://cwasteson.skolbloggen.se/wrench.png
