normalized_url,kind,best_statuscode,best_mimetype,best_timestamp,best_original,best_wayback_url,fetch_url,content_candidate,reason,destination_hint,redirect_candidate,downloaded,cache_hit,final_url,final_normalized_url,final_kind,final_destination_hint,error
http://ikttips.skolbloggen.se/,homepage,200,text/html,20170924001045,http://ikttips.skolbloggen.se:80/,https://web.archive.org/web/20170924001045/http://ikttips.skolbloggen.se:80/,https://web.archive.org/web/20170924001045id_/http://ikttips.skolbloggen.se:80/,True,html-content,index.html,False,True,True,https://web.archive.org/web/20170924001045id_/http://ikttips.skolbloggen.se:80/,http://ikttips.skolbloggen.se/,homepage,index.html,
http://ikttips.skolbloggen.se/2010/10/,other,200,text/html,20170924125905,http://ikttips.skolbloggen.se:80/2010/10/,https://web.archive.org/web/20170924125905/http://ikttips.skolbloggen.se:80/2010/10/,https://web.archive.org/web/20170924125905id_/http://ikttips.skolbloggen.se:80/2010/10/,True,html-content,2010/10/index.html,False,True,True,https://web.archive.org/web/20170924125905id_/http://ikttips.skolbloggen.se:80/2010/10/,http://ikttips.skolbloggen.se/2010/10/,other,2010/10/index.html,
http://ikttips.skolbloggen.se/2010/11/,other,200,text/html,20170924125452,http://ikttips.skolbloggen.se:80/2010/11/,https://web.archive.org/web/20170924125452/http://ikttips.skolbloggen.se:80/2010/11/,https://web.archive.org/web/20170924125452id_/http://ikttips.skolbloggen.se:80/2010/11/,True,html-content,2010/11/index.html,False,True,True,https://web.archive.org/web/20170924125452id_/http://ikttips.skolbloggen.se:80/2010/11/,http://ikttips.skolbloggen.se/2010/11/,other,2010/11/index.html,
http://ikttips.skolbloggen.se/2010/12/,other,200,text/html,20170924125457,http://ikttips.skolbloggen.se:80/2010/12/,https://web.archive.org/web/20170924125457/http://ikttips.skolbloggen.se:80/2010/12/,https://web.archive.org/web/20170924125457id_/http://ikttips.skolbloggen.se:80/2010/12/,True,html-content,2010/12/index.html,False,True,True,https://web.archive.org/web/20170924125457id_/http://ikttips.skolbloggen.se:80/2010/12/,http://ikttips.skolbloggen.se/2010/12/,other,2010/12/index.html,
http://ikttips.skolbloggen.se/2010/12/02/vad-menas-med-molnet-2/,post_like,200,text/html,20171009235232,http://ikttips.skolbloggen.se:80/2010/12/02/vad-menas-med-molnet-2/,https://web.archive.org/web/20171009235232/http://ikttips.skolbloggen.se:80/2010/12/02/vad-menas-med-molnet-2/,https://web.archive.org/web/20171009235232id_/http://ikttips.skolbloggen.se:80/2010/12/02/vad-menas-med-molnet-2/,True,html-content,2010/12/02/vad-menas-med-molnet-2/index.html,False,True,True,https://web.archive.org/web/20171009235232id_/http://ikttips.skolbloggen.se:80/2010/12/02/vad-menas-med-molnet-2/,http://ikttips.skolbloggen.se/2010/12/02/vad-menas-med-molnet-2/,post_like,2010/12/02/vad-menas-med-molnet-2/index.html,
http://ikttips.skolbloggen.se/2011/01/,other,200,text/html,20170924125502,http://ikttips.skolbloggen.se:80/2011/01/,https://web.archive.org/web/20170924125502/http://ikttips.skolbloggen.se:80/2011/01/,https://web.archive.org/web/20170924125502id_/http://ikttips.skolbloggen.se:80/2011/01/,True,html-content,2011/01/index.html,False,True,False,https://web.archive.org/web/20170924125502id_/http://ikttips.skolbloggen.se:80/2011/01/,http://ikttips.skolbloggen.se/2011/01/,other,2011/01/index.html,
http://ikttips.skolbloggen.se/2011/01/11/gapminder/,post_like,200,text/html,20170924001911,http://ikttips.skolbloggen.se:80/2011/01/11/gapminder/,https://web.archive.org/web/20170924001911/http://ikttips.skolbloggen.se:80/2011/01/11/gapminder/,https://web.archive.org/web/20170924001911id_/http://ikttips.skolbloggen.se:80/2011/01/11/gapminder/,True,html-content,2011/01/11/gapminder/index.html,False,True,False,https://web.archive.org/web/20170924001911id_/http://ikttips.skolbloggen.se:80/2011/01/11/gapminder/,http://ikttips.skolbloggen.se/2011/01/11/gapminder/,post_like,2011/01/11/gapminder/index.html,
http://ikttips.skolbloggen.se/2011/01/21/kallhanvisningar-till-bilder,post_like,301,text/html,20171022193841,http://ikttips.skolbloggen.se:80/2011/01/21/kallhanvisningar-till-bilder,https://web.archive.org/web/20171022193841/http://ikttips.skolbloggen.se:80/2011/01/21/kallhanvisningar-till-bilder,https://web.archive.org/web/20171022193841/http://ikttips.skolbloggen.se:80/2011/01/21/kallhanvisningar-till-bilder,True,redirect:301,2011/01/21/kallhanvisningar-till-bilder/index.html,True,True,False,https://web.archive.org/web/20171022193841/http://ikttips.skolbloggen.se:80/2011/01/21/kallhanvisningar-till-bilder,http://ikttips.skolbloggen.se/2011/01/21/kallhanvisningar-till-bilder,post_like,2011/01/21/kallhanvisningar-till-bilder/index.html,
http://ikttips.skolbloggen.se/2011/01/21/kallhanvisningar-till-bilder/,post_like,200,text/html,20171022193841,http://ikttips.skolbloggen.se:80/2011/01/21/kallhanvisningar-till-bilder/,https://web.archive.org/web/20171022193841/http://ikttips.skolbloggen.se:80/2011/01/21/kallhanvisningar-till-bilder/,https://web.archive.org/web/20171022193841id_/http://ikttips.skolbloggen.se:80/2011/01/21/kallhanvisningar-till-bilder/,True,html-content,2011/01/21/kallhanvisningar-till-bilder/index.html,False,True,False,https://web.archive.org/web/20171022193841id_/http://ikttips.skolbloggen.se:80/2011/01/21/kallhanvisningar-till-bilder/,http://ikttips.skolbloggen.se/2011/01/21/kallhanvisningar-till-bilder/,post_like,2011/01/21/kallhanvisningar-till-bilder/index.html,
http://ikttips.skolbloggen.se/2011/01/21/kallhanvisningar-till-bilder/feed/,feed,200,application/rss+xml,20170924001745,http://ikttips.skolbloggen.se:80/2011/01/21/kallhanvisningar-till-bilder/feed/,https://web.archive.org/web/20170924001745/http://ikttips.skolbloggen.se:80/2011/01/21/kallhanvisningar-till-bilder/feed/,https://web.archive.org/web/20170924001745id_/http://ikttips.skolbloggen.se:80/2011/01/21/kallhanvisningar-till-bilder/feed/,False,kind:feed,2011/01/21/kallhanvisningar-till-bilder/feed/index.html,False,False,False,,,,,
http://ikttips.skolbloggen.se/2011/01/29/kom-igang-med-skolbloggen-se/,post_like,200,text/html,20170924001751,http://ikttips.skolbloggen.se:80/2011/01/29/kom-igang-med-skolbloggen-se/,https://web.archive.org/web/20170924001751/http://ikttips.skolbloggen.se:80/2011/01/29/kom-igang-med-skolbloggen-se/,https://web.archive.org/web/20170924001751id_/http://ikttips.skolbloggen.se:80/2011/01/29/kom-igang-med-skolbloggen-se/,True,html-content,2011/01/29/kom-igang-med-skolbloggen-se/index.html,False,True,False,https://web.archive.org/web/20170924001751id_/http://ikttips.skolbloggen.se:80/2011/01/29/kom-igang-med-skolbloggen-se/,http://ikttips.skolbloggen.se/2011/01/29/kom-igang-med-skolbloggen-se/,post_like,2011/01/29/kom-igang-med-skolbloggen-se/index.html,
http://ikttips.skolbloggen.se/2011/02/,other,200,text/html,20170924123603,http://ikttips.skolbloggen.se:80/2011/02/,https://web.archive.org/web/20170924123603/http://ikttips.skolbloggen.se:80/2011/02/,https://web.archive.org/web/20170924123603id_/http://ikttips.skolbloggen.se:80/2011/02/,True,html-content,2011/02/index.html,False,True,False,https://web.archive.org/web/20170924123603id_/http://ikttips.skolbloggen.se:80/2011/02/,http://ikttips.skolbloggen.se/2011/02/,other,2011/02/index.html,
http://ikttips.skolbloggen.se/2011/02/24/anne-frank/,post_like,200,text/html,20120615010040,http://ikttips.skolbloggen.se:80/2011/02/24/anne-frank/,https://web.archive.org/web/20120615010040/http://ikttips.skolbloggen.se:80/2011/02/24/anne-frank/,https://web.archive.org/web/20120615010040id_/http://ikttips.skolbloggen.se:80/2011/02/24/anne-frank/,True,html-content,2011/02/24/anne-frank/index.html,False,True,False,https://web.archive.org/web/20120615010040id_/http://ikttips.skolbloggen.se:80/2011/02/24/anne-frank/,http://ikttips.skolbloggen.se/2011/02/24/anne-frank/,post_like,2011/02/24/anne-frank/index.html,
http://ikttips.skolbloggen.se/2011/03/,other,200,text/html,20170924125507,http://ikttips.skolbloggen.se:80/2011/03/,https://web.archive.org/web/20170924125507/http://ikttips.skolbloggen.se:80/2011/03/,https://web.archive.org/web/20170924125507id_/http://ikttips.skolbloggen.se:80/2011/03/,True,html-content,2011/03/index.html,False,True,False,https://web.archive.org/web/20170924125507id_/http://ikttips.skolbloggen.se:80/2011/03/,http://ikttips.skolbloggen.se/2011/03/,other,2011/03/index.html,
http://ikttips.skolbloggen.se/2011/03/01/tips-pa-digitala-resurser,post_like,301,text/html,20120904155816,http://ikttips.skolbloggen.se:80/2011/03/01/tips-pa-digitala-resurser,https://web.archive.org/web/20120904155816/http://ikttips.skolbloggen.se:80/2011/03/01/tips-pa-digitala-resurser,https://web.archive.org/web/20120904155816/http://ikttips.skolbloggen.se:80/2011/03/01/tips-pa-digitala-resurser,True,redirect:301,2011/03/01/tips-pa-digitala-resurser/index.html,True,True,False,https://web.archive.org/web/20120904155816/http://ikttips.skolbloggen.se:80/2011/03/01/tips-pa-digitala-resurser,http://ikttips.skolbloggen.se/2011/03/01/tips-pa-digitala-resurser,post_like,2011/03/01/tips-pa-digitala-resurser/index.html,
http://ikttips.skolbloggen.se/2011/03/01/tips-pa-digitala-resurser/,post_like,200,text/html,20120904155816,http://ikttips.skolbloggen.se:80/2011/03/01/tips-pa-digitala-resurser/,https://web.archive.org/web/20120904155816/http://ikttips.skolbloggen.se:80/2011/03/01/tips-pa-digitala-resurser/,https://web.archive.org/web/20120904155816id_/http://ikttips.skolbloggen.se:80/2011/03/01/tips-pa-digitala-resurser/,True,html-content,2011/03/01/tips-pa-digitala-resurser/index.html,False,True,False,https://web.archive.org/web/20120904155816id_/http://ikttips.skolbloggen.se:80/2011/03/01/tips-pa-digitala-resurser/,http://ikttips.skolbloggen.se/2011/03/01/tips-pa-digitala-resurser/,post_like,2011/03/01/tips-pa-digitala-resurser/index.html,
http://ikttips.skolbloggen.se/2011/03/01/tips-pa-digitala-resurser/feed/,feed,200,text/xml,20120615010043,http://ikttips.skolbloggen.se:80/2011/03/01/tips-pa-digitala-resurser/feed/,https://web.archive.org/web/20120615010043/http://ikttips.skolbloggen.se:80/2011/03/01/tips-pa-digitala-resurser/feed/,https://web.archive.org/web/20120615010043id_/http://ikttips.skolbloggen.se:80/2011/03/01/tips-pa-digitala-resurser/feed/,False,kind:feed,2011/03/01/tips-pa-digitala-resurser/feed/index.html,False,False,False,,,,,
http://ikttips.skolbloggen.se/2011/03/02/fler-tips-pa-digitala-resurser/,post_like,200,text/html,20120615012012,http://ikttips.skolbloggen.se:80/2011/03/02/fler-tips-pa-digitala-resurser/,https://web.archive.org/web/20120615012012/http://ikttips.skolbloggen.se:80/2011/03/02/fler-tips-pa-digitala-resurser/,https://web.archive.org/web/20120615012012id_/http://ikttips.skolbloggen.se:80/2011/03/02/fler-tips-pa-digitala-resurser/,True,html-content,2011/03/02/fler-tips-pa-digitala-resurser/index.html,False,True,False,https://web.archive.org/web/20120615012012id_/http://ikttips.skolbloggen.se:80/2011/03/02/fler-tips-pa-digitala-resurser/,http://ikttips.skolbloggen.se/2011/03/02/fler-tips-pa-digitala-resurser/,post_like,2011/03/02/fler-tips-pa-digitala-resurser/index.html,
http://ikttips.skolbloggen.se/2011/04/,other,200,text/html,20170924125910,http://ikttips.skolbloggen.se:80/2011/04/,https://web.archive.org/web/20170924125910/http://ikttips.skolbloggen.se:80/2011/04/,https://web.archive.org/web/20170924125910id_/http://ikttips.skolbloggen.se:80/2011/04/,True,html-content,2011/04/index.html,False,True,False,https://web.archive.org/web/20170924125910id_/http://ikttips.skolbloggen.se:80/2011/04/,http://ikttips.skolbloggen.se/2011/04/,other,2011/04/index.html,
http://ikttips.skolbloggen.se/2011/05/,other,200,text/html,20170924125623,http://ikttips.skolbloggen.se:80/2011/05/,https://web.archive.org/web/20170924125623/http://ikttips.skolbloggen.se:80/2011/05/,https://web.archive.org/web/20170924125623id_/http://ikttips.skolbloggen.se:80/2011/05/,True,html-content,2011/05/index.html,False,True,False,https://web.archive.org/web/20170924125623id_/http://ikttips.skolbloggen.se:80/2011/05/,http://ikttips.skolbloggen.se/2011/05/,other,2011/05/index.html,
http://ikttips.skolbloggen.se/2011/09/,other,200,text/html,20170924123607,http://ikttips.skolbloggen.se:80/2011/09/,https://web.archive.org/web/20170924123607/http://ikttips.skolbloggen.se:80/2011/09/,https://web.archive.org/web/20170924123607id_/http://ikttips.skolbloggen.se:80/2011/09/,True,html-content,2011/09/index.html,False,True,False,https://web.archive.org/web/20170924123607id_/http://ikttips.skolbloggen.se:80/2011/09/,http://ikttips.skolbloggen.se/2011/09/,other,2011/09/index.html,
http://ikttips.skolbloggen.se/2011/10/,other,200,text/html,20170924123613,http://ikttips.skolbloggen.se:80/2011/10/,https://web.archive.org/web/20170924123613/http://ikttips.skolbloggen.se:80/2011/10/,https://web.archive.org/web/20170924123613id_/http://ikttips.skolbloggen.se:80/2011/10/,True,html-content,2011/10/index.html,False,True,False,https://web.archive.org/web/20170924123613id_/http://ikttips.skolbloggen.se:80/2011/10/,http://ikttips.skolbloggen.se/2011/10/,other,2011/10/index.html,
http://ikttips.skolbloggen.se/2011/10/10/mentorstiden-10-okt-2011-akademisk-hederlighet/,post_like,200,text/html,20120308021341,http://ikttips.skolbloggen.se:80/2011/10/10/mentorstiden-10-okt-2011-akademisk-hederlighet/,https://web.archive.org/web/20120308021341/http://ikttips.skolbloggen.se:80/2011/10/10/mentorstiden-10-okt-2011-akademisk-hederlighet/,https://web.archive.org/web/20120308021341id_/http://ikttips.skolbloggen.se:80/2011/10/10/mentorstiden-10-okt-2011-akademisk-hederlighet/,True,html-content,2011/10/10/mentorstiden-10-okt-2011-akademisk-hederlighet/index.html,False,True,False,https://web.archive.org/web/20120308021341id_/http://ikttips.skolbloggen.se:80/2011/10/10/mentorstiden-10-okt-2011-akademisk-hederlighet/,http://ikttips.skolbloggen.se/2011/10/10/mentorstiden-10-okt-2011-akademisk-hederlighet/,post_like,2011/10/10/mentorstiden-10-okt-2011-akademisk-hederlighet/index.html,
http://ikttips.skolbloggen.se/2011/10/23/mentorstiden-24-okt-upphovsratten-och-hur-du-kan-hitta-fria-bilder/,post_like,200,text/html,20170924001756,http://ikttips.skolbloggen.se:80/2011/10/23/mentorstiden-24-okt-upphovsratten-och-hur-du-kan-hitta-fria-bilder/,https://web.archive.org/web/20170924001756/http://ikttips.skolbloggen.se:80/2011/10/23/mentorstiden-24-okt-upphovsratten-och-hur-du-kan-hitta-fria-bilder/,https://web.archive.org/web/20170924001756id_/http://ikttips.skolbloggen.se:80/2011/10/23/mentorstiden-24-okt-upphovsratten-och-hur-du-kan-hitta-fria-bilder/,True,html-content,2011/10/23/mentorstiden-24-okt-upphovsratten-och-hur-du-kan-hitta-fria-bilder/index.html,False,True,False,https://web.archive.org/web/20170924001756id_/http://ikttips.skolbloggen.se:80/2011/10/23/mentorstiden-24-okt-upphovsratten-och-hur-du-kan-hitta-fria-bilder/,http://ikttips.skolbloggen.se/2011/10/23/mentorstiden-24-okt-upphovsratten-och-hur-du-kan-hitta-fria-bilder/,post_like,2011/10/23/mentorstiden-24-okt-upphovsratten-och-hur-du-kan-hitta-fria-bilder/index.html,
http://ikttips.skolbloggen.se/2011/10/24/ett-3d-projekt-i-garsnas/,post_like,200,text/html,20120308021336,http://ikttips.skolbloggen.se:80/2011/10/24/ett-3d-projekt-i-garsnas/,https://web.archive.org/web/20120308021336/http://ikttips.skolbloggen.se:80/2011/10/24/ett-3d-projekt-i-garsnas/,https://web.archive.org/web/20120308021336id_/http://ikttips.skolbloggen.se:80/2011/10/24/ett-3d-projekt-i-garsnas/,True,html-content,2011/10/24/ett-3d-projekt-i-garsnas/index.html,False,True,False,https://web.archive.org/web/20120308021336id_/http://ikttips.skolbloggen.se:80/2011/10/24/ett-3d-projekt-i-garsnas/,http://ikttips.skolbloggen.se/2011/10/24/ett-3d-projekt-i-garsnas/,post_like,2011/10/24/ett-3d-projekt-i-garsnas/index.html,
http://ikttips.skolbloggen.se/2011/11/,other,200,text/html,20170924123355,http://ikttips.skolbloggen.se:80/2011/11/,https://web.archive.org/web/20170924123355/http://ikttips.skolbloggen.se:80/2011/11/,https://web.archive.org/web/20170924123355id_/http://ikttips.skolbloggen.se:80/2011/11/,True,html-content,2011/11/index.html,False,True,False,https://web.archive.org/web/20170924123355id_/http://ikttips.skolbloggen.se:80/2011/11/,http://ikttips.skolbloggen.se/2011/11/,other,2011/11/index.html,
http://ikttips.skolbloggen.se/2011/11/15/bokcirkel-om-gosta-berlings-saga/,post_like,200,text/html,20120308021449,http://ikttips.skolbloggen.se:80/2011/11/15/bokcirkel-om-gosta-berlings-saga/,https://web.archive.org/web/20120308021449/http://ikttips.skolbloggen.se:80/2011/11/15/bokcirkel-om-gosta-berlings-saga/,https://web.archive.org/web/20120308021449id_/http://ikttips.skolbloggen.se:80/2011/11/15/bokcirkel-om-gosta-berlings-saga/,True,html-content,2011/11/15/bokcirkel-om-gosta-berlings-saga/index.html,False,True,False,https://web.archive.org/web/20120308021449id_/http://ikttips.skolbloggen.se:80/2011/11/15/bokcirkel-om-gosta-berlings-saga/,http://ikttips.skolbloggen.se/2011/11/15/bokcirkel-om-gosta-berlings-saga/,post_like,2011/11/15/bokcirkel-om-gosta-berlings-saga/index.html,
http://ikttips.skolbloggen.se/2011/11/22/mentorstiden-1411-2011/,post_like,200,text/html,20131226095138,http://ikttips.skolbloggen.se/2011/11/22/mentorstiden-1411-2011/,https://web.archive.org/web/20131226095138/http://ikttips.skolbloggen.se/2011/11/22/mentorstiden-1411-2011/,https://web.archive.org/web/20131226095138id_/http://ikttips.skolbloggen.se/2011/11/22/mentorstiden-1411-2011/,True,html-content,2011/11/22/mentorstiden-1411-2011/index.html,False,True,False,https://web.archive.org/web/20131226095138id_/http://ikttips.skolbloggen.se/2011/11/22/mentorstiden-1411-2011/,http://ikttips.skolbloggen.se/2011/11/22/mentorstiden-1411-2011/,post_like,2011/11/22/mentorstiden-1411-2011/index.html,
http://ikttips.skolbloggen.se/2011/11/22/mentorstiden-2111-2011/,post_like,200,text/html,20131226094033,http://ikttips.skolbloggen.se/2011/11/22/mentorstiden-2111-2011/,https://web.archive.org/web/20131226094033/http://ikttips.skolbloggen.se/2011/11/22/mentorstiden-2111-2011/,https://web.archive.org/web/20131226094033id_/http://ikttips.skolbloggen.se/2011/11/22/mentorstiden-2111-2011/,True,html-content,2011/11/22/mentorstiden-2111-2011/index.html,False,True,False,https://web.archive.org/web/20131226094033id_/http://ikttips.skolbloggen.se/2011/11/22/mentorstiden-2111-2011/,http://ikttips.skolbloggen.se/2011/11/22/mentorstiden-2111-2011/,post_like,2011/11/22/mentorstiden-2111-2011/index.html,
http://ikttips.skolbloggen.se/2011/11/22/mentorstiden-2111-2011/feed/,feed,200,text/xml,20131226093840,http://ikttips.skolbloggen.se/2011/11/22/mentorstiden-2111-2011/feed/,https://web.archive.org/web/20131226093840/http://ikttips.skolbloggen.se/2011/11/22/mentorstiden-2111-2011/feed/,https://web.archive.org/web/20131226093840id_/http://ikttips.skolbloggen.se/2011/11/22/mentorstiden-2111-2011/feed/,False,kind:feed,2011/11/22/mentorstiden-2111-2011/feed/index.html,False,False,False,,,,,
http://ikttips.skolbloggen.se/2011/11/24/bloggar-i-skolan/,post_like,200,text/html,20131226095258,http://ikttips.skolbloggen.se/2011/11/24/bloggar-i-skolan/,https://web.archive.org/web/20131226095258/http://ikttips.skolbloggen.se/2011/11/24/bloggar-i-skolan/,https://web.archive.org/web/20131226095258id_/http://ikttips.skolbloggen.se/2011/11/24/bloggar-i-skolan/,True,html-content,2011/11/24/bloggar-i-skolan/index.html,False,True,False,https://web.archive.org/web/20131226095258id_/http://ikttips.skolbloggen.se/2011/11/24/bloggar-i-skolan/,http://ikttips.skolbloggen.se/2011/11/24/bloggar-i-skolan/,post_like,2011/11/24/bloggar-i-skolan/index.html,
http://ikttips.skolbloggen.se/2011/11/28/mentorstiden-2811-2011-kallkritik/,post_like,200,text/html,20180225141659,http://ikttips.skolbloggen.se:80/2011/11/28/mentorstiden-2811-2011-kallkritik/,https://web.archive.org/web/20180225141659/http://ikttips.skolbloggen.se:80/2011/11/28/mentorstiden-2811-2011-kallkritik/,https://web.archive.org/web/20180225141659id_/http://ikttips.skolbloggen.se:80/2011/11/28/mentorstiden-2811-2011-kallkritik/,True,html-content,2011/11/28/mentorstiden-2811-2011-kallkritik/index.html,False,True,False,https://web.archive.org/web/20180225141659id_/http://ikttips.skolbloggen.se:80/2011/11/28/mentorstiden-2811-2011-kallkritik/,http://ikttips.skolbloggen.se/2011/11/28/mentorstiden-2811-2011-kallkritik/,post_like,2011/11/28/mentorstiden-2811-2011-kallkritik/index.html,
http://ikttips.skolbloggen.se/2011/11/28/mentorstiden-2811-2011-kallkritik/feed/,feed,200,text/xml,20131226093844,http://ikttips.skolbloggen.se/2011/11/28/mentorstiden-2811-2011-kallkritik/feed/,https://web.archive.org/web/20131226093844/http://ikttips.skolbloggen.se/2011/11/28/mentorstiden-2811-2011-kallkritik/feed/,https://web.archive.org/web/20131226093844id_/http://ikttips.skolbloggen.se/2011/11/28/mentorstiden-2811-2011-kallkritik/feed/,False,kind:feed,2011/11/28/mentorstiden-2811-2011-kallkritik/feed/index.html,False,False,False,,,,,
http://ikttips.skolbloggen.se/2011/11/28/resurs-for-dig-som-vill-anvanda-ikt-i-matematikundervisningen/,post_like,200,text/html,20120615012017,http://ikttips.skolbloggen.se:80/2011/11/28/resurs-for-dig-som-vill-anvanda-ikt-i-matematikundervisningen/,https://web.archive.org/web/20120615012017/http://ikttips.skolbloggen.se:80/2011/11/28/resurs-for-dig-som-vill-anvanda-ikt-i-matematikundervisningen/,https://web.archive.org/web/20120615012017id_/http://ikttips.skolbloggen.se:80/2011/11/28/resurs-for-dig-som-vill-anvanda-ikt-i-matematikundervisningen/,True,html-content,2011/11/28/resurs-for-dig-som-vill-anvanda-ikt-i-matematikundervisningen/index.html,False,True,False,https://web.archive.org/web/20120615012017id_/http://ikttips.skolbloggen.se:80/2011/11/28/resurs-for-dig-som-vill-anvanda-ikt-i-matematikundervisningen/,http://ikttips.skolbloggen.se/2011/11/28/resurs-for-dig-som-vill-anvanda-ikt-i-matematikundervisningen/,post_like,2011/11/28/resurs-for-dig-som-vill-anvanda-ikt-i-matematikundervisningen/index.html,
http://ikttips.skolbloggen.se/2011/12/,other,200,text/html,20170924125050,http://ikttips.skolbloggen.se:80/2011/12/,https://web.archive.org/web/20170924125050/http://ikttips.skolbloggen.se:80/2011/12/,https://web.archive.org/web/20170924125050id_/http://ikttips.skolbloggen.se:80/2011/12/,True,html-content,2011/12/index.html,False,True,False,https://web.archive.org/web/20170924125050id_/http://ikttips.skolbloggen.se:80/2011/12/,http://ikttips.skolbloggen.se/2011/12/,other,2011/12/index.html,
http://ikttips.skolbloggen.se/2011/12/05/digitala-resurser-i-stallet-for-larobocker/,post_like,200,text/html,20120615013753,http://ikttips.skolbloggen.se:80/2011/12/05/digitala-resurser-i-stallet-for-larobocker/,https://web.archive.org/web/20120615013753/http://ikttips.skolbloggen.se:80/2011/12/05/digitala-resurser-i-stallet-for-larobocker/,https://web.archive.org/web/20120615013753id_/http://ikttips.skolbloggen.se:80/2011/12/05/digitala-resurser-i-stallet-for-larobocker/,True,html-content,2011/12/05/digitala-resurser-i-stallet-for-larobocker/index.html,False,True,False,https://web.archive.org/web/20120615013753id_/http://ikttips.skolbloggen.se:80/2011/12/05/digitala-resurser-i-stallet-for-larobocker/,http://ikttips.skolbloggen.se/2011/12/05/digitala-resurser-i-stallet-for-larobocker/,post_like,2011/12/05/digitala-resurser-i-stallet-for-larobocker/index.html,
http://ikttips.skolbloggen.se/2011/12/06/pa-svt-play-kan-du-fa-inspiration-i-hur-du-kan-jobba-med-no-i-skolan/,post_like,200,text/html,20120615014109,http://ikttips.skolbloggen.se:80/2011/12/06/pa-svt-play-kan-du-fa-inspiration-i-hur-du-kan-jobba-med-no-i-skolan/,https://web.archive.org/web/20120615014109/http://ikttips.skolbloggen.se:80/2011/12/06/pa-svt-play-kan-du-fa-inspiration-i-hur-du-kan-jobba-med-no-i-skolan/,https://web.archive.org/web/20120615014109id_/http://ikttips.skolbloggen.se:80/2011/12/06/pa-svt-play-kan-du-fa-inspiration-i-hur-du-kan-jobba-med-no-i-skolan/,True,html-content,2011/12/06/pa-svt-play-kan-du-fa-inspiration-i-hur-du-kan-jobba-med-no-i-skolan/index.html,False,True,False,https://web.archive.org/web/20120615014109id_/http://ikttips.skolbloggen.se:80/2011/12/06/pa-svt-play-kan-du-fa-inspiration-i-hur-du-kan-jobba-med-no-i-skolan/,http://ikttips.skolbloggen.se/2011/12/06/pa-svt-play-kan-du-fa-inspiration-i-hur-du-kan-jobba-med-no-i-skolan/,post_like,2011/12/06/pa-svt-play-kan-du-fa-inspiration-i-hur-du-kan-jobba-med-no-i-skolan/index.html,
http://ikttips.skolbloggen.se/2011/12/21/jul-pa-natet/,post_like,200,text/html,20170924123758,http://ikttips.skolbloggen.se:80/2011/12/21/jul-pa-natet/,https://web.archive.org/web/20170924123758/http://ikttips.skolbloggen.se:80/2011/12/21/jul-pa-natet/,https://web.archive.org/web/20170924123758id_/http://ikttips.skolbloggen.se:80/2011/12/21/jul-pa-natet/,True,html-content,2011/12/21/jul-pa-natet/index.html,False,True,False,https://web.archive.org/web/20170924123758id_/http://ikttips.skolbloggen.se:80/2011/12/21/jul-pa-natet/,http://ikttips.skolbloggen.se/2011/12/21/jul-pa-natet/,post_like,2011/12/21/jul-pa-natet/index.html,
http://ikttips.skolbloggen.se/2012/01/,other,200,text/html,20170924125055,http://ikttips.skolbloggen.se:80/2012/01/,https://web.archive.org/web/20170924125055/http://ikttips.skolbloggen.se:80/2012/01/,https://web.archive.org/web/20170924125055id_/http://ikttips.skolbloggen.se:80/2012/01/,True,html-content,2012/01/index.html,False,True,False,https://web.archive.org/web/20170924125055id_/http://ikttips.skolbloggen.se:80/2012/01/,http://ikttips.skolbloggen.se/2012/01/,other,2012/01/index.html,
http://ikttips.skolbloggen.se/2012/01/19/vad-ska-vi-ha-student-helpdesk-till/,post_like,200,text/html,20170924123803,http://ikttips.skolbloggen.se:80/2012/01/19/vad-ska-vi-ha-student-helpdesk-till/,https://web.archive.org/web/20170924123803/http://ikttips.skolbloggen.se:80/2012/01/19/vad-ska-vi-ha-student-helpdesk-till/,https://web.archive.org/web/20170924123803id_/http://ikttips.skolbloggen.se:80/2012/01/19/vad-ska-vi-ha-student-helpdesk-till/,True,html-content,2012/01/19/vad-ska-vi-ha-student-helpdesk-till/index.html,False,True,False,https://web.archive.org/web/20170924123803id_/http://ikttips.skolbloggen.se:80/2012/01/19/vad-ska-vi-ha-student-helpdesk-till/,http://ikttips.skolbloggen.se/2012/01/19/vad-ska-vi-ha-student-helpdesk-till/,post_like,2012/01/19/vad-ska-vi-ha-student-helpdesk-till/index.html,
http://ikttips.skolbloggen.se/2012/02/,other,200,text/html,20170924123400,http://ikttips.skolbloggen.se:80/2012/02/,https://web.archive.org/web/20170924123400/http://ikttips.skolbloggen.se:80/2012/02/,https://web.archive.org/web/20170924123400id_/http://ikttips.skolbloggen.se:80/2012/02/,True,html-content,2012/02/index.html,False,True,False,https://web.archive.org/web/20170924123400id_/http://ikttips.skolbloggen.se:80/2012/02/,http://ikttips.skolbloggen.se/2012/02/,other,2012/02/index.html,
http://ikttips.skolbloggen.se/2012/02/02/vi-jobbar-med-pim/,post_like,200,text/html,20170924125252,http://ikttips.skolbloggen.se:80/2012/02/02/vi-jobbar-med-pim/,https://web.archive.org/web/20170924125252/http://ikttips.skolbloggen.se:80/2012/02/02/vi-jobbar-med-pim/,https://web.archive.org/web/20170924125252id_/http://ikttips.skolbloggen.se:80/2012/02/02/vi-jobbar-med-pim/,True,html-content,2012/02/02/vi-jobbar-med-pim/index.html,False,True,False,https://web.archive.org/web/20170924125252id_/http://ikttips.skolbloggen.se:80/2012/02/02/vi-jobbar-med-pim/,http://ikttips.skolbloggen.se/2012/02/02/vi-jobbar-med-pim/,post_like,2012/02/02/vi-jobbar-med-pim/index.html,
http://ikttips.skolbloggen.se/2012/02/06/datorn-i-utbildningen/,post_like,200,text/html,20170924125628,http://ikttips.skolbloggen.se:80/2012/02/06/datorn-i-utbildningen/,https://web.archive.org/web/20170924125628/http://ikttips.skolbloggen.se:80/2012/02/06/datorn-i-utbildningen/,https://web.archive.org/web/20170924125628id_/http://ikttips.skolbloggen.se:80/2012/02/06/datorn-i-utbildningen/,True,html-content,2012/02/06/datorn-i-utbildningen/index.html,False,True,False,https://web.archive.org/web/20170924125628id_/http://ikttips.skolbloggen.se:80/2012/02/06/datorn-i-utbildningen/,http://ikttips.skolbloggen.se/2012/02/06/datorn-i-utbildningen/,post_like,2012/02/06/datorn-i-utbildningen/index.html,
http://ikttips.skolbloggen.se/2012/02/29/inspiration-pa-natet/,post_like,200,text/html,20170924123808,http://ikttips.skolbloggen.se:80/2012/02/29/inspiration-pa-natet/,https://web.archive.org/web/20170924123808/http://ikttips.skolbloggen.se:80/2012/02/29/inspiration-pa-natet/,https://web.archive.org/web/20170924123808id_/http://ikttips.skolbloggen.se:80/2012/02/29/inspiration-pa-natet/,True,html-content,2012/02/29/inspiration-pa-natet/index.html,False,True,False,https://web.archive.org/web/20170924123808id_/http://ikttips.skolbloggen.se:80/2012/02/29/inspiration-pa-natet/,http://ikttips.skolbloggen.se/2012/02/29/inspiration-pa-natet/,post_like,2012/02/29/inspiration-pa-natet/index.html,
http://ikttips.skolbloggen.se/2012/03/,other,200,text/html,20170924123617,http://ikttips.skolbloggen.se:80/2012/03/,https://web.archive.org/web/20170924123617/http://ikttips.skolbloggen.se:80/2012/03/,https://web.archive.org/web/20170924123617id_/http://ikttips.skolbloggen.se:80/2012/03/,True,html-content,2012/03/index.html,False,True,False,https://web.archive.org/web/20170924123617id_/http://ikttips.skolbloggen.se:80/2012/03/,http://ikttips.skolbloggen.se/2012/03/,other,2012/03/index.html,
http://ikttips.skolbloggen.se/2012/03/22/bloggen-som-ett-pedagogiskt-verktyg/,post_like,200,text/html,20170924123622,http://ikttips.skolbloggen.se:80/2012/03/22/bloggen-som-ett-pedagogiskt-verktyg/,https://web.archive.org/web/20170924123622/http://ikttips.skolbloggen.se:80/2012/03/22/bloggen-som-ett-pedagogiskt-verktyg/,https://web.archive.org/web/20170924123622id_/http://ikttips.skolbloggen.se:80/2012/03/22/bloggen-som-ett-pedagogiskt-verktyg/,True,html-content,2012/03/22/bloggen-som-ett-pedagogiskt-verktyg/index.html,False,True,False,https://web.archive.org/web/20170924123622id_/http://ikttips.skolbloggen.se:80/2012/03/22/bloggen-som-ett-pedagogiskt-verktyg/,http://ikttips.skolbloggen.se/2012/03/22/bloggen-som-ett-pedagogiskt-verktyg/,post_like,2012/03/22/bloggen-som-ett-pedagogiskt-verktyg/index.html,
http://ikttips.skolbloggen.se/2012/03/22/en-svensklarares-baspaket/,post_like,200,text/html,20170924125100,http://ikttips.skolbloggen.se:80/2012/03/22/en-svensklarares-baspaket/,https://web.archive.org/web/20170924125100/http://ikttips.skolbloggen.se:80/2012/03/22/en-svensklarares-baspaket/,https://web.archive.org/web/20170924125100id_/http://ikttips.skolbloggen.se:80/2012/03/22/en-svensklarares-baspaket/,True,html-content,2012/03/22/en-svensklarares-baspaket/index.html,False,True,False,https://web.archive.org/web/20170924125100id_/http://ikttips.skolbloggen.se:80/2012/03/22/en-svensklarares-baspaket/,http://ikttips.skolbloggen.se/2012/03/22/en-svensklarares-baspaket/,post_like,2012/03/22/en-svensklarares-baspaket/index.html,
http://ikttips.skolbloggen.se/2012/03/22/testa-enkatverktyget-surveymonkey/,post_like,200,text/html,20170924125634,http://ikttips.skolbloggen.se:80/2012/03/22/testa-enkatverktyget-surveymonkey/,https://web.archive.org/web/20170924125634/http://ikttips.skolbloggen.se:80/2012/03/22/testa-enkatverktyget-surveymonkey/,https://web.archive.org/web/20170924125634id_/http://ikttips.skolbloggen.se:80/2012/03/22/testa-enkatverktyget-surveymonkey/,True,html-content,2012/03/22/testa-enkatverktyget-surveymonkey/index.html,False,True,False,https://web.archive.org/web/20170924125634id_/http://ikttips.skolbloggen.se:80/2012/03/22/testa-enkatverktyget-surveymonkey/,http://ikttips.skolbloggen.se/2012/03/22/testa-enkatverktyget-surveymonkey/,post_like,2012/03/22/testa-enkatverktyget-surveymonkey/index.html,
http://ikttips.skolbloggen.se/2012/05/,other,200,text/html,20170924123813,http://ikttips.skolbloggen.se:80/2012/05/,https://web.archive.org/web/20170924123813/http://ikttips.skolbloggen.se:80/2012/05/,https://web.archive.org/web/20170924123813id_/http://ikttips.skolbloggen.se:80/2012/05/,True,html-content,2012/05/index.html,False,True,False,https://web.archive.org/web/20170924123813id_/http://ikttips.skolbloggen.se:80/2012/05/,http://ikttips.skolbloggen.se/2012/05/,other,2012/05/index.html,
http://ikttips.skolbloggen.se/2012/05/06/grundlaggande-soktips-pa-internet/,post_like,200,text/html,20170924125638,http://ikttips.skolbloggen.se:80/2012/05/06/grundlaggande-soktips-pa-internet/,https://web.archive.org/web/20170924125638/http://ikttips.skolbloggen.se:80/2012/05/06/grundlaggande-soktips-pa-internet/,https://web.archive.org/web/20170924125638id_/http://ikttips.skolbloggen.se:80/2012/05/06/grundlaggande-soktips-pa-internet/,True,html-content,2012/05/06/grundlaggande-soktips-pa-internet/index.html,False,True,False,https://web.archive.org/web/20170924125638id_/http://ikttips.skolbloggen.se:80/2012/05/06/grundlaggande-soktips-pa-internet/,http://ikttips.skolbloggen.se/2012/05/06/grundlaggande-soktips-pa-internet/,post_like,2012/05/06/grundlaggande-soktips-pa-internet/index.html,
http://ikttips.skolbloggen.se/2012/08/,other,200,text/html,20170924123405,http://ikttips.skolbloggen.se:80/2012/08/,https://web.archive.org/web/20170924123405/http://ikttips.skolbloggen.se:80/2012/08/,https://web.archive.org/web/20170924123405id_/http://ikttips.skolbloggen.se:80/2012/08/,True,html-content,2012/08/index.html,False,True,False,https://web.archive.org/web/20170924123405id_/http://ikttips.skolbloggen.se:80/2012/08/,http://ikttips.skolbloggen.se/2012/08/,other,2012/08/index.html,
http://ikttips.skolbloggen.se/2012/08/15/svenska-i-svedala/,post_like,200,text/html,20170924125256,http://ikttips.skolbloggen.se:80/2012/08/15/svenska-i-svedala/,https://web.archive.org/web/20170924125256/http://ikttips.skolbloggen.se:80/2012/08/15/svenska-i-svedala/,https://web.archive.org/web/20170924125256id_/http://ikttips.skolbloggen.se:80/2012/08/15/svenska-i-svedala/,True,html-content,2012/08/15/svenska-i-svedala/index.html,False,True,False,https://web.archive.org/web/20170924125256id_/http://ikttips.skolbloggen.se:80/2012/08/15/svenska-i-svedala/,http://ikttips.skolbloggen.se/2012/08/15/svenska-i-svedala/,post_like,2012/08/15/svenska-i-svedala/index.html,
http://ikttips.skolbloggen.se/2012/08/22/borja-dar-du-star/,post_like,200,text/html,20170924125301,http://ikttips.skolbloggen.se:80/2012/08/22/borja-dar-du-star/,https://web.archive.org/web/20170924125301/http://ikttips.skolbloggen.se:80/2012/08/22/borja-dar-du-star/,https://web.archive.org/web/20170924125301id_/http://ikttips.skolbloggen.se:80/2012/08/22/borja-dar-du-star/,True,html-content,2012/08/22/borja-dar-du-star/index.html,False,True,False,https://web.archive.org/web/20170924125301id_/http://ikttips.skolbloggen.se:80/2012/08/22/borja-dar-du-star/,http://ikttips.skolbloggen.se/2012/08/22/borja-dar-du-star/,post_like,2012/08/22/borja-dar-du-star/index.html,
http://ikttips.skolbloggen.se/2012/08/29/presentera-dig-sjalv-med-hjalp-av-bilder-och-ljud/,post_like,200,text/html,20170924123818,http://ikttips.skolbloggen.se:80/2012/08/29/presentera-dig-sjalv-med-hjalp-av-bilder-och-ljud/,https://web.archive.org/web/20170924123818/http://ikttips.skolbloggen.se:80/2012/08/29/presentera-dig-sjalv-med-hjalp-av-bilder-och-ljud/,https://web.archive.org/web/20170924123818id_/http://ikttips.skolbloggen.se:80/2012/08/29/presentera-dig-sjalv-med-hjalp-av-bilder-och-ljud/,True,html-content,2012/08/29/presentera-dig-sjalv-med-hjalp-av-bilder-och-ljud/index.html,False,True,False,https://web.archive.org/web/20170924123818id_/http://ikttips.skolbloggen.se:80/2012/08/29/presentera-dig-sjalv-med-hjalp-av-bilder-och-ljud/,http://ikttips.skolbloggen.se/2012/08/29/presentera-dig-sjalv-med-hjalp-av-bilder-och-ljud/,post_like,2012/08/29/presentera-dig-sjalv-med-hjalp-av-bilder-och-ljud/index.html,
http://ikttips.skolbloggen.se/2013/04/,other,200,text/html,20170924125105,http://ikttips.skolbloggen.se:80/2013/04/,https://web.archive.org/web/20170924125105/http://ikttips.skolbloggen.se:80/2013/04/,https://web.archive.org/web/20170924125105id_/http://ikttips.skolbloggen.se:80/2013/04/,True,html-content,2013/04/index.html,False,True,False,https://web.archive.org/web/20170924125105id_/http://ikttips.skolbloggen.se:80/2013/04/,http://ikttips.skolbloggen.se/2013/04/,other,2013/04/index.html,
http://ikttips.skolbloggen.se/2013/04/19/wikipedia-i-skolan/,post_like,200,text/html,20170924123627,http://ikttips.skolbloggen.se:80/2013/04/19/wikipedia-i-skolan/,https://web.archive.org/web/20170924123627/http://ikttips.skolbloggen.se:80/2013/04/19/wikipedia-i-skolan/,https://web.archive.org/web/20170924123627id_/http://ikttips.skolbloggen.se:80/2013/04/19/wikipedia-i-skolan/,True,html-content,2013/04/19/wikipedia-i-skolan/index.html,False,True,False,https://web.archive.org/web/20170924123627id_/http://ikttips.skolbloggen.se:80/2013/04/19/wikipedia-i-skolan/,http://ikttips.skolbloggen.se/2013/04/19/wikipedia-i-skolan/,post_like,2013/04/19/wikipedia-i-skolan/index.html,
http://ikttips.skolbloggen.se/2014/05/,other,200,text/html,20170924125110,http://ikttips.skolbloggen.se:80/2014/05/,https://web.archive.org/web/20170924125110/http://ikttips.skolbloggen.se:80/2014/05/,https://web.archive.org/web/20170924125110id_/http://ikttips.skolbloggen.se:80/2014/05/,True,html-content,2014/05/index.html,False,True,False,https://web.archive.org/web/20170924125110id_/http://ikttips.skolbloggen.se:80/2014/05/,http://ikttips.skolbloggen.se/2014/05/,other,2014/05/index.html,
http://ikttips.skolbloggen.se/2014/05/18/guidning-pa-edulife-och-gafe-under-en-k-dag-pa-og-19-maj-2014/,post_like,200,text/html,20170924125915,http://ikttips.skolbloggen.se:80/2014/05/18/guidning-pa-edulife-och-gafe-under-en-k-dag-pa-og-19-maj-2014/,https://web.archive.org/web/20170924125915/http://ikttips.skolbloggen.se:80/2014/05/18/guidning-pa-edulife-och-gafe-under-en-k-dag-pa-og-19-maj-2014/,https://web.archive.org/web/20170924125915id_/http://ikttips.skolbloggen.se:80/2014/05/18/guidning-pa-edulife-och-gafe-under-en-k-dag-pa-og-19-maj-2014/,True,html-content,2014/05/18/guidning-pa-edulife-och-gafe-under-en-k-dag-pa-og-19-maj-2014/index.html,False,True,False,https://web.archive.org/web/20170924125915id_/http://ikttips.skolbloggen.se:80/2014/05/18/guidning-pa-edulife-och-gafe-under-en-k-dag-pa-og-19-maj-2014/,http://ikttips.skolbloggen.se/2014/05/18/guidning-pa-edulife-och-gafe-under-en-k-dag-pa-og-19-maj-2014/,post_like,2014/05/18/guidning-pa-edulife-och-gafe-under-en-k-dag-pa-og-19-maj-2014/index.html,
http://ikttips.skolbloggen.se/2014/05/19/3310/,post_like,200,text/html,20170924125643,http://ikttips.skolbloggen.se:80/2014/05/19/3310/,https://web.archive.org/web/20170924125643/http://ikttips.skolbloggen.se:80/2014/05/19/3310/,https://web.archive.org/web/20170924125643id_/http://ikttips.skolbloggen.se:80/2014/05/19/3310/,True,html-content,2014/05/19/3310/index.html,False,True,False,https://web.archive.org/web/20170924125643id_/http://ikttips.skolbloggen.se:80/2014/05/19/3310/,http://ikttips.skolbloggen.se/2014/05/19/3310/,post_like,2014/05/19/3310/index.html,
http://ikttips.skolbloggen.se/?p=1011,homepage,301,text/html,20131226094526,http://ikttips.skolbloggen.se/?p=1011,https://web.archive.org/web/20131226094526/http://ikttips.skolbloggen.se/?p=1011,https://web.archive.org/web/20131226094526/http://ikttips.skolbloggen.se/?p=1011,True,query-post-id,index.html,True,True,False,https://web.archive.org/web/20131226094526/http://ikttips.skolbloggen.se/?p=1011,http://ikttips.skolbloggen.se/?p=1011,homepage,index.html,
http://ikttips.skolbloggen.se/?p=336,homepage,301,text/html,20160527163634,http://ikttips.skolbloggen.se/?p=336,https://web.archive.org/web/20160527163634/http://ikttips.skolbloggen.se/?p=336,https://web.archive.org/web/20160527163634/http://ikttips.skolbloggen.se/?p=336,True,query-post-id,index.html,True,True,False,https://web.archive.org/web/20160527163634/http://ikttips.skolbloggen.se/?p=336,http://ikttips.skolbloggen.se/?p=336,homepage,index.html,
http://ikttips.skolbloggen.se/?p=728,homepage,301,text/html,20170924125920,http://ikttips.skolbloggen.se:80/?p=728,https://web.archive.org/web/20170924125920/http://ikttips.skolbloggen.se:80/?p=728,https://web.archive.org/web/20170924125920/http://ikttips.skolbloggen.se:80/?p=728,True,query-post-id,index.html,True,True,False,https://web.archive.org/web/20170924125920/http://ikttips.skolbloggen.se:80/?p=728,http://ikttips.skolbloggen.se/?p=728,homepage,index.html,
http://ikttips.skolbloggen.se/?p=983,homepage,301,text/html,20131226095207,http://ikttips.skolbloggen.se/?p=983,https://web.archive.org/web/20131226095207/http://ikttips.skolbloggen.se/?p=983,https://web.archive.org/web/20131226095207/http://ikttips.skolbloggen.se/?p=983,True,query-post-id,index.html,True,True,False,https://web.archive.org/web/20131226095207/http://ikttips.skolbloggen.se/?p=983,http://ikttips.skolbloggen.se/?p=983,homepage,index.html,
http://ikttips.skolbloggen.se/author/cwaste/,other,200,text/html,20170924123823,http://ikttips.skolbloggen.se:80/author/cwaste/,https://web.archive.org/web/20170924123823/http://ikttips.skolbloggen.se:80/author/cwaste/,https://web.archive.org/web/20170924123823id_/http://ikttips.skolbloggen.se:80/author/cwaste/,True,html-content,author/cwaste/index.html,False,True,False,https://web.archive.org/web/20170924123823id_/http://ikttips.skolbloggen.se:80/author/cwaste/,http://ikttips.skolbloggen.se/author/cwaste/,other,author/cwaste/index.html,
http://ikttips.skolbloggen.se/category/att-blogga-tips/,category,200,text/html,20170923211736,http://ikttips.skolbloggen.se:80/category/att-blogga-tips/,https://web.archive.org/web/20170923211736/http://ikttips.skolbloggen.se:80/category/att-blogga-tips/,https://web.archive.org/web/20170923211736id_/http://ikttips.skolbloggen.se:80/category/att-blogga-tips/,True,html-content,category/att-blogga-tips/index.html,False,True,False,https://web.archive.org/web/20170923211736id_/http://ikttips.skolbloggen.se:80/category/att-blogga-tips/,http://ikttips.skolbloggen.se/category/att-blogga-tips/,category,category/att-blogga-tips/index.html,
http://ikttips.skolbloggen.se/category/bild/,category,200,text/html,20170923211706,http://ikttips.skolbloggen.se:80/category/bild/,https://web.archive.org/web/20170923211706/http://ikttips.skolbloggen.se:80/category/bild/,https://web.archive.org/web/20170923211706id_/http://ikttips.skolbloggen.se:80/category/bild/,True,html-content,category/bild/index.html,False,True,False,https://web.archive.org/web/20170923211706id_/http://ikttips.skolbloggen.se:80/category/bild/,http://ikttips.skolbloggen.se/category/bild/,category,category/bild/index.html,
http://ikttips.skolbloggen.se/category/biologi/,category,200,text/html,20170924001916,http://ikttips.skolbloggen.se:80/category/biologi/,https://web.archive.org/web/20170924001916/http://ikttips.skolbloggen.se:80/category/biologi/,https://web.archive.org/web/20170924001916id_/http://ikttips.skolbloggen.se:80/category/biologi/,True,html-content,category/biologi/index.html,False,True,False,https://web.archive.org/web/20170924001916id_/http://ikttips.skolbloggen.se:80/category/biologi/,http://ikttips.skolbloggen.se/category/biologi/,category,category/biologi/index.html,
http://ikttips.skolbloggen.se/category/datorer-internet/,category,200,text/html,20170923211751,http://ikttips.skolbloggen.se:80/category/datorer-internet/,https://web.archive.org/web/20170923211751/http://ikttips.skolbloggen.se:80/category/datorer-internet/,https://web.archive.org/web/20170923211751id_/http://ikttips.skolbloggen.se:80/category/datorer-internet/,True,html-content,category/datorer-internet/index.html,False,True,False,https://web.archive.org/web/20170923211751id_/http://ikttips.skolbloggen.se:80/category/datorer-internet/,http://ikttips.skolbloggen.se/category/datorer-internet/,category,category/datorer-internet/index.html,
http://ikttips.skolbloggen.se/category/digitala-resurser/,category,200,text/html,20170924001921,http://ikttips.skolbloggen.se:80/category/digitala-resurser/,https://web.archive.org/web/20170924001921/http://ikttips.skolbloggen.se:80/category/digitala-resurser/,https://web.archive.org/web/20170924001921id_/http://ikttips.skolbloggen.se:80/category/digitala-resurser/,True,html-content,category/digitala-resurser/index.html,False,True,False,https://web.archive.org/web/20170924001921id_/http://ikttips.skolbloggen.se:80/category/digitala-resurser/,http://ikttips.skolbloggen.se/category/digitala-resurser/,category,category/digitala-resurser/index.html,
http://ikttips.skolbloggen.se/category/engelska,category,301,text/html,20140306033542,http://ikttips.skolbloggen.se:80/category/engelska,https://web.archive.org/web/20140306033542/http://ikttips.skolbloggen.se:80/category/engelska,https://web.archive.org/web/20140306033542/http://ikttips.skolbloggen.se:80/category/engelska,True,redirect:301,category/engelska/index.html,True,True,False,https://web.archive.org/web/20140306033542/http://ikttips.skolbloggen.se:80/category/engelska,http://ikttips.skolbloggen.se/category/engelska,category,category/engelska/index.html,
http://ikttips.skolbloggen.se/category/engelska/,category,200,text/html,20170924001926,http://ikttips.skolbloggen.se:80/category/engelska/,https://web.archive.org/web/20170924001926/http://ikttips.skolbloggen.se:80/category/engelska/,https://web.archive.org/web/20170924001926id_/http://ikttips.skolbloggen.se:80/category/engelska/,True,html-content,category/engelska/index.html,False,True,False,https://web.archive.org/web/20170924001926id_/http://ikttips.skolbloggen.se:80/category/engelska/,http://ikttips.skolbloggen.se/category/engelska/,category,category/engelska/index.html,
http://ikttips.skolbloggen.se/category/fysik/,category,200,text/html,20170924001801,http://ikttips.skolbloggen.se:80/category/fysik/,https://web.archive.org/web/20170924001801/http://ikttips.skolbloggen.se:80/category/fysik/,https://web.archive.org/web/20170924001801id_/http://ikttips.skolbloggen.se:80/category/fysik/,True,html-content,category/fysik/index.html,False,True,False,https://web.archive.org/web/20170924001801id_/http://ikttips.skolbloggen.se:80/category/fysik/,http://ikttips.skolbloggen.se/category/fysik/,category,category/fysik/index.html,
http://ikttips.skolbloggen.se/category/geografi/,category,200,text/html,20170924001214,http://ikttips.skolbloggen.se:80/category/geografi/,https://web.archive.org/web/20170924001214/http://ikttips.skolbloggen.se:80/category/geografi/,https://web.archive.org/web/20170924001214id_/http://ikttips.skolbloggen.se:80/category/geografi/,True,html-content,category/geografi/index.html,False,True,False,https://web.archive.org/web/20170924001214id_/http://ikttips.skolbloggen.se:80/category/geografi/,http://ikttips.skolbloggen.se/category/geografi/,category,category/geografi/index.html,
http://ikttips.skolbloggen.se/category/google-apps-for-education/,category,200,text/html,20170924001219,http://ikttips.skolbloggen.se:80/category/google-apps-for-education/,https://web.archive.org/web/20170924001219/http://ikttips.skolbloggen.se:80/category/google-apps-for-education/,https://web.archive.org/web/20170924001219id_/http://ikttips.skolbloggen.se:80/category/google-apps-for-education/,True,html-content,category/google-apps-for-education/index.html,False,True,False,https://web.archive.org/web/20170924001219id_/http://ikttips.skolbloggen.se:80/category/google-apps-for-education/,http://ikttips.skolbloggen.se/category/google-apps-for-education/,category,category/google-apps-for-education/index.html,
http://ikttips.skolbloggen.se/category/historia/,category,200,text/html,20170924001224,http://ikttips.skolbloggen.se:80/category/historia/,https://web.archive.org/web/20170924001224/http://ikttips.skolbloggen.se:80/category/historia/,https://web.archive.org/web/20170924001224id_/http://ikttips.skolbloggen.se:80/category/historia/,True,html-content,category/historia/index.html,False,True,False,https://web.archive.org/web/20170924001224id_/http://ikttips.skolbloggen.se:80/category/historia/,http://ikttips.skolbloggen.se/category/historia/,category,category/historia/index.html,
http://ikttips.skolbloggen.se/category/innovativa-skolprogrammet/,category,200,text/html,20170924001229,http://ikttips.skolbloggen.se:80/category/innovativa-skolprogrammet/,https://web.archive.org/web/20170924001229/http://ikttips.skolbloggen.se:80/category/innovativa-skolprogrammet/,https://web.archive.org/web/20170924001229id_/http://ikttips.skolbloggen.se:80/category/innovativa-skolprogrammet/,True,html-content,category/innovativa-skolprogrammet/index.html,False,True,False,https://web.archive.org/web/20170924001229id_/http://ikttips.skolbloggen.se:80/category/innovativa-skolprogrammet/,http://ikttips.skolbloggen.se/category/innovativa-skolprogrammet/,category,category/innovativa-skolprogrammet/index.html,
http://ikttips.skolbloggen.se/category/kallkritik/,category,200,text/html,20170924001931,http://ikttips.skolbloggen.se:80/category/kallkritik/,https://web.archive.org/web/20170924001931/http://ikttips.skolbloggen.se:80/category/kallkritik/,https://web.archive.org/web/20170924001931id_/http://ikttips.skolbloggen.se:80/category/kallkritik/,True,html-content,category/kallkritik/index.html,False,True,False,https://web.archive.org/web/20170924001931id_/http://ikttips.skolbloggen.se:80/category/kallkritik/,http://ikttips.skolbloggen.se/category/kallkritik/,category,category/kallkritik/index.html,
http://ikttips.skolbloggen.se/category/kemi/,category,200,text/html,20170924001807,http://ikttips.skolbloggen.se:80/category/kemi/,https://web.archive.org/web/20170924001807/http://ikttips.skolbloggen.se:80/category/kemi/,https://web.archive.org/web/20170924001807id_/http://ikttips.skolbloggen.se:80/category/kemi/,True,html-content,category/kemi/index.html,False,True,False,https://web.archive.org/web/20170924001807id_/http://ikttips.skolbloggen.se:80/category/kemi/,http://ikttips.skolbloggen.se/category/kemi/,category,category/kemi/index.html,
http://ikttips.skolbloggen.se/category/larportaler/,category,200,text/html,20170924001812,http://ikttips.skolbloggen.se:80/category/larportaler/,https://web.archive.org/web/20170924001812/http://ikttips.skolbloggen.se:80/category/larportaler/,https://web.archive.org/web/20170924001812id_/http://ikttips.skolbloggen.se:80/category/larportaler/,True,html-content,category/larportaler/index.html,False,True,False,https://web.archive.org/web/20170924001812id_/http://ikttips.skolbloggen.se:80/category/larportaler/,http://ikttips.skolbloggen.se/category/larportaler/,category,category/larportaler/index.html,
http://ikttips.skolbloggen.se/category/matematik/,category,200,text/html,20170924001049,http://ikttips.skolbloggen.se:80/category/matematik/,https://web.archive.org/web/20170924001049/http://ikttips.skolbloggen.se:80/category/matematik/,https://web.archive.org/web/20170924001049id_/http://ikttips.skolbloggen.se:80/category/matematik/,True,html-content,category/matematik/index.html,False,True,False,https://web.archive.org/web/20170924001049id_/http://ikttips.skolbloggen.se:80/category/matematik/,http://ikttips.skolbloggen.se/category/matematik/,category,category/matematik/index.html,
http://ikttips.skolbloggen.se/category/moderna-sprak/,category,200,text/html,20170924001936,http://ikttips.skolbloggen.se:80/category/moderna-sprak/,https://web.archive.org/web/20170924001936/http://ikttips.skolbloggen.se:80/category/moderna-sprak/,https://web.archive.org/web/20170924001936id_/http://ikttips.skolbloggen.se:80/category/moderna-sprak/,True,html-content,category/moderna-sprak/index.html,False,True,False,https://web.archive.org/web/20170924001936id_/http://ikttips.skolbloggen.se:80/category/moderna-sprak/,http://ikttips.skolbloggen.se/category/moderna-sprak/,category,category/moderna-sprak/index.html,
http://ikttips.skolbloggen.se/category/naturkunskap/,category,200,text/html,20170924001055,http://ikttips.skolbloggen.se:80/category/naturkunskap/,https://web.archive.org/web/20170924001055/http://ikttips.skolbloggen.se:80/category/naturkunskap/,https://web.archive.org/web/20170924001055id_/http://ikttips.skolbloggen.se:80/category/naturkunskap/,True,html-content,category/naturkunskap/index.html,False,True,False,https://web.archive.org/web/20170924001055id_/http://ikttips.skolbloggen.se:80/category/naturkunskap/,http://ikttips.skolbloggen.se/category/naturkunskap/,category,category/naturkunskap/index.html,
http://ikttips.skolbloggen.se/category/okategoriserade/,category,200,text/html,20170924001100,http://ikttips.skolbloggen.se:80/category/okategoriserade/,https://web.archive.org/web/20170924001100/http://ikttips.skolbloggen.se:80/category/okategoriserade/,https://web.archive.org/web/20170924001100id_/http://ikttips.skolbloggen.se:80/category/okategoriserade/,True,html-content,category/okategoriserade/index.html,False,True,False,https://web.archive.org/web/20170924001100id_/http://ikttips.skolbloggen.se:80/category/okategoriserade/,http://ikttips.skolbloggen.se/category/okategoriserade/,category,category/okategoriserade/index.html,
http://ikttips.skolbloggen.se/category/om-den-har-webbplatsen/,category,200,text/html,20170924001941,http://ikttips.skolbloggen.se:80/category/om-den-har-webbplatsen/,https://web.archive.org/web/20170924001941/http://ikttips.skolbloggen.se:80/category/om-den-har-webbplatsen/,https://web.archive.org/web/20170924001941id_/http://ikttips.skolbloggen.se:80/category/om-den-har-webbplatsen/,True,html-content,category/om-den-har-webbplatsen/index.html,False,True,False,https://web.archive.org/web/20170924001941id_/http://ikttips.skolbloggen.se:80/category/om-den-har-webbplatsen/,http://ikttips.skolbloggen.se/category/om-den-har-webbplatsen/,category,category/om-den-har-webbplatsen/index.html,
http://ikttips.skolbloggen.se/category/pedagogisk-verkstad/,category,200,text/html,20170924001118,http://ikttips.skolbloggen.se:80/category/pedagogisk-verkstad/,https://web.archive.org/web/20170924001118/http://ikttips.skolbloggen.se:80/category/pedagogisk-verkstad/,https://web.archive.org/web/20170924001118id_/http://ikttips.skolbloggen.se:80/category/pedagogisk-verkstad/,True,html-content,category/pedagogisk-verkstad/index.html,False,True,False,https://web.archive.org/web/20170924001118id_/http://ikttips.skolbloggen.se:80/category/pedagogisk-verkstad/,http://ikttips.skolbloggen.se/category/pedagogisk-verkstad/,category,category/pedagogisk-verkstad/index.html,
http://ikttips.skolbloggen.se/category/plagiatkontroll/,category,200,text/html,20170924001946,http://ikttips.skolbloggen.se:80/category/plagiatkontroll/,https://web.archive.org/web/20170924001946/http://ikttips.skolbloggen.se:80/category/plagiatkontroll/,https://web.archive.org/web/20170924001946id_/http://ikttips.skolbloggen.se:80/category/plagiatkontroll/,True,html-content,category/plagiatkontroll/index.html,False,True,False,https://web.archive.org/web/20170924001946id_/http://ikttips.skolbloggen.se:80/category/plagiatkontroll/,http://ikttips.skolbloggen.se/category/plagiatkontroll/,category,category/plagiatkontroll/index.html,
http://ikttips.skolbloggen.se/category/projektarbete/,category,200,text/html,20170924001234,http://ikttips.skolbloggen.se:80/category/projektarbete/,https://web.archive.org/web/20170924001234/http://ikttips.skolbloggen.se:80/category/projektarbete/,https://web.archive.org/web/20170924001234id_/http://ikttips.skolbloggen.se:80/category/projektarbete/,True,html-content,category/projektarbete/index.html,False,True,False,https://web.archive.org/web/20170924001234id_/http://ikttips.skolbloggen.se:80/category/projektarbete/,http://ikttips.skolbloggen.se/category/projektarbete/,category,category/projektarbete/index.html,
http://ikttips.skolbloggen.se/category/samhallskunskap/,category,200,text/html,20170924001123,http://ikttips.skolbloggen.se:80/category/samhallskunskap/,https://web.archive.org/web/20170924001123/http://ikttips.skolbloggen.se:80/category/samhallskunskap/,https://web.archive.org/web/20170924001123id_/http://ikttips.skolbloggen.se:80/category/samhallskunskap/,True,html-content,category/samhallskunskap/index.html,False,True,False,https://web.archive.org/web/20170924001123id_/http://ikttips.skolbloggen.se:80/category/samhallskunskap/,http://ikttips.skolbloggen.se/category/samhallskunskap/,category,category/samhallskunskap/index.html,
http://ikttips.skolbloggen.se/category/skolbloggen/,category,200,text/html,20170924001816,http://ikttips.skolbloggen.se:80/category/skolbloggen/,https://web.archive.org/web/20170924001816/http://ikttips.skolbloggen.se:80/category/skolbloggen/,https://web.archive.org/web/20170924001816id_/http://ikttips.skolbloggen.se:80/category/skolbloggen/,True,html-content,category/skolbloggen/index.html,False,True,False,https://web.archive.org/web/20170924001816id_/http://ikttips.skolbloggen.se:80/category/skolbloggen/,http://ikttips.skolbloggen.se/category/skolbloggen/,category,category/skolbloggen/index.html,
http://ikttips.skolbloggen.se/category/sprakintroduktion/,category,200,text/html,20170924001951,http://ikttips.skolbloggen.se:80/category/sprakintroduktion/,https://web.archive.org/web/20170924001951/http://ikttips.skolbloggen.se:80/category/sprakintroduktion/,https://web.archive.org/web/20170924001951id_/http://ikttips.skolbloggen.se:80/category/sprakintroduktion/,True,html-content,category/sprakintroduktion/index.html,False,True,False,https://web.archive.org/web/20170924001951id_/http://ikttips.skolbloggen.se:80/category/sprakintroduktion/,http://ikttips.skolbloggen.se/category/sprakintroduktion/,category,category/sprakintroduktion/index.html,
http://ikttips.skolbloggen.se/category/student-helpdesk/,category,200,text/html,20170924001821,http://ikttips.skolbloggen.se:80/category/student-helpdesk/,https://web.archive.org/web/20170924001821/http://ikttips.skolbloggen.se:80/category/student-helpdesk/,https://web.archive.org/web/20170924001821id_/http://ikttips.skolbloggen.se:80/category/student-helpdesk/,True,html-content,category/student-helpdesk/index.html,False,True,False,https://web.archive.org/web/20170924001821id_/http://ikttips.skolbloggen.se:80/category/student-helpdesk/,http://ikttips.skolbloggen.se/category/student-helpdesk/,category,category/student-helpdesk/index.html,
http://ikttips.skolbloggen.se/category/svenska/,category,200,text/html,20170924001239,http://ikttips.skolbloggen.se:80/category/svenska/,https://web.archive.org/web/20170924001239/http://ikttips.skolbloggen.se:80/category/svenska/,https://web.archive.org/web/20170924001239id_/http://ikttips.skolbloggen.se:80/category/svenska/,True,html-content,category/svenska/index.html,False,True,False,https://web.archive.org/web/20170924001239id_/http://ikttips.skolbloggen.se:80/category/svenska/,http://ikttips.skolbloggen.se/category/svenska/,category,category/svenska/index.html,
http://ikttips.skolbloggen.se/category/upphovsratten/,category,200,text/html,20170923211809,http://ikttips.skolbloggen.se:80/category/upphovsratten/,https://web.archive.org/web/20170923211809/http://ikttips.skolbloggen.se:80/category/upphovsratten/,https://web.archive.org/web/20170923211809id_/http://ikttips.skolbloggen.se:80/category/upphovsratten/,True,html-content,category/upphovsratten/index.html,False,True,False,https://web.archive.org/web/20170923211809id_/http://ikttips.skolbloggen.se:80/category/upphovsratten/,http://ikttips.skolbloggen.se/category/upphovsratten/,category,category/upphovsratten/index.html,
http://ikttips.skolbloggen.se/comments/feed/,feed,200,application/rss+xml,20170924125648,http://ikttips.skolbloggen.se:80/comments/feed/,https://web.archive.org/web/20170924125648/http://ikttips.skolbloggen.se:80/comments/feed/,https://web.archive.org/web/20170924125648id_/http://ikttips.skolbloggen.se:80/comments/feed/,False,kind:feed,comments/feed/index.html,False,False,False,,,,,
http://ikttips.skolbloggen.se/favicon.ico,media,200,image/x-icon,20131226094937,http://ikttips.skolbloggen.se/favicon.ico,https://web.archive.org/web/20131226094937/http://ikttips.skolbloggen.se/favicon.ico,https://web.archive.org/web/20131226094937id_/http://ikttips.skolbloggen.se/favicon.ico,False,kind:media,favicon.html,False,False,False,,,,,
http://ikttips.skolbloggen.se/feed/,feed,200,application/rss+xml,20170924001826,http://ikttips.skolbloggen.se:80/feed/,https://web.archive.org/web/20170924001826/http://ikttips.skolbloggen.se:80/feed/,https://web.archive.org/web/20170924001826id_/http://ikttips.skolbloggen.se:80/feed/,False,kind:feed,feed/index.html,False,False,False,,,,,
http://ikttips.skolbloggen.se/ikt-verktyg/,other,200,text/html,20170924123632,http://ikttips.skolbloggen.se:80/ikt-verktyg/,https://web.archive.org/web/20170924123632/http://ikttips.skolbloggen.se:80/ikt-verktyg/,https://web.archive.org/web/20170924123632id_/http://ikttips.skolbloggen.se:80/ikt-verktyg/,True,html-content,ikt-verktyg/index.html,False,True,False,https://web.archive.org/web/20170924123632id_/http://ikttips.skolbloggen.se:80/ikt-verktyg/,http://ikttips.skolbloggen.se/ikt-verktyg/,other,ikt-verktyg/index.html,
http://ikttips.skolbloggen.se/ikt-verktyg/296-2/,other,200,text/html,20170924123641,http://ikttips.skolbloggen.se:80/ikt-verktyg/296-2/,https://web.archive.org/web/20170924123641/http://ikttips.skolbloggen.se:80/ikt-verktyg/296-2/,https://web.archive.org/web/20170924123641id_/http://ikttips.skolbloggen.se:80/ikt-verktyg/296-2/,True,html-content,ikt-verktyg/296-2/index.html,False,True,False,https://web.archive.org/web/20170924123641id_/http://ikttips.skolbloggen.se:80/ikt-verktyg/296-2/,http://ikttips.skolbloggen.se/ikt-verktyg/296-2/,other,ikt-verktyg/296-2/index.html,
http://ikttips.skolbloggen.se/ikt-verktyg/blogg/,other,200,text/html,20170924125115,http://ikttips.skolbloggen.se:80/ikt-verktyg/blogg/,https://web.archive.org/web/20170924125115/http://ikttips.skolbloggen.se:80/ikt-verktyg/blogg/,https://web.archive.org/web/20170924125115id_/http://ikttips.skolbloggen.se:80/ikt-verktyg/blogg/,True,html-content,ikt-verktyg/blogg/index.html,False,True,False,https://web.archive.org/web/20170924125115id_/http://ikttips.skolbloggen.se:80/ikt-verktyg/blogg/,http://ikttips.skolbloggen.se/ikt-verktyg/blogg/,other,ikt-verktyg/blogg/index.html,
http://ikttips.skolbloggen.se/ikt-verktyg/datorns-sprakkontroll/,other,200,text/html,20170924125925,http://ikttips.skolbloggen.se:80/ikt-verktyg/datorns-sprakkontroll/,https://web.archive.org/web/20170924125925/http://ikttips.skolbloggen.se:80/ikt-verktyg/datorns-sprakkontroll/,https://web.archive.org/web/20170924125925id_/http://ikttips.skolbloggen.se:80/ikt-verktyg/datorns-sprakkontroll/,True,html-content,ikt-verktyg/datorns-sprakkontroll/index.html,False,True,False,https://web.archive.org/web/20170924125925id_/http://ikttips.skolbloggen.se:80/ikt-verktyg/datorns-sprakkontroll/,http://ikttips.skolbloggen.se/ikt-verktyg/datorns-sprakkontroll/,other,ikt-verktyg/datorns-sprakkontroll/index.html,
http://ikttips.skolbloggen.se/ikt-verktyg/presentera-online-med-asa-kronkvist/,other,200,text/html,20170924125653,http://ikttips.skolbloggen.se:80/ikt-verktyg/presentera-online-med-asa-kronkvist/,https://web.archive.org/web/20170924125653/http://ikttips.skolbloggen.se:80/ikt-verktyg/presentera-online-med-asa-kronkvist/,https://web.archive.org/web/20170924125653id_/http://ikttips.skolbloggen.se:80/ikt-verktyg/presentera-online-med-asa-kronkvist/,True,html-content,ikt-verktyg/presentera-online-med-asa-kronkvist/index.html,False,True,False,https://web.archive.org/web/20170924125653id_/http://ikttips.skolbloggen.se:80/ikt-verktyg/presentera-online-med-asa-kronkvist/,http://ikttips.skolbloggen.se/ikt-verktyg/presentera-online-med-asa-kronkvist/,other,ikt-verktyg/presentera-online-med-asa-kronkvist/index.html,
http://ikttips.skolbloggen.se/ikt-verktyg/samarbeta-online-med-hjalp-av-asa-kronkvist/,other,200,text/html,20170924125658,http://ikttips.skolbloggen.se:80/ikt-verktyg/samarbeta-online-med-hjalp-av-asa-kronkvist/,https://web.archive.org/web/20170924125658/http://ikttips.skolbloggen.se:80/ikt-verktyg/samarbeta-online-med-hjalp-av-asa-kronkvist/,https://web.archive.org/web/20170924125658id_/http://ikttips.skolbloggen.se:80/ikt-verktyg/samarbeta-online-med-hjalp-av-asa-kronkvist/,True,html-content,ikt-verktyg/samarbeta-online-med-hjalp-av-asa-kronkvist/index.html,False,True,False,https://web.archive.org/web/20170924125658id_/http://ikttips.skolbloggen.se:80/ikt-verktyg/samarbeta-online-med-hjalp-av-asa-kronkvist/,http://ikttips.skolbloggen.se/ikt-verktyg/samarbeta-online-med-hjalp-av-asa-kronkvist/,other,ikt-verktyg/samarbeta-online-med-hjalp-av-asa-kronkvist/index.html,
http://ikttips.skolbloggen.se/ikt-verktyg/skarminspelning/,other,200,text/html,20170924125306,http://ikttips.skolbloggen.se:80/ikt-verktyg/skarminspelning/,https://web.archive.org/web/20170924125306/http://ikttips.skolbloggen.se:80/ikt-verktyg/skarminspelning/,https://web.archive.org/web/20170924125306id_/http://ikttips.skolbloggen.se:80/ikt-verktyg/skarminspelning/,True,html-content,ikt-verktyg/skarminspelning/index.html,False,True,False,https://web.archive.org/web/20170924125306id_/http://ikttips.skolbloggen.se:80/ikt-verktyg/skarminspelning/,http://ikttips.skolbloggen.se/ikt-verktyg/skarminspelning/,other,ikt-verktyg/skarminspelning/index.html,
http://ikttips.skolbloggen.se/ikt-verktyg/sprakstod-pa-natet/,other,200,text/html,20170924125311,http://ikttips.skolbloggen.se:80/ikt-verktyg/sprakstod-pa-natet/,https://web.archive.org/web/20170924125311/http://ikttips.skolbloggen.se:80/ikt-verktyg/sprakstod-pa-natet/,https://web.archive.org/web/20170924125311id_/http://ikttips.skolbloggen.se:80/ikt-verktyg/sprakstod-pa-natet/,True,html-content,ikt-verktyg/sprakstod-pa-natet/index.html,False,True,False,https://web.archive.org/web/20170924125311id_/http://ikttips.skolbloggen.se:80/ikt-verktyg/sprakstod-pa-natet/,http://ikttips.skolbloggen.se/ikt-verktyg/sprakstod-pa-natet/,other,ikt-verktyg/sprakstod-pa-natet/index.html,
http://ikttips.skolbloggen.se/ikt-verktyg/tankekartor/,other,200,text/html,20170924125930,http://ikttips.skolbloggen.se:80/ikt-verktyg/tankekartor/,https://web.archive.org/web/20170924125930/http://ikttips.skolbloggen.se:80/ikt-verktyg/tankekartor/,https://web.archive.org/web/20170924125930id_/http://ikttips.skolbloggen.se:80/ikt-verktyg/tankekartor/,True,html-content,ikt-verktyg/tankekartor/index.html,False,True,False,https://web.archive.org/web/20170924125930id_/http://ikttips.skolbloggen.se:80/ikt-verktyg/tankekartor/,http://ikttips.skolbloggen.se/ikt-verktyg/tankekartor/,other,ikt-verktyg/tankekartor/index.html,
http://ikttips.skolbloggen.se/informationshantering/,other,200,text/html,20170924125512,http://ikttips.skolbloggen.se:80/informationshantering/,https://web.archive.org/web/20170924125512/http://ikttips.skolbloggen.se:80/informationshantering/,https://web.archive.org/web/20170924125512id_/http://ikttips.skolbloggen.se:80/informationshantering/,True,html-content,informationshantering/index.html,False,True,False,https://web.archive.org/web/20170924125512id_/http://ikttips.skolbloggen.se:80/informationshantering/,http://ikttips.skolbloggen.se/informationshantering/,other,informationshantering/index.html,
http://ikttips.skolbloggen.se/informationshantering/informationssokning/,other,200,text/html,20170924125316,http://ikttips.skolbloggen.se:80/informationshantering/informationssokning/,https://web.archive.org/web/20170924125316/http://ikttips.skolbloggen.se:80/informationshantering/informationssokning/,https://web.archive.org/web/20170924125316id_/http://ikttips.skolbloggen.se:80/informationshantering/informationssokning/,True,html-content,informationshantering/informationssokning/index.html,False,True,False,https://web.archive.org/web/20170924125316id_/http://ikttips.skolbloggen.se:80/informationshantering/informationssokning/,http://ikttips.skolbloggen.se/informationshantering/informationssokning/,other,informationshantering/informationssokning/index.html,
http://ikttips.skolbloggen.se/informationshantering/kallkritik/,other,200,text/html,20170924125120,http://ikttips.skolbloggen.se:80/informationshantering/kallkritik/,https://web.archive.org/web/20170924125120/http://ikttips.skolbloggen.se:80/informationshantering/kallkritik/,https://web.archive.org/web/20170924125120id_/http://ikttips.skolbloggen.se:80/informationshantering/kallkritik/,True,html-content,informationshantering/kallkritik/index.html,False,True,False,https://web.archive.org/web/20170924125120id_/http://ikttips.skolbloggen.se:80/informationshantering/kallkritik/,http://ikttips.skolbloggen.se/informationshantering/kallkritik/,other,informationshantering/kallkritik/index.html,
http://ikttips.skolbloggen.se/informationshantering/organisera/,other,200,text/html,20170924125125,http://ikttips.skolbloggen.se:80/informationshantering/organisera/,https://web.archive.org/web/20170924125125/http://ikttips.skolbloggen.se:80/informationshantering/organisera/,https://web.archive.org/web/20170924125125id_/http://ikttips.skolbloggen.se:80/informationshantering/organisera/,True,html-content,informationshantering/organisera/index.html,False,True,False,https://web.archive.org/web/20170924125125id_/http://ikttips.skolbloggen.se:80/informationshantering/organisera/,http://ikttips.skolbloggen.se/informationshantering/organisera/,other,informationshantering/organisera/index.html,
http://ikttips.skolbloggen.se/lag-och-ratt/,other,200,text/html,20170924123410,http://ikttips.skolbloggen.se:80/lag-och-ratt/,https://web.archive.org/web/20170924123410/http://ikttips.skolbloggen.se:80/lag-och-ratt/,https://web.archive.org/web/20170924123410id_/http://ikttips.skolbloggen.se:80/lag-och-ratt/,True,html-content,lag-och-ratt/index.html,False,True,False,https://web.archive.org/web/20170924123410id_/http://ikttips.skolbloggen.se:80/lag-och-ratt/,http://ikttips.skolbloggen.se/lag-och-ratt/,other,lag-och-ratt/index.html,
http://ikttips.skolbloggen.se/lag-och-ratt/grooming-natmobbing-och/,other,200,text/html,20170924125517,http://ikttips.skolbloggen.se:80/lag-och-ratt/grooming-natmobbing-och/,https://web.archive.org/web/20170924125517/http://ikttips.skolbloggen.se:80/lag-och-ratt/grooming-natmobbing-och/,https://web.archive.org/web/20170924125517id_/http://ikttips.skolbloggen.se:80/lag-och-ratt/grooming-natmobbing-och/,True,html-content,lag-och-ratt/grooming-natmobbing-och/index.html,False,True,False,https://web.archive.org/web/20170924125517id_/http://ikttips.skolbloggen.se:80/lag-och-ratt/grooming-natmobbing-och/,http://ikttips.skolbloggen.se/lag-och-ratt/grooming-natmobbing-och/,other,lag-och-ratt/grooming-natmobbing-och/index.html,
http://ikttips.skolbloggen.se/lag-och-ratt/hantering-av-personuppgifter-och-offentlighetsprincipen/,other,200,text/html,20170924123642,http://ikttips.skolbloggen.se:80/lag-och-ratt/hantering-av-personuppgifter-och-offentlighetsprincipen/,https://web.archive.org/web/20170924123642/http://ikttips.skolbloggen.se:80/lag-och-ratt/hantering-av-personuppgifter-och-offentlighetsprincipen/,https://web.archive.org/web/20170924123642id_/http://ikttips.skolbloggen.se:80/lag-och-ratt/hantering-av-personuppgifter-och-offentlighetsprincipen/,True,html-content,lag-och-ratt/hantering-av-personuppgifter-och-offentlighetsprincipen/index.html,False,True,False,https://web.archive.org/web/20170924123642id_/http://ikttips.skolbloggen.se:80/lag-och-ratt/hantering-av-personuppgifter-och-offentlighetsprincipen/,http://ikttips.skolbloggen.se/lag-och-ratt/hantering-av-personuppgifter-och-offentlighetsprincipen/,other,lag-och-ratt/hantering-av-personuppgifter-och-offentlighetsprincipen/index.html,
http://ikttips.skolbloggen.se/lag-och-ratt/plagiat-och-plagiatkontroll/,other,200,text/html,20170924123416,http://ikttips.skolbloggen.se:80/lag-och-ratt/plagiat-och-plagiatkontroll/,https://web.archive.org/web/20170924123416/http://ikttips.skolbloggen.se:80/lag-och-ratt/plagiat-och-plagiatkontroll/,https://web.archive.org/web/20170924123416id_/http://ikttips.skolbloggen.se:80/lag-och-ratt/plagiat-och-plagiatkontroll/,True,html-content,lag-och-ratt/plagiat-och-plagiatkontroll/index.html,False,True,False,https://web.archive.org/web/20170924123416id_/http://ikttips.skolbloggen.se:80/lag-och-ratt/plagiat-och-plagiatkontroll/,http://ikttips.skolbloggen.se/lag-och-ratt/plagiat-och-plagiatkontroll/,other,lag-och-ratt/plagiat-och-plagiatkontroll/index.html,
http://ikttips.skolbloggen.se/lag-och-ratt/upphovsratt/,other,200,text/html,20170924123648,http://ikttips.skolbloggen.se:80/lag-och-ratt/upphovsratt/,https://web.archive.org/web/20170924123648/http://ikttips.skolbloggen.se:80/lag-och-ratt/upphovsratt/,https://web.archive.org/web/20170924123648id_/http://ikttips.skolbloggen.se:80/lag-och-ratt/upphovsratt/,True,html-content,lag-och-ratt/upphovsratt/index.html,False,True,False,https://web.archive.org/web/20170924123648id_/http://ikttips.skolbloggen.se:80/lag-och-ratt/upphovsratt/,http://ikttips.skolbloggen.se/lag-och-ratt/upphovsratt/,other,lag-och-ratt/upphovsratt/index.html,
http://ikttips.skolbloggen.se/om/,other,200,text/html,20170924125936,http://ikttips.skolbloggen.se:80/om/,https://web.archive.org/web/20170924125936/http://ikttips.skolbloggen.se:80/om/,https://web.archive.org/web/20170924125936id_/http://ikttips.skolbloggen.se:80/om/,True,html-content,om/index.html,False,True,False,https://web.archive.org/web/20170924125936id_/http://ikttips.skolbloggen.se:80/om/,http://ikttips.skolbloggen.se/om/,other,om/index.html,
http://ikttips.skolbloggen.se/oppna-larresurser/,other,200,text/html,20170924123422,http://ikttips.skolbloggen.se:80/oppna-larresurser/,https://web.archive.org/web/20170924123422/http://ikttips.skolbloggen.se:80/oppna-larresurser/,https://web.archive.org/web/20170924123422id_/http://ikttips.skolbloggen.se:80/oppna-larresurser/,True,html-content,oppna-larresurser/index.html,False,True,False,https://web.archive.org/web/20170924123422id_/http://ikttips.skolbloggen.se:80/oppna-larresurser/,http://ikttips.skolbloggen.se/oppna-larresurser/,other,oppna-larresurser/index.html,
http://ikttips.skolbloggen.se/oppna-larresurser/484-2,other,301,text/html,20140317043124,http://ikttips.skolbloggen.se:80/oppna-larresurser/484-2,https://web.archive.org/web/20140317043124/http://ikttips.skolbloggen.se:80/oppna-larresurser/484-2,https://web.archive.org/web/20140317043124/http://ikttips.skolbloggen.se:80/oppna-larresurser/484-2,True,redirect:301,oppna-larresurser/484-2/index.html,True,True,False,https://web.archive.org/web/20140317043124/http://ikttips.skolbloggen.se:80/oppna-larresurser/484-2,http://ikttips.skolbloggen.se/oppna-larresurser/484-2,other,oppna-larresurser/484-2/index.html,
http://ikttips.skolbloggen.se/oppna-larresurser/484-2/,other,200,text/html,20170924125130,http://ikttips.skolbloggen.se:80/oppna-larresurser/484-2/,https://web.archive.org/web/20170924125130/http://ikttips.skolbloggen.se:80/oppna-larresurser/484-2/,https://web.archive.org/web/20170924125130id_/http://ikttips.skolbloggen.se:80/oppna-larresurser/484-2/,True,html-content,oppna-larresurser/484-2/index.html,False,True,False,https://web.archive.org/web/20170924125130id_/http://ikttips.skolbloggen.se:80/oppna-larresurser/484-2/,http://ikttips.skolbloggen.se/oppna-larresurser/484-2/,other,oppna-larresurser/484-2/index.html,
http://ikttips.skolbloggen.se/oppna-larresurser/484-2/feed/,feed,200,text/xml,20120611093825,http://ikttips.skolbloggen.se:80/oppna-larresurser/484-2/feed/,https://web.archive.org/web/20120611093825/http://ikttips.skolbloggen.se:80/oppna-larresurser/484-2/feed/,https://web.archive.org/web/20120611093825id_/http://ikttips.skolbloggen.se:80/oppna-larresurser/484-2/feed/,False,kind:feed,oppna-larresurser/484-2/feed/index.html,False,False,False,,,,,
http://ikttips.skolbloggen.se/oppna-larresurser/itunes-u/,other,200,text/html,20170924123426,http://ikttips.skolbloggen.se:80/oppna-larresurser/itunes-u/,https://web.archive.org/web/20170924123426/http://ikttips.skolbloggen.se:80/oppna-larresurser/itunes-u/,https://web.archive.org/web/20170924123426id_/http://ikttips.skolbloggen.se:80/oppna-larresurser/itunes-u/,True,html-content,oppna-larresurser/itunes-u/index.html,False,True,False,https://web.archive.org/web/20170924123426id_/http://ikttips.skolbloggen.se:80/oppna-larresurser/itunes-u/,http://ikttips.skolbloggen.se/oppna-larresurser/itunes-u/,other,oppna-larresurser/itunes-u/index.html,
http://ikttips.skolbloggen.se/oppna-larresurser/kolla-kallan/,other,200,text/html,20170924125321,http://ikttips.skolbloggen.se:80/oppna-larresurser/kolla-kallan/,https://web.archive.org/web/20170924125321/http://ikttips.skolbloggen.se:80/oppna-larresurser/kolla-kallan/,https://web.archive.org/web/20170924125321id_/http://ikttips.skolbloggen.se:80/oppna-larresurser/kolla-kallan/,True,html-content,oppna-larresurser/kolla-kallan/index.html,False,True,False,https://web.archive.org/web/20170924125321id_/http://ikttips.skolbloggen.se:80/oppna-larresurser/kolla-kallan/,http://ikttips.skolbloggen.se/oppna-larresurser/kolla-kallan/,other,oppna-larresurser/kolla-kallan/index.html,
http://ikttips.skolbloggen.se/oppna-larresurser/pedagogwebben/,other,200,text/html,20170924125704,http://ikttips.skolbloggen.se:80/oppna-larresurser/pedagogwebben/,https://web.archive.org/web/20170924125704/http://ikttips.skolbloggen.se:80/oppna-larresurser/pedagogwebben/,https://web.archive.org/web/20170924125704id_/http://ikttips.skolbloggen.se:80/oppna-larresurser/pedagogwebben/,True,html-content,oppna-larresurser/pedagogwebben/index.html,False,True,False,https://web.archive.org/web/20170924125704id_/http://ikttips.skolbloggen.se:80/oppna-larresurser/pedagogwebben/,http://ikttips.skolbloggen.se/oppna-larresurser/pedagogwebben/,other,oppna-larresurser/pedagogwebben/index.html,
http://ikttips.skolbloggen.se/oppna-larresurser/skapa-egna-laromedel/,other,200,text/html,20170924125136,http://ikttips.skolbloggen.se:80/oppna-larresurser/skapa-egna-laromedel/,https://web.archive.org/web/20170924125136/http://ikttips.skolbloggen.se:80/oppna-larresurser/skapa-egna-laromedel/,https://web.archive.org/web/20170924125136id_/http://ikttips.skolbloggen.se:80/oppna-larresurser/skapa-egna-laromedel/,True,html-content,oppna-larresurser/skapa-egna-laromedel/index.html,False,True,False,https://web.archive.org/web/20170924125136id_/http://ikttips.skolbloggen.se:80/oppna-larresurser/skapa-egna-laromedel/,http://ikttips.skolbloggen.se/oppna-larresurser/skapa-egna-laromedel/,other,oppna-larresurser/skapa-egna-laromedel/index.html,
http://ikttips.skolbloggen.se/oppna-larresurser/skapa-en-egen-larplattform,other,301,text/html,20160309153139,http://ikttips.skolbloggen.se/oppna-larresurser/skapa-en-egen-larplattform,https://web.archive.org/web/20160309153139/http://ikttips.skolbloggen.se/oppna-larresurser/skapa-en-egen-larplattform,https://web.archive.org/web/20160309153139/http://ikttips.skolbloggen.se/oppna-larresurser/skapa-en-egen-larplattform,True,redirect:301,oppna-larresurser/skapa-en-egen-larplattform/index.html,True,True,False,https://web.archive.org/web/20160330060920/http://ikttips.skolbloggen.se/oppna-larresurser/skapa-en-egen-larplattform/,http://ikttips.skolbloggen.se/oppna-larresurser/skapa-en-egen-larplattform/,other,oppna-larresurser/skapa-en-egen-larplattform/index.html,
http://ikttips.skolbloggen.se/oppna-larresurser/skapa-en-egen-larplattform/,other,200,text/html,20170924123431,http://ikttips.skolbloggen.se:80/oppna-larresurser/skapa-en-egen-larplattform/,https://web.archive.org/web/20170924123431/http://ikttips.skolbloggen.se:80/oppna-larresurser/skapa-en-egen-larplattform/,https://web.archive.org/web/20170924123431id_/http://ikttips.skolbloggen.se:80/oppna-larresurser/skapa-en-egen-larplattform/,True,html-content,oppna-larresurser/skapa-en-egen-larplattform/index.html,False,True,False,https://web.archive.org/web/20170924123431id_/http://ikttips.skolbloggen.se:80/oppna-larresurser/skapa-en-egen-larplattform/,http://ikttips.skolbloggen.se/oppna-larresurser/skapa-en-egen-larplattform/,other,oppna-larresurser/skapa-en-egen-larplattform/index.html,
http://ikttips.skolbloggen.se/oppna-larresurser/skapa-en-egen-larplattform/feed/,feed,200,application/rss+xml,20160527132351,http://ikttips.skolbloggen.se/oppna-larresurser/skapa-en-egen-larplattform/feed/,https://web.archive.org/web/20160527132351/http://ikttips.skolbloggen.se/oppna-larresurser/skapa-en-egen-larplattform/feed/,https://web.archive.org/web/20160527132351id_/http://ikttips.skolbloggen.se/oppna-larresurser/skapa-en-egen-larplattform/feed/,False,kind:feed,oppna-larresurser/skapa-en-egen-larplattform/feed/index.html,False,False,False,,,,,
http://ikttips.skolbloggen.se/oppna-larresurser/skapa-larresurser-med-hjalp-av-andras-bilder/,other,200,text/html,20170924125941,http://ikttips.skolbloggen.se:80/oppna-larresurser/skapa-larresurser-med-hjalp-av-andras-bilder/,https://web.archive.org/web/20170924125941/http://ikttips.skolbloggen.se:80/oppna-larresurser/skapa-larresurser-med-hjalp-av-andras-bilder/,https://web.archive.org/web/20170924125941id_/http://ikttips.skolbloggen.se:80/oppna-larresurser/skapa-larresurser-med-hjalp-av-andras-bilder/,True,html-content,oppna-larresurser/skapa-larresurser-med-hjalp-av-andras-bilder/index.html,False,True,False,https://web.archive.org/web/20170924125941id_/http://ikttips.skolbloggen.se:80/oppna-larresurser/skapa-larresurser-med-hjalp-av-andras-bilder/,http://ikttips.skolbloggen.se/oppna-larresurser/skapa-larresurser-med-hjalp-av-andras-bilder/,other,oppna-larresurser/skapa-larresurser-med-hjalp-av-andras-bilder/index.html,
http://ikttips.skolbloggen.se/oppna-larresurser/teacher-on-demand/,other,200,text/html,20170924125140,http://ikttips.skolbloggen.se:80/oppna-larresurser/teacher-on-demand/,https://web.archive.org/web/20170924125140/http://ikttips.skolbloggen.se:80/oppna-larresurser/teacher-on-demand/,https://web.archive.org/web/20170924125140id_/http://ikttips.skolbloggen.se:80/oppna-larresurser/teacher-on-demand/,True,html-content,oppna-larresurser/teacher-on-demand/index.html,False,True,False,https://web.archive.org/web/20170924125140id_/http://ikttips.skolbloggen.se:80/oppna-larresurser/teacher-on-demand/,http://ikttips.skolbloggen.se/oppna-larresurser/teacher-on-demand/,other,oppna-larresurser/teacher-on-demand/index.html,
http://ikttips.skolbloggen.se/oppna-larresurser/wikibooks/,other,200,text/html,20170924125946,http://ikttips.skolbloggen.se:80/oppna-larresurser/wikibooks/,https://web.archive.org/web/20170924125946/http://ikttips.skolbloggen.se:80/oppna-larresurser/wikibooks/,https://web.archive.org/web/20170924125946id_/http://ikttips.skolbloggen.se:80/oppna-larresurser/wikibooks/,True,html-content,oppna-larresurser/wikibooks/index.html,False,True,False,https://web.archive.org/web/20170924125946id_/http://ikttips.skolbloggen.se:80/oppna-larresurser/wikibooks/,http://ikttips.skolbloggen.se/oppna-larresurser/wikibooks/,other,oppna-larresurser/wikibooks/index.html,
http://ikttips.skolbloggen.se/oppna-larresurser/wikiversity/,other,200,text/html,20170924123436,http://ikttips.skolbloggen.se:80/oppna-larresurser/wikiversity/,https://web.archive.org/web/20170924123436/http://ikttips.skolbloggen.se:80/oppna-larresurser/wikiversity/,https://web.archive.org/web/20170924123436id_/http://ikttips.skolbloggen.se:80/oppna-larresurser/wikiversity/,True,html-content,oppna-larresurser/wikiversity/index.html,False,True,False,https://web.archive.org/web/20170924123436id_/http://ikttips.skolbloggen.se:80/oppna-larresurser/wikiversity/,http://ikttips.skolbloggen.se/oppna-larresurser/wikiversity/,other,oppna-larresurser/wikiversity/index.html,
http://ikttips.skolbloggen.se/oppna-larresurser/youtube-edu/,other,200,text/html,20170924125522,http://ikttips.skolbloggen.se:80/oppna-larresurser/youtube-edu/,https://web.archive.org/web/20170924125522/http://ikttips.skolbloggen.se:80/oppna-larresurser/youtube-edu/,https://web.archive.org/web/20170924125522id_/http://ikttips.skolbloggen.se:80/oppna-larresurser/youtube-edu/,True,html-content,oppna-larresurser/youtube-edu/index.html,False,True,False,https://web.archive.org/web/20170924125522id_/http://ikttips.skolbloggen.se:80/oppna-larresurser/youtube-edu/,http://ikttips.skolbloggen.se/oppna-larresurser/youtube-edu/,other,oppna-larresurser/youtube-edu/index.html,
http://ikttips.skolbloggen.se/page/2,pagination,301,text/html,20120426082608,http://ikttips.skolbloggen.se:80/page/2,https://web.archive.org/web/20120426082608/http://ikttips.skolbloggen.se:80/page/2,https://web.archive.org/web/20120426082608/http://ikttips.skolbloggen.se:80/page/2,False,kind:pagination,page/2/index.html,True,False,False,,,,,
http://ikttips.skolbloggen.se/page/2/,pagination,200,text/html,20120426082608,http://ikttips.skolbloggen.se:80/page/2/,https://web.archive.org/web/20120426082608/http://ikttips.skolbloggen.se:80/page/2/,https://web.archive.org/web/20120426082608id_/http://ikttips.skolbloggen.se:80/page/2/,False,kind:pagination,page/2/index.html,False,False,False,,,,,
http://ikttips.skolbloggen.se/robots.txt,other,200,text/plain,20160309153136,http://ikttips.skolbloggen.se/robots.txt,https://web.archive.org/web/20160309153136/http://ikttips.skolbloggen.se/robots.txt,https://web.archive.org/web/20160309153136id_/http://ikttips.skolbloggen.se/robots.txt,False,noise-path,robots.html,False,False,False,,,,,
http://ikttips.skolbloggen.se/search/bab.la,other,200,text/html,20120426082321,http://ikttips.skolbloggen.se:80/search/bab.la,https://web.archive.org/web/20120426082321/http://ikttips.skolbloggen.se:80/search/bab.la,https://web.archive.org/web/20120426082321id_/http://ikttips.skolbloggen.se:80/search/bab.la,True,html-content,search/bab.html,False,True,False,https://web.archive.org/web/20120426082321id_/http://ikttips.skolbloggen.se:80/search/bab.la,http://ikttips.skolbloggen.se/search/bab.la,other,search/bab.html,
http://ikttips.skolbloggen.se/search/babla,other,200,text/html,20120426082612,http://ikttips.skolbloggen.se:80/search/babla,https://web.archive.org/web/20120426082612/http://ikttips.skolbloggen.se:80/search/babla,https://web.archive.org/web/20120426082612id_/http://ikttips.skolbloggen.se:80/search/babla,True,html-content,search/babla/index.html,False,True,False,https://web.archive.org/web/20120426082612id_/http://ikttips.skolbloggen.se:80/search/babla,http://ikttips.skolbloggen.se/search/babla,other,search/babla/index.html,
http://ikttips.skolbloggen.se/specialpedagogik/,other,200,text/html,20170924123652,http://ikttips.skolbloggen.se:80/specialpedagogik/,https://web.archive.org/web/20170924123652/http://ikttips.skolbloggen.se:80/specialpedagogik/,https://web.archive.org/web/20170924123652id_/http://ikttips.skolbloggen.se:80/specialpedagogik/,True,html-content,specialpedagogik/index.html,False,True,False,https://web.archive.org/web/20170924123652id_/http://ikttips.skolbloggen.se:80/specialpedagogik/,http://ikttips.skolbloggen.se/specialpedagogik/,other,specialpedagogik/index.html,
http://ikttips.skolbloggen.se/specialpedagogik/dyslexi/,other,200,text/html,20170924125527,http://ikttips.skolbloggen.se:80/specialpedagogik/dyslexi/,https://web.archive.org/web/20170924125527/http://ikttips.skolbloggen.se:80/specialpedagogik/dyslexi/,https://web.archive.org/web/20170924125527id_/http://ikttips.skolbloggen.se:80/specialpedagogik/dyslexi/,True,html-content,specialpedagogik/dyslexi/index.html,False,True,False,https://web.archive.org/web/20170924125527id_/http://ikttips.skolbloggen.se:80/specialpedagogik/dyslexi/,http://ikttips.skolbloggen.se/specialpedagogik/dyslexi/,other,specialpedagogik/dyslexi/index.html,
http://ikttips.skolbloggen.se/specialpedagogik/hida-hjalpmedel-i-databas/,other,200,text/html,20170924125532,http://ikttips.skolbloggen.se:80/specialpedagogik/hida-hjalpmedel-i-databas/,https://web.archive.org/web/20170924125532/http://ikttips.skolbloggen.se:80/specialpedagogik/hida-hjalpmedel-i-databas/,https://web.archive.org/web/20170924125532id_/http://ikttips.skolbloggen.se:80/specialpedagogik/hida-hjalpmedel-i-databas/,True,html-content,specialpedagogik/hida-hjalpmedel-i-databas/index.html,False,True,False,https://web.archive.org/web/20170924125532id_/http://ikttips.skolbloggen.se:80/specialpedagogik/hida-hjalpmedel-i-databas/,http://ikttips.skolbloggen.se/specialpedagogik/hida-hjalpmedel-i-databas/,other,specialpedagogik/hida-hjalpmedel-i-databas/index.html,
http://ikttips.skolbloggen.se/specialpedagogik/koncentrationssvarigheter-och-kognitiva-problem/,other,200,text/html,20170924125146,http://ikttips.skolbloggen.se:80/specialpedagogik/koncentrationssvarigheter-och-kognitiva-problem/,https://web.archive.org/web/20170924125146/http://ikttips.skolbloggen.se:80/specialpedagogik/koncentrationssvarigheter-och-kognitiva-problem/,https://web.archive.org/web/20170924125146id_/http://ikttips.skolbloggen.se:80/specialpedagogik/koncentrationssvarigheter-och-kognitiva-problem/,True,html-content,specialpedagogik/koncentrationssvarigheter-och-kognitiva-problem/index.html,False,True,False,https://web.archive.org/web/20170924125146id_/http://ikttips.skolbloggen.se:80/specialpedagogik/koncentrationssvarigheter-och-kognitiva-problem/,http://ikttips.skolbloggen.se/specialpedagogik/koncentrationssvarigheter-och-kognitiva-problem/,other,specialpedagogik/koncentrationssvarigheter-och-kognitiva-problem/index.html,
http://ikttips.skolbloggen.se/specialpedagogik/nagra-hjalpmedel-pa-skolan/,other,200,text/html,20170924125326,http://ikttips.skolbloggen.se:80/specialpedagogik/nagra-hjalpmedel-pa-skolan/,https://web.archive.org/web/20170924125326/http://ikttips.skolbloggen.se:80/specialpedagogik/nagra-hjalpmedel-pa-skolan/,https://web.archive.org/web/20170924125326id_/http://ikttips.skolbloggen.se:80/specialpedagogik/nagra-hjalpmedel-pa-skolan/,True,html-content,specialpedagogik/nagra-hjalpmedel-pa-skolan/index.html,False,True,False,https://web.archive.org/web/20170924125326id_/http://ikttips.skolbloggen.se:80/specialpedagogik/nagra-hjalpmedel-pa-skolan/,http://ikttips.skolbloggen.se/specialpedagogik/nagra-hjalpmedel-pa-skolan/,other,specialpedagogik/nagra-hjalpmedel-pa-skolan/index.html,
http://ikttips.skolbloggen.se/specialpedagogik/pedagogwebben/,other,200,text/html,20170924123657,http://ikttips.skolbloggen.se:80/specialpedagogik/pedagogwebben/,https://web.archive.org/web/20170924123657/http://ikttips.skolbloggen.se:80/specialpedagogik/pedagogwebben/,https://web.archive.org/web/20170924123657id_/http://ikttips.skolbloggen.se:80/specialpedagogik/pedagogwebben/,True,html-content,specialpedagogik/pedagogwebben/index.html,False,True,False,https://web.archive.org/web/20170924123657id_/http://ikttips.skolbloggen.se:80/specialpedagogik/pedagogwebben/,http://ikttips.skolbloggen.se/specialpedagogik/pedagogwebben/,other,specialpedagogik/pedagogwebben/index.html,
http://ikttips.skolbloggen.se/specialpedagogik/skoldatatek/,other,200,text/html,20170924125331,http://ikttips.skolbloggen.se:80/specialpedagogik/skoldatatek/,https://web.archive.org/web/20170924125331/http://ikttips.skolbloggen.se:80/specialpedagogik/skoldatatek/,https://web.archive.org/web/20170924125331id_/http://ikttips.skolbloggen.se:80/specialpedagogik/skoldatatek/,True,html-content,specialpedagogik/skoldatatek/index.html,False,True,False,https://web.archive.org/web/20170924125331id_/http://ikttips.skolbloggen.se:80/specialpedagogik/skoldatatek/,http://ikttips.skolbloggen.se/specialpedagogik/skoldatatek/,other,specialpedagogik/skoldatatek/index.html,
http://ikttips.skolbloggen.se/specialpedagogik/specialpedagogiska-skolmyndigheten/,other,200,text/html,20170924125951,http://ikttips.skolbloggen.se:80/specialpedagogik/specialpedagogiska-skolmyndigheten/,https://web.archive.org/web/20170924125951/http://ikttips.skolbloggen.se:80/specialpedagogik/specialpedagogiska-skolmyndigheten/,https://web.archive.org/web/20170924125951id_/http://ikttips.skolbloggen.se:80/specialpedagogik/specialpedagogiska-skolmyndigheten/,True,html-content,specialpedagogik/specialpedagogiska-skolmyndigheten/index.html,False,True,False,https://web.archive.org/web/20170924125951id_/http://ikttips.skolbloggen.se:80/specialpedagogik/specialpedagogiska-skolmyndigheten/,http://ikttips.skolbloggen.se/specialpedagogik/specialpedagogiska-skolmyndigheten/,other,specialpedagogik/specialpedagogiska-skolmyndigheten/index.html,
http://ikttips.skolbloggen.se/specialpedagogik/syn-och-horselnedsattning/,other,200,text/html,20170924125537,http://ikttips.skolbloggen.se:80/specialpedagogik/syn-och-horselnedsattning/,https://web.archive.org/web/20170924125537/http://ikttips.skolbloggen.se:80/specialpedagogik/syn-och-horselnedsattning/,https://web.archive.org/web/20170924125537id_/http://ikttips.skolbloggen.se:80/specialpedagogik/syn-och-horselnedsattning/,True,html-content,specialpedagogik/syn-och-horselnedsattning/index.html,False,True,False,https://web.archive.org/web/20170924125537id_/http://ikttips.skolbloggen.se:80/specialpedagogik/syn-och-horselnedsattning/,http://ikttips.skolbloggen.se/specialpedagogik/syn-och-horselnedsattning/,other,specialpedagogik/syn-och-horselnedsattning/index.html,
http://ikttips.skolbloggen.se/specialpedagogik/synnedsattning-och-blindhet/,other,200,text/html,20170924123702,http://ikttips.skolbloggen.se:80/specialpedagogik/synnedsattning-och-blindhet/,https://web.archive.org/web/20170924123702/http://ikttips.skolbloggen.se:80/specialpedagogik/synnedsattning-och-blindhet/,https://web.archive.org/web/20170924123702id_/http://ikttips.skolbloggen.se:80/specialpedagogik/synnedsattning-och-blindhet/,True,html-content,specialpedagogik/synnedsattning-och-blindhet/index.html,False,True,False,https://web.archive.org/web/20170924123702id_/http://ikttips.skolbloggen.se:80/specialpedagogik/synnedsattning-och-blindhet/,http://ikttips.skolbloggen.se/specialpedagogik/synnedsattning-och-blindhet/,other,specialpedagogik/synnedsattning-och-blindhet/index.html,
http://ikttips.skolbloggen.se/specialpedagogik/teacher-on-demand/,other,200,text/html,20170924125152,http://ikttips.skolbloggen.se:80/specialpedagogik/teacher-on-demand/,https://web.archive.org/web/20170924125152/http://ikttips.skolbloggen.se:80/specialpedagogik/teacher-on-demand/,https://web.archive.org/web/20170924125152id_/http://ikttips.skolbloggen.se:80/specialpedagogik/teacher-on-demand/,True,html-content,specialpedagogik/teacher-on-demand/index.html,False,True,False,https://web.archive.org/web/20170924125152id_/http://ikttips.skolbloggen.se:80/specialpedagogik/teacher-on-demand/,http://ikttips.skolbloggen.se/specialpedagogik/teacher-on-demand/,other,specialpedagogik/teacher-on-demand/index.html,
http://ikttips.skolbloggen.se/specialpedagogik/ung-kompensation/,other,200,text/html,20170924123707,http://ikttips.skolbloggen.se:80/specialpedagogik/ung-kompensation/,https://web.archive.org/web/20170924123707/http://ikttips.skolbloggen.se:80/specialpedagogik/ung-kompensation/,https://web.archive.org/web/20170924123707id_/http://ikttips.skolbloggen.se:80/specialpedagogik/ung-kompensation/,True,html-content,specialpedagogik/ung-kompensation/index.html,False,True,False,https://web.archive.org/web/20170924123707id_/http://ikttips.skolbloggen.se:80/specialpedagogik/ung-kompensation/,http://ikttips.skolbloggen.se/specialpedagogik/ung-kompensation/,other,specialpedagogik/ung-kompensation/index.html,
http://ikttips.skolbloggen.se/spel/,other,200,text/html,20170924125542,http://ikttips.skolbloggen.se:80/spel/,https://web.archive.org/web/20170924125542/http://ikttips.skolbloggen.se:80/spel/,https://web.archive.org/web/20170924125542id_/http://ikttips.skolbloggen.se:80/spel/,True,html-content,spel/index.html,False,True,False,https://web.archive.org/web/20170924125542id_/http://ikttips.skolbloggen.se:80/spel/,http://ikttips.skolbloggen.se/spel/,other,spel/index.html,
http://ikttips.skolbloggen.se/wp-comments-post.php,other,405,text/plain,20120615011508,http://ikttips.skolbloggen.se:80/wp-comments-post.php,https://web.archive.org/web/20120615011508/http://ikttips.skolbloggen.se:80/wp-comments-post.php,https://web.archive.org/web/20120615011508/http://ikttips.skolbloggen.se:80/wp-comments-post.php,False,mime:text/plain,wp-comments-post.html,False,False,False,,,,,
http://ikttips.skolbloggen.se/wp-content/plugins/admin-bar-login/admin-bar-login.css?ver=1.0.1,other,200,text/css,20160830232143,http://ikttips.skolbloggen.se/wp-content/plugins/admin-bar-login/admin-bar-login.css?ver=1.0.1,https://web.archive.org/web/20160830232143/http://ikttips.skolbloggen.se/wp-content/plugins/admin-bar-login/admin-bar-login.css?ver=1.0.1,https://web.archive.org/web/20160830232143id_/http://ikttips.skolbloggen.se/wp-content/plugins/admin-bar-login/admin-bar-login.css?ver=1.0.1,False,extension:.css,wp-content/plugins/admin-bar-login/admin-bar-login.html,False,False,False,,,,,
http://ikttips.skolbloggen.se/wp-content/plugins/admin-bar-login/admin-bar-login.css?ver=761af2ca77b52d7047b2224a7b120f13,other,200,text/css,20160527170241,http://ikttips.skolbloggen.se/wp-content/plugins/admin-bar-login/admin-bar-login.css?ver=761af2ca77b52d7047b2224a7b120f13,https://web.archive.org/web/20160527170241/http://ikttips.skolbloggen.se/wp-content/plugins/admin-bar-login/admin-bar-login.css?ver=761af2ca77b52d7047b2224a7b120f13,https://web.archive.org/web/20160527170241id_/http://ikttips.skolbloggen.se/wp-content/plugins/admin-bar-login/admin-bar-login.css?ver=761af2ca77b52d7047b2224a7b120f13,False,extension:.css,wp-content/plugins/admin-bar-login/admin-bar-login.html,False,False,False,,,,,
http://ikttips.skolbloggen.se/wp-content/plugins/buddypress/bp-core/css/buddybar.min.css?ver=1.8.1,other,200,text/css,20131226094418,http://ikttips.skolbloggen.se/wp-content/plugins/buddypress/bp-core/css/buddybar.min.css?ver=1.8.1,https://web.archive.org/web/20131226094418/http://ikttips.skolbloggen.se/wp-content/plugins/buddypress/bp-core/css/buddybar.min.css?ver=1.8.1,https://web.archive.org/web/20131226094418id_/http://ikttips.skolbloggen.se/wp-content/plugins/buddypress/bp-core/css/buddybar.min.css?ver=1.8.1,False,extension:.css,wp-content/plugins/buddypress/bp-core/css/buddybar.min.html,False,False,False,,,,,
http://ikttips.skolbloggen.se/wp-content/plugins/buddypress/bp-core/css/buddybar.min.css?ver=2.5.1,other,200,text/css,20160831000221,http://ikttips.skolbloggen.se/wp-content/plugins/buddypress/bp-core/css/buddybar.min.css?ver=2.5.1,https://web.archive.org/web/20160831000221/http://ikttips.skolbloggen.se/wp-content/plugins/buddypress/bp-core/css/buddybar.min.css?ver=2.5.1,https://web.archive.org/web/20160831000221id_/http://ikttips.skolbloggen.se/wp-content/plugins/buddypress/bp-core/css/buddybar.min.css?ver=2.5.1,False,extension:.css,wp-content/plugins/buddypress/bp-core/css/buddybar.min.html,False,False,False,,,,,
http://ikttips.skolbloggen.se/wp-content/plugins/buddypress/bp-core/css/buddybar.min.css?ver=761af2ca77b52d7047b2224a7b120f13,other,200,text/css,20160527164438,http://ikttips.skolbloggen.se/wp-content/plugins/buddypress/bp-core/css/buddybar.min.css?ver=761af2ca77b52d7047b2224a7b120f13,https://web.archive.org/web/20160527164438/http://ikttips.skolbloggen.se/wp-content/plugins/buddypress/bp-core/css/buddybar.min.css?ver=761af2ca77b52d7047b2224a7b120f13,https://web.archive.org/web/20160527164438id_/http://ikttips.skolbloggen.se/wp-content/plugins/buddypress/bp-core/css/buddybar.min.css?ver=761af2ca77b52d7047b2224a7b120f13,False,extension:.css,wp-content/plugins/buddypress/bp-core/css/buddybar.min.html,False,False,False,,,,,
http://ikttips.skolbloggen.se/wp-content/plugins/buddypress/bp-core/images/60pc_black.png,media,200,image/png,20160831033808,http://ikttips.skolbloggen.se/wp-content/plugins/buddypress/bp-core/images/60pc_black.png,https://web.archive.org/web/20160831033808/http://ikttips.skolbloggen.se/wp-content/plugins/buddypress/bp-core/images/60pc_black.png,https://web.archive.org/web/20160831033808id_/http://ikttips.skolbloggen.se/wp-content/plugins/buddypress/bp-core/images/60pc_black.png,False,kind:media,wp-content/plugins/buddypress/bp-core/images/60pc_black.html,False,False,False,,,,,
http://ikttips.skolbloggen.se/wp-content/plugins/buddypress/bp-core/images/admin-menu-arrow.gif,media,200,image/gif,20160831053119,http://ikttips.skolbloggen.se/wp-content/plugins/buddypress/bp-core/images/admin-menu-arrow.gif,https://web.archive.org/web/20160831053119/http://ikttips.skolbloggen.se/wp-content/plugins/buddypress/bp-core/images/admin-menu-arrow.gif,https://web.archive.org/web/20160831053119id_/http://ikttips.skolbloggen.se/wp-content/plugins/buddypress/bp-core/images/admin-menu-arrow.gif,False,kind:media,wp-content/plugins/buddypress/bp-core/images/admin-menu-arrow.html,False,False,False,,,,,
http://ikttips.skolbloggen.se/wp-content/plugins/buddypress/bp-core/js/confirm.min.js?ver=2.5.1,other,200,application/javascript,20160831053016,http://ikttips.skolbloggen.se/wp-content/plugins/buddypress/bp-core/js/confirm.min.js?ver=2.5.1,https://web.archive.org/web/20160831053016/http://ikttips.skolbloggen.se/wp-content/plugins/buddypress/bp-core/js/confirm.min.js?ver=2.5.1,https://web.archive.org/web/20160831053016id_/http://ikttips.skolbloggen.se/wp-content/plugins/buddypress/bp-core/js/confirm.min.js?ver=2.5.1,False,extension:.js,wp-content/plugins/buddypress/bp-core/js/confirm.min.html,False,False,False,,,,,
http://ikttips.skolbloggen.se/wp-content/plugins/buddypress/bp-core/js/confirm.min.js?ver=761af2ca77b52d7047b2224a7b120f13,other,200,application/javascript,20160527164426,http://ikttips.skolbloggen.se/wp-content/plugins/buddypress/bp-core/js/confirm.min.js?ver=761af2ca77b52d7047b2224a7b120f13,https://web.archive.org/web/20160527164426/http://ikttips.skolbloggen.se/wp-content/plugins/buddypress/bp-core/js/confirm.min.js?ver=761af2ca77b52d7047b2224a7b120f13,https://web.archive.org/web/20160527164426id_/http://ikttips.skolbloggen.se/wp-content/plugins/buddypress/bp-core/js/confirm.min.js?ver=761af2ca77b52d7047b2224a7b120f13,False,extension:.js,wp-content/plugins/buddypress/bp-core/js/confirm.min.html,False,False,False,,,,,
http://ikttips.skolbloggen.se/wp-content/plugins/buddypress/bp-core/js/jquery-cookie.min.js?ver=2.5.1,other,200,application/javascript,20160830234426,http://ikttips.skolbloggen.se/wp-content/plugins/buddypress/bp-core/js/jquery-cookie.min.js?ver=2.5.1,https://web.archive.org/web/20160830234426/http://ikttips.skolbloggen.se/wp-content/plugins/buddypress/bp-core/js/jquery-cookie.min.js?ver=2.5.1,https://web.archive.org/web/20160830234426id_/http://ikttips.skolbloggen.se/wp-content/plugins/buddypress/bp-core/js/jquery-cookie.min.js?ver=2.5.1,False,extension:.js,wp-content/plugins/buddypress/bp-core/js/jquery-cookie.min.html,False,False,False,,,,,
http://ikttips.skolbloggen.se/wp-content/plugins/buddypress/bp-core/js/jquery-cookie.min.js?ver=761af2ca77b52d7047b2224a7b120f13,other,200,application/javascript,20160527103443,http://ikttips.skolbloggen.se/wp-content/plugins/buddypress/bp-core/js/jquery-cookie.min.js?ver=761af2ca77b52d7047b2224a7b120f13,https://web.archive.org/web/20160527103443/http://ikttips.skolbloggen.se/wp-content/plugins/buddypress/bp-core/js/jquery-cookie.min.js?ver=761af2ca77b52d7047b2224a7b120f13,https://web.archive.org/web/20160527103443id_/http://ikttips.skolbloggen.se/wp-content/plugins/buddypress/bp-core/js/jquery-cookie.min.js?ver=761af2ca77b52d7047b2224a7b120f13,False,extension:.js,wp-content/plugins/buddypress/bp-core/js/jquery-cookie.min.html,False,False,False,,,,,
http://ikttips.skolbloggen.se/wp-content/plugins/buddypress/bp-core/js/jquery-query.min.js?ver=2.5.1,other,200,application/javascript,20160831003922,http://ikttips.skolbloggen.se/wp-content/plugins/buddypress/bp-core/js/jquery-query.min.js?ver=2.5.1,https://web.archive.org/web/20160831003922/http://ikttips.skolbloggen.se/wp-content/plugins/buddypress/bp-core/js/jquery-query.min.js?ver=2.5.1,https://web.archive.org/web/20160831003922id_/http://ikttips.skolbloggen.se/wp-content/plugins/buddypress/bp-core/js/jquery-query.min.js?ver=2.5.1,False,extension:.js,wp-content/plugins/buddypress/bp-core/js/jquery-query.min.html,False,False,False,,,,,
http://ikttips.skolbloggen.se/wp-content/plugins/buddypress/bp-core/js/jquery-query.min.js?ver=761af2ca77b52d7047b2224a7b120f13,other,200,application/javascript,20160527132623,http://ikttips.skolbloggen.se/wp-content/plugins/buddypress/bp-core/js/jquery-query.min.js?ver=761af2ca77b52d7047b2224a7b120f13,https://web.archive.org/web/20160527132623/http://ikttips.skolbloggen.se/wp-content/plugins/buddypress/bp-core/js/jquery-query.min.js?ver=761af2ca77b52d7047b2224a7b120f13,https://web.archive.org/web/20160527132623id_/http://ikttips.skolbloggen.se/wp-content/plugins/buddypress/bp-core/js/jquery-query.min.js?ver=761af2ca77b52d7047b2224a7b120f13,False,extension:.js,wp-content/plugins/buddypress/bp-core/js/jquery-query.min.html,False,False,False,,,,,
http://ikttips.skolbloggen.se/wp-content/plugins/buddypress/bp-core/js/jquery-scroll-to.min.js?ver=2.5.1,other,200,application/javascript,20160831002921,http://ikttips.skolbloggen.se/wp-content/plugins/buddypress/bp-core/js/jquery-scroll-to.min.js?ver=2.5.1,https://web.archive.org/web/20160831002921/http://ikttips.skolbloggen.se/wp-content/plugins/buddypress/bp-core/js/jquery-scroll-to.min.js?ver=2.5.1,https://web.archive.org/web/20160831002921id_/http://ikttips.skolbloggen.se/wp-content/plugins/buddypress/bp-core/js/jquery-scroll-to.min.js?ver=2.5.1,False,extension:.js,wp-content/plugins/buddypress/bp-core/js/jquery-scroll-to.min.html,False,False,False,,,,,
http://ikttips.skolbloggen.se/wp-content/plugins/buddypress/bp-core/js/jquery-scroll-to.min.js?ver=761af2ca77b52d7047b2224a7b120f13,other,200,application/javascript,20160527120252,http://ikttips.skolbloggen.se/wp-content/plugins/buddypress/bp-core/js/jquery-scroll-to.min.js?ver=761af2ca77b52d7047b2224a7b120f13,https://web.archive.org/web/20160527120252/http://ikttips.skolbloggen.se/wp-content/plugins/buddypress/bp-core/js/jquery-scroll-to.min.js?ver=761af2ca77b52d7047b2224a7b120f13,https://web.archive.org/web/20160527120252id_/http://ikttips.skolbloggen.se/wp-content/plugins/buddypress/bp-core/js/jquery-scroll-to.min.js?ver=761af2ca77b52d7047b2224a7b120f13,False,extension:.js,wp-content/plugins/buddypress/bp-core/js/jquery-scroll-to.min.html,False,False,False,,,,,
http://ikttips.skolbloggen.se/wp-content/plugins/buddypress/bp-core/js/widget-members.min.js?ver=2.5.1,other,200,application/javascript,20160831053020,http://ikttips.skolbloggen.se/wp-content/plugins/buddypress/bp-core/js/widget-members.min.js?ver=2.5.1,https://web.archive.org/web/20160831053020/http://ikttips.skolbloggen.se/wp-content/plugins/buddypress/bp-core/js/widget-members.min.js?ver=2.5.1,https://web.archive.org/web/20160831053020id_/http://ikttips.skolbloggen.se/wp-content/plugins/buddypress/bp-core/js/widget-members.min.js?ver=2.5.1,False,extension:.js,wp-content/plugins/buddypress/bp-core/js/widget-members.min.html,False,False,False,,,,,
http://ikttips.skolbloggen.se/wp-content/plugins/buddypress/bp-core/js/widget-members.min.js?ver=761af2ca77b52d7047b2224a7b120f13,other,200,application/javascript,20160527164431,http://ikttips.skolbloggen.se/wp-content/plugins/buddypress/bp-core/js/widget-members.min.js?ver=761af2ca77b52d7047b2224a7b120f13,https://web.archive.org/web/20160527164431/http://ikttips.skolbloggen.se/wp-content/plugins/buddypress/bp-core/js/widget-members.min.js?ver=761af2ca77b52d7047b2224a7b120f13,https://web.archive.org/web/20160527164431id_/http://ikttips.skolbloggen.se/wp-content/plugins/buddypress/bp-core/js/widget-members.min.js?ver=761af2ca77b52d7047b2224a7b120f13,False,extension:.js,wp-content/plugins/buddypress/bp-core/js/widget-members.min.html,False,False,False,,,,,
http://ikttips.skolbloggen.se/wp-content/plugins/buddypress/bp-templates/bp-legacy/css/buddypress.css?ver=1.8.1,other,200,text/css,20131226095051,http://ikttips.skolbloggen.se/wp-content/plugins/buddypress/bp-templates/bp-legacy/css/buddypress.css?ver=1.8.1,https://web.archive.org/web/20131226095051/http://ikttips.skolbloggen.se/wp-content/plugins/buddypress/bp-templates/bp-legacy/css/buddypress.css?ver=1.8.1,https://web.archive.org/web/20131226095051id_/http://ikttips.skolbloggen.se/wp-content/plugins/buddypress/bp-templates/bp-legacy/css/buddypress.css?ver=1.8.1,False,extension:.css,wp-content/plugins/buddypress/bp-templates/bp-legacy/css/buddypress.html,False,False,False,,,,,
http://ikttips.skolbloggen.se/wp-content/plugins/buddypress/bp-templates/bp-legacy/css/buddypress.min.css?ver=2.5.1,other,200,text/css,20160831005214,http://ikttips.skolbloggen.se/wp-content/plugins/buddypress/bp-templates/bp-legacy/css/buddypress.min.css?ver=2.5.1,https://web.archive.org/web/20160831005214/http://ikttips.skolbloggen.se/wp-content/plugins/buddypress/bp-templates/bp-legacy/css/buddypress.min.css?ver=2.5.1,https://web.archive.org/web/20160831005214id_/http://ikttips.skolbloggen.se/wp-content/plugins/buddypress/bp-templates/bp-legacy/css/buddypress.min.css?ver=2.5.1,False,extension:.css,wp-content/plugins/buddypress/bp-templates/bp-legacy/css/buddypress.min.html,False,False,False,,,,,
http://ikttips.skolbloggen.se/wp-content/plugins/buddypress/bp-templates/bp-legacy/css/buddypress.min.css?ver=761af2ca77b52d7047b2224a7b120f13,other,200,text/css,20160527121253,http://ikttips.skolbloggen.se/wp-content/plugins/buddypress/bp-templates/bp-legacy/css/buddypress.min.css?ver=761af2ca77b52d7047b2224a7b120f13,https://web.archive.org/web/20160527121253/http://ikttips.skolbloggen.se/wp-content/plugins/buddypress/bp-templates/bp-legacy/css/buddypress.min.css?ver=761af2ca77b52d7047b2224a7b120f13,https://web.archive.org/web/20160527121253id_/http://ikttips.skolbloggen.se/wp-content/plugins/buddypress/bp-templates/bp-legacy/css/buddypress.min.css?ver=761af2ca77b52d7047b2224a7b120f13,False,extension:.css,wp-content/plugins/buddypress/bp-templates/bp-legacy/css/buddypress.min.html,False,False,False,,,,,
http://ikttips.skolbloggen.se/wp-content/plugins/buddypress/bp-templates/bp-legacy/js/buddypress.js?ver=1.8.1,other,200,application/javascript,20131226095205,http://ikttips.skolbloggen.se/wp-content/plugins/buddypress/bp-templates/bp-legacy/js/buddypress.js?ver=1.8.1,https://web.archive.org/web/20131226095205/http://ikttips.skolbloggen.se/wp-content/plugins/buddypress/bp-templates/bp-legacy/js/buddypress.js?ver=1.8.1,https://web.archive.org/web/20131226095205id_/http://ikttips.skolbloggen.se/wp-content/plugins/buddypress/bp-templates/bp-legacy/js/buddypress.js?ver=1.8.1,False,extension:.js,wp-content/plugins/buddypress/bp-templates/bp-legacy/js/buddypress.html,False,False,False,,,,,
http://ikttips.skolbloggen.se/wp-content/plugins/buddypress/bp-templates/bp-legacy/js/buddypress.min.js?ver=2.5.1,other,200,application/javascript,20160831053011,http://ikttips.skolbloggen.se/wp-content/plugins/buddypress/bp-templates/bp-legacy/js/buddypress.min.js?ver=2.5.1,https://web.archive.org/web/20160831053011/http://ikttips.skolbloggen.se/wp-content/plugins/buddypress/bp-templates/bp-legacy/js/buddypress.min.js?ver=2.5.1,https://web.archive.org/web/20160831053011id_/http://ikttips.skolbloggen.se/wp-content/plugins/buddypress/bp-templates/bp-legacy/js/buddypress.min.js?ver=2.5.1,False,extension:.js,wp-content/plugins/buddypress/bp-templates/bp-legacy/js/buddypress.min.html,False,False,False,,,,,
http://ikttips.skolbloggen.se/wp-content/plugins/buddypress/bp-templates/bp-legacy/js/buddypress.min.js?ver=761af2ca77b52d7047b2224a7b120f13,other,200,application/javascript,20160527170245,http://ikttips.skolbloggen.se/wp-content/plugins/buddypress/bp-templates/bp-legacy/js/buddypress.min.js?ver=761af2ca77b52d7047b2224a7b120f13,https://web.archive.org/web/20160527170245/http://ikttips.skolbloggen.se/wp-content/plugins/buddypress/bp-templates/bp-legacy/js/buddypress.min.js?ver=761af2ca77b52d7047b2224a7b120f13,https://web.archive.org/web/20160527170245id_/http://ikttips.skolbloggen.se/wp-content/plugins/buddypress/bp-templates/bp-legacy/js/buddypress.min.js?ver=761af2ca77b52d7047b2224a7b120f13,False,extension:.js,wp-content/plugins/buddypress/bp-templates/bp-legacy/js/buddypress.min.html,False,False,False,,,,,
http://ikttips.skolbloggen.se/wp-content/plugins/pro-sites/pro-sites-files/js/tax.js?ver=761af2ca77b52d7047b2224a7b120f13,other,200,application/javascript,20160527163615,http://ikttips.skolbloggen.se/wp-content/plugins/pro-sites/pro-sites-files/js/tax.js?ver=761af2ca77b52d7047b2224a7b120f13,https://web.archive.org/web/20160527163615/http://ikttips.skolbloggen.se/wp-content/plugins/pro-sites/pro-sites-files/js/tax.js?ver=761af2ca77b52d7047b2224a7b120f13,https://web.archive.org/web/20160527163615id_/http://ikttips.skolbloggen.se/wp-content/plugins/pro-sites/pro-sites-files/js/tax.js?ver=761af2ca77b52d7047b2224a7b120f13,False,extension:.js,wp-content/plugins/pro-sites/pro-sites-files/js/tax.html,False,False,False,,,,,
http://ikttips.skolbloggen.se/wp-content/themes/carrington-blog.2.0/carrington-blog/carrington-core/lightbox/css/thickbox.css,other,200,text/css,20131226094414,http://ikttips.skolbloggen.se/wp-content/themes/carrington-blog.2.0/carrington-blog/carrington-core/lightbox/css/thickbox.css,https://web.archive.org/web/20131226094414/http://ikttips.skolbloggen.se/wp-content/themes/carrington-blog.2.0/carrington-blog/carrington-core/lightbox/css/thickbox.css,https://web.archive.org/web/20131226094414id_/http://ikttips.skolbloggen.se/wp-content/themes/carrington-blog.2.0/carrington-blog/carrington-core/lightbox/css/thickbox.css,False,extension:.css,wp-content/themes/carrington-blog.2.0/carrington-blog/carrington-core/lightbox/css/thickbox.html,False,False,False,,,,,
http://ikttips.skolbloggen.se/wp-content/themes/carrington-blog.2.0/carrington-blog/carrington-core/lightbox/thickbox.js?ver=1.0,other,200,application/javascript,20131226094631,http://ikttips.skolbloggen.se/wp-content/themes/carrington-blog.2.0/carrington-blog/carrington-core/lightbox/thickbox.js?ver=1.0,https://web.archive.org/web/20131226094631/http://ikttips.skolbloggen.se/wp-content/themes/carrington-blog.2.0/carrington-blog/carrington-core/lightbox/thickbox.js?ver=1.0,https://web.archive.org/web/20131226094631id_/http://ikttips.skolbloggen.se/wp-content/themes/carrington-blog.2.0/carrington-blog/carrington-core/lightbox/thickbox.js?ver=1.0,False,extension:.js,wp-content/themes/carrington-blog.2.0/carrington-blog/carrington-core/lightbox/thickbox.html,False,False,False,,,,,
http://ikttips.skolbloggen.se/wp-content/themes/carrington-blog.2.0/carrington-blog/carrington-core/lightbox/thickbox.js?ver=761af2ca77b52d7047b2224a7b120f13,other,200,application/javascript,20160527111112,http://ikttips.skolbloggen.se/wp-content/themes/carrington-blog.2.0/carrington-blog/carrington-core/lightbox/thickbox.js?ver=761af2ca77b52d7047b2224a7b120f13,https://web.archive.org/web/20160527111112/http://ikttips.skolbloggen.se/wp-content/themes/carrington-blog.2.0/carrington-blog/carrington-core/lightbox/thickbox.js?ver=761af2ca77b52d7047b2224a7b120f13,https://web.archive.org/web/20160527111112id_/http://ikttips.skolbloggen.se/wp-content/themes/carrington-blog.2.0/carrington-blog/carrington-core/lightbox/thickbox.js?ver=761af2ca77b52d7047b2224a7b120f13,False,extension:.js,wp-content/themes/carrington-blog.2.0/carrington-blog/carrington-core/lightbox/thickbox.html,False,False,False,,,,,
http://ikttips.skolbloggen.se/wp-content/themes/carrington-blog.2.0/carrington-blog/css/css.php,other,200,text/css,20131226093805,http://ikttips.skolbloggen.se/wp-content/themes/carrington-blog.2.0/carrington-blog/css/css.php,https://web.archive.org/web/20131226093805/http://ikttips.skolbloggen.se/wp-content/themes/carrington-blog.2.0/carrington-blog/css/css.php,https://web.archive.org/web/20131226093805id_/http://ikttips.skolbloggen.se/wp-content/themes/carrington-blog.2.0/carrington-blog/css/css.php,False,noise-path,wp-content/themes/carrington-blog.2.0/carrington-blog/css/css.html,False,False,False,,,,,
http://ikttips.skolbloggen.se/wp-content/themes/carrington-blog.2.0/carrington-blog/css/ie.css,other,200,text/css,20131226094028,http://ikttips.skolbloggen.se/wp-content/themes/carrington-blog.2.0/carrington-blog/css/ie.css,https://web.archive.org/web/20131226094028/http://ikttips.skolbloggen.se/wp-content/themes/carrington-blog.2.0/carrington-blog/css/ie.css,https://web.archive.org/web/20131226094028id_/http://ikttips.skolbloggen.se/wp-content/themes/carrington-blog.2.0/carrington-blog/css/ie.css,False,extension:.css,wp-content/themes/carrington-blog.2.0/carrington-blog/css/ie.html,False,False,False,,,,,
http://ikttips.skolbloggen.se/wp-content/themes/carrington-blog.2.0/carrington-blog/css/ie6.css,other,200,text/css,20131226095054,http://ikttips.skolbloggen.se/wp-content/themes/carrington-blog.2.0/carrington-blog/css/ie6.css,https://web.archive.org/web/20131226095054/http://ikttips.skolbloggen.se/wp-content/themes/carrington-blog.2.0/carrington-blog/css/ie6.css,https://web.archive.org/web/20131226095054id_/http://ikttips.skolbloggen.se/wp-content/themes/carrington-blog.2.0/carrington-blog/css/ie6.css,False,extension:.css,wp-content/themes/carrington-blog.2.0/carrington-blog/css/ie6.html,False,False,False,,,,,
http://ikttips.skolbloggen.se/wp-content/themes/carrington-blog.2.0/carrington-blog/css/iepngfix.htc,other,200,text/x-component,20131226093848,http://ikttips.skolbloggen.se/wp-content/themes/carrington-blog.2.0/carrington-blog/css/iepngfix.htc,https://web.archive.org/web/20131226093848/http://ikttips.skolbloggen.se/wp-content/themes/carrington-blog.2.0/carrington-blog/css/iepngfix.htc,https://web.archive.org/web/20131226093848id_/http://ikttips.skolbloggen.se/wp-content/themes/carrington-blog.2.0/carrington-blog/css/iepngfix.htc,False,noise-path,wp-content/themes/carrington-blog.2.0/carrington-blog/css/iepngfix.html,False,False,False,,,,,
http://ikttips.skolbloggen.se/wp-content/themes/carrington-blog.2.0/carrington-blog/img/arrow-bullet.gif,media,200,image/gif,20160831012211,http://ikttips.skolbloggen.se/wp-content/themes/carrington-blog.2.0/carrington-blog/img/arrow-bullet.gif,https://web.archive.org/web/20160831012211/http://ikttips.skolbloggen.se/wp-content/themes/carrington-blog.2.0/carrington-blog/img/arrow-bullet.gif,https://web.archive.org/web/20160831012211id_/http://ikttips.skolbloggen.se/wp-content/themes/carrington-blog.2.0/carrington-blog/img/arrow-bullet.gif,False,kind:media,wp-content/themes/carrington-blog.2.0/carrington-blog/img/arrow-bullet.html,False,False,False,,,,,
http://ikttips.skolbloggen.se/wp-content/themes/carrington-blog.2.0/carrington-blog/img/attachment/150px-flourish-left-dark.png,media,200,image/png,20160831053124,http://ikttips.skolbloggen.se/wp-content/themes/carrington-blog.2.0/carrington-blog/img/attachment/150px-flourish-left-dark.png,https://web.archive.org/web/20160831053124/http://ikttips.skolbloggen.se/wp-content/themes/carrington-blog.2.0/carrington-blog/img/attachment/150px-flourish-left-dark.png,https://web.archive.org/web/20160831053124id_/http://ikttips.skolbloggen.se/wp-content/themes/carrington-blog.2.0/carrington-blog/img/attachment/150px-flourish-left-dark.png,False,kind:media,wp-content/themes/carrington-blog.2.0/carrington-blog/img/attachment/150px-flourish-left-dark.html,False,False,False,,,,,
http://ikttips.skolbloggen.se/wp-content/themes/carrington-blog.2.0/carrington-blog/img/attachment/150px-flourish-right-dark.png,media,200,image/png,20160831042024,http://ikttips.skolbloggen.se/wp-content/themes/carrington-blog.2.0/carrington-blog/img/attachment/150px-flourish-right-dark.png,https://web.archive.org/web/20160831042024/http://ikttips.skolbloggen.se/wp-content/themes/carrington-blog.2.0/carrington-blog/img/attachment/150px-flourish-right-dark.png,https://web.archive.org/web/20160831042024id_/http://ikttips.skolbloggen.se/wp-content/themes/carrington-blog.2.0/carrington-blog/img/attachment/150px-flourish-right-dark.png,False,kind:media,wp-content/themes/carrington-blog.2.0/carrington-blog/img/attachment/150px-flourish-right-dark.html,False,False,False,,,,,
http://ikttips.skolbloggen.se/wp-content/themes/carrington-blog.2.0/carrington-blog/img/comment-thread.gif,media,200,image/gif,20160831053034,http://ikttips.skolbloggen.se/wp-content/themes/carrington-blog.2.0/carrington-blog/img/comment-thread.gif,https://web.archive.org/web/20160831053034/http://ikttips.skolbloggen.se/wp-content/themes/carrington-blog.2.0/carrington-blog/img/comment-thread.gif,https://web.archive.org/web/20160831053034id_/http://ikttips.skolbloggen.se/wp-content/themes/carrington-blog.2.0/carrington-blog/img/comment-thread.gif,False,kind:media,wp-content/themes/carrington-blog.2.0/carrington-blog/img/comment-thread.html,False,False,False,,,,,
http://ikttips.skolbloggen.se/wp-content/themes/carrington-blog.2.0/carrington-blog/img/comment.gif,media,200,image/gif,20160831032908,http://ikttips.skolbloggen.se/wp-content/themes/carrington-blog.2.0/carrington-blog/img/comment.gif,https://web.archive.org/web/20160831032908/http://ikttips.skolbloggen.se/wp-content/themes/carrington-blog.2.0/carrington-blog/img/comment.gif,https://web.archive.org/web/20160831032908id_/http://ikttips.skolbloggen.se/wp-content/themes/carrington-blog.2.0/carrington-blog/img/comment.gif,False,kind:media,wp-content/themes/carrington-blog.2.0/carrington-blog/img/comment.html,False,False,False,,,,,
http://ikttips.skolbloggen.se/wp-content/themes/carrington-blog.2.0/carrington-blog/img/comments-divider.gif,media,200,image/gif,20160831053030,http://ikttips.skolbloggen.se/wp-content/themes/carrington-blog.2.0/carrington-blog/img/comments-divider.gif,https://web.archive.org/web/20160831053030/http://ikttips.skolbloggen.se/wp-content/themes/carrington-blog.2.0/carrington-blog/img/comments-divider.gif,https://web.archive.org/web/20160831053030id_/http://ikttips.skolbloggen.se/wp-content/themes/carrington-blog.2.0/carrington-blog/img/comments-divider.gif,False,kind:media,wp-content/themes/carrington-blog.2.0/carrington-blog/img/comments-divider.html,False,False,False,,,,,
http://ikttips.skolbloggen.se/wp-content/themes/carrington-blog.2.0/carrington-blog/img/divider-ornament-wide-dark.png,media,200,image/png,20160831053111,http://ikttips.skolbloggen.se/wp-content/themes/carrington-blog.2.0/carrington-blog/img/divider-ornament-wide-dark.png,https://web.archive.org/web/20160831053111/http://ikttips.skolbloggen.se/wp-content/themes/carrington-blog.2.0/carrington-blog/img/divider-ornament-wide-dark.png,https://web.archive.org/web/20160831053111id_/http://ikttips.skolbloggen.se/wp-content/themes/carrington-blog.2.0/carrington-blog/img/divider-ornament-wide-dark.png,False,kind:media,wp-content/themes/carrington-blog.2.0/carrington-blog/img/divider-ornament-wide-dark.html,False,False,False,,,,,
http://ikttips.skolbloggen.se/wp-content/themes/carrington-blog.2.0/carrington-blog/img/divider-ornament.gif,media,200,image/gif,20160831051319,http://ikttips.skolbloggen.se/wp-content/themes/carrington-blog.2.0/carrington-blog/img/divider-ornament.gif,https://web.archive.org/web/20160831051319/http://ikttips.skolbloggen.se/wp-content/themes/carrington-blog.2.0/carrington-blog/img/divider-ornament.gif,https://web.archive.org/web/20160831051319id_/http://ikttips.skolbloggen.se/wp-content/themes/carrington-blog.2.0/carrington-blog/img/divider-ornament.gif,False,kind:media,wp-content/themes/carrington-blog.2.0/carrington-blog/img/divider-ornament.html,False,False,False,,,,,
http://ikttips.skolbloggen.se/wp-content/themes/carrington-blog.2.0/carrington-blog/img/dropdown-divider.gif,media,200,image/gif,20160831053026,http://ikttips.skolbloggen.se/wp-content/themes/carrington-blog.2.0/carrington-blog/img/dropdown-divider.gif,https://web.archive.org/web/20160831053026/http://ikttips.skolbloggen.se/wp-content/themes/carrington-blog.2.0/carrington-blog/img/dropdown-divider.gif,https://web.archive.org/web/20160831053026id_/http://ikttips.skolbloggen.se/wp-content/themes/carrington-blog.2.0/carrington-blog/img/dropdown-divider.gif,False,kind:media,wp-content/themes/carrington-blog.2.0/carrington-blog/img/dropdown-divider.html,False,False,False,,,,,
http://ikttips.skolbloggen.se/wp-content/themes/carrington-blog.2.0/carrington-blog/img/footer/by-crowd-favorite-light.png,media,200,image/png,20160831032828,http://ikttips.skolbloggen.se/wp-content/themes/carrington-blog.2.0/carrington-blog/img/footer/by-crowd-favorite-light.png,https://web.archive.org/web/20160831032828/http://ikttips.skolbloggen.se/wp-content/themes/carrington-blog.2.0/carrington-blog/img/footer/by-crowd-favorite-light.png,https://web.archive.org/web/20160831032828id_/http://ikttips.skolbloggen.se/wp-content/themes/carrington-blog.2.0/carrington-blog/img/footer/by-crowd-favorite-light.png,False,kind:media,wp-content/themes/carrington-blog.2.0/carrington-blog/img/footer/by-crowd-favorite-light.html,False,False,False,,,,,
http://ikttips.skolbloggen.se/wp-content/themes/carrington-blog.2.0/carrington-blog/img/footer/divider-ornament-wide-light.png,media,200,image/png,20160831053134,http://ikttips.skolbloggen.se/wp-content/themes/carrington-blog.2.0/carrington-blog/img/footer/divider-ornament-wide-light.png,https://web.archive.org/web/20160831053134/http://ikttips.skolbloggen.se/wp-content/themes/carrington-blog.2.0/carrington-blog/img/footer/divider-ornament-wide-light.png,https://web.archive.org/web/20160831053134id_/http://ikttips.skolbloggen.se/wp-content/themes/carrington-blog.2.0/carrington-blog/img/footer/divider-ornament-wide-light.png,False,kind:media,wp-content/themes/carrington-blog.2.0/carrington-blog/img/footer/divider-ornament-wide-light.html,False,False,False,,,,,
http://ikttips.skolbloggen.se/wp-content/themes/carrington-blog.2.0/carrington-blog/img/footer/gradient-dark.png,media,200,image/png,20160831041605,http://ikttips.skolbloggen.se/wp-content/themes/carrington-blog.2.0/carrington-blog/img/footer/gradient-dark.png,https://web.archive.org/web/20160831041605/http://ikttips.skolbloggen.se/wp-content/themes/carrington-blog.2.0/carrington-blog/img/footer/gradient-dark.png,https://web.archive.org/web/20160831041605id_/http://ikttips.skolbloggen.se/wp-content/themes/carrington-blog.2.0/carrington-blog/img/footer/gradient-dark.png,False,kind:media,wp-content/themes/carrington-blog.2.0/carrington-blog/img/footer/gradient-dark.html,False,False,False,,,,,
http://ikttips.skolbloggen.se/wp-content/themes/carrington-blog.2.0/carrington-blog/img/grey-to-white-gradient.png,media,200,image/png,20160831053104,http://ikttips.skolbloggen.se/wp-content/themes/carrington-blog.2.0/carrington-blog/img/grey-to-white-gradient.png,https://web.archive.org/web/20160831053104/http://ikttips.skolbloggen.se/wp-content/themes/carrington-blog.2.0/carrington-blog/img/grey-to-white-gradient.png,https://web.archive.org/web/20160831053104id_/http://ikttips.skolbloggen.se/wp-content/themes/carrington-blog.2.0/carrington-blog/img/grey-to-white-gradient.png,False,kind:media,wp-content/themes/carrington-blog.2.0/carrington-blog/img/grey-to-white-gradient.html,False,False,False,,,,,
http://ikttips.skolbloggen.se/wp-content/themes/carrington-blog.2.0/carrington-blog/img/header/gradient-dark.png,media,200,image/png,20160831045008,http://ikttips.skolbloggen.se/wp-content/themes/carrington-blog.2.0/carrington-blog/img/header/gradient-dark.png,https://web.archive.org/web/20160831045008/http://ikttips.skolbloggen.se/wp-content/themes/carrington-blog.2.0/carrington-blog/img/header/gradient-dark.png,https://web.archive.org/web/20160831045008id_/http://ikttips.skolbloggen.se/wp-content/themes/carrington-blog.2.0/carrington-blog/img/header/gradient-dark.png,False,kind:media,wp-content/themes/carrington-blog.2.0/carrington-blog/img/header/gradient-dark.html,False,False,False,,,,,
http://ikttips.skolbloggen.se/wp-content/themes/carrington-blog.2.0/carrington-blog/img/header/texture-dark.png,media,200,image/png,20160831053054,http://ikttips.skolbloggen.se/wp-content/themes/carrington-blog.2.0/carrington-blog/img/header/texture-dark.png,https://web.archive.org/web/20160831053054/http://ikttips.skolbloggen.se/wp-content/themes/carrington-blog.2.0/carrington-blog/img/header/texture-dark.png,https://web.archive.org/web/20160831053054id_/http://ikttips.skolbloggen.se/wp-content/themes/carrington-blog.2.0/carrington-blog/img/header/texture-dark.png,False,kind:media,wp-content/themes/carrington-blog.2.0/carrington-blog/img/header/texture-dark.html,False,False,False,,,,,
http://ikttips.skolbloggen.se/wp-content/themes/carrington-blog.2.0/carrington-blog/img/header/texture-light.png,media,200,image/png,20160831053039,http://ikttips.skolbloggen.se/wp-content/themes/carrington-blog.2.0/carrington-blog/img/header/texture-light.png,https://web.archive.org/web/20160831053039/http://ikttips.skolbloggen.se/wp-content/themes/carrington-blog.2.0/carrington-blog/img/header/texture-light.png,https://web.archive.org/web/20160831053039id_/http://ikttips.skolbloggen.se/wp-content/themes/carrington-blog.2.0/carrington-blog/img/header/texture-light.png,False,kind:media,wp-content/themes/carrington-blog.2.0/carrington-blog/img/header/texture-light.html,False,False,False,,,,,
http://ikttips.skolbloggen.se/wp-content/themes/carrington-blog.2.0/carrington-blog/img/ie/by-crowd-favorite.gif,media,200,image/gif,20160831042602,http://ikttips.skolbloggen.se/wp-content/themes/carrington-blog.2.0/carrington-blog/img/ie/by-crowd-favorite.gif,https://web.archive.org/web/20160831042602/http://ikttips.skolbloggen.se/wp-content/themes/carrington-blog.2.0/carrington-blog/img/ie/by-crowd-favorite.gif,https://web.archive.org/web/20160831042602id_/http://ikttips.skolbloggen.se/wp-content/themes/carrington-blog.2.0/carrington-blog/img/ie/by-crowd-favorite.gif,False,kind:media,wp-content/themes/carrington-blog.2.0/carrington-blog/img/ie/by-crowd-favorite.html,False,False,False,,,,,
http://ikttips.skolbloggen.se/wp-content/themes/carrington-blog.2.0/carrington-blog/img/lightbox/nextlabel.gif,media,200,image/gif,20160831053049,http://ikttips.skolbloggen.se/wp-content/themes/carrington-blog.2.0/carrington-blog/img/lightbox/nextlabel.gif,https://web.archive.org/web/20160831053049/http://ikttips.skolbloggen.se/wp-content/themes/carrington-blog.2.0/carrington-blog/img/lightbox/nextlabel.gif,https://web.archive.org/web/20160831053049id_/http://ikttips.skolbloggen.se/wp-content/themes/carrington-blog.2.0/carrington-blog/img/lightbox/nextlabel.gif,False,kind:media,wp-content/themes/carrington-blog.2.0/carrington-blog/img/lightbox/nextlabel.html,False,False,False,,,,,
http://ikttips.skolbloggen.se/wp-content/themes/carrington-blog.2.0/carrington-blog/img/lightbox/prevlabel.gif,media,200,image/gif,20160831044314,http://ikttips.skolbloggen.se/wp-content/themes/carrington-blog.2.0/carrington-blog/img/lightbox/prevlabel.gif,https://web.archive.org/web/20160831044314/http://ikttips.skolbloggen.se/wp-content/themes/carrington-blog.2.0/carrington-blog/img/lightbox/prevlabel.gif,https://web.archive.org/web/20160831044314id_/http://ikttips.skolbloggen.se/wp-content/themes/carrington-blog.2.0/carrington-blog/img/lightbox/prevlabel.gif,False,kind:media,wp-content/themes/carrington-blog.2.0/carrington-blog/img/lightbox/prevlabel.html,False,False,False,,,,,
http://ikttips.skolbloggen.se/wp-content/themes/carrington-blog.2.0/carrington-blog/img/rss-button.gif,media,200,image/gif,20131226094431,http://ikttips.skolbloggen.se/wp-content/themes/carrington-blog.2.0/carrington-blog/img/rss-button.gif,https://web.archive.org/web/20131226094431/http://ikttips.skolbloggen.se/wp-content/themes/carrington-blog.2.0/carrington-blog/img/rss-button.gif,https://web.archive.org/web/20131226094431id_/http://ikttips.skolbloggen.se/wp-content/themes/carrington-blog.2.0/carrington-blog/img/rss-button.gif,False,kind:media,wp-content/themes/carrington-blog.2.0/carrington-blog/img/rss-button.html,False,False,False,,,,,
http://ikttips.skolbloggen.se/wp-content/themes/carrington-blog.2.0/carrington-blog/img/sidebar-background.gif,media,200,image/gif,20160909060328,http://ikttips.skolbloggen.se/wp-content/themes/carrington-blog.2.0/carrington-blog/img/sidebar-background.gif,https://web.archive.org/web/20160909060328/http://ikttips.skolbloggen.se/wp-content/themes/carrington-blog.2.0/carrington-blog/img/sidebar-background.gif,https://web.archive.org/web/20160909060328id_/http://ikttips.skolbloggen.se/wp-content/themes/carrington-blog.2.0/carrington-blog/img/sidebar-background.gif,False,kind:media,wp-content/themes/carrington-blog.2.0/carrington-blog/img/sidebar-background.html,False,False,False,,,,,
http://ikttips.skolbloggen.se/wp-content/themes/carrington-blog.2.0/carrington-blog/img/spinner.gif,media,200,image/gif,20160831033250,http://ikttips.skolbloggen.se/wp-content/themes/carrington-blog.2.0/carrington-blog/img/spinner.gif,https://web.archive.org/web/20160831033250/http://ikttips.skolbloggen.se/wp-content/themes/carrington-blog.2.0/carrington-blog/img/spinner.gif,https://web.archive.org/web/20160831033250id_/http://ikttips.skolbloggen.se/wp-content/themes/carrington-blog.2.0/carrington-blog/img/spinner.gif,False,kind:media,wp-content/themes/carrington-blog.2.0/carrington-blog/img/spinner.html,False,False,False,,,,,
http://ikttips.skolbloggen.se/wp-content/themes/carrington-blog.2.0/carrington-blog/img/sub-header-border-bottom.gif,media,200,image/gif,20160831040128,http://ikttips.skolbloggen.se/wp-content/themes/carrington-blog.2.0/carrington-blog/img/sub-header-border-bottom.gif,https://web.archive.org/web/20160831040128/http://ikttips.skolbloggen.se/wp-content/themes/carrington-blog.2.0/carrington-blog/img/sub-header-border-bottom.gif,https://web.archive.org/web/20160831040128id_/http://ikttips.skolbloggen.se/wp-content/themes/carrington-blog.2.0/carrington-blog/img/sub-header-border-bottom.gif,False,kind:media,wp-content/themes/carrington-blog.2.0/carrington-blog/img/sub-header-border-bottom.html,False,False,False,,,,,
http://ikttips.skolbloggen.se/wp-content/themes/carrington-blog.2.0/carrington-blog/img/watermark-light.gif,media,200,image/gif,20160831022637,http://ikttips.skolbloggen.se/wp-content/themes/carrington-blog.2.0/carrington-blog/img/watermark-light.gif,https://web.archive.org/web/20160831022637/http://ikttips.skolbloggen.se/wp-content/themes/carrington-blog.2.0/carrington-blog/img/watermark-light.gif,https://web.archive.org/web/20160831022637id_/http://ikttips.skolbloggen.se/wp-content/themes/carrington-blog.2.0/carrington-blog/img/watermark-light.gif,False,kind:media,wp-content/themes/carrington-blog.2.0/carrington-blog/img/watermark-light.html,False,False,False,,,,,
http://ikttips.skolbloggen.se/wp-content/themes/carrington-blog.2.0/carrington-blog/js/carrington.js?ver=1.0,other,200,application/javascript,20131226094330,http://ikttips.skolbloggen.se/wp-content/themes/carrington-blog.2.0/carrington-blog/js/carrington.js?ver=1.0,https://web.archive.org/web/20131226094330/http://ikttips.skolbloggen.se/wp-content/themes/carrington-blog.2.0/carrington-blog/js/carrington.js?ver=1.0,https://web.archive.org/web/20131226094330id_/http://ikttips.skolbloggen.se/wp-content/themes/carrington-blog.2.0/carrington-blog/js/carrington.js?ver=1.0,False,extension:.js,wp-content/themes/carrington-blog.2.0/carrington-blog/js/carrington.html,False,False,False,,,,,
http://ikttips.skolbloggen.se/wp-content/themes/carrington-blog.2.0/carrington-blog/js/carrington.js?ver=761af2ca77b52d7047b2224a7b120f13,other,200,application/javascript,20160527112732,http://ikttips.skolbloggen.se/wp-content/themes/carrington-blog.2.0/carrington-blog/js/carrington.js?ver=761af2ca77b52d7047b2224a7b120f13,https://web.archive.org/web/20160527112732/http://ikttips.skolbloggen.se/wp-content/themes/carrington-blog.2.0/carrington-blog/js/carrington.js?ver=761af2ca77b52d7047b2224a7b120f13,https://web.archive.org/web/20160527112732id_/http://ikttips.skolbloggen.se/wp-content/themes/carrington-blog.2.0/carrington-blog/js/carrington.js?ver=761af2ca77b52d7047b2224a7b120f13,False,extension:.js,wp-content/themes/carrington-blog.2.0/carrington-blog/js/carrington.html,False,False,False,,,,,
http://ikttips.skolbloggen.se/wp-content/themes/carrington-blog.2.0/carrington-blog/js/iepngfix_tilebg.js,other,200,application/javascript,20131226094612,http://ikttips.skolbloggen.se/wp-content/themes/carrington-blog.2.0/carrington-blog/js/iepngfix_tilebg.js,https://web.archive.org/web/20131226094612/http://ikttips.skolbloggen.se/wp-content/themes/carrington-blog.2.0/carrington-blog/js/iepngfix_tilebg.js,https://web.archive.org/web/20131226094612id_/http://ikttips.skolbloggen.se/wp-content/themes/carrington-blog.2.0/carrington-blog/js/iepngfix_tilebg.js,False,extension:.js,wp-content/themes/carrington-blog.2.0/carrington-blog/js/iepngfix_tilebg.html,False,False,False,,,,,
http://ikttips.skolbloggen.se/wp-includes/css/admin-bar.min.css?ver=761af2ca77b52d7047b2224a7b120f13,other,200,text/css,20160527170302,http://ikttips.skolbloggen.se/wp-includes/css/admin-bar.min.css?ver=761af2ca77b52d7047b2224a7b120f13,https://web.archive.org/web/20160527170302/http://ikttips.skolbloggen.se/wp-includes/css/admin-bar.min.css?ver=761af2ca77b52d7047b2224a7b120f13,https://web.archive.org/web/20160527170302id_/http://ikttips.skolbloggen.se/wp-includes/css/admin-bar.min.css?ver=761af2ca77b52d7047b2224a7b120f13,False,extension:.css,wp-includes/css/admin-bar.min.html,False,False,False,,,,,
http://ikttips.skolbloggen.se/wp-includes/css/admin-bar.min.css?ver=8e8924954940afb56b9e68196f5893a6,other,200,text/css,20160830232926,http://ikttips.skolbloggen.se/wp-includes/css/admin-bar.min.css?ver=8e8924954940afb56b9e68196f5893a6,https://web.archive.org/web/20160830232926/http://ikttips.skolbloggen.se/wp-includes/css/admin-bar.min.css?ver=8e8924954940afb56b9e68196f5893a6,https://web.archive.org/web/20160830232926id_/http://ikttips.skolbloggen.se/wp-includes/css/admin-bar.min.css?ver=8e8924954940afb56b9e68196f5893a6,False,extension:.css,wp-includes/css/admin-bar.min.html,False,False,False,,,,,
http://ikttips.skolbloggen.se/wp-includes/css/dashicons.min.css?ver=761af2ca77b52d7047b2224a7b120f13,other,200,text/css,20160527163641,http://ikttips.skolbloggen.se/wp-includes/css/dashicons.min.css?ver=761af2ca77b52d7047b2224a7b120f13,https://web.archive.org/web/20160527163641/http://ikttips.skolbloggen.se/wp-includes/css/dashicons.min.css?ver=761af2ca77b52d7047b2224a7b120f13,https://web.archive.org/web/20160527163641id_/http://ikttips.skolbloggen.se/wp-includes/css/dashicons.min.css?ver=761af2ca77b52d7047b2224a7b120f13,False,extension:.css,wp-includes/css/dashicons.min.html,False,False,False,,,,,
http://ikttips.skolbloggen.se/wp-includes/css/dashicons.min.css?ver=8e8924954940afb56b9e68196f5893a6,other,200,text/css,20160830221450,http://ikttips.skolbloggen.se/wp-includes/css/dashicons.min.css?ver=8e8924954940afb56b9e68196f5893a6,https://web.archive.org/web/20160830221450/http://ikttips.skolbloggen.se/wp-includes/css/dashicons.min.css?ver=8e8924954940afb56b9e68196f5893a6,https://web.archive.org/web/20160830221450id_/http://ikttips.skolbloggen.se/wp-includes/css/dashicons.min.css?ver=8e8924954940afb56b9e68196f5893a6,False,extension:.css,wp-includes/css/dashicons.min.html,False,False,False,,,,,
http://ikttips.skolbloggen.se/wp-includes/fonts/dashicons.eot,other,403,text/html,20160831053129,http://ikttips.skolbloggen.se/wp-includes/fonts/dashicons.eot,https://web.archive.org/web/20160831053129/http://ikttips.skolbloggen.se/wp-includes/fonts/dashicons.eot,https://web.archive.org/web/20160831053129/http://ikttips.skolbloggen.se/wp-includes/fonts/dashicons.eot,False,noise-path,wp-includes/fonts/dashicons.html,False,False,False,,,,,
http://ikttips.skolbloggen.se/wp-includes/fonts/dashicons.svg,media,200,image/svg+xml,20160909060735,http://ikttips.skolbloggen.se/wp-includes/fonts/dashicons.svg,https://web.archive.org/web/20160909060735/http://ikttips.skolbloggen.se/wp-includes/fonts/dashicons.svg,https://web.archive.org/web/20160909060735id_/http://ikttips.skolbloggen.se/wp-includes/fonts/dashicons.svg,False,kind:media,wp-includes/fonts/dashicons.html,False,False,False,,,,,
http://ikttips.skolbloggen.se/wp-includes/fonts/dashicons.ttf,other,403,text/html,20160831051115,http://ikttips.skolbloggen.se/wp-includes/fonts/dashicons.ttf,https://web.archive.org/web/20160831051115/http://ikttips.skolbloggen.se/wp-includes/fonts/dashicons.ttf,https://web.archive.org/web/20160831051115/http://ikttips.skolbloggen.se/wp-includes/fonts/dashicons.ttf,False,noise-path,wp-includes/fonts/dashicons.html,False,False,False,,,,,
http://ikttips.skolbloggen.se/wp-includes/images/smilies/icon_wink.gif,media,200,image/gif,20131226094620,http://ikttips.skolbloggen.se/wp-includes/images/smilies/icon_wink.gif,https://web.archive.org/web/20131226094620/http://ikttips.skolbloggen.se/wp-includes/images/smilies/icon_wink.gif,https://web.archive.org/web/20131226094620id_/http://ikttips.skolbloggen.se/wp-includes/images/smilies/icon_wink.gif,False,kind:media,wp-includes/images/smilies/icon_wink.html,False,False,False,,,,,
http://ikttips.skolbloggen.se/wp-includes/js/admin-bar.min.js?ver=761af2ca77b52d7047b2224a7b120f13,other,200,application/javascript,20160527163622,http://ikttips.skolbloggen.se/wp-includes/js/admin-bar.min.js?ver=761af2ca77b52d7047b2224a7b120f13,https://web.archive.org/web/20160527163622/http://ikttips.skolbloggen.se/wp-includes/js/admin-bar.min.js?ver=761af2ca77b52d7047b2224a7b120f13,https://web.archive.org/web/20160527163622id_/http://ikttips.skolbloggen.se/wp-includes/js/admin-bar.min.js?ver=761af2ca77b52d7047b2224a7b120f13,False,extension:.js,wp-includes/js/admin-bar.min.html,False,False,False,,,,,
http://ikttips.skolbloggen.se/wp-includes/js/admin-bar.min.js?ver=8e8924954940afb56b9e68196f5893a6,other,200,application/javascript,20160831011216,http://ikttips.skolbloggen.se/wp-includes/js/admin-bar.min.js?ver=8e8924954940afb56b9e68196f5893a6,https://web.archive.org/web/20160831011216/http://ikttips.skolbloggen.se/wp-includes/js/admin-bar.min.js?ver=8e8924954940afb56b9e68196f5893a6,https://web.archive.org/web/20160831011216id_/http://ikttips.skolbloggen.se/wp-includes/js/admin-bar.min.js?ver=8e8924954940afb56b9e68196f5893a6,False,extension:.js,wp-includes/js/admin-bar.min.html,False,False,False,,,,,
http://ikttips.skolbloggen.se/wp-includes/js/comment-reply.min.js?ver=3.6.1,other,200,application/javascript,20131226094934,http://ikttips.skolbloggen.se/wp-includes/js/comment-reply.min.js?ver=3.6.1,https://web.archive.org/web/20131226094934/http://ikttips.skolbloggen.se/wp-includes/js/comment-reply.min.js?ver=3.6.1,https://web.archive.org/web/20131226094934id_/http://ikttips.skolbloggen.se/wp-includes/js/comment-reply.min.js?ver=3.6.1,False,extension:.js,wp-includes/js/comment-reply.min.html,False,False,False,,,,,
http://ikttips.skolbloggen.se/wp-includes/js/comment-reply.min.js?ver=761af2ca77b52d7047b2224a7b120f13,other,200,application/javascript,20160527104841,http://ikttips.skolbloggen.se/wp-includes/js/comment-reply.min.js?ver=761af2ca77b52d7047b2224a7b120f13,https://web.archive.org/web/20160527104841/http://ikttips.skolbloggen.se/wp-includes/js/comment-reply.min.js?ver=761af2ca77b52d7047b2224a7b120f13,https://web.archive.org/web/20160527104841id_/http://ikttips.skolbloggen.se/wp-includes/js/comment-reply.min.js?ver=761af2ca77b52d7047b2224a7b120f13,False,extension:.js,wp-includes/js/comment-reply.min.html,False,False,False,,,,,
http://ikttips.skolbloggen.se/wp-includes/js/jquery/jquery-migrate.min.js?ver=1.2.1,other,200,application/javascript,20131226094012,http://ikttips.skolbloggen.se/wp-includes/js/jquery/jquery-migrate.min.js?ver=1.2.1,https://web.archive.org/web/20131226094012/http://ikttips.skolbloggen.se/wp-includes/js/jquery/jquery-migrate.min.js?ver=1.2.1,https://web.archive.org/web/20131226094012id_/http://ikttips.skolbloggen.se/wp-includes/js/jquery/jquery-migrate.min.js?ver=1.2.1,False,extension:.js,wp-includes/js/jquery/jquery-migrate.min.html,False,False,False,,,,,
http://ikttips.skolbloggen.se/wp-includes/js/jquery/jquery-migrate.min.js?ver=1.4.0,other,200,application/javascript,20160831005456,http://ikttips.skolbloggen.se/wp-includes/js/jquery/jquery-migrate.min.js?ver=1.4.0,https://web.archive.org/web/20160831005456/http://ikttips.skolbloggen.se/wp-includes/js/jquery/jquery-migrate.min.js?ver=1.4.0,https://web.archive.org/web/20160831005456id_/http://ikttips.skolbloggen.se/wp-includes/js/jquery/jquery-migrate.min.js?ver=1.4.0,False,extension:.js,wp-includes/js/jquery/jquery-migrate.min.html,False,False,False,,,,,
http://ikttips.skolbloggen.se/wp-includes/js/jquery/jquery-migrate.min.js?ver=761af2ca77b52d7047b2224a7b120f13,other,200,application/javascript,20160527133159,http://ikttips.skolbloggen.se/wp-includes/js/jquery/jquery-migrate.min.js?ver=761af2ca77b52d7047b2224a7b120f13,https://web.archive.org/web/20160527133159/http://ikttips.skolbloggen.se/wp-includes/js/jquery/jquery-migrate.min.js?ver=761af2ca77b52d7047b2224a7b120f13,https://web.archive.org/web/20160527133159id_/http://ikttips.skolbloggen.se/wp-includes/js/jquery/jquery-migrate.min.js?ver=761af2ca77b52d7047b2224a7b120f13,False,extension:.js,wp-includes/js/jquery/jquery-migrate.min.html,False,False,False,,,,,
http://ikttips.skolbloggen.se/wp-includes/js/jquery/jquery.js?ver=1.10.2,other,200,application/javascript,20131226094603,http://ikttips.skolbloggen.se/wp-includes/js/jquery/jquery.js?ver=1.10.2,https://web.archive.org/web/20131226094603/http://ikttips.skolbloggen.se/wp-includes/js/jquery/jquery.js?ver=1.10.2,https://web.archive.org/web/20131226094603id_/http://ikttips.skolbloggen.se/wp-includes/js/jquery/jquery.js?ver=1.10.2,False,extension:.js,wp-includes/js/jquery/jquery.html,False,False,False,,,,,
http://ikttips.skolbloggen.se/wp-includes/js/jquery/jquery.js?ver=1.12.3,other,200,application/javascript,20160908234211,http://ikttips.skolbloggen.se/wp-includes/js/jquery/jquery.js?ver=1.12.3,https://web.archive.org/web/20160908234211/http://ikttips.skolbloggen.se/wp-includes/js/jquery/jquery.js?ver=1.12.3,https://web.archive.org/web/20160908234211id_/http://ikttips.skolbloggen.se/wp-includes/js/jquery/jquery.js?ver=1.12.3,False,extension:.js,wp-includes/js/jquery/jquery.html,False,False,False,,,,,
http://ikttips.skolbloggen.se/wp-includes/js/jquery/jquery.js?ver=761af2ca77b52d7047b2224a7b120f13,other,200,application/javascript,20160527164356,http://ikttips.skolbloggen.se/wp-includes/js/jquery/jquery.js?ver=761af2ca77b52d7047b2224a7b120f13,https://web.archive.org/web/20160527164356/http://ikttips.skolbloggen.se/wp-includes/js/jquery/jquery.js?ver=761af2ca77b52d7047b2224a7b120f13,https://web.archive.org/web/20160527164356id_/http://ikttips.skolbloggen.se/wp-includes/js/jquery/jquery.js?ver=761af2ca77b52d7047b2224a7b120f13,False,extension:.js,wp-includes/js/jquery/jquery.html,False,False,False,,,,,
http://ikttips.skolbloggen.se/wp-includes/js/wp-embed.min.js?ver=761af2ca77b52d7047b2224a7b120f13,other,200,application/javascript,20160527114740,http://ikttips.skolbloggen.se/wp-includes/js/wp-embed.min.js?ver=761af2ca77b52d7047b2224a7b120f13,https://web.archive.org/web/20160527114740/http://ikttips.skolbloggen.se/wp-includes/js/wp-embed.min.js?ver=761af2ca77b52d7047b2224a7b120f13,https://web.archive.org/web/20160527114740id_/http://ikttips.skolbloggen.se/wp-includes/js/wp-embed.min.js?ver=761af2ca77b52d7047b2224a7b120f13,False,extension:.js,wp-includes/js/wp-embed.min.html,False,False,False,,,,,
http://ikttips.skolbloggen.se/wp-includes/js/wp-embed.min.js?ver=8e8924954940afb56b9e68196f5893a6,other,200,application/javascript,20160909060003,http://ikttips.skolbloggen.se/wp-includes/js/wp-embed.min.js?ver=8e8924954940afb56b9e68196f5893a6,https://web.archive.org/web/20160909060003/http://ikttips.skolbloggen.se/wp-includes/js/wp-embed.min.js?ver=8e8924954940afb56b9e68196f5893a6,https://web.archive.org/web/20160909060003id_/http://ikttips.skolbloggen.se/wp-includes/js/wp-embed.min.js?ver=8e8924954940afb56b9e68196f5893a6,False,extension:.js,wp-includes/js/wp-embed.min.html,False,False,False,,,,,
http://ikttips.skolbloggen.se/wp-includes/wlwmanifest.xml,other,200,application/xml,20170924125547,http://ikttips.skolbloggen.se:80/wp-includes/wlwmanifest.xml,https://web.archive.org/web/20170924125547/http://ikttips.skolbloggen.se:80/wp-includes/wlwmanifest.xml,https://web.archive.org/web/20170924125547id_/http://ikttips.skolbloggen.se:80/wp-includes/wlwmanifest.xml,False,extension:.xml,wp-includes/wlwmanifest.html,False,False,False,,,,,
http://ikttips.skolbloggen.se/wp-json/,other,404,text/html,20170924123828,http://ikttips.skolbloggen.se:80/wp-json/,https://web.archive.org/web/20170924123828/http://ikttips.skolbloggen.se:80/wp-json/,https://web.archive.org/web/20170924123828/http://ikttips.skolbloggen.se:80/wp-json/,False,noise-path,wp-json/index.html,False,False,False,,,,,
http://ikttips.skolbloggen.se/wp-json/oembed/1.0/embed?url=http%3A%2F%2Fikttips.skolbloggen.se%2Foppna-larresurser%2Fskapa-en-egen-larplattform%2F,other,404,text/html,20160527111151,http://ikttips.skolbloggen.se/wp-json/oembed/1.0/embed?url=http%3A%2F%2Fikttips.skolbloggen.se%2Foppna-larresurser%2Fskapa-en-egen-larplattform%2F,https://web.archive.org/web/20160527111151/http://ikttips.skolbloggen.se/wp-json/oembed/1.0/embed?url=http%3A%2F%2Fikttips.skolbloggen.se%2Foppna-larresurser%2Fskapa-en-egen-larplattform%2F,https://web.archive.org/web/20160527111151/http://ikttips.skolbloggen.se/wp-json/oembed/1.0/embed?url=http%3A%2F%2Fikttips.skolbloggen.se%2Foppna-larresurser%2Fskapa-en-egen-larplattform%2F,False,noise-path,wp-json/oembed/1.0/embed/index.html,False,False,False,,,,,
http://ikttips.skolbloggen.se/wp-json/oembed/1.0/embed?url=http%3A%2F%2Fikttips.skolbloggen.se%2Foppna-larresurser%2Fskapa-en-egen-larplattform%2F&format=xml,other,404,text/html,20160527112801,http://ikttips.skolbloggen.se/wp-json/oembed/1.0/embed?url=http%3A%2F%2Fikttips.skolbloggen.se%2Foppna-larresurser%2Fskapa-en-egen-larplattform%2F&format=xml,https://web.archive.org/web/20160527112801/http://ikttips.skolbloggen.se/wp-json/oembed/1.0/embed?url=http%3A%2F%2Fikttips.skolbloggen.se%2Foppna-larresurser%2Fskapa-en-egen-larplattform%2F&format=xml,https://web.archive.org/web/20160527112801/http://ikttips.skolbloggen.se/wp-json/oembed/1.0/embed?url=http%3A%2F%2Fikttips.skolbloggen.se%2Foppna-larresurser%2Fskapa-en-egen-larplattform%2F&format=xml,False,noise-path,wp-json/oembed/1.0/embed/index.html,False,False,False,,,,,
http://ikttips.skolbloggen.se/wp-json/oembed/1.0/embed?url=http://ikttips.skolbloggen.se/2011/01/21/kallhanvisningar-till-bilder/,other,404,text/html,20170924125156,http://ikttips.skolbloggen.se:80/wp-json/oembed/1.0/embed?url=http://ikttips.skolbloggen.se/2011/01/21/kallhanvisningar-till-bilder/,https://web.archive.org/web/20170924125156/http://ikttips.skolbloggen.se:80/wp-json/oembed/1.0/embed?url=http://ikttips.skolbloggen.se/2011/01/21/kallhanvisningar-till-bilder/,https://web.archive.org/web/20170924125156/http://ikttips.skolbloggen.se:80/wp-json/oembed/1.0/embed?url=http://ikttips.skolbloggen.se/2011/01/21/kallhanvisningar-till-bilder/,False,noise-path,wp-json/oembed/1.0/embed/index.html,False,False,False,,,,,
http://ikttips.skolbloggen.se/wp-json/oembed/1.0/embed?url=http://ikttips.skolbloggen.se/2011/01/21/kallhanvisningar-till-bilder/&format=xml,other,404,text/html,20170924123833,http://ikttips.skolbloggen.se:80/wp-json/oembed/1.0/embed?url=http://ikttips.skolbloggen.se/2011/01/21/kallhanvisningar-till-bilder/&format=xml,https://web.archive.org/web/20170924123833/http://ikttips.skolbloggen.se:80/wp-json/oembed/1.0/embed?url=http://ikttips.skolbloggen.se/2011/01/21/kallhanvisningar-till-bilder/&format=xml,https://web.archive.org/web/20170924123833/http://ikttips.skolbloggen.se:80/wp-json/oembed/1.0/embed?url=http://ikttips.skolbloggen.se/2011/01/21/kallhanvisningar-till-bilder/&format=xml,False,noise-path,wp-json/oembed/1.0/embed/index.html,False,False,False,,,,,
http://ikttips.skolbloggen.se/wp-load.php,other,200,text/html,20120615013449,http://ikttips.skolbloggen.se:80/wp-load.php,https://web.archive.org/web/20120615013449/http://ikttips.skolbloggen.se:80/wp-load.php,https://web.archive.org/web/20120615013449id_/http://ikttips.skolbloggen.se:80/wp-load.php,True,html-content,wp-load.html,False,True,False,https://web.archive.org/web/20120615013449id_/http://ikttips.skolbloggen.se:80/wp-load.php,http://ikttips.skolbloggen.se/wp-load.php,other,wp-load.html,
http://ikttips.skolbloggen.se/wp-login.php,other,200,text/html,20170924123441,http://ikttips.skolbloggen.se:80/wp-login.php,https://web.archive.org/web/20170924123441/http://ikttips.skolbloggen.se:80/wp-login.php,https://web.archive.org/web/20170924123441id_/http://ikttips.skolbloggen.se:80/wp-login.php,False,noise-path,wp-login.html,False,False,False,,,,,
http://ikttips.skolbloggen.se/wp-login.php?action=register,other,302,text/html,20170924001246,http://ikttips.skolbloggen.se:80/wp-login.php?action=register,https://web.archive.org/web/20170924001246/http://ikttips.skolbloggen.se:80/wp-login.php?action=register,https://web.archive.org/web/20170924001246/http://ikttips.skolbloggen.se:80/wp-login.php?action=register,False,noise-path,wp-login.html,True,False,False,,,,,
http://ikttips.skolbloggen.se/wp-login.php?redirect_to=http://ikttips.skolbloggen.se/2011/01/21/kallhanvisningar-till-bilder/,other,200,text/html,20170924123446,http://ikttips.skolbloggen.se:80/wp-login.php?redirect_to=http://ikttips.skolbloggen.se/2011/01/21/kallhanvisningar-till-bilder/,https://web.archive.org/web/20170924123446/http://ikttips.skolbloggen.se:80/wp-login.php?redirect_to=http://ikttips.skolbloggen.se/2011/01/21/kallhanvisningar-till-bilder/,https://web.archive.org/web/20170924123446id_/http://ikttips.skolbloggen.se:80/wp-login.php?redirect_to=http://ikttips.skolbloggen.se/2011/01/21/kallhanvisningar-till-bilder/,False,noise-path,wp-login.html,False,False,False,,,,,
http://ikttips.skolbloggen.se/xmlrpc.php,other,200,text/plain,20131226094318,http://ikttips.skolbloggen.se/xmlrpc.php,https://web.archive.org/web/20131226094318/http://ikttips.skolbloggen.se/xmlrpc.php,https://web.archive.org/web/20131226094318id_/http://ikttips.skolbloggen.se/xmlrpc.php,False,noise-path,xmlrpc.html,False,False,False,,,,,
http://ikttips.skolbloggen.se/xmlrpc.php?rsd,other,200,text/xml,20170924123451,http://ikttips.skolbloggen.se:80/xmlrpc.php?rsd,https://web.archive.org/web/20170924123451/http://ikttips.skolbloggen.se:80/xmlrpc.php?rsd,https://web.archive.org/web/20170924123451id_/http://ikttips.skolbloggen.se:80/xmlrpc.php?rsd,False,noise-path,xmlrpc.html,False,False,False,,,,,
http://www.ikttips.skolbloggen.se/robots.txt,other,200,text/plain,20130216015053,http://www.ikttips.skolbloggen.se/robots.txt,https://web.archive.org/web/20130216015053/http://www.ikttips.skolbloggen.se/robots.txt,https://web.archive.org/web/20130216015053id_/http://www.ikttips.skolbloggen.se/robots.txt,False,noise-path,robots.html,False,False,False,,,,,
https://ikttips.skolbloggen.se/,homepage,200,text/html,20190822033704,https://ikttips.skolbloggen.se/,https://web.archive.org/web/20190822033704/https://ikttips.skolbloggen.se/,https://web.archive.org/web/20190822033704id_/https://ikttips.skolbloggen.se/,True,html-content,index.html,False,True,False,https://web.archive.org/web/20190822033704id_/https://ikttips.skolbloggen.se/,https://ikttips.skolbloggen.se/,homepage,index.html,
https://ikttips.skolbloggen.se/2010/10/,other,200,text/html,20181227122614,https://ikttips.skolbloggen.se/2010/10/,https://web.archive.org/web/20181227122614/https://ikttips.skolbloggen.se/2010/10/,https://web.archive.org/web/20181227122614id_/https://ikttips.skolbloggen.se/2010/10/,True,html-content,2010/10/index.html,False,True,False,https://web.archive.org/web/20181227122614id_/https://ikttips.skolbloggen.se/2010/10/,https://ikttips.skolbloggen.se/2010/10/,other,2010/10/index.html,
https://ikttips.skolbloggen.se/2010/11/,other,200,text/html,20181230154131,https://ikttips.skolbloggen.se/2010/11/,https://web.archive.org/web/20181230154131/https://ikttips.skolbloggen.se/2010/11/,https://web.archive.org/web/20181230154131id_/https://ikttips.skolbloggen.se/2010/11/,True,html-content,2010/11/index.html,False,True,False,https://web.archive.org/web/20181230154131id_/https://ikttips.skolbloggen.se/2010/11/,https://ikttips.skolbloggen.se/2010/11/,other,2010/11/index.html,
https://ikttips.skolbloggen.se/2010/12/,other,200,text/html,20190103003930,https://ikttips.skolbloggen.se/2010/12/,https://web.archive.org/web/20190103003930/https://ikttips.skolbloggen.se/2010/12/,https://web.archive.org/web/20190103003930id_/https://ikttips.skolbloggen.se/2010/12/,True,html-content,2010/12/index.html,False,True,False,https://web.archive.org/web/20190103003930id_/https://ikttips.skolbloggen.se/2010/12/,https://ikttips.skolbloggen.se/2010/12/,other,2010/12/index.html,
https://ikttips.skolbloggen.se/2011/01/,other,200,text/html,20190104092118,https://ikttips.skolbloggen.se/2011/01/,https://web.archive.org/web/20190104092118/https://ikttips.skolbloggen.se/2011/01/,https://web.archive.org/web/20190104092118id_/https://ikttips.skolbloggen.se/2011/01/,True,html-content,2011/01/index.html,False,True,False,https://web.archive.org/web/20190104092118id_/https://ikttips.skolbloggen.se/2011/01/,https://ikttips.skolbloggen.se/2011/01/,other,2011/01/index.html,
https://ikttips.skolbloggen.se/2011/02/,other,200,text/html,20181227072521,https://ikttips.skolbloggen.se/2011/02/,https://web.archive.org/web/20181227072521/https://ikttips.skolbloggen.se/2011/02/,https://web.archive.org/web/20181227072521id_/https://ikttips.skolbloggen.se/2011/02/,True,html-content,2011/02/index.html,False,True,False,https://web.archive.org/web/20181227072521id_/https://ikttips.skolbloggen.se/2011/02/,https://ikttips.skolbloggen.se/2011/02/,other,2011/02/index.html,
https://ikttips.skolbloggen.se/2011/03/,other,200,text/html,20181223152351,https://ikttips.skolbloggen.se/2011/03/,https://web.archive.org/web/20181223152351/https://ikttips.skolbloggen.se/2011/03/,https://web.archive.org/web/20181223152351id_/https://ikttips.skolbloggen.se/2011/03/,True,html-content,2011/03/index.html,False,True,False,https://web.archive.org/web/20181223152351id_/https://ikttips.skolbloggen.se/2011/03/,https://ikttips.skolbloggen.se/2011/03/,other,2011/03/index.html,
https://ikttips.skolbloggen.se/2011/04/,other,200,text/html,20190103144405,https://ikttips.skolbloggen.se/2011/04/,https://web.archive.org/web/20190103144405/https://ikttips.skolbloggen.se/2011/04/,https://web.archive.org/web/20190103144405id_/https://ikttips.skolbloggen.se/2011/04/,True,html-content,2011/04/index.html,False,True,False,https://web.archive.org/web/20190103144405id_/https://ikttips.skolbloggen.se/2011/04/,https://ikttips.skolbloggen.se/2011/04/,other,2011/04/index.html,
https://ikttips.skolbloggen.se/2011/05/,other,200,text/html,20181230082127,https://ikttips.skolbloggen.se/2011/05/,https://web.archive.org/web/20181230082127/https://ikttips.skolbloggen.se/2011/05/,https://web.archive.org/web/20181230082127id_/https://ikttips.skolbloggen.se/2011/05/,True,html-content,2011/05/index.html,False,True,False,https://web.archive.org/web/20181230082127id_/https://ikttips.skolbloggen.se/2011/05/,https://ikttips.skolbloggen.se/2011/05/,other,2011/05/index.html,
https://ikttips.skolbloggen.se/2011/09/,other,200,text/html,20181228183310,https://ikttips.skolbloggen.se/2011/09/,https://web.archive.org/web/20181228183310/https://ikttips.skolbloggen.se/2011/09/,https://web.archive.org/web/20181228183310id_/https://ikttips.skolbloggen.se/2011/09/,True,html-content,2011/09/index.html,False,True,False,https://web.archive.org/web/20181228183310id_/https://ikttips.skolbloggen.se/2011/09/,https://ikttips.skolbloggen.se/2011/09/,other,2011/09/index.html,
https://ikttips.skolbloggen.se/2011/10/,other,200,text/html,20181227124134,https://ikttips.skolbloggen.se/2011/10/,https://web.archive.org/web/20181227124134/https://ikttips.skolbloggen.se/2011/10/,https://web.archive.org/web/20181227124134id_/https://ikttips.skolbloggen.se/2011/10/,True,html-content,2011/10/index.html,False,True,False,https://web.archive.org/web/20181227124134id_/https://ikttips.skolbloggen.se/2011/10/,https://ikttips.skolbloggen.se/2011/10/,other,2011/10/index.html,
https://ikttips.skolbloggen.se/2011/11/,other,200,text/html,20181230141841,https://ikttips.skolbloggen.se/2011/11/,https://web.archive.org/web/20181230141841/https://ikttips.skolbloggen.se/2011/11/,https://web.archive.org/web/20181230141841id_/https://ikttips.skolbloggen.se/2011/11/,True,html-content,2011/11/index.html,False,True,False,https://web.archive.org/web/20181230141841id_/https://ikttips.skolbloggen.se/2011/11/,https://ikttips.skolbloggen.se/2011/11/,other,2011/11/index.html,
https://ikttips.skolbloggen.se/2011/12/,other,200,text/html,20190101033244,https://ikttips.skolbloggen.se/2011/12/,https://web.archive.org/web/20190101033244/https://ikttips.skolbloggen.se/2011/12/,https://web.archive.org/web/20190101033244id_/https://ikttips.skolbloggen.se/2011/12/,True,html-content,2011/12/index.html,False,True,False,https://web.archive.org/web/20190101033244id_/https://ikttips.skolbloggen.se/2011/12/,https://ikttips.skolbloggen.se/2011/12/,other,2011/12/index.html,
https://ikttips.skolbloggen.se/2012/01/,other,200,text/html,20181229065908,https://ikttips.skolbloggen.se/2012/01/,https://web.archive.org/web/20181229065908/https://ikttips.skolbloggen.se/2012/01/,https://web.archive.org/web/20181229065908id_/https://ikttips.skolbloggen.se/2012/01/,True,html-content,2012/01/index.html,False,True,False,https://web.archive.org/web/20181229065908id_/https://ikttips.skolbloggen.se/2012/01/,https://ikttips.skolbloggen.se/2012/01/,other,2012/01/index.html,
https://ikttips.skolbloggen.se/2012/02/,other,200,text/html,20190106053057,https://ikttips.skolbloggen.se/2012/02/,https://web.archive.org/web/20190106053057/https://ikttips.skolbloggen.se/2012/02/,https://web.archive.org/web/20190106053057id_/https://ikttips.skolbloggen.se/2012/02/,True,html-content,2012/02/index.html,False,True,False,https://web.archive.org/web/20190106053057id_/https://ikttips.skolbloggen.se/2012/02/,https://ikttips.skolbloggen.se/2012/02/,other,2012/02/index.html,
https://ikttips.skolbloggen.se/2012/03/,other,200,text/html,20181229000446,https://ikttips.skolbloggen.se/2012/03/,https://web.archive.org/web/20181229000446/https://ikttips.skolbloggen.se/2012/03/,https://web.archive.org/web/20181229000446id_/https://ikttips.skolbloggen.se/2012/03/,True,html-content,2012/03/index.html,False,True,False,https://web.archive.org/web/20181229000446id_/https://ikttips.skolbloggen.se/2012/03/,https://ikttips.skolbloggen.se/2012/03/,other,2012/03/index.html,
https://ikttips.skolbloggen.se/2012/05/,other,200,text/html,20181227070204,https://ikttips.skolbloggen.se/2012/05/,https://web.archive.org/web/20181227070204/https://ikttips.skolbloggen.se/2012/05/,https://web.archive.org/web/20181227070204id_/https://ikttips.skolbloggen.se/2012/05/,True,html-content,2012/05/index.html,False,True,False,https://web.archive.org/web/20181227070204id_/https://ikttips.skolbloggen.se/2012/05/,https://ikttips.skolbloggen.se/2012/05/,other,2012/05/index.html,
https://ikttips.skolbloggen.se/2012/08/,other,200,text/html,20190104224136,https://ikttips.skolbloggen.se/2012/08/,https://web.archive.org/web/20190104224136/https://ikttips.skolbloggen.se/2012/08/,https://web.archive.org/web/20190104224136id_/https://ikttips.skolbloggen.se/2012/08/,True,html-content,2012/08/index.html,False,True,False,https://web.archive.org/web/20190104224136id_/https://ikttips.skolbloggen.se/2012/08/,https://ikttips.skolbloggen.se/2012/08/,other,2012/08/index.html,
https://ikttips.skolbloggen.se/2013/04/,other,200,text/html,20181222080243,https://ikttips.skolbloggen.se/2013/04/,https://web.archive.org/web/20181222080243/https://ikttips.skolbloggen.se/2013/04/,https://web.archive.org/web/20181222080243id_/https://ikttips.skolbloggen.se/2013/04/,True,html-content,2013/04/index.html,False,True,False,https://web.archive.org/web/20181222080243id_/https://ikttips.skolbloggen.se/2013/04/,https://ikttips.skolbloggen.se/2013/04/,other,2013/04/index.html,
https://ikttips.skolbloggen.se/2014/05/,other,200,text/html,20190101032356,https://ikttips.skolbloggen.se/2014/05/,https://web.archive.org/web/20190101032356/https://ikttips.skolbloggen.se/2014/05/,https://web.archive.org/web/20190101032356id_/https://ikttips.skolbloggen.se/2014/05/,True,html-content,2014/05/index.html,False,True,False,https://web.archive.org/web/20190101032356id_/https://ikttips.skolbloggen.se/2014/05/,https://ikttips.skolbloggen.se/2014/05/,other,2014/05/index.html,
https://ikttips.skolbloggen.se/comments/feed/,feed,200,application/rss+xml,20181227002144,https://ikttips.skolbloggen.se/comments/feed/,https://web.archive.org/web/20181227002144/https://ikttips.skolbloggen.se/comments/feed/,https://web.archive.org/web/20181227002144id_/https://ikttips.skolbloggen.se/comments/feed/,False,kind:feed,comments/feed/index.html,False,False,False,,,,,
https://ikttips.skolbloggen.se/favicon.ico,media,-,warc/revisit,20181128142825,https://ikttips.skolbloggen.se/favicon.ico,https://web.archive.org/web/20181128142825/https://ikttips.skolbloggen.se/favicon.ico,https://web.archive.org/web/20181128142825/https://ikttips.skolbloggen.se/favicon.ico,False,kind:media,favicon.html,False,False,False,,,,,
https://ikttips.skolbloggen.se/feed/,feed,200,application/rss+xml,20190103003947,https://ikttips.skolbloggen.se/feed/,https://web.archive.org/web/20190103003947/https://ikttips.skolbloggen.se/feed/,https://web.archive.org/web/20190103003947id_/https://ikttips.skolbloggen.se/feed/,False,kind:feed,feed/index.html,False,False,False,,,,,
https://ikttips.skolbloggen.se/robots.txt,other,200,text/html,20190115141108,https://ikttips.skolbloggen.se/robots.txt,https://web.archive.org/web/20190115141108/https://ikttips.skolbloggen.se/robots.txt,https://web.archive.org/web/20190115141108id_/https://ikttips.skolbloggen.se/robots.txt,False,noise-path,robots.html,False,False,False,,,,,
https://ikttips.skolbloggen.se/wp-content/plugins/admin-bar-login/admin-bar-login.css?ver=1.0.1,other,-,warc/revisit,20181223120159,https://ikttips.skolbloggen.se/wp-content/plugins/admin-bar-login/admin-bar-login.css?ver=1.0.1,https://web.archive.org/web/20181223120159/https://ikttips.skolbloggen.se/wp-content/plugins/admin-bar-login/admin-bar-login.css?ver=1.0.1,https://web.archive.org/web/20181223120159/https://ikttips.skolbloggen.se/wp-content/plugins/admin-bar-login/admin-bar-login.css?ver=1.0.1,False,extension:.css,wp-content/plugins/admin-bar-login/admin-bar-login.html,False,False,False,,,,,
https://ikttips.skolbloggen.se/wp-content/themes/carrington-blog.2.0/carrington-blog/carrington-core/lightbox/css/thickbox.css,other,-,warc/revisit,20181230082124,https://ikttips.skolbloggen.se/wp-content/themes/carrington-blog.2.0/carrington-blog/carrington-core/lightbox/css/thickbox.css,https://web.archive.org/web/20181230082124/https://ikttips.skolbloggen.se/wp-content/themes/carrington-blog.2.0/carrington-blog/carrington-core/lightbox/css/thickbox.css,https://web.archive.org/web/20181230082124/https://ikttips.skolbloggen.se/wp-content/themes/carrington-blog.2.0/carrington-blog/carrington-core/lightbox/css/thickbox.css,False,extension:.css,wp-content/themes/carrington-blog.2.0/carrington-blog/carrington-core/lightbox/css/thickbox.html,False,False,False,,,,,
https://ikttips.skolbloggen.se/wp-content/themes/carrington-blog.2.0/carrington-blog/carrington-core/lightbox/img/blank.gif,media,200,text/html,20190122153201,https://ikttips.skolbloggen.se/wp-content/themes/carrington-blog.2.0/carrington-blog/carrington-core/lightbox/img/blank.gif,https://web.archive.org/web/20190122153201/https://ikttips.skolbloggen.se/wp-content/themes/carrington-blog.2.0/carrington-blog/carrington-core/lightbox/img/blank.gif,https://web.archive.org/web/20190122153201id_/https://ikttips.skolbloggen.se/wp-content/themes/carrington-blog.2.0/carrington-blog/carrington-core/lightbox/img/blank.gif,False,kind:media,wp-content/themes/carrington-blog.2.0/carrington-blog/carrington-core/lightbox/img/blank.html,False,False,False,,,,,
https://ikttips.skolbloggen.se/wp-content/themes/carrington-blog.2.0/carrington-blog/carrington-core/lightbox/img/macFFBgHack.png,media,200,text/html,20190126024436,https://ikttips.skolbloggen.se/wp-content/themes/carrington-blog.2.0/carrington-blog/carrington-core/lightbox/img/macFFBgHack.png,https://web.archive.org/web/20190126024436/https://ikttips.skolbloggen.se/wp-content/themes/carrington-blog.2.0/carrington-blog/carrington-core/lightbox/img/macFFBgHack.png,https://web.archive.org/web/20190126024436id_/https://ikttips.skolbloggen.se/wp-content/themes/carrington-blog.2.0/carrington-blog/carrington-core/lightbox/img/macFFBgHack.png,False,kind:media,wp-content/themes/carrington-blog.2.0/carrington-blog/carrington-core/lightbox/img/macFFBgHack.html,False,False,False,,,,,
https://ikttips.skolbloggen.se/wp-content/themes/carrington-blog.2.0/carrington-blog/carrington-core/lightbox/thickbox.js?ver=1.0,other,-,warc/revisit,20190106221604,https://ikttips.skolbloggen.se/wp-content/themes/carrington-blog.2.0/carrington-blog/carrington-core/lightbox/thickbox.js?ver=1.0,https://web.archive.org/web/20190106221604/https://ikttips.skolbloggen.se/wp-content/themes/carrington-blog.2.0/carrington-blog/carrington-core/lightbox/thickbox.js?ver=1.0,https://web.archive.org/web/20190106221604/https://ikttips.skolbloggen.se/wp-content/themes/carrington-blog.2.0/carrington-blog/carrington-core/lightbox/thickbox.js?ver=1.0,False,extension:.js,wp-content/themes/carrington-blog.2.0/carrington-blog/carrington-core/lightbox/thickbox.html,False,False,False,,,,,
https://ikttips.skolbloggen.se/wp-content/themes/carrington-blog.2.0/carrington-blog/css/css.php,other,-,warc/revisit,20190103083805,https://ikttips.skolbloggen.se/wp-content/themes/carrington-blog.2.0/carrington-blog/css/css.php,https://web.archive.org/web/20190103083805/https://ikttips.skolbloggen.se/wp-content/themes/carrington-blog.2.0/carrington-blog/css/css.php,https://web.archive.org/web/20190103083805/https://ikttips.skolbloggen.se/wp-content/themes/carrington-blog.2.0/carrington-blog/css/css.php,False,noise-path,wp-content/themes/carrington-blog.2.0/carrington-blog/css/css.html,False,False,False,,,,,
https://ikttips.skolbloggen.se/wp-content/themes/carrington-blog.2.0/carrington-blog/css/ie.css,other,-,warc/revisit,20190106190128,https://ikttips.skolbloggen.se/wp-content/themes/carrington-blog.2.0/carrington-blog/css/ie.css,https://web.archive.org/web/20190106190128/https://ikttips.skolbloggen.se/wp-content/themes/carrington-blog.2.0/carrington-blog/css/ie.css,https://web.archive.org/web/20190106190128/https://ikttips.skolbloggen.se/wp-content/themes/carrington-blog.2.0/carrington-blog/css/ie.css,False,extension:.css,wp-content/themes/carrington-blog.2.0/carrington-blog/css/ie.html,False,False,False,,,,,
https://ikttips.skolbloggen.se/wp-content/themes/carrington-blog.2.0/carrington-blog/css/ie6.css,other,-,warc/revisit,20190102102457,https://ikttips.skolbloggen.se/wp-content/themes/carrington-blog.2.0/carrington-blog/css/ie6.css,https://web.archive.org/web/20190102102457/https://ikttips.skolbloggen.se/wp-content/themes/carrington-blog.2.0/carrington-blog/css/ie6.css,https://web.archive.org/web/20190102102457/https://ikttips.skolbloggen.se/wp-content/themes/carrington-blog.2.0/carrington-blog/css/ie6.css,False,extension:.css,wp-content/themes/carrington-blog.2.0/carrington-blog/css/ie6.html,False,False,False,,,,,
https://ikttips.skolbloggen.se/wp-content/themes/carrington-blog.2.0/carrington-blog/css/iepngfix.htc,other,-,warc/revisit,20190103075242,https://ikttips.skolbloggen.se/wp-content/themes/carrington-blog.2.0/carrington-blog/css/iepngfix.htc,https://web.archive.org/web/20190103075242/https://ikttips.skolbloggen.se/wp-content/themes/carrington-blog.2.0/carrington-blog/css/iepngfix.htc,https://web.archive.org/web/20190103075242/https://ikttips.skolbloggen.se/wp-content/themes/carrington-blog.2.0/carrington-blog/css/iepngfix.htc,False,noise-path,wp-content/themes/carrington-blog.2.0/carrington-blog/css/iepngfix.html,False,False,False,,,,,
https://ikttips.skolbloggen.se/wp-content/themes/carrington-blog.2.0/carrington-blog/img/arrow-bullet.gif,media,200,text/html,20190130021748,https://ikttips.skolbloggen.se/wp-content/themes/carrington-blog.2.0/carrington-blog/img/arrow-bullet.gif,https://web.archive.org/web/20190130021748/https://ikttips.skolbloggen.se/wp-content/themes/carrington-blog.2.0/carrington-blog/img/arrow-bullet.gif,https://web.archive.org/web/20190130021748id_/https://ikttips.skolbloggen.se/wp-content/themes/carrington-blog.2.0/carrington-blog/img/arrow-bullet.gif,False,kind:media,wp-content/themes/carrington-blog.2.0/carrington-blog/img/arrow-bullet.html,False,False,False,,,,,
https://ikttips.skolbloggen.se/wp-content/themes/carrington-blog.2.0/carrington-blog/img/attachment/150px-flourish-left-dark.png,media,200,text/html,20190127082630,https://ikttips.skolbloggen.se/wp-content/themes/carrington-blog.2.0/carrington-blog/img/attachment/150px-flourish-left-dark.png,https://web.archive.org/web/20190127082630/https://ikttips.skolbloggen.se/wp-content/themes/carrington-blog.2.0/carrington-blog/img/attachment/150px-flourish-left-dark.png,https://web.archive.org/web/20190127082630id_/https://ikttips.skolbloggen.se/wp-content/themes/carrington-blog.2.0/carrington-blog/img/attachment/150px-flourish-left-dark.png,False,kind:media,wp-content/themes/carrington-blog.2.0/carrington-blog/img/attachment/150px-flourish-left-dark.html,False,False,False,,,,,
https://ikttips.skolbloggen.se/wp-content/themes/carrington-blog.2.0/carrington-blog/img/attachment/150px-flourish-right-dark.png,media,200,text/html,20190128110716,https://ikttips.skolbloggen.se/wp-content/themes/carrington-blog.2.0/carrington-blog/img/attachment/150px-flourish-right-dark.png,https://web.archive.org/web/20190128110716/https://ikttips.skolbloggen.se/wp-content/themes/carrington-blog.2.0/carrington-blog/img/attachment/150px-flourish-right-dark.png,https://web.archive.org/web/20190128110716id_/https://ikttips.skolbloggen.se/wp-content/themes/carrington-blog.2.0/carrington-blog/img/attachment/150px-flourish-right-dark.png,False,kind:media,wp-content/themes/carrington-blog.2.0/carrington-blog/img/attachment/150px-flourish-right-dark.html,False,False,False,,,,,
https://ikttips.skolbloggen.se/wp-content/themes/carrington-blog.2.0/carrington-blog/img/comment-thread.gif,media,200,text/html,20190123005608,https://ikttips.skolbloggen.se/wp-content/themes/carrington-blog.2.0/carrington-blog/img/comment-thread.gif,https://web.archive.org/web/20190123005608/https://ikttips.skolbloggen.se/wp-content/themes/carrington-blog.2.0/carrington-blog/img/comment-thread.gif,https://web.archive.org/web/20190123005608id_/https://ikttips.skolbloggen.se/wp-content/themes/carrington-blog.2.0/carrington-blog/img/comment-thread.gif,False,kind:media,wp-content/themes/carrington-blog.2.0/carrington-blog/img/comment-thread.html,False,False,False,,,,,
https://ikttips.skolbloggen.se/wp-content/themes/carrington-blog.2.0/carrington-blog/img/comment.gif,media,200,text/html,20190123074531,https://ikttips.skolbloggen.se/wp-content/themes/carrington-blog.2.0/carrington-blog/img/comment.gif,https://web.archive.org/web/20190123074531/https://ikttips.skolbloggen.se/wp-content/themes/carrington-blog.2.0/carrington-blog/img/comment.gif,https://web.archive.org/web/20190123074531id_/https://ikttips.skolbloggen.se/wp-content/themes/carrington-blog.2.0/carrington-blog/img/comment.gif,False,kind:media,wp-content/themes/carrington-blog.2.0/carrington-blog/img/comment.html,False,False,False,,,,,
https://ikttips.skolbloggen.se/wp-content/themes/carrington-blog.2.0/carrington-blog/img/comments-divider.gif,media,200,text/html,20190125191934,https://ikttips.skolbloggen.se/wp-content/themes/carrington-blog.2.0/carrington-blog/img/comments-divider.gif,https://web.archive.org/web/20190125191934/https://ikttips.skolbloggen.se/wp-content/themes/carrington-blog.2.0/carrington-blog/img/comments-divider.gif,https://web.archive.org/web/20190125191934id_/https://ikttips.skolbloggen.se/wp-content/themes/carrington-blog.2.0/carrington-blog/img/comments-divider.gif,False,kind:media,wp-content/themes/carrington-blog.2.0/carrington-blog/img/comments-divider.html,False,False,False,,,,,
https://ikttips.skolbloggen.se/wp-content/themes/carrington-blog.2.0/carrington-blog/img/divider-ornament-wide-dark.png,media,200,text/html,20190129051525,https://ikttips.skolbloggen.se/wp-content/themes/carrington-blog.2.0/carrington-blog/img/divider-ornament-wide-dark.png,https://web.archive.org/web/20190129051525/https://ikttips.skolbloggen.se/wp-content/themes/carrington-blog.2.0/carrington-blog/img/divider-ornament-wide-dark.png,https://web.archive.org/web/20190129051525id_/https://ikttips.skolbloggen.se/wp-content/themes/carrington-blog.2.0/carrington-blog/img/divider-ornament-wide-dark.png,False,kind:media,wp-content/themes/carrington-blog.2.0/carrington-blog/img/divider-ornament-wide-dark.html,False,False,False,,,,,
https://ikttips.skolbloggen.se/wp-content/themes/carrington-blog.2.0/carrington-blog/img/divider-ornament.gif,media,200,text/html,20190124021720,https://ikttips.skolbloggen.se/wp-content/themes/carrington-blog.2.0/carrington-blog/img/divider-ornament.gif,https://web.archive.org/web/20190124021720/https://ikttips.skolbloggen.se/wp-content/themes/carrington-blog.2.0/carrington-blog/img/divider-ornament.gif,https://web.archive.org/web/20190124021720id_/https://ikttips.skolbloggen.se/wp-content/themes/carrington-blog.2.0/carrington-blog/img/divider-ornament.gif,False,kind:media,wp-content/themes/carrington-blog.2.0/carrington-blog/img/divider-ornament.html,False,False,False,,,,,
https://ikttips.skolbloggen.se/wp-content/themes/carrington-blog.2.0/carrington-blog/img/dropdown-divider.gif,media,200,text/html,20190123144445,https://ikttips.skolbloggen.se/wp-content/themes/carrington-blog.2.0/carrington-blog/img/dropdown-divider.gif,https://web.archive.org/web/20190123144445/https://ikttips.skolbloggen.se/wp-content/themes/carrington-blog.2.0/carrington-blog/img/dropdown-divider.gif,https://web.archive.org/web/20190123144445id_/https://ikttips.skolbloggen.se/wp-content/themes/carrington-blog.2.0/carrington-blog/img/dropdown-divider.gif,False,kind:media,wp-content/themes/carrington-blog.2.0/carrington-blog/img/dropdown-divider.html,False,False,False,,,,,
https://ikttips.skolbloggen.se/wp-content/themes/carrington-blog.2.0/carrington-blog/img/footer/by-crowd-favorite-light.png,media,200,text/html,20190131074834,https://ikttips.skolbloggen.se/wp-content/themes/carrington-blog.2.0/carrington-blog/img/footer/by-crowd-favorite-light.png,https://web.archive.org/web/20190131074834/https://ikttips.skolbloggen.se/wp-content/themes/carrington-blog.2.0/carrington-blog/img/footer/by-crowd-favorite-light.png,https://web.archive.org/web/20190131074834id_/https://ikttips.skolbloggen.se/wp-content/themes/carrington-blog.2.0/carrington-blog/img/footer/by-crowd-favorite-light.png,False,kind:media,wp-content/themes/carrington-blog.2.0/carrington-blog/img/footer/by-crowd-favorite-light.html,False,False,False,,,,,
https://ikttips.skolbloggen.se/wp-content/themes/carrington-blog.2.0/carrington-blog/img/footer/divider-ornament-wide-light.png,media,200,text/html,20190126151325,https://ikttips.skolbloggen.se/wp-content/themes/carrington-blog.2.0/carrington-blog/img/footer/divider-ornament-wide-light.png,https://web.archive.org/web/20190126151325/https://ikttips.skolbloggen.se/wp-content/themes/carrington-blog.2.0/carrington-blog/img/footer/divider-ornament-wide-light.png,https://web.archive.org/web/20190126151325id_/https://ikttips.skolbloggen.se/wp-content/themes/carrington-blog.2.0/carrington-blog/img/footer/divider-ornament-wide-light.png,False,kind:media,wp-content/themes/carrington-blog.2.0/carrington-blog/img/footer/divider-ornament-wide-light.html,False,False,False,,,,,
https://ikttips.skolbloggen.se/wp-content/themes/carrington-blog.2.0/carrington-blog/img/footer/gradient-dark.png,media,200,text/html,20190124083028,https://ikttips.skolbloggen.se/wp-content/themes/carrington-blog.2.0/carrington-blog/img/footer/gradient-dark.png,https://web.archive.org/web/20190124083028/https://ikttips.skolbloggen.se/wp-content/themes/carrington-blog.2.0/carrington-blog/img/footer/gradient-dark.png,https://web.archive.org/web/20190124083028id_/https://ikttips.skolbloggen.se/wp-content/themes/carrington-blog.2.0/carrington-blog/img/footer/gradient-dark.png,False,kind:media,wp-content/themes/carrington-blog.2.0/carrington-blog/img/footer/gradient-dark.html,False,False,False,,,,,
https://ikttips.skolbloggen.se/wp-content/themes/carrington-blog.2.0/carrington-blog/img/grey-to-white-gradient.png,media,200,text/html,20190130025006,https://ikttips.skolbloggen.se/wp-content/themes/carrington-blog.2.0/carrington-blog/img/grey-to-white-gradient.png,https://web.archive.org/web/20190130025006/https://ikttips.skolbloggen.se/wp-content/themes/carrington-blog.2.0/carrington-blog/img/grey-to-white-gradient.png,https://web.archive.org/web/20190130025006id_/https://ikttips.skolbloggen.se/wp-content/themes/carrington-blog.2.0/carrington-blog/img/grey-to-white-gradient.png,False,kind:media,wp-content/themes/carrington-blog.2.0/carrington-blog/img/grey-to-white-gradient.html,False,False,False,,,,,
https://ikttips.skolbloggen.se/wp-content/themes/carrington-blog.2.0/carrington-blog/img/header/gradient-dark.png,media,200,text/html,20190128231110,https://ikttips.skolbloggen.se/wp-content/themes/carrington-blog.2.0/carrington-blog/img/header/gradient-dark.png,https://web.archive.org/web/20190128231110/https://ikttips.skolbloggen.se/wp-content/themes/carrington-blog.2.0/carrington-blog/img/header/gradient-dark.png,https://web.archive.org/web/20190128231110id_/https://ikttips.skolbloggen.se/wp-content/themes/carrington-blog.2.0/carrington-blog/img/header/gradient-dark.png,False,kind:media,wp-content/themes/carrington-blog.2.0/carrington-blog/img/header/gradient-dark.html,False,False,False,,,,,
https://ikttips.skolbloggen.se/wp-content/themes/carrington-blog.2.0/carrington-blog/img/header/texture-dark.png,media,200,text/html,20190129103148,https://ikttips.skolbloggen.se/wp-content/themes/carrington-blog.2.0/carrington-blog/img/header/texture-dark.png,https://web.archive.org/web/20190129103148/https://ikttips.skolbloggen.se/wp-content/themes/carrington-blog.2.0/carrington-blog/img/header/texture-dark.png,https://web.archive.org/web/20190129103148id_/https://ikttips.skolbloggen.se/wp-content/themes/carrington-blog.2.0/carrington-blog/img/header/texture-dark.png,False,kind:media,wp-content/themes/carrington-blog.2.0/carrington-blog/img/header/texture-dark.html,False,False,False,,,,,
https://ikttips.skolbloggen.se/wp-content/themes/carrington-blog.2.0/carrington-blog/img/header/texture-light.png,media,200,text/html,20190129091005,https://ikttips.skolbloggen.se/wp-content/themes/carrington-blog.2.0/carrington-blog/img/header/texture-light.png,https://web.archive.org/web/20190129091005/https://ikttips.skolbloggen.se/wp-content/themes/carrington-blog.2.0/carrington-blog/img/header/texture-light.png,https://web.archive.org/web/20190129091005id_/https://ikttips.skolbloggen.se/wp-content/themes/carrington-blog.2.0/carrington-blog/img/header/texture-light.png,False,kind:media,wp-content/themes/carrington-blog.2.0/carrington-blog/img/header/texture-light.html,False,False,False,,,,,
https://ikttips.skolbloggen.se/wp-content/themes/carrington-blog.2.0/carrington-blog/img/ie/by-crowd-favorite.gif,media,200,text/html,20190124101447,https://ikttips.skolbloggen.se/wp-content/themes/carrington-blog.2.0/carrington-blog/img/ie/by-crowd-favorite.gif,https://web.archive.org/web/20190124101447/https://ikttips.skolbloggen.se/wp-content/themes/carrington-blog.2.0/carrington-blog/img/ie/by-crowd-favorite.gif,https://web.archive.org/web/20190124101447id_/https://ikttips.skolbloggen.se/wp-content/themes/carrington-blog.2.0/carrington-blog/img/ie/by-crowd-favorite.gif,False,kind:media,wp-content/themes/carrington-blog.2.0/carrington-blog/img/ie/by-crowd-favorite.html,False,False,False,,,,,
https://ikttips.skolbloggen.se/wp-content/themes/carrington-blog.2.0/carrington-blog/img/lightbox/nextlabel.gif,media,200,text/html,20190126151330,https://ikttips.skolbloggen.se/wp-content/themes/carrington-blog.2.0/carrington-blog/img/lightbox/nextlabel.gif,https://web.archive.org/web/20190126151330/https://ikttips.skolbloggen.se/wp-content/themes/carrington-blog.2.0/carrington-blog/img/lightbox/nextlabel.gif,https://web.archive.org/web/20190126151330id_/https://ikttips.skolbloggen.se/wp-content/themes/carrington-blog.2.0/carrington-blog/img/lightbox/nextlabel.gif,False,kind:media,wp-content/themes/carrington-blog.2.0/carrington-blog/img/lightbox/nextlabel.html,False,False,False,,,,,
https://ikttips.skolbloggen.se/wp-content/themes/carrington-blog.2.0/carrington-blog/img/lightbox/prevlabel.gif,media,200,text/html,20190124182923,https://ikttips.skolbloggen.se/wp-content/themes/carrington-blog.2.0/carrington-blog/img/lightbox/prevlabel.gif,https://web.archive.org/web/20190124182923/https://ikttips.skolbloggen.se/wp-content/themes/carrington-blog.2.0/carrington-blog/img/lightbox/prevlabel.gif,https://web.archive.org/web/20190124182923id_/https://ikttips.skolbloggen.se/wp-content/themes/carrington-blog.2.0/carrington-blog/img/lightbox/prevlabel.gif,False,kind:media,wp-content/themes/carrington-blog.2.0/carrington-blog/img/lightbox/prevlabel.html,False,False,False,,,,,
https://ikttips.skolbloggen.se/wp-content/themes/carrington-blog.2.0/carrington-blog/img/rss-button.gif,media,-,warc/revisit,20181230082143,https://ikttips.skolbloggen.se/wp-content/themes/carrington-blog.2.0/carrington-blog/img/rss-button.gif,https://web.archive.org/web/20181230082143/https://ikttips.skolbloggen.se/wp-content/themes/carrington-blog.2.0/carrington-blog/img/rss-button.gif,https://web.archive.org/web/20181230082143/https://ikttips.skolbloggen.se/wp-content/themes/carrington-blog.2.0/carrington-blog/img/rss-button.gif,False,kind:media,wp-content/themes/carrington-blog.2.0/carrington-blog/img/rss-button.html,False,False,False,,,,,
https://ikttips.skolbloggen.se/wp-content/themes/carrington-blog.2.0/carrington-blog/img/sidebar-background.gif,media,200,text/html,20190125191929,https://ikttips.skolbloggen.se/wp-content/themes/carrington-blog.2.0/carrington-blog/img/sidebar-background.gif,https://web.archive.org/web/20190125191929/https://ikttips.skolbloggen.se/wp-content/themes/carrington-blog.2.0/carrington-blog/img/sidebar-background.gif,https://web.archive.org/web/20190125191929id_/https://ikttips.skolbloggen.se/wp-content/themes/carrington-blog.2.0/carrington-blog/img/sidebar-background.gif,False,kind:media,wp-content/themes/carrington-blog.2.0/carrington-blog/img/sidebar-background.html,False,False,False,,,,,
https://ikttips.skolbloggen.se/wp-content/themes/carrington-blog.2.0/carrington-blog/img/spinner.gif,media,200,text/html,20190125221947,https://ikttips.skolbloggen.se/wp-content/themes/carrington-blog.2.0/carrington-blog/img/spinner.gif,https://web.archive.org/web/20190125221947/https://ikttips.skolbloggen.se/wp-content/themes/carrington-blog.2.0/carrington-blog/img/spinner.gif,https://web.archive.org/web/20190125221947id_/https://ikttips.skolbloggen.se/wp-content/themes/carrington-blog.2.0/carrington-blog/img/spinner.gif,False,kind:media,wp-content/themes/carrington-blog.2.0/carrington-blog/img/spinner.html,False,False,False,,,,,
https://ikttips.skolbloggen.se/wp-content/themes/carrington-blog.2.0/carrington-blog/img/sub-header-border-bottom.gif,media,200,text/html,20190125185617,https://ikttips.skolbloggen.se/wp-content/themes/carrington-blog.2.0/carrington-blog/img/sub-header-border-bottom.gif,https://web.archive.org/web/20190125185617/https://ikttips.skolbloggen.se/wp-content/themes/carrington-blog.2.0/carrington-blog/img/sub-header-border-bottom.gif,https://web.archive.org/web/20190125185617id_/https://ikttips.skolbloggen.se/wp-content/themes/carrington-blog.2.0/carrington-blog/img/sub-header-border-bottom.gif,False,kind:media,wp-content/themes/carrington-blog.2.0/carrington-blog/img/sub-header-border-bottom.html,False,False,False,,,,,
https://ikttips.skolbloggen.se/wp-content/themes/carrington-blog.2.0/carrington-blog/img/watermark-light.gif,media,200,text/html,20190125185612,https://ikttips.skolbloggen.se/wp-content/themes/carrington-blog.2.0/carrington-blog/img/watermark-light.gif,https://web.archive.org/web/20190125185612/https://ikttips.skolbloggen.se/wp-content/themes/carrington-blog.2.0/carrington-blog/img/watermark-light.gif,https://web.archive.org/web/20190125185612id_/https://ikttips.skolbloggen.se/wp-content/themes/carrington-blog.2.0/carrington-blog/img/watermark-light.gif,False,kind:media,wp-content/themes/carrington-blog.2.0/carrington-blog/img/watermark-light.html,False,False,False,,,,,
https://ikttips.skolbloggen.se/wp-content/themes/carrington-blog.2.0/carrington-blog/js/carrington.js?ver=1.0,other,-,warc/revisit,20181227070159,https://ikttips.skolbloggen.se/wp-content/themes/carrington-blog.2.0/carrington-blog/js/carrington.js?ver=1.0,https://web.archive.org/web/20181227070159/https://ikttips.skolbloggen.se/wp-content/themes/carrington-blog.2.0/carrington-blog/js/carrington.js?ver=1.0,https://web.archive.org/web/20181227070159/https://ikttips.skolbloggen.se/wp-content/themes/carrington-blog.2.0/carrington-blog/js/carrington.js?ver=1.0,False,extension:.js,wp-content/themes/carrington-blog.2.0/carrington-blog/js/carrington.html,False,False,False,,,,,
https://ikttips.skolbloggen.se/wp-content/themes/carrington-blog.2.0/carrington-blog/js/iepngfix_tilebg.js,other,-,warc/revisit,20190106190124,https://ikttips.skolbloggen.se/wp-content/themes/carrington-blog.2.0/carrington-blog/js/iepngfix_tilebg.js,https://web.archive.org/web/20190106190124/https://ikttips.skolbloggen.se/wp-content/themes/carrington-blog.2.0/carrington-blog/js/iepngfix_tilebg.js,https://web.archive.org/web/20190106190124/https://ikttips.skolbloggen.se/wp-content/themes/carrington-blog.2.0/carrington-blog/js/iepngfix_tilebg.js,False,extension:.js,wp-content/themes/carrington-blog.2.0/carrington-blog/js/iepngfix_tilebg.html,False,False,False,,,,,
https://ikttips.skolbloggen.se/wp-includes/css/admin-bar.min.css?ver=4.9.8,other,200,text/css,20181228071605,https://ikttips.skolbloggen.se/wp-includes/css/admin-bar.min.css?ver=4.9.8,https://web.archive.org/web/20181228071605/https://ikttips.skolbloggen.se/wp-includes/css/admin-bar.min.css?ver=4.9.8,https://web.archive.org/web/20181228071605id_/https://ikttips.skolbloggen.se/wp-includes/css/admin-bar.min.css?ver=4.9.8,False,extension:.css,wp-includes/css/admin-bar.min.html,False,False,False,,,,,
https://ikttips.skolbloggen.se/wp-includes/css/admin-bar.min.css?ver=4.9.9,other,200,text/css,20190109155200,https://ikttips.skolbloggen.se/wp-includes/css/admin-bar.min.css?ver=4.9.9,https://web.archive.org/web/20190109155200/https://ikttips.skolbloggen.se/wp-includes/css/admin-bar.min.css?ver=4.9.9,https://web.archive.org/web/20190109155200id_/https://ikttips.skolbloggen.se/wp-includes/css/admin-bar.min.css?ver=4.9.9,False,extension:.css,wp-includes/css/admin-bar.min.html,False,False,False,,,,,
https://ikttips.skolbloggen.se/wp-includes/css/dashicons.min.css?ver=4.9.8,other,200,text/css,20190102232041,https://ikttips.skolbloggen.se/wp-includes/css/dashicons.min.css?ver=4.9.8,https://web.archive.org/web/20190102232041/https://ikttips.skolbloggen.se/wp-includes/css/dashicons.min.css?ver=4.9.8,https://web.archive.org/web/20190102232041id_/https://ikttips.skolbloggen.se/wp-includes/css/dashicons.min.css?ver=4.9.8,False,extension:.css,wp-includes/css/dashicons.min.html,False,False,False,,,,,
https://ikttips.skolbloggen.se/wp-includes/css/dashicons.min.css?ver=4.9.9,other,200,text/html,20190115141113,https://ikttips.skolbloggen.se/wp-includes/css/dashicons.min.css?ver=4.9.9,https://web.archive.org/web/20190115141113/https://ikttips.skolbloggen.se/wp-includes/css/dashicons.min.css?ver=4.9.9,https://web.archive.org/web/20190115141113id_/https://ikttips.skolbloggen.se/wp-includes/css/dashicons.min.css?ver=4.9.9,False,extension:.css,wp-includes/css/dashicons.min.html,False,False,False,,,,,
https://ikttips.skolbloggen.se/wp-includes/fonts/dashicons.eot,other,200,text/html,20190130103846,https://ikttips.skolbloggen.se/wp-includes/fonts/dashicons.eot,https://web.archive.org/web/20190130103846/https://ikttips.skolbloggen.se/wp-includes/fonts/dashicons.eot,https://web.archive.org/web/20190130103846id_/https://ikttips.skolbloggen.se/wp-includes/fonts/dashicons.eot,False,noise-path,wp-includes/fonts/dashicons.html,False,False,False,,,,,
https://ikttips.skolbloggen.se/wp-includes/fonts/dashicons.svg,media,200,text/html,20190124204119,https://ikttips.skolbloggen.se/wp-includes/fonts/dashicons.svg,https://web.archive.org/web/20190124204119/https://ikttips.skolbloggen.se/wp-includes/fonts/dashicons.svg,https://web.archive.org/web/20190124204119id_/https://ikttips.skolbloggen.se/wp-includes/fonts/dashicons.svg,False,kind:media,wp-includes/fonts/dashicons.html,False,False,False,,,,,
https://ikttips.skolbloggen.se/wp-includes/fonts/dashicons.ttf,other,200,text/html,20190125012136,https://ikttips.skolbloggen.se/wp-includes/fonts/dashicons.ttf,https://web.archive.org/web/20190125012136/https://ikttips.skolbloggen.se/wp-includes/fonts/dashicons.ttf,https://web.archive.org/web/20190125012136id_/https://ikttips.skolbloggen.se/wp-includes/fonts/dashicons.ttf,False,noise-path,wp-includes/fonts/dashicons.html,False,False,False,,,,,
https://ikttips.skolbloggen.se/wp-includes/js/admin-bar.min.js?ver=4.9.8,other,200,application/javascript,20190104224153,https://ikttips.skolbloggen.se/wp-includes/js/admin-bar.min.js?ver=4.9.8,https://web.archive.org/web/20190104224153/https://ikttips.skolbloggen.se/wp-includes/js/admin-bar.min.js?ver=4.9.8,https://web.archive.org/web/20190104224153id_/https://ikttips.skolbloggen.se/wp-includes/js/admin-bar.min.js?ver=4.9.8,False,extension:.js,wp-includes/js/admin-bar.min.html,False,False,False,,,,,
https://ikttips.skolbloggen.se/wp-includes/js/admin-bar.min.js?ver=4.9.9,other,200,application/javascript,20190105062313,https://ikttips.skolbloggen.se/wp-includes/js/admin-bar.min.js?ver=4.9.9,https://web.archive.org/web/20190105062313/https://ikttips.skolbloggen.se/wp-includes/js/admin-bar.min.js?ver=4.9.9,https://web.archive.org/web/20190105062313id_/https://ikttips.skolbloggen.se/wp-includes/js/admin-bar.min.js?ver=4.9.9,False,extension:.js,wp-includes/js/admin-bar.min.html,False,False,False,,,,,
https://ikttips.skolbloggen.se/wp-includes/js/jquery/jquery-migrate.min.js?ver=1.4.1,other,200,application/javascript,20181230151045,https://ikttips.skolbloggen.se/wp-includes/js/jquery/jquery-migrate.min.js?ver=1.4.1,https://web.archive.org/web/20181230151045/https://ikttips.skolbloggen.se/wp-includes/js/jquery/jquery-migrate.min.js?ver=1.4.1,https://web.archive.org/web/20181230151045id_/https://ikttips.skolbloggen.se/wp-includes/js/jquery/jquery-migrate.min.js?ver=1.4.1,False,extension:.js,wp-includes/js/jquery/jquery-migrate.min.html,False,False,False,,,,,
https://ikttips.skolbloggen.se/wp-includes/js/jquery/jquery.js?ver=1.12.4,other,200,application/javascript,20181227085246,https://ikttips.skolbloggen.se/wp-includes/js/jquery/jquery.js?ver=1.12.4,https://web.archive.org/web/20181227085246/https://ikttips.skolbloggen.se/wp-includes/js/jquery/jquery.js?ver=1.12.4,https://web.archive.org/web/20181227085246id_/https://ikttips.skolbloggen.se/wp-includes/js/jquery/jquery.js?ver=1.12.4,False,extension:.js,wp-includes/js/jquery/jquery.html,False,False,False,,,,,
https://ikttips.skolbloggen.se/wp-includes/js/wp-embed.min.js?ver=4.9.8,other,200,application/javascript,20181229000502,https://ikttips.skolbloggen.se/wp-includes/js/wp-embed.min.js?ver=4.9.8,https://web.archive.org/web/20181229000502/https://ikttips.skolbloggen.se/wp-includes/js/wp-embed.min.js?ver=4.9.8,https://web.archive.org/web/20181229000502id_/https://ikttips.skolbloggen.se/wp-includes/js/wp-embed.min.js?ver=4.9.8,False,extension:.js,wp-includes/js/wp-embed.min.html,False,False,False,,,,,
https://ikttips.skolbloggen.se/wp-includes/js/wp-embed.min.js?ver=4.9.9,other,200,application/javascript,20190105062318,https://ikttips.skolbloggen.se/wp-includes/js/wp-embed.min.js?ver=4.9.9,https://web.archive.org/web/20190105062318/https://ikttips.skolbloggen.se/wp-includes/js/wp-embed.min.js?ver=4.9.9,https://web.archive.org/web/20190105062318id_/https://ikttips.skolbloggen.se/wp-includes/js/wp-embed.min.js?ver=4.9.9,False,extension:.js,wp-includes/js/wp-embed.min.html,False,False,False,,,,,
https://ikttips.skolbloggen.se/wp-includes/wlwmanifest.xml,other,-,warc/revisit,20190106221608,https://ikttips.skolbloggen.se/wp-includes/wlwmanifest.xml,https://web.archive.org/web/20190106221608/https://ikttips.skolbloggen.se/wp-includes/wlwmanifest.xml,https://web.archive.org/web/20190106221608/https://ikttips.skolbloggen.se/wp-includes/wlwmanifest.xml,False,extension:.xml,wp-includes/wlwmanifest.html,False,False,False,,,,,
https://ikttips.skolbloggen.se/wp-json/,other,404,text/html,20181230151110,https://ikttips.skolbloggen.se/wp-json/,https://web.archive.org/web/20181230151110/https://ikttips.skolbloggen.se/wp-json/,https://web.archive.org/web/20181230151110/https://ikttips.skolbloggen.se/wp-json/,False,noise-path,wp-json/index.html,False,False,False,,,,,
https://ikttips.skolbloggen.se/xmlrpc.php,other,-,warc/revisit,20181226011933,https://ikttips.skolbloggen.se/xmlrpc.php,https://web.archive.org/web/20181226011933/https://ikttips.skolbloggen.se/xmlrpc.php,https://web.archive.org/web/20181226011933/https://ikttips.skolbloggen.se/xmlrpc.php,False,noise-path,xmlrpc.html,False,False,False,,,,,
https://ikttips.skolbloggen.se/xmlrpc.php?rsd,other,200,text/xml,20190103194453,https://ikttips.skolbloggen.se/xmlrpc.php?rsd,https://web.archive.org/web/20190103194453/https://ikttips.skolbloggen.se/xmlrpc.php?rsd,https://web.archive.org/web/20190103194453id_/https://ikttips.skolbloggen.se/xmlrpc.php?rsd,False,noise-path,xmlrpc.html,False,False,False,,,,,
