normalized_url,kind,first_timestamp,last_timestamp,capture_count,best_timestamp,best_original,best_statuscode,best_mimetype,best_wayback_url
http://bufsimrishamn.wordpress.com/,homepage,20130516224247,20191018060043,20,20191018060043,https://bufsimrishamn.wordpress.com/,200,text/html,https://web.archive.org/web/20191018060043/https://bufsimrishamn.wordpress.com/
http://bufsimrishamn.wordpress.com/2012/12/,other,20131230150600,20191018060003,4,20191018060003,https://bufsimrishamn.wordpress.com/2012/12/,200,text/html,https://web.archive.org/web/20191018060003/https://bufsimrishamn.wordpress.com/2012/12/
http://bufsimrishamn.wordpress.com/2013/01/,other,20131230123751,20191018062445,4,20191018062445,https://bufsimrishamn.wordpress.com/2013/01/,200,text/html,https://web.archive.org/web/20191018062445/https://bufsimrishamn.wordpress.com/2013/01/
http://bufsimrishamn.wordpress.com/2013/02/,other,20131230120106,20191018061307,4,20191018061307,https://bufsimrishamn.wordpress.com/2013/02/,200,text/html,https://web.archive.org/web/20191018061307/https://bufsimrishamn.wordpress.com/2013/02/
http://bufsimrishamn.wordpress.com/2013/03/,other,20131230110438,20191018060159,4,20191018060159,https://bufsimrishamn.wordpress.com/2013/03/,200,text/html,https://web.archive.org/web/20191018060159/https://bufsimrishamn.wordpress.com/2013/03/
http://bufsimrishamn.wordpress.com/2013/04/,other,20131230094215,20191018060047,4,20191018060047,https://bufsimrishamn.wordpress.com/2013/04/,200,text/html,https://web.archive.org/web/20191018060047/https://bufsimrishamn.wordpress.com/2013/04/
http://bufsimrishamn.wordpress.com/2013/05/,other,20131230114903,20191212130214,4,20191212130214,https://bufsimrishamn.wordpress.com/2013/05/,200,text/html,https://web.archive.org/web/20191212130214/https://bufsimrishamn.wordpress.com/2013/05/
http://bufsimrishamn.wordpress.com/2013/09/,other,20131230131323,20191018064335,4,20191018064335,https://bufsimrishamn.wordpress.com/2013/09/,200,text/html,https://web.archive.org/web/20191018064335/https://bufsimrishamn.wordpress.com/2013/09/
http://bufsimrishamn.wordpress.com/2013/09/14/barn-och-utbildningsforvaltningen-immigrationsverket-och-de-asylsokande-som-nu-kommer-till-ostra-hoby-borrby-och-hammenhog/,post_like,20140210172007,20140210172007,1,20140210172007,http://bufsimrishamn.wordpress.com/2013/09/14/barn-och-utbildningsforvaltningen-immigrationsverket-och-de-asylsokande-som-nu-kommer-till-ostra-hoby-borrby-och-hammenhog/,200,text/html,https://web.archive.org/web/20140210172007/http://bufsimrishamn.wordpress.com/2013/09/14/barn-och-utbildningsforvaltningen-immigrationsverket-och-de-asylsokande-som-nu-kommer-till-ostra-hoby-borrby-och-hammenhog/
http://bufsimrishamn.wordpress.com/2013/10/,other,20131230101838,20191212135304,4,20191212135304,https://bufsimrishamn.wordpress.com/2013/10/,200,text/html,https://web.archive.org/web/20191212135304/https://bufsimrishamn.wordpress.com/2013/10/
http://bufsimrishamn.wordpress.com/2013/10/08/forstelarartjansterna-ar-nu-tillsatta-i-simrishamns-kommun/,post_like,20131220104529,20140210210321,2,20140210210321,http://bufsimrishamn.wordpress.com/2013/10/08/forstelarartjansterna-ar-nu-tillsatta-i-simrishamns-kommun/,200,text/html,https://web.archive.org/web/20140210210321/http://bufsimrishamn.wordpress.com/2013/10/08/forstelarartjansterna-ar-nu-tillsatta-i-simrishamns-kommun/
http://bufsimrishamn.wordpress.com/2013/10/08/forstelarartjansterna-ar-nu-tillsatta-i-simrishamns-kommun/feed/,feed,20140210145844,20140210145844,1,20140210145844,http://bufsimrishamn.wordpress.com/2013/10/08/forstelarartjansterna-ar-nu-tillsatta-i-simrishamns-kommun/feed/,200,text/xml,https://web.archive.org/web/20140210145844/http://bufsimrishamn.wordpress.com/2013/10/08/forstelarartjansterna-ar-nu-tillsatta-i-simrishamns-kommun/feed/
http://bufsimrishamn.wordpress.com/2013/10/25/borrby-forskola-har-gron-flagg/,post_like,20131120205616,20150818051623,5,20150818051623,https://bufsimrishamn.wordpress.com/2013/10/25/borrby-forskola-har-gron-flagg/,200,text/html,https://web.archive.org/web/20150818051623/https://bufsimrishamn.wordpress.com/2013/10/25/borrby-forskola-har-gron-flagg/
http://bufsimrishamn.wordpress.com/2013/10/25/borrby-forskola-har-gron-flagg/feed/,feed,20131220080722,20131220080722,1,20131220080722,http://bufsimrishamn.wordpress.com/2013/10/25/borrby-forskola-har-gron-flagg/feed/,200,text/xml,https://web.archive.org/web/20131220080722/http://bufsimrishamn.wordpress.com/2013/10/25/borrby-forskola-har-gron-flagg/feed/
http://bufsimrishamn.wordpress.com/2014/01/29/nya-verktyg-ska-stodja-larandet/,post_like,20140511200900,20170628023643,4,20170628023643,https://bufsimrishamn.wordpress.com/2014/01/29/nya-verktyg-ska-stodja-larandet/,200,text/html,https://web.archive.org/web/20170628023643/https://bufsimrishamn.wordpress.com/2014/01/29/nya-verktyg-ska-stodja-larandet/
http://bufsimrishamn.wordpress.com/2014/01/29/nya-verktyg-ska-stodja-larandet/feed/,feed,20150813181632,20150813181632,1,20150813181632,https://bufsimrishamn.wordpress.com/2014/01/29/nya-verktyg-ska-stodja-larandet/feed/,200,application/rss+xml,https://web.archive.org/web/20150813181632/https://bufsimrishamn.wordpress.com/2014/01/29/nya-verktyg-ska-stodja-larandet/feed/
http://bufsimrishamn.wordpress.com/2014/02/06/oppna-klassrumsdorrar-ger-inspiration/,post_like,20140217055426,20170628015353,3,20170628015353,https://bufsimrishamn.wordpress.com/2014/02/06/oppna-klassrumsdorrar-ger-inspiration/,200,text/html,https://web.archive.org/web/20170628015353/https://bufsimrishamn.wordpress.com/2014/02/06/oppna-klassrumsdorrar-ger-inspiration/
http://bufsimrishamn.wordpress.com/2014/02/06/oppna-klassrumsdorrar-ger-inspiration/feed/,feed,20140511202542,20170628002041,2,20170628002041,https://bufsimrishamn.wordpress.com/2014/02/06/oppna-klassrumsdorrar-ger-inspiration/feed/,200,application/rss+xml,https://web.archive.org/web/20170628002041/https://bufsimrishamn.wordpress.com/2014/02/06/oppna-klassrumsdorrar-ger-inspiration/feed/
http://bufsimrishamn.wordpress.com/2014/03/13/lustfylld-lek-med-sprak/,post_like,20140505045219,20170625131353,3,20170625131353,https://bufsimrishamn.wordpress.com/2014/03/13/lustfylld-lek-med-sprak/,200,text/html,https://web.archive.org/web/20170625131353/https://bufsimrishamn.wordpress.com/2014/03/13/lustfylld-lek-med-sprak/
http://bufsimrishamn.wordpress.com/2014/03/13/lustfylld-lek-med-sprak/feed/,feed,20150811020514,20170629122800,2,20170629122800,https://bufsimrishamn.wordpress.com/2014/03/13/lustfylld-lek-med-sprak/feed/,200,application/rss+xml,https://web.archive.org/web/20170629122800/https://bufsimrishamn.wordpress.com/2014/03/13/lustfylld-lek-med-sprak/feed/
http://bufsimrishamn.wordpress.com/2014/03/20/det-satsas-pa-skolmaten-i-simrishamns-kommun/,post_like,20140511010649,20191212130158,5,20191212130158,https://bufsimrishamn.wordpress.com/2014/03/20/det-satsas-pa-skolmaten-i-simrishamns-kommun/,200,text/html,https://web.archive.org/web/20191212130158/https://bufsimrishamn.wordpress.com/2014/03/20/det-satsas-pa-skolmaten-i-simrishamns-kommun/
http://bufsimrishamn.wordpress.com/2014/03/20/det-satsas-pa-skolmaten-i-simrishamns-kommun/feed/,feed,20150828212154,20170625142934,2,20170625142934,https://bufsimrishamn.wordpress.com/2014/03/20/det-satsas-pa-skolmaten-i-simrishamns-kommun/feed/,200,application/rss+xml,https://web.archive.org/web/20170625142934/https://bufsimrishamn.wordpress.com/2014/03/20/det-satsas-pa-skolmaten-i-simrishamns-kommun/feed/
http://bufsimrishamn.wordpress.com/2014/03/31/vi-vill-hjalpa-vara-ungdomar-att-ma-bra/,post_like,20140514163624,20191212143223,5,20191212143223,https://bufsimrishamn.wordpress.com/2014/03/31/vi-vill-hjalpa-vara-ungdomar-att-ma-bra/,200,text/html,https://web.archive.org/web/20191212143223/https://bufsimrishamn.wordpress.com/2014/03/31/vi-vill-hjalpa-vara-ungdomar-att-ma-bra/
http://bufsimrishamn.wordpress.com/2014/03/31/vi-vill-hjalpa-vara-ungdomar-att-ma-bra/feed/,feed,20150907211916,20170705025447,2,20170705025447,https://bufsimrishamn.wordpress.com/2014/03/31/vi-vill-hjalpa-vara-ungdomar-att-ma-bra/feed/,200,application/rss+xml,https://web.archive.org/web/20170705025447/https://bufsimrishamn.wordpress.com/2014/03/31/vi-vill-hjalpa-vara-ungdomar-att-ma-bra/feed/
http://bufsimrishamn.wordpress.com/2014/04/07/sarskilt-for-dig-som-har-barn-som-vill-ut/,post_like,20140421092648,20170705023126,4,20170705023126,https://bufsimrishamn.wordpress.com/2014/04/07/sarskilt-for-dig-som-har-barn-som-vill-ut/,200,text/html,https://web.archive.org/web/20170705023126/https://bufsimrishamn.wordpress.com/2014/04/07/sarskilt-for-dig-som-har-barn-som-vill-ut/
http://bufsimrishamn.wordpress.com/2014/04/07/sarskilt-for-dig-som-har-barn-som-vill-ut/feed/,feed,20150927183917,20170725160136,2,20170725160136,https://bufsimrishamn.wordpress.com/2014/04/07/sarskilt-for-dig-som-har-barn-som-vill-ut/feed/,200,application/rss+xml,https://web.archive.org/web/20170725160136/https://bufsimrishamn.wordpress.com/2014/04/07/sarskilt-for-dig-som-har-barn-som-vill-ut/feed/
http://bufsimrishamn.wordpress.com/2014/05/12/simrishamns-6-aringar-utforskar-ostersjon/,post_like,20140721075814,20170725161328,4,20170725161328,https://bufsimrishamn.wordpress.com/2014/05/12/simrishamns-6-aringar-utforskar-ostersjon/,200,text/html,https://web.archive.org/web/20170725161328/https://bufsimrishamn.wordpress.com/2014/05/12/simrishamns-6-aringar-utforskar-ostersjon/
http://bufsimrishamn.wordpress.com/2014/05/12/simrishamns-6-aringar-utforskar-ostersjon/feed/,feed,20151022081325,20170820062908,2,20170820062908,https://bufsimrishamn.wordpress.com/2014/05/12/simrishamns-6-aringar-utforskar-ostersjon/feed/,200,application/rss+xml,https://web.archive.org/web/20170820062908/https://bufsimrishamn.wordpress.com/2014/05/12/simrishamns-6-aringar-utforskar-ostersjon/feed/
http://bufsimrishamn.wordpress.com/2014/05/19/matematiklyftet-ett-lyft-for-saval-elever-som-larare/,post_like,20140907032650,20191116205250,5,20191116205250,https://bufsimrishamn.wordpress.com/2014/05/19/matematiklyftet-ett-lyft-for-saval-elever-som-larare/,200,text/html,https://web.archive.org/web/20191116205250/https://bufsimrishamn.wordpress.com/2014/05/19/matematiklyftet-ett-lyft-for-saval-elever-som-larare/
http://bufsimrishamn.wordpress.com/2014/05/19/matematiklyftet-ett-lyft-for-saval-elever-som-larare/feed/,feed,20151205134031,20151205134031,1,20151205134031,https://bufsimrishamn.wordpress.com/2014/05/19/matematiklyftet-ett-lyft-for-saval-elever-som-larare/feed/,200,application/rss+xml,https://web.archive.org/web/20151205134031/https://bufsimrishamn.wordpress.com/2014/05/19/matematiklyftet-ett-lyft-for-saval-elever-som-larare/feed/
http://bufsimrishamn.wordpress.com/2014/06/02/nojda-barn-nar-skolmaten-blivit-battre/,post_like,20140905085131,20151201075021,2,20151201075021,https://bufsimrishamn.wordpress.com/2014/06/02/nojda-barn-nar-skolmaten-blivit-battre/,200,text/html,https://web.archive.org/web/20151201075021/https://bufsimrishamn.wordpress.com/2014/06/02/nojda-barn-nar-skolmaten-blivit-battre/
http://bufsimrishamn.wordpress.com/2014/06/02/nojda-barn-nar-skolmaten-blivit-battre/feed/,feed,20151201051205,20151201051205,1,20151201051205,https://bufsimrishamn.wordpress.com/2014/06/02/nojda-barn-nar-skolmaten-blivit-battre/feed/,200,application/rss+xml,https://web.archive.org/web/20151201051205/https://bufsimrishamn.wordpress.com/2014/06/02/nojda-barn-nar-skolmaten-blivit-battre/feed/
http://bufsimrishamn.wordpress.com/2014/06/10/simrishamn-i-samarbete-med-barnombudsmannen-och-unicef/,post_like,20140910150506,20191018060023,4,20191018060023,https://bufsimrishamn.wordpress.com/2014/06/10/simrishamn-i-samarbete-med-barnombudsmannen-och-unicef/,200,text/html,https://web.archive.org/web/20191018060023/https://bufsimrishamn.wordpress.com/2014/06/10/simrishamn-i-samarbete-med-barnombudsmannen-och-unicef/
http://bufsimrishamn.wordpress.com/2014/06/10/simrishamn-i-samarbete-med-barnombudsmannen-och-unicef/feed/,feed,20151206051828,20151206051828,1,20151206051828,https://bufsimrishamn.wordpress.com/2014/06/10/simrishamn-i-samarbete-med-barnombudsmannen-och-unicef/feed/,200,application/rss+xml,https://web.archive.org/web/20151206051828/https://bufsimrishamn.wordpress.com/2014/06/10/simrishamn-i-samarbete-med-barnombudsmannen-och-unicef/feed/
http://bufsimrishamn.wordpress.com/2014/06/25/unikt-samarbete-kring-utveckling-av-digitala-laromedel/,post_like,20140915232451,20190822060602,6,20190822060602,https://bufsimrishamn.wordpress.com/2014/06/25/unikt-samarbete-kring-utveckling-av-digitala-laromedel/,200,text/html,https://web.archive.org/web/20190822060602/https://bufsimrishamn.wordpress.com/2014/06/25/unikt-samarbete-kring-utveckling-av-digitala-laromedel/
http://bufsimrishamn.wordpress.com/2014/06/25/unikt-samarbete-kring-utveckling-av-digitala-laromedel/feed/,feed,20160125150512,20160125150512,1,20160125150512,https://bufsimrishamn.wordpress.com/2014/06/25/unikt-samarbete-kring-utveckling-av-digitala-laromedel/feed/,200,application/rss+xml,https://web.archive.org/web/20160125150512/https://bufsimrishamn.wordpress.com/2014/06/25/unikt-samarbete-kring-utveckling-av-digitala-laromedel/feed/
http://bufsimrishamn.wordpress.com/2014/08/20/hjarnan-vill-ha-kul/,post_like,20140926162139,20191018055949,6,20191018055949,https://bufsimrishamn.wordpress.com/2014/08/20/hjarnan-vill-ha-kul/,200,text/html,https://web.archive.org/web/20191018055949/https://bufsimrishamn.wordpress.com/2014/08/20/hjarnan-vill-ha-kul/
http://bufsimrishamn.wordpress.com/2014/08/20/hjarnan-vill-ha-kul/feed/,feed,20170729065016,20170729065016,1,20170729065016,https://bufsimrishamn.wordpress.com/2014/08/20/hjarnan-vill-ha-kul/feed/,200,application/rss+xml,https://web.archive.org/web/20170729065016/https://bufsimrishamn.wordpress.com/2014/08/20/hjarnan-vill-ha-kul/feed/
http://bufsimrishamn.wordpress.com/2014/09/02/rasten-en-viktig-del-av-barnens-skoldag/,post_like,20141015200156,20191018064930,5,20191018064930,https://bufsimrishamn.wordpress.com/2014/09/02/rasten-en-viktig-del-av-barnens-skoldag/,200,text/html,https://web.archive.org/web/20191018064930/https://bufsimrishamn.wordpress.com/2014/09/02/rasten-en-viktig-del-av-barnens-skoldag/
http://bufsimrishamn.wordpress.com/2014/09/19/forskolebarnens-utveckling-dokumenteras-i-pluttra/,post_like,20141019022052,20191116220220,4,20191116220220,https://bufsimrishamn.wordpress.com/2014/09/19/forskolebarnens-utveckling-dokumenteras-i-pluttra/,200,text/html,https://web.archive.org/web/20191116220220/https://bufsimrishamn.wordpress.com/2014/09/19/forskolebarnens-utveckling-dokumenteras-i-pluttra/
http://bufsimrishamn.wordpress.com/2014/10/07/simrishamns-kommun-satsar-pa-elevers-halsa/,post_like,20170525062217,20170525062217,1,20170525062217,https://bufsimrishamn.wordpress.com/2014/10/07/simrishamns-kommun-satsar-pa-elevers-halsa/,200,text/html,https://web.archive.org/web/20170525062217/https://bufsimrishamn.wordpress.com/2014/10/07/simrishamns-kommun-satsar-pa-elevers-halsa/
http://bufsimrishamn.wordpress.com/2014/10/20/mer-rorelse-for-hogre-maluppfyllelse/,post_like,20150614172930,20170525081316,3,20170525081316,https://bufsimrishamn.wordpress.com/2014/10/20/mer-rorelse-for-hogre-maluppfyllelse/,200,text/html,https://web.archive.org/web/20170525081316/https://bufsimrishamn.wordpress.com/2014/10/20/mer-rorelse-for-hogre-maluppfyllelse/
http://bufsimrishamn.wordpress.com/2014/10/24/nu-startar-bygget-av-osterlens-naturskola/,post_like,20150619025337,20170525073448,2,20170525073448,https://bufsimrishamn.wordpress.com/2014/10/24/nu-startar-bygget-av-osterlens-naturskola/,200,text/html,https://web.archive.org/web/20170525073448/https://bufsimrishamn.wordpress.com/2014/10/24/nu-startar-bygget-av-osterlens-naturskola/
http://bufsimrishamn.wordpress.com/2014/11/19/motiverade-elever-pa-fotbollsakademin/,post_like,20151214152849,20170527061104,2,20170527061104,https://bufsimrishamn.wordpress.com/2014/11/19/motiverade-elever-pa-fotbollsakademin/,200,text/html,https://web.archive.org/web/20170527061104/https://bufsimrishamn.wordpress.com/2014/11/19/motiverade-elever-pa-fotbollsakademin/
http://bufsimrishamn.wordpress.com/2014/11/30/ingela-ekdahl-johansson-prisad-for-sitt-arbete-med-barnlitteratur/,post_like,20160201122757,20191018060901,3,20191018060901,https://bufsimrishamn.wordpress.com/2014/11/30/ingela-ekdahl-johansson-prisad-for-sitt-arbete-med-barnlitteratur/,200,text/html,https://web.archive.org/web/20191018060901/https://bufsimrishamn.wordpress.com/2014/11/30/ingela-ekdahl-johansson-prisad-for-sitt-arbete-med-barnlitteratur/
http://bufsimrishamn.wordpress.com/2014/12/16/simrishamns-kommun-ligger-i-framkant-i-arbetet-med-fns-barnkonvention/,post_like,20160407024730,20191212141717,4,20191212141717,https://bufsimrishamn.wordpress.com/2014/12/16/simrishamns-kommun-ligger-i-framkant-i-arbetet-med-fns-barnkonvention/,200,text/html,https://web.archive.org/web/20191212141717/https://bufsimrishamn.wordpress.com/2014/12/16/simrishamns-kommun-ligger-i-framkant-i-arbetet-med-fns-barnkonvention/
http://bufsimrishamn.wordpress.com/2015/01/30/kulturskolan-i-nya-lokaler/,post_like,20160706100032,20160706100032,1,20160706100032,https://bufsimrishamn.wordpress.com/2015/01/30/kulturskolan-i-nya-lokaler/,200,text/html,https://web.archive.org/web/20160706100032/https://bufsimrishamn.wordpress.com/2015/01/30/kulturskolan-i-nya-lokaler/
http://bufsimrishamn.wordpress.com/2015/02/19/kurser-for-foraldrar-som-vill-samarbeta-med-sina-barn/,post_like,20160820130700,20190822055626,3,20190822055626,https://bufsimrishamn.wordpress.com/2015/02/19/kurser-for-foraldrar-som-vill-samarbeta-med-sina-barn/,200,text/html,https://web.archive.org/web/20190822055626/https://bufsimrishamn.wordpress.com/2015/02/19/kurser-for-foraldrar-som-vill-samarbeta-med-sina-barn/
http://bufsimrishamn.wordpress.com/2015/02/20/nova-academy-overtraffar-forvantningarna/,post_like,20160818194514,20160818194514,1,20160818194514,https://bufsimrishamn.wordpress.com/2015/02/20/nova-academy-overtraffar-forvantningarna/,200,text/html,https://web.archive.org/web/20160818194514/https://bufsimrishamn.wordpress.com/2015/02/20/nova-academy-overtraffar-forvantningarna/
http://bufsimrishamn.wordpress.com/2015/03/18/datainspektionen-godkanner-avtalet-mellan-utbildningsnamnden-i-simrishamns-kommun-och-google/,post_like,20160915005435,20201021013340,6,20201021013340,https://bufsimrishamn.wordpress.com/2015/03/18/datainspektionen-godkanner-avtalet-mellan-utbildningsnamnden-i-simrishamns-kommun-och-google/,200,text/html,https://web.archive.org/web/20201021013340/https://bufsimrishamn.wordpress.com/2015/03/18/datainspektionen-godkanner-avtalet-mellan-utbildningsnamnden-i-simrishamns-kommun-och-google/
http://bufsimrishamn.wordpress.com/2015/03/20/alla-barn-under-ett-tak-i-kivik/,post_like,20161003043218,20161003043218,1,20161003043218,https://bufsimrishamn.wordpress.com/2015/03/20/alla-barn-under-ett-tak-i-kivik/,200,text/html,https://web.archive.org/web/20161003043218/https://bufsimrishamn.wordpress.com/2015/03/20/alla-barn-under-ett-tak-i-kivik/
http://bufsimrishamn.wordpress.com/2015/03/23/besok-pa-fritidshemmet-bombibitt-i-kivik/,post_like,20161002153938,20161002153938,1,20161002153938,https://bufsimrishamn.wordpress.com/2015/03/23/besok-pa-fritidshemmet-bombibitt-i-kivik/,200,text/html,https://web.archive.org/web/20161002153938/https://bufsimrishamn.wordpress.com/2015/03/23/besok-pa-fritidshemmet-bombibitt-i-kivik/
http://bufsimrishamn.wordpress.com/2015/03/31/hjalp-for-separerade-foraldrar-att-se-till-barnens-basta/,post_like,20161001215358,20190822044110,2,20190822044110,https://bufsimrishamn.wordpress.com/2015/03/31/hjalp-for-separerade-foraldrar-att-se-till-barnens-basta/,200,text/html,https://web.archive.org/web/20190822044110/https://bufsimrishamn.wordpress.com/2015/03/31/hjalp-for-separerade-foraldrar-att-se-till-barnens-basta/
http://bufsimrishamn.wordpress.com/2015/04/07/skolkommun-med-livskvalitet-pa-osterlen/,post_like,20161007090754,20161007090754,1,20161007090754,https://bufsimrishamn.wordpress.com/2015/04/07/skolkommun-med-livskvalitet-pa-osterlen/,200,text/html,https://web.archive.org/web/20161007090754/https://bufsimrishamn.wordpress.com/2015/04/07/skolkommun-med-livskvalitet-pa-osterlen/
http://bufsimrishamn.wordpress.com/2015/04/15/barngruppen-blavinge-for-barn-som-har-det-svart-hemma/,post_like,20161009220108,20190822055041,3,20190822055041,https://bufsimrishamn.wordpress.com/2015/04/15/barngruppen-blavinge-for-barn-som-har-det-svart-hemma/,200,text/html,https://web.archive.org/web/20190822055041/https://bufsimrishamn.wordpress.com/2015/04/15/barngruppen-blavinge-for-barn-som-har-det-svart-hemma/
http://bufsimrishamn.wordpress.com/2015/04/22/nova-academy-en-modern-gymnasieskola-med-eleven-i-centrum/,post_like,20161011003747,20190825141322,2,20190825141322,https://bufsimrishamn.wordpress.com/2015/04/22/nova-academy-en-modern-gymnasieskola-med-eleven-i-centrum/,200,text/html,https://web.archive.org/web/20190825141322/https://bufsimrishamn.wordpress.com/2015/04/22/nova-academy-en-modern-gymnasieskola-med-eleven-i-centrum/
http://bufsimrishamn.wordpress.com/2015/05/04/simrishamn-en-skolkommun-pa-stadig-vag-uppat/,post_like,20160422223113,20160425135142,2,20160425135142,https://bufsimrishamn.wordpress.com/2015/05/04/simrishamn-en-skolkommun-pa-stadig-vag-uppat/,200,text/html,https://web.archive.org/web/20160425135142/https://bufsimrishamn.wordpress.com/2015/05/04/simrishamn-en-skolkommun-pa-stadig-vag-uppat/
http://bufsimrishamn.wordpress.com/2015/05/06/larlingsutbildningarna-pa-osterlengymnasiet-leder-ofta-till-jobb/,post_like,20160601112446,20191116205255,3,20191116205255,https://bufsimrishamn.wordpress.com/2015/05/06/larlingsutbildningarna-pa-osterlengymnasiet-leder-ofta-till-jobb/,200,text/html,https://web.archive.org/web/20191116205255/https://bufsimrishamn.wordpress.com/2015/05/06/larlingsutbildningarna-pa-osterlengymnasiet-leder-ofta-till-jobb/
http://bufsimrishamn.wordpress.com/2015/05/10/osterlengymnasiets-larlingselever-imponerar-del-1-av-2/,post_like,20160621141657,20160621141657,1,20160621141657,https://bufsimrishamn.wordpress.com/2015/05/10/osterlengymnasiets-larlingselever-imponerar-del-1-av-2/,200,text/html,https://web.archive.org/web/20160621141657/https://bufsimrishamn.wordpress.com/2015/05/10/osterlengymnasiets-larlingselever-imponerar-del-1-av-2/
http://bufsimrishamn.wordpress.com/2015/05/14/osterlengymnasiets-larlingselever-imponerar-del-2-av-2/,post_like,20160623142519,20190822055207,4,20190822055207,https://bufsimrishamn.wordpress.com/2015/05/14/osterlengymnasiets-larlingselever-imponerar-del-2-av-2/,200,text/html,https://web.archive.org/web/20190822055207/https://bufsimrishamn.wordpress.com/2015/05/14/osterlengymnasiets-larlingselever-imponerar-del-2-av-2/
http://bufsimrishamn.wordpress.com/2015/05/19/simrishamns-kommun-vann-arets-it-projekt-2015/,post_like,20160708232604,20170324213452,4,20170324213452,https://bufsimrishamn.wordpress.com/2015/05/19/simrishamns-kommun-vann-arets-it-projekt-2015/,200,text/html,https://web.archive.org/web/20170324213452/https://bufsimrishamn.wordpress.com/2015/05/19/simrishamns-kommun-vann-arets-it-projekt-2015/
http://bufsimrishamn.wordpress.com/2015/06/05/simrishamn-ar-skanes-basta-kulturskolekommun-2015/,post_like,20170707040122,20190919184844,2,20190919184844,https://bufsimrishamn.wordpress.com/2015/06/05/simrishamn-ar-skanes-basta-kulturskolekommun-2015/,200,text/html,https://web.archive.org/web/20190919184844/https://bufsimrishamn.wordpress.com/2015/06/05/simrishamn-ar-skanes-basta-kulturskolekommun-2015/
http://bufsimrishamn.wordpress.com/2015/08/10/foraldrautbildningar-for-dig-som-vill-forbattra-relationen-till-dina-barn/,post_like,20170325032914,20190919193519,3,20190919193519,https://bufsimrishamn.wordpress.com/2015/08/10/foraldrautbildningar-for-dig-som-vill-forbattra-relationen-till-dina-barn/,200,text/html,https://web.archive.org/web/20190919193519/https://bufsimrishamn.wordpress.com/2015/08/10/foraldrautbildningar-for-dig-som-vill-forbattra-relationen-till-dina-barn/
http://bufsimrishamn.wordpress.com/2015/10/08/skolkorer-fran-simrishamns-kommun-sjunger-for-mangfald-och-tolerans/,post_like,20190825134137,20190825134137,1,20190825134137,https://bufsimrishamn.wordpress.com/2015/10/08/skolkorer-fran-simrishamns-kommun-sjunger-for-mangfald-och-tolerans/,200,text/html,https://web.archive.org/web/20190825134137/https://bufsimrishamn.wordpress.com/2015/10/08/skolkorer-fran-simrishamns-kommun-sjunger-for-mangfald-och-tolerans/
http://bufsimrishamn.wordpress.com/2015/10/13/simrishamn-pa-plats-15-av-sveriges-basta-skolkommuner/,post_like,20190720141338,20191116215743,2,20191116215743,https://bufsimrishamn.wordpress.com/2015/10/13/simrishamn-pa-plats-15-av-sveriges-basta-skolkommuner/,200,text/html,https://web.archive.org/web/20191116215743/https://bufsimrishamn.wordpress.com/2015/10/13/simrishamn-pa-plats-15-av-sveriges-basta-skolkommuner/
http://bufsimrishamn.wordpress.com/2015/11/05/barnkonsekvensanalyser-hjalper-oss-att-satta-barnen-i-centrum/,post_like,20170325033451,20190822054232,2,20190822054232,https://bufsimrishamn.wordpress.com/2015/11/05/barnkonsekvensanalyser-hjalper-oss-att-satta-barnen-i-centrum/,200,text/html,https://web.archive.org/web/20190822054232/https://bufsimrishamn.wordpress.com/2015/11/05/barnkonsekvensanalyser-hjalper-oss-att-satta-barnen-i-centrum/
http://bufsimrishamn.wordpress.com/2015/11/12/kommunpartner-till-sett-syd-i-malmo/,post_like,20190822055653,20190822055653,1,20190822055653,https://bufsimrishamn.wordpress.com/2015/11/12/kommunpartner-till-sett-syd-i-malmo/,200,text/html,https://web.archive.org/web/20190822055653/https://bufsimrishamn.wordpress.com/2015/11/12/kommunpartner-till-sett-syd-i-malmo/
http://bufsimrishamn.wordpress.com/2015/12/11/kulturgarantin-firar-10-ar/,post_like,20170325033717,20191018060029,3,20191018060029,https://bufsimrishamn.wordpress.com/2015/12/11/kulturgarantin-firar-10-ar/,200,text/html,https://web.archive.org/web/20191018060029/https://bufsimrishamn.wordpress.com/2015/12/11/kulturgarantin-firar-10-ar/
http://bufsimrishamn.wordpress.com/2016/02/13/nara-samarbete-mellan-skola-och-socialtjanst-for-barnens-basta/,post_like,20170325032825,20190720142111,2,20190720142111,https://bufsimrishamn.wordpress.com/2016/02/13/nara-samarbete-mellan-skola-och-socialtjanst-for-barnens-basta/,200,text/html,https://web.archive.org/web/20190720142111/https://bufsimrishamn.wordpress.com/2016/02/13/nara-samarbete-mellan-skola-och-socialtjanst-for-barnens-basta/
http://bufsimrishamn.wordpress.com/2016/02/15/barn-och-unga-hors-och-syns-i-simrishamn/,post_like,20170324214450,20190822054028,2,20190822054028,https://bufsimrishamn.wordpress.com/2016/02/15/barn-och-unga-hors-och-syns-i-simrishamn/,200,text/html,https://web.archive.org/web/20190822054028/https://bufsimrishamn.wordpress.com/2016/02/15/barn-och-unga-hors-och-syns-i-simrishamn/
http://bufsimrishamn.wordpress.com/2016/04/15/simrishamn-forst-med-kulturgaranti-i-skolan/,post_like,20190720142229,20190919194021,2,20190919194021,https://bufsimrishamn.wordpress.com/2016/04/15/simrishamn-forst-med-kulturgaranti-i-skolan/,200,text/html,https://web.archive.org/web/20190919194021/https://bufsimrishamn.wordpress.com/2016/04/15/simrishamn-forst-med-kulturgaranti-i-skolan/
http://bufsimrishamn.wordpress.com/?openidserver=1,homepage,20131220104138,20170226115647,3,20170226115647,https://bufsimrishamn.wordpress.com/?openidserver=1,200,text/html,https://web.archive.org/web/20170226115647/https://bufsimrishamn.wordpress.com/?openidserver=1
http://bufsimrishamn.wordpress.com/?themes_on_signup_preview=1,homepage,20140311105725,20140311105725,1,20140311105725,http://bufsimrishamn.wordpress.com/?themes_on_signup_preview=1,200,text/html,https://web.archive.org/web/20140311105725/http://bufsimrishamn.wordpress.com/?themes_on_signup_preview=1
http://bufsimrishamn.wordpress.com/author/bufsimrishamn/,other,20131230135436,20191212130209,4,20191212130209,https://bufsimrishamn.wordpress.com/author/bufsimrishamn/,200,text/html,https://web.archive.org/web/20191212130209/https://bufsimrishamn.wordpress.com/author/bufsimrishamn/
http://bufsimrishamn.wordpress.com/author/bufsimrishamn/feed/,feed,20140312001551,20140312001551,1,20140312001551,http://bufsimrishamn.wordpress.com/author/bufsimrishamn/feed/,200,text/xml,https://web.archive.org/web/20140312001551/http://bufsimrishamn.wordpress.com/author/bufsimrishamn/feed/
http://bufsimrishamn.wordpress.com/comments/feed/,feed,20131220103111,20190209075413,7,20190209075413,https://bufsimrishamn.wordpress.com/comments/feed/,200,application/rss+xml,https://web.archive.org/web/20190209075413/https://bufsimrishamn.wordpress.com/comments/feed/
http://bufsimrishamn.wordpress.com/feed/,feed,20131220062603,20180806233449,7,20180806233449,https://bufsimrishamn.wordpress.com/feed/,200,application/rss+xml,https://web.archive.org/web/20180806233449/https://bufsimrishamn.wordpress.com/feed/
http://bufsimrishamn.wordpress.com/osd.xml,other,20131220084937,20180806223536,5,20180806223536,https://bufsimrishamn.wordpress.com/osd.xml,200,application/xml,https://web.archive.org/web/20180806223536/https://bufsimrishamn.wordpress.com/osd.xml
http://bufsimrishamn.wordpress.com/robots.txt,other,20130623170451,20190808165954,64,20190808165954,https://bufsimrishamn.wordpress.com/robots.txt,200,text/plain,https://web.archive.org/web/20190808165954/https://bufsimrishamn.wordpress.com/robots.txt
https://bufsimrishamn.wordpress.com/2013/04/17/barngruppen-blavinge/,post_like,20190822043545,20190822043545,1,20190822043545,https://bufsimrishamn.wordpress.com/2013/04/17/barngruppen-blavinge/,200,text/html,https://web.archive.org/web/20190822043545/https://bufsimrishamn.wordpress.com/2013/04/17/barngruppen-blavinge/
https://bufsimrishamn.wordpress.com/2014/01/,other,20170324214644,20191212141947,3,20191212141947,https://bufsimrishamn.wordpress.com/2014/01/,200,text/html,https://web.archive.org/web/20191212141947/https://bufsimrishamn.wordpress.com/2014/01/
https://bufsimrishamn.wordpress.com/2014/02/,other,20170325035527,20190919192058,3,20190919192058,https://bufsimrishamn.wordpress.com/2014/02/,200,text/html,https://web.archive.org/web/20190919192058/https://bufsimrishamn.wordpress.com/2014/02/
https://bufsimrishamn.wordpress.com/2014/03/,other,20170325033431,20191018063953,3,20191018063953,https://bufsimrishamn.wordpress.com/2014/03/,200,text/html,https://web.archive.org/web/20191018063953/https://bufsimrishamn.wordpress.com/2014/03/
https://bufsimrishamn.wordpress.com/2014/04/,other,20170325033515,20191018062743,3,20191018062743,https://bufsimrishamn.wordpress.com/2014/04/,200,text/html,https://web.archive.org/web/20191018062743/https://bufsimrishamn.wordpress.com/2014/04/
https://bufsimrishamn.wordpress.com/2014/05/,other,20170325035550,20191212132559,3,20191212132559,https://bufsimrishamn.wordpress.com/2014/05/,200,text/html,https://web.archive.org/web/20191212132559/https://bufsimrishamn.wordpress.com/2014/05/
https://bufsimrishamn.wordpress.com/2014/06/,other,20170324212849,20191212131418,3,20191212131418,https://bufsimrishamn.wordpress.com/2014/06/,200,text/html,https://web.archive.org/web/20191212131418/https://bufsimrishamn.wordpress.com/2014/06/
https://bufsimrishamn.wordpress.com/2014/08/,other,20170324212840,20191018060018,3,20191018060018,https://bufsimrishamn.wordpress.com/2014/08/,200,text/html,https://web.archive.org/web/20191018060018/https://bufsimrishamn.wordpress.com/2014/08/
https://bufsimrishamn.wordpress.com/2014/09/,other,20170324214531,20191212144137,3,20191212144137,https://bufsimrishamn.wordpress.com/2014/09/,200,text/html,https://web.archive.org/web/20191212144137/https://bufsimrishamn.wordpress.com/2014/09/
https://bufsimrishamn.wordpress.com/2014/10/,other,20170325023031,20191212143727,3,20191212143727,https://bufsimrishamn.wordpress.com/2014/10/,200,text/html,https://web.archive.org/web/20191212143727/https://bufsimrishamn.wordpress.com/2014/10/
https://bufsimrishamn.wordpress.com/2014/10/20/mer-rorelse-for-hogre-maluppfyllelse/feed/,feed,20170525061236,20170525061236,1,20170525061236,https://bufsimrishamn.wordpress.com/2014/10/20/mer-rorelse-for-hogre-maluppfyllelse/feed/,200,application/rss+xml,https://web.archive.org/web/20170525061236/https://bufsimrishamn.wordpress.com/2014/10/20/mer-rorelse-for-hogre-maluppfyllelse/feed/
https://bufsimrishamn.wordpress.com/2014/10/24/nu-startar-bygget-av-osterlens-naturskola/feed/,feed,20170527054325,20170527054325,1,20170527054325,https://bufsimrishamn.wordpress.com/2014/10/24/nu-startar-bygget-av-osterlens-naturskola/feed/,200,application/rss+xml,https://web.archive.org/web/20170527054325/https://bufsimrishamn.wordpress.com/2014/10/24/nu-startar-bygget-av-osterlens-naturskola/feed/
https://bufsimrishamn.wordpress.com/2014/11/,other,20170325035611,20191018070725,3,20191018070725,https://bufsimrishamn.wordpress.com/2014/11/,200,text/html,https://web.archive.org/web/20191018070725/https://bufsimrishamn.wordpress.com/2014/11/
https://bufsimrishamn.wordpress.com/2014/11/19/motiverade-elever-pa-fotbollsakademin/dsc_0689/,other,20190822044124,20190822044124,1,20190822044124,https://bufsimrishamn.wordpress.com/2014/11/19/motiverade-elever-pa-fotbollsakademin/dsc_0689/,200,text/html,https://web.archive.org/web/20190822044124/https://bufsimrishamn.wordpress.com/2014/11/19/motiverade-elever-pa-fotbollsakademin/dsc_0689/
https://bufsimrishamn.wordpress.com/2014/12/,other,20170324212912,20191212141016,3,20191212141016,https://bufsimrishamn.wordpress.com/2014/12/,200,text/html,https://web.archive.org/web/20191212141016/https://bufsimrishamn.wordpress.com/2014/12/
https://bufsimrishamn.wordpress.com/2014/12/16/simrishamns-kommun-ligger-i-framkant-i-arbetet-med-fns-barnkonvention/dsc_1249/,other,20170324212626,20190720132947,2,20190720132947,https://bufsimrishamn.wordpress.com/2014/12/16/simrishamns-kommun-ligger-i-framkant-i-arbetet-med-fns-barnkonvention/dsc_1249/,200,text/html,https://web.archive.org/web/20190720132947/https://bufsimrishamn.wordpress.com/2014/12/16/simrishamns-kommun-ligger-i-framkant-i-arbetet-med-fns-barnkonvention/dsc_1249/
https://bufsimrishamn.wordpress.com/2015/01/,other,20170324170034,20191018060035,3,20191018060035,https://bufsimrishamn.wordpress.com/2015/01/,200,text/html,https://web.archive.org/web/20191018060035/https://bufsimrishamn.wordpress.com/2015/01/
https://bufsimrishamn.wordpress.com/2015/02/,other,20170325035618,20191212130204,3,20191212130204,https://bufsimrishamn.wordpress.com/2015/02/,200,text/html,https://web.archive.org/web/20191212130204/https://bufsimrishamn.wordpress.com/2015/02/
https://bufsimrishamn.wordpress.com/2015/03/,other,20170324225655,20191018072046,3,20191018072046,https://bufsimrishamn.wordpress.com/2015/03/,200,text/html,https://web.archive.org/web/20191018072046/https://bufsimrishamn.wordpress.com/2015/03/
https://bufsimrishamn.wordpress.com/2015/04/,other,20170325032838,20190919193251,3,20190919193251,https://bufsimrishamn.wordpress.com/2015/04/,200,text/html,https://web.archive.org/web/20190919193251/https://bufsimrishamn.wordpress.com/2015/04/
https://bufsimrishamn.wordpress.com/2015/04/15/barngruppen-blavinge-for-barn-som-har-det-svart-hemma/dsc_0010/,other,20170324214510,20170324214510,1,20170324214510,https://bufsimrishamn.wordpress.com/2015/04/15/barngruppen-blavinge-for-barn-som-har-det-svart-hemma/dsc_0010/,200,text/html,https://web.archive.org/web/20170324214510/https://bufsimrishamn.wordpress.com/2015/04/15/barngruppen-blavinge-for-barn-som-har-det-svart-hemma/dsc_0010/
https://bufsimrishamn.wordpress.com/2015/04/15/barngruppen-blavinge-for-barn-som-har-det-svart-hemma/dsc_0014/,other,20170325024545,20170325024545,1,20170325024545,https://bufsimrishamn.wordpress.com/2015/04/15/barngruppen-blavinge-for-barn-som-har-det-svart-hemma/dsc_0014/,200,text/html,https://web.archive.org/web/20170325024545/https://bufsimrishamn.wordpress.com/2015/04/15/barngruppen-blavinge-for-barn-som-har-det-svart-hemma/dsc_0014/
https://bufsimrishamn.wordpress.com/2015/04/15/barngruppen-blavinge-for-barn-som-har-det-svart-hemma/dsc_0021/,other,20170324220904,20170324220904,1,20170324220904,https://bufsimrishamn.wordpress.com/2015/04/15/barngruppen-blavinge-for-barn-som-har-det-svart-hemma/dsc_0021/,200,text/html,https://web.archive.org/web/20170324220904/https://bufsimrishamn.wordpress.com/2015/04/15/barngruppen-blavinge-for-barn-som-har-det-svart-hemma/dsc_0021/
https://bufsimrishamn.wordpress.com/2015/04/15/barngruppen-blavinge-for-barn-som-har-det-svart-hemma/dsc_0023/,other,20170324212854,20170324212854,1,20170324212854,https://bufsimrishamn.wordpress.com/2015/04/15/barngruppen-blavinge-for-barn-som-har-det-svart-hemma/dsc_0023/,200,text/html,https://web.archive.org/web/20170324212854/https://bufsimrishamn.wordpress.com/2015/04/15/barngruppen-blavinge-for-barn-som-har-det-svart-hemma/dsc_0023/
https://bufsimrishamn.wordpress.com/2015/04/15/barngruppen-blavinge-for-barn-som-har-det-svart-hemma/dsc_0025/,other,20170324214528,20170324214528,1,20170324214528,https://bufsimrishamn.wordpress.com/2015/04/15/barngruppen-blavinge-for-barn-som-har-det-svart-hemma/dsc_0025/,200,text/html,https://web.archive.org/web/20170324214528/https://bufsimrishamn.wordpress.com/2015/04/15/barngruppen-blavinge-for-barn-som-har-det-svart-hemma/dsc_0025/
https://bufsimrishamn.wordpress.com/2015/04/15/barngruppen-blavinge-for-barn-som-har-det-svart-hemma/dsc_0032/,other,20170325032843,20170325032843,1,20170325032843,https://bufsimrishamn.wordpress.com/2015/04/15/barngruppen-blavinge-for-barn-som-har-det-svart-hemma/dsc_0032/,200,text/html,https://web.archive.org/web/20170325032843/https://bufsimrishamn.wordpress.com/2015/04/15/barngruppen-blavinge-for-barn-som-har-det-svart-hemma/dsc_0032/
https://bufsimrishamn.wordpress.com/2015/05/,other,20170325034156,20191018065457,3,20191018065457,https://bufsimrishamn.wordpress.com/2015/05/,200,text/html,https://web.archive.org/web/20191018065457/https://bufsimrishamn.wordpress.com/2015/05/
https://bufsimrishamn.wordpress.com/2015/05/14/osterlengymnasiets-larlingselever-imponerar-del-2-av-2/etg_logo/,other,20190822043616,20190822043616,1,20190822043616,https://bufsimrishamn.wordpress.com/2015/05/14/osterlengymnasiets-larlingselever-imponerar-del-2-av-2/etg_logo/,200,text/html,https://web.archive.org/web/20190822043616/https://bufsimrishamn.wordpress.com/2015/05/14/osterlengymnasiets-larlingselever-imponerar-del-2-av-2/etg_logo/
https://bufsimrishamn.wordpress.com/2015/06/,other,20170324164340,20191018064255,3,20191018064255,https://bufsimrishamn.wordpress.com/2015/06/,200,text/html,https://web.archive.org/web/20191018064255/https://bufsimrishamn.wordpress.com/2015/06/
https://bufsimrishamn.wordpress.com/2015/08/,other,20170324212716,20191212132910,3,20191212132910,https://bufsimrishamn.wordpress.com/2015/08/,200,text/html,https://web.archive.org/web/20191212132910/https://bufsimrishamn.wordpress.com/2015/08/
https://bufsimrishamn.wordpress.com/2015/09/,other,20170324212631,20191212131721,3,20191212131721,https://bufsimrishamn.wordpress.com/2015/09/,200,text/html,https://web.archive.org/web/20191212131721/https://bufsimrishamn.wordpress.com/2015/09/
https://bufsimrishamn.wordpress.com/2015/10/,other,20170325001744,20191018060426,3,20191018060426,https://bufsimrishamn.wordpress.com/2015/10/,200,text/html,https://web.archive.org/web/20191018060426/https://bufsimrishamn.wordpress.com/2015/10/
https://bufsimrishamn.wordpress.com/2015/11/,other,20170325033504,20191018060103,3,20191018060103,https://bufsimrishamn.wordpress.com/2015/11/,200,text/html,https://web.archive.org/web/20191018060103/https://bufsimrishamn.wordpress.com/2015/11/
https://bufsimrishamn.wordpress.com/2015/12/,other,20170324152018,20191212130235,3,20191212130235,https://bufsimrishamn.wordpress.com/2015/12/,200,text/html,https://web.archive.org/web/20191212130235/https://bufsimrishamn.wordpress.com/2015/12/
https://bufsimrishamn.wordpress.com/2015/12/11/kulturgarantin-firar-10-ar/barns-ratt-till-kultur/,other,20170325035624,20190822050609,2,20190822050609,https://bufsimrishamn.wordpress.com/2015/12/11/kulturgarantin-firar-10-ar/barns-ratt-till-kultur/,200,text/html,https://web.archive.org/web/20190822050609/https://bufsimrishamn.wordpress.com/2015/12/11/kulturgarantin-firar-10-ar/barns-ratt-till-kultur/
https://bufsimrishamn.wordpress.com/2015/12/11/kulturgarantin-firar-10-ar/kulturgaranti/,other,20190822043933,20190822043933,1,20190822043933,https://bufsimrishamn.wordpress.com/2015/12/11/kulturgarantin-firar-10-ar/kulturgaranti/,200,text/html,https://web.archive.org/web/20190822043933/https://bufsimrishamn.wordpress.com/2015/12/11/kulturgarantin-firar-10-ar/kulturgaranti/
https://bufsimrishamn.wordpress.com/2016/01/,other,20170325032852,20191212133810,3,20191212133810,https://bufsimrishamn.wordpress.com/2016/01/,200,text/html,https://web.archive.org/web/20191212133810/https://bufsimrishamn.wordpress.com/2016/01/
https://bufsimrishamn.wordpress.com/2016/02/,other,20170324171357,20191018061521,3,20191018061521,https://bufsimrishamn.wordpress.com/2016/02/,200,text/html,https://web.archive.org/web/20191018061521/https://bufsimrishamn.wordpress.com/2016/02/
https://bufsimrishamn.wordpress.com/2016/02/09/skolinspektionen-besoker-simrishamns-kommun/loggavanster/,other,20190822055919,20190822055919,1,20190822055919,https://bufsimrishamn.wordpress.com/2016/02/09/skolinspektionen-besoker-simrishamns-kommun/loggavanster/,200,text/html,https://web.archive.org/web/20190822055919/https://bufsimrishamn.wordpress.com/2016/02/09/skolinspektionen-besoker-simrishamns-kommun/loggavanster/
https://bufsimrishamn.wordpress.com/2016/02/17/vad-hander-pa-nova-academy-just-nu/,post_like,20160921082643,20160921082643,1,20160921082643,https://bufsimrishamn.wordpress.com/2016/02/17/vad-hander-pa-nova-academy-just-nu/,200,text/html,https://web.archive.org/web/20160921082643/https://bufsimrishamn.wordpress.com/2016/02/17/vad-hander-pa-nova-academy-just-nu/
https://bufsimrishamn.wordpress.com/2016/02/17/vad-hander-pa-nova-academy-just-nu/amp/,other,20160922163025,20160922163025,1,20160922163025,https://bufsimrishamn.wordpress.com/2016/02/17/vad-hander-pa-nova-academy-just-nu/amp/,200,text/html,https://web.archive.org/web/20160922163025/https://bufsimrishamn.wordpress.com/2016/02/17/vad-hander-pa-nova-academy-just-nu/amp/
https://bufsimrishamn.wordpress.com/2016/03/,other,20170324214552,20191018060412,3,20191018060412,https://bufsimrishamn.wordpress.com/2016/03/,200,text/html,https://web.archive.org/web/20191018060412/https://bufsimrishamn.wordpress.com/2016/03/
https://bufsimrishamn.wordpress.com/2016/03/14/simrishamns-kommun-nominerad-till-guldtrappan/,post_like,20160916151557,20170325014535,2,20170325014535,https://bufsimrishamn.wordpress.com/2016/03/14/simrishamns-kommun-nominerad-till-guldtrappan/,200,text/html,https://web.archive.org/web/20170325014535/https://bufsimrishamn.wordpress.com/2016/03/14/simrishamns-kommun-nominerad-till-guldtrappan/
https://bufsimrishamn.wordpress.com/2016/03/14/simrishamns-kommun-nominerad-till-guldtrappan/amp/,other,20160921023140,20160921023140,1,20160921023140,https://bufsimrishamn.wordpress.com/2016/03/14/simrishamns-kommun-nominerad-till-guldtrappan/amp/,200,text/html,https://web.archive.org/web/20160921023140/https://bufsimrishamn.wordpress.com/2016/03/14/simrishamns-kommun-nominerad-till-guldtrappan/amp/
https://bufsimrishamn.wordpress.com/2016/03/14/simrishamns-kommun-nominerad-till-guldtrappan/feed/,feed,20160921083641,20160921083641,1,20160921083641,https://bufsimrishamn.wordpress.com/2016/03/14/simrishamns-kommun-nominerad-till-guldtrappan/feed/,200,application/rss+xml,https://web.archive.org/web/20160921083641/https://bufsimrishamn.wordpress.com/2016/03/14/simrishamns-kommun-nominerad-till-guldtrappan/feed/
https://bufsimrishamn.wordpress.com/2016/03/14/simrishamns-kommun-nominerad-till-guldtrappan/guldtrappan/,other,20170325035636,20170325035636,1,20170325035636,https://bufsimrishamn.wordpress.com/2016/03/14/simrishamns-kommun-nominerad-till-guldtrappan/guldtrappan/,200,text/html,https://web.archive.org/web/20170325035636/https://bufsimrishamn.wordpress.com/2016/03/14/simrishamns-kommun-nominerad-till-guldtrappan/guldtrappan/
https://bufsimrishamn.wordpress.com/2016/04/,other,20170324214522,20191018060057,3,20191018060057,https://bufsimrishamn.wordpress.com/2016/04/,200,text/html,https://web.archive.org/web/20191018060057/https://bufsimrishamn.wordpress.com/2016/04/
https://bufsimrishamn.wordpress.com/2016/04/05/vad-hander-pa-osterlengymnasiet-just-nu/,post_like,20160921082648,20160921082648,1,20160921082648,https://bufsimrishamn.wordpress.com/2016/04/05/vad-hander-pa-osterlengymnasiet-just-nu/,200,text/html,https://web.archive.org/web/20160921082648/https://bufsimrishamn.wordpress.com/2016/04/05/vad-hander-pa-osterlengymnasiet-just-nu/
https://bufsimrishamn.wordpress.com/2016/04/05/vad-hander-pa-osterlengymnasiet-just-nu/amp/,other,20160922101943,20160922101943,1,20160922101943,https://bufsimrishamn.wordpress.com/2016/04/05/vad-hander-pa-osterlengymnasiet-just-nu/amp/,200,text/html,https://web.archive.org/web/20160922101943/https://bufsimrishamn.wordpress.com/2016/04/05/vad-hander-pa-osterlengymnasiet-just-nu/amp/
https://bufsimrishamn.wordpress.com/2016/04/05/vad-hander-pa-osterlengymnasiet-just-nu/feed/,feed,20160922102942,20160922102942,1,20160922102942,https://bufsimrishamn.wordpress.com/2016/04/05/vad-hander-pa-osterlengymnasiet-just-nu/feed/,200,application/rss+xml,https://web.archive.org/web/20160922102942/https://bufsimrishamn.wordpress.com/2016/04/05/vad-hander-pa-osterlengymnasiet-just-nu/feed/
https://bufsimrishamn.wordpress.com/2016/04/14/stor-efterfragan-pa-larlingar-inom-restaurangnaringen/,post_like,20160922103742,20170210064406,2,20170210064406,https://bufsimrishamn.wordpress.com/2016/04/14/stor-efterfragan-pa-larlingar-inom-restaurangnaringen/,200,text/html,https://web.archive.org/web/20170210064406/https://bufsimrishamn.wordpress.com/2016/04/14/stor-efterfragan-pa-larlingar-inom-restaurangnaringen/
https://bufsimrishamn.wordpress.com/2016/04/17/osterlengymnasiet-erbjuder-etg-utbildning-for-blivande-elektriker/,post_like,20170208173018,20170208173018,1,20170208173018,https://bufsimrishamn.wordpress.com/2016/04/17/osterlengymnasiet-erbjuder-etg-utbildning-for-blivande-elektriker/,200,text/html,https://web.archive.org/web/20170208173018/https://bufsimrishamn.wordpress.com/2016/04/17/osterlengymnasiet-erbjuder-etg-utbildning-for-blivande-elektriker/
https://bufsimrishamn.wordpress.com/2016/04/17/osterlengymnasiet-erbjuder-etg-utbildning-for-blivande-elektriker/elprogrammet-med-etg-kristers-elever-vt2016-15/,other,20190822043554,20190822043554,1,20190822043554,https://bufsimrishamn.wordpress.com/2016/04/17/osterlengymnasiet-erbjuder-etg-utbildning-for-blivande-elektriker/elprogrammet-med-etg-kristers-elever-vt2016-15/,200,text/html,https://web.archive.org/web/20190822043554/https://bufsimrishamn.wordpress.com/2016/04/17/osterlengymnasiet-erbjuder-etg-utbildning-for-blivande-elektriker/elprogrammet-med-etg-kristers-elever-vt2016-15/
https://bufsimrishamn.wordpress.com/2016/04/17/osterlengymnasiet-erbjuder-etg-utbildning-for-blivande-elektriker/elprogrammet-med-etg-kristers-elever-vt2016-19/,other,20190822045230,20190822045230,1,20190822045230,https://bufsimrishamn.wordpress.com/2016/04/17/osterlengymnasiet-erbjuder-etg-utbildning-for-blivande-elektriker/elprogrammet-med-etg-kristers-elever-vt2016-19/,200,text/html,https://web.archive.org/web/20190822045230/https://bufsimrishamn.wordpress.com/2016/04/17/osterlengymnasiet-erbjuder-etg-utbildning-for-blivande-elektriker/elprogrammet-med-etg-kristers-elever-vt2016-19/
https://bufsimrishamn.wordpress.com/2016/04/17/osterlengymnasiet-erbjuder-etg-utbildning-for-blivande-elektriker/elprogrammet-med-etg-kristers-elever-vt2016-4/,other,20190822045245,20190822045245,1,20190822045245,https://bufsimrishamn.wordpress.com/2016/04/17/osterlengymnasiet-erbjuder-etg-utbildning-for-blivande-elektriker/elprogrammet-med-etg-kristers-elever-vt2016-4/,200,text/html,https://web.archive.org/web/20190822045245/https://bufsimrishamn.wordpress.com/2016/04/17/osterlengymnasiet-erbjuder-etg-utbildning-for-blivande-elektriker/elprogrammet-med-etg-kristers-elever-vt2016-4/
https://bufsimrishamn.wordpress.com/2016/05/,other,20170324212711,20191212130230,3,20191212130230,https://bufsimrishamn.wordpress.com/2016/05/,200,text/html,https://web.archive.org/web/20191212130230/https://bufsimrishamn.wordpress.com/2016/05/
https://bufsimrishamn.wordpress.com/2016/05/03/simrishamns-skolor-klattrar-ytterligare-i-oppna-jamforelser/appelblom/,other,20190822043609,20190822043609,1,20190822043609,https://bufsimrishamn.wordpress.com/2016/05/03/simrishamns-skolor-klattrar-ytterligare-i-oppna-jamforelser/appelblom/,200,text/html,https://web.archive.org/web/20190822043609/https://bufsimrishamn.wordpress.com/2016/05/03/simrishamns-skolor-klattrar-ytterligare-i-oppna-jamforelser/appelblom/
https://bufsimrishamn.wordpress.com/2016/05/03/simrishamns-skolor-klattrar-ytterligare-i-oppna-jamforelser/oppna-jamforelser-2/,other,20190822051145,20190822051145,1,20190822051145,https://bufsimrishamn.wordpress.com/2016/05/03/simrishamns-skolor-klattrar-ytterligare-i-oppna-jamforelser/oppna-jamforelser-2/,200,text/html,https://web.archive.org/web/20190822051145/https://bufsimrishamn.wordpress.com/2016/05/03/simrishamns-skolor-klattrar-ytterligare-i-oppna-jamforelser/oppna-jamforelser-2/
https://bufsimrishamn.wordpress.com/2016/05/10/nova-acdemy-far-spetsutbildning/,post_like,20170324214538,20190822055833,2,20190822055833,https://bufsimrishamn.wordpress.com/2016/05/10/nova-acdemy-far-spetsutbildning/,200,text/html,https://web.archive.org/web/20190822055833/https://bufsimrishamn.wordpress.com/2016/05/10/nova-acdemy-far-spetsutbildning/
https://bufsimrishamn.wordpress.com/2016/05/10/nova-acdemy-far-spetsutbildning/eva-andreas-och-jeaninne/,other,20170324213127,20190822052704,2,20190822052704,https://bufsimrishamn.wordpress.com/2016/05/10/nova-acdemy-far-spetsutbildning/eva-andreas-och-jeaninne/,200,text/html,https://web.archive.org/web/20190822052704/https://bufsimrishamn.wordpress.com/2016/05/10/nova-acdemy-far-spetsutbildning/eva-andreas-och-jeaninne/
https://bufsimrishamn.wordpress.com/2016/05/10/nova-acdemy-far-spetsutbildning/sony-dsc/,other,20170325032831,20190822054449,2,20190822054449,https://bufsimrishamn.wordpress.com/2016/05/10/nova-acdemy-far-spetsutbildning/sony-dsc/,200,text/html,https://web.archive.org/web/20190822054449/https://bufsimrishamn.wordpress.com/2016/05/10/nova-acdemy-far-spetsutbildning/sony-dsc/
https://bufsimrishamn.wordpress.com/2016/05/12/barn-berattar-hur-de-vill-paverka-skola-och-fritids/,post_like,20170324164220,20190822045522,2,20190822045522,https://bufsimrishamn.wordpress.com/2016/05/12/barn-berattar-hur-de-vill-paverka-skola-och-fritids/,200,text/html,https://web.archive.org/web/20190822045522/https://bufsimrishamn.wordpress.com/2016/05/12/barn-berattar-hur-de-vill-paverka-skola-och-fritids/
https://bufsimrishamn.wordpress.com/2016/05/12/barn-berattar-hur-de-vill-paverka-skola-och-fritids/mal-ur-laroplan-for-podden1/,other,20170324214505,20190720133222,2,20190720133222,https://bufsimrishamn.wordpress.com/2016/05/12/barn-berattar-hur-de-vill-paverka-skola-och-fritids/mal-ur-laroplan-for-podden1/,200,text/html,https://web.archive.org/web/20190720133222/https://bufsimrishamn.wordpress.com/2016/05/12/barn-berattar-hur-de-vill-paverka-skola-och-fritids/mal-ur-laroplan-for-podden1/
https://bufsimrishamn.wordpress.com/2016/05/12/barn-berattar-hur-de-vill-paverka-skola-och-fritids/rbs-fem-grundstenar-2/,other,20170325014224,20190720134855,2,20190720134855,https://bufsimrishamn.wordpress.com/2016/05/12/barn-berattar-hur-de-vill-paverka-skola-och-fritids/rbs-fem-grundstenar-2/,200,text/html,https://web.archive.org/web/20190720134855/https://bufsimrishamn.wordpress.com/2016/05/12/barn-berattar-hur-de-vill-paverka-skola-och-fritids/rbs-fem-grundstenar-2/
https://bufsimrishamn.wordpress.com/2016/05/19/vattenfaglar-stalls-ut-pa-valfisken/,post_like,20170324175753,20190822052857,2,20190822052857,https://bufsimrishamn.wordpress.com/2016/05/19/vattenfaglar-stalls-ut-pa-valfisken/,200,text/html,https://web.archive.org/web/20190822052857/https://bufsimrishamn.wordpress.com/2016/05/19/vattenfaglar-stalls-ut-pa-valfisken/
https://bufsimrishamn.wordpress.com/2016/05/19/vattenfaglar-stalls-ut-pa-valfisken/faglar/,other,20170325032835,20190822050725,2,20190822050725,https://bufsimrishamn.wordpress.com/2016/05/19/vattenfaglar-stalls-ut-pa-valfisken/faglar/,200,text/html,https://web.archive.org/web/20190822050725/https://bufsimrishamn.wordpress.com/2016/05/19/vattenfaglar-stalls-ut-pa-valfisken/faglar/
https://bufsimrishamn.wordpress.com/2016/05/19/vattenfaglar-stalls-ut-pa-valfisken/tema-vatten-sarskolan-4/,other,20170324212608,20190822054552,2,20190822054552,https://bufsimrishamn.wordpress.com/2016/05/19/vattenfaglar-stalls-ut-pa-valfisken/tema-vatten-sarskolan-4/,200,text/html,https://web.archive.org/web/20190822054552/https://bufsimrishamn.wordpress.com/2016/05/19/vattenfaglar-stalls-ut-pa-valfisken/tema-vatten-sarskolan-4/
https://bufsimrishamn.wordpress.com/2016/05/28/barn-gor-ratt-om-de-kan/,post_like,20190822060416,20190822060416,1,20190822060416,https://bufsimrishamn.wordpress.com/2016/05/28/barn-gor-ratt-om-de-kan/,200,text/html,https://web.archive.org/web/20190822060416/https://bufsimrishamn.wordpress.com/2016/05/28/barn-gor-ratt-om-de-kan/
https://bufsimrishamn.wordpress.com/2016/05/28/barn-gor-ratt-om-de-kan/ross-greene-barn-gor-ratt-om-de-kan-1-1/,other,20190822045205,20190822045205,1,20190822045205,https://bufsimrishamn.wordpress.com/2016/05/28/barn-gor-ratt-om-de-kan/ross-greene-barn-gor-ratt-om-de-kan-1-1/,200,text/html,https://web.archive.org/web/20190822045205/https://bufsimrishamn.wordpress.com/2016/05/28/barn-gor-ratt-om-de-kan/ross-greene-barn-gor-ratt-om-de-kan-1-1/
https://bufsimrishamn.wordpress.com/2016/06/,other,20170325034303,20191212144046,3,20191212144046,https://bufsimrishamn.wordpress.com/2016/06/,200,text/html,https://web.archive.org/web/20191212144046/https://bufsimrishamn.wordpress.com/2016/06/
https://bufsimrishamn.wordpress.com/2016/06/05/simrishamn-ar-skanes-basta-kulturskolekommun-2016/,post_like,20170324151431,20170324151431,1,20170324151431,https://bufsimrishamn.wordpress.com/2016/06/05/simrishamn-ar-skanes-basta-kulturskolekommun-2016/,200,text/html,https://web.archive.org/web/20170324151431/https://bufsimrishamn.wordpress.com/2016/06/05/simrishamn-ar-skanes-basta-kulturskolekommun-2016/
https://bufsimrishamn.wordpress.com/2016/06/05/simrishamn-ar-skanes-basta-kulturskolekommun-2016/15759821564_8d6671ab96_z/,other,20170324214446,20170324214446,1,20170324214446,https://bufsimrishamn.wordpress.com/2016/06/05/simrishamn-ar-skanes-basta-kulturskolekommun-2016/15759821564_8d6671ab96_z/,200,text/html,https://web.archive.org/web/20170324214446/https://bufsimrishamn.wordpress.com/2016/06/05/simrishamn-ar-skanes-basta-kulturskolekommun-2016/15759821564_8d6671ab96_z/
https://bufsimrishamn.wordpress.com/2016/06/05/simrishamn-ar-skanes-basta-kulturskolekommun-2016/16381360022_96448aa651_m/,other,20170325014718,20170325014718,1,20170325014718,https://bufsimrishamn.wordpress.com/2016/06/05/simrishamn-ar-skanes-basta-kulturskolekommun-2016/16381360022_96448aa651_m/,200,text/html,https://web.archive.org/web/20170325014718/https://bufsimrishamn.wordpress.com/2016/06/05/simrishamn-ar-skanes-basta-kulturskolekommun-2016/16381360022_96448aa651_m/
https://bufsimrishamn.wordpress.com/2016/06/05/simrishamn-ar-skanes-basta-kulturskolekommun-2016/24696995562_ec8c63f245_m/,other,20170325035546,20170325035546,1,20170325035546,https://bufsimrishamn.wordpress.com/2016/06/05/simrishamn-ar-skanes-basta-kulturskolekommun-2016/24696995562_ec8c63f245_m/,200,text/html,https://web.archive.org/web/20170325035546/https://bufsimrishamn.wordpress.com/2016/06/05/simrishamn-ar-skanes-basta-kulturskolekommun-2016/24696995562_ec8c63f245_m/
https://bufsimrishamn.wordpress.com/2016/06/17/kompetensutveckling-inom-integration-och-kulturmoten/,post_like,20170324212709,20190822060136,2,20190822060136,https://bufsimrishamn.wordpress.com/2016/06/17/kompetensutveckling-inom-integration-och-kulturmoten/,200,text/html,https://web.archive.org/web/20190822060136/https://bufsimrishamn.wordpress.com/2016/06/17/kompetensutveckling-inom-integration-och-kulturmoten/
https://bufsimrishamn.wordpress.com/2016/06/17/kompetensutveckling-inom-integration-och-kulturmoten/integration-och-kulturmoten-13/,other,20170324212845,20190825140146,2,20190825140146,https://bufsimrishamn.wordpress.com/2016/06/17/kompetensutveckling-inom-integration-och-kulturmoten/integration-och-kulturmoten-13/,200,text/html,https://web.archive.org/web/20190825140146/https://bufsimrishamn.wordpress.com/2016/06/17/kompetensutveckling-inom-integration-och-kulturmoten/integration-och-kulturmoten-13/
https://bufsimrishamn.wordpress.com/2016/06/17/kompetensutveckling-inom-integration-och-kulturmoten/integration-och-kulturmoten-16/,other,20170325034136,20190822045540,2,20190822045540,https://bufsimrishamn.wordpress.com/2016/06/17/kompetensutveckling-inom-integration-och-kulturmoten/integration-och-kulturmoten-16/,200,text/html,https://web.archive.org/web/20190822045540/https://bufsimrishamn.wordpress.com/2016/06/17/kompetensutveckling-inom-integration-och-kulturmoten/integration-och-kulturmoten-16/
https://bufsimrishamn.wordpress.com/2016/06/17/kompetensutveckling-inom-integration-och-kulturmoten/integration-och-kulturmoten-2/,other,20170324212819,20190822043636,2,20190822043636,https://bufsimrishamn.wordpress.com/2016/06/17/kompetensutveckling-inom-integration-och-kulturmoten/integration-och-kulturmoten-2/,200,text/html,https://web.archive.org/web/20190822043636/https://bufsimrishamn.wordpress.com/2016/06/17/kompetensutveckling-inom-integration-och-kulturmoten/integration-och-kulturmoten-2/
https://bufsimrishamn.wordpress.com/2016/06/17/kompetensutveckling-inom-integration-och-kulturmoten/integration-och-kulturmoten-32/,other,20170324182114,20170324182114,1,20170324182114,https://bufsimrishamn.wordpress.com/2016/06/17/kompetensutveckling-inom-integration-och-kulturmoten/integration-och-kulturmoten-32/,200,text/html,https://web.archive.org/web/20170324182114/https://bufsimrishamn.wordpress.com/2016/06/17/kompetensutveckling-inom-integration-och-kulturmoten/integration-och-kulturmoten-32/
https://bufsimrishamn.wordpress.com/2016/06/17/kompetensutveckling-inom-integration-och-kulturmoten/integration-och-kulturmoten-49/,other,20170324212914,20170324212914,1,20170324212914,https://bufsimrishamn.wordpress.com/2016/06/17/kompetensutveckling-inom-integration-och-kulturmoten/integration-och-kulturmoten-49/,200,text/html,https://web.archive.org/web/20170324212914/https://bufsimrishamn.wordpress.com/2016/06/17/kompetensutveckling-inom-integration-och-kulturmoten/integration-och-kulturmoten-49/
https://bufsimrishamn.wordpress.com/2016/06/17/kompetensutveckling-inom-integration-och-kulturmoten/integration-och-kulturmoten-59/,other,20170325035559,20170325035559,1,20170325035559,https://bufsimrishamn.wordpress.com/2016/06/17/kompetensutveckling-inom-integration-och-kulturmoten/integration-och-kulturmoten-59/,200,text/html,https://web.archive.org/web/20170325035559/https://bufsimrishamn.wordpress.com/2016/06/17/kompetensutveckling-inom-integration-och-kulturmoten/integration-och-kulturmoten-59/
https://bufsimrishamn.wordpress.com/2016/06/17/kompetensutveckling-inom-integration-och-kulturmoten/integration-och-kulturmoten-6/,other,20170325034147,20190825140354,2,20190825140354,https://bufsimrishamn.wordpress.com/2016/06/17/kompetensutveckling-inom-integration-och-kulturmoten/integration-och-kulturmoten-6/,200,text/html,https://web.archive.org/web/20190825140354/https://bufsimrishamn.wordpress.com/2016/06/17/kompetensutveckling-inom-integration-och-kulturmoten/integration-och-kulturmoten-6/
https://bufsimrishamn.wordpress.com/2016/06/17/kompetensutveckling-inom-integration-och-kulturmoten/integration-och-kulturmoten-60/,other,20170324152105,20170324152105,1,20170324152105,https://bufsimrishamn.wordpress.com/2016/06/17/kompetensutveckling-inom-integration-och-kulturmoten/integration-och-kulturmoten-60/,200,text/html,https://web.archive.org/web/20170324152105/https://bufsimrishamn.wordpress.com/2016/06/17/kompetensutveckling-inom-integration-och-kulturmoten/integration-och-kulturmoten-60/
https://bufsimrishamn.wordpress.com/2016/06/17/kompetensutveckling-inom-integration-och-kulturmoten/integration-och-kulturmoten-75-2/,other,20190822043743,20190822043743,1,20190822043743,https://bufsimrishamn.wordpress.com/2016/06/17/kompetensutveckling-inom-integration-och-kulturmoten/integration-och-kulturmoten-75-2/,200,text/html,https://web.archive.org/web/20190822043743/https://bufsimrishamn.wordpress.com/2016/06/17/kompetensutveckling-inom-integration-och-kulturmoten/integration-och-kulturmoten-75-2/
https://bufsimrishamn.wordpress.com/2016/06/17/kompetensutveckling-inom-integration-och-kulturmoten/integration-och-kulturmoten-85/,other,20170324213032,20190822043529,2,20190822043529,https://bufsimrishamn.wordpress.com/2016/06/17/kompetensutveckling-inom-integration-och-kulturmoten/integration-och-kulturmoten-85/,200,text/html,https://web.archive.org/web/20190822043529/https://bufsimrishamn.wordpress.com/2016/06/17/kompetensutveckling-inom-integration-och-kulturmoten/integration-och-kulturmoten-85/
https://bufsimrishamn.wordpress.com/2016/06/17/kompetensutveckling-inom-integration-och-kulturmoten/integration-och-kulturmoten-86/,other,20170325033346,20190822052303,2,20190822052303,https://bufsimrishamn.wordpress.com/2016/06/17/kompetensutveckling-inom-integration-och-kulturmoten/integration-och-kulturmoten-86/,200,text/html,https://web.archive.org/web/20190822052303/https://bufsimrishamn.wordpress.com/2016/06/17/kompetensutveckling-inom-integration-och-kulturmoten/integration-och-kulturmoten-86/
https://bufsimrishamn.wordpress.com/2016/06/17/kompetensutveckling-inom-integration-och-kulturmoten/integration-och-kulturmoten-89/,other,20170325035602,20190822045115,2,20190822045115,https://bufsimrishamn.wordpress.com/2016/06/17/kompetensutveckling-inom-integration-och-kulturmoten/integration-och-kulturmoten-89/,200,text/html,https://web.archive.org/web/20190822045115/https://bufsimrishamn.wordpress.com/2016/06/17/kompetensutveckling-inom-integration-och-kulturmoten/integration-och-kulturmoten-89/
https://bufsimrishamn.wordpress.com/2016/06/22/simrishamns-kommun-har-fatt-utmarkelsen-guldtrappan/,post_like,20170325032819,20170325032819,1,20170325032819,https://bufsimrishamn.wordpress.com/2016/06/22/simrishamns-kommun-har-fatt-utmarkelsen-guldtrappan/,200,text/html,https://web.archive.org/web/20170325032819/https://bufsimrishamn.wordpress.com/2016/06/22/simrishamns-kommun-har-fatt-utmarkelsen-guldtrappan/
https://bufsimrishamn.wordpress.com/2016/07/,other,20170325033414,20191212142653,3,20191212142653,https://bufsimrishamn.wordpress.com/2016/07/,200,text/html,https://web.archive.org/web/20191212142653/https://bufsimrishamn.wordpress.com/2016/07/
https://bufsimrishamn.wordpress.com/2016/07/06/stor-nationell-satsning-pa-yrkesutbildningar/,post_like,20170325033728,20170325033728,1,20170325033728,https://bufsimrishamn.wordpress.com/2016/07/06/stor-nationell-satsning-pa-yrkesutbildningar/,200,text/html,https://web.archive.org/web/20170325033728/https://bufsimrishamn.wordpress.com/2016/07/06/stor-nationell-satsning-pa-yrkesutbildningar/
https://bufsimrishamn.wordpress.com/2016/07/06/stor-nationell-satsning-pa-yrkesutbildningar/tavling-i-att-styla-skyltdocka-1/,other,20170325033427,20170325033427,1,20170325033427,https://bufsimrishamn.wordpress.com/2016/07/06/stor-nationell-satsning-pa-yrkesutbildningar/tavling-i-att-styla-skyltdocka-1/,200,text/html,https://web.archive.org/web/20170325033427/https://bufsimrishamn.wordpress.com/2016/07/06/stor-nationell-satsning-pa-yrkesutbildningar/tavling-i-att-styla-skyltdocka-1/
https://bufsimrishamn.wordpress.com/2016/08/,other,20170325033338,20191018065759,3,20191018065759,https://bufsimrishamn.wordpress.com/2016/08/,200,text/html,https://web.archive.org/web/20191018065759/https://bufsimrishamn.wordpress.com/2016/08/
https://bufsimrishamn.wordpress.com/2016/08/23/atta-larare-nominerade-till-prestigefyllt-lararstipendium/,post_like,20170324164227,20170324164227,1,20170324164227,https://bufsimrishamn.wordpress.com/2016/08/23/atta-larare-nominerade-till-prestigefyllt-lararstipendium/,200,text/html,https://web.archive.org/web/20170324164227/https://bufsimrishamn.wordpress.com/2016/08/23/atta-larare-nominerade-till-prestigefyllt-lararstipendium/
https://bufsimrishamn.wordpress.com/2016/09/,other,20170325033446,20191212135956,3,20191212135956,https://bufsimrishamn.wordpress.com/2016/09/,200,text/html,https://web.archive.org/web/20191212135956/https://bufsimrishamn.wordpress.com/2016/09/
https://bufsimrishamn.wordpress.com/2016/09/05/barngruppen-blavinge-for-barn-som-har-det-svart-hemma-2/,post_like,20170226115611,20170226115611,1,20170226115611,https://bufsimrishamn.wordpress.com/2016/09/05/barngruppen-blavinge-for-barn-som-har-det-svart-hemma-2/,200,text/html,https://web.archive.org/web/20170226115611/https://bufsimrishamn.wordpress.com/2016/09/05/barngruppen-blavinge-for-barn-som-har-det-svart-hemma-2/
https://bufsimrishamn.wordpress.com/2016/09/21/ungdomar-coachas-till-att-fullfolja-studier-och-gora-yrkesval/,post_like,20161024102724,20190822045825,2,20190822045825,https://bufsimrishamn.wordpress.com/2016/09/21/ungdomar-coachas-till-att-fullfolja-studier-och-gora-yrkesval/,200,text/html,https://web.archive.org/web/20190822045825/https://bufsimrishamn.wordpress.com/2016/09/21/ungdomar-coachas-till-att-fullfolja-studier-och-gora-yrkesval/
https://bufsimrishamn.wordpress.com/2016/09/21/ungdomar-coachas-till-att-fullfolja-studier-och-gora-yrkesval/amp/,other,20170226051319,20170226051319,1,20170226051319,https://bufsimrishamn.wordpress.com/2016/09/21/ungdomar-coachas-till-att-fullfolja-studier-och-gora-yrkesval/amp/,200,text/html,https://web.archive.org/web/20170226051319/https://bufsimrishamn.wordpress.com/2016/09/21/ungdomar-coachas-till-att-fullfolja-studier-och-gora-yrkesval/amp/
https://bufsimrishamn.wordpress.com/2016/09/21/ungdomar-coachas-till-att-fullfolja-studier-och-gora-yrkesval/feed/,feed,20170226115809,20170226115809,1,20170226115809,https://bufsimrishamn.wordpress.com/2016/09/21/ungdomar-coachas-till-att-fullfolja-studier-och-gora-yrkesval/feed/,200,application/rss+xml,https://web.archive.org/web/20170226115809/https://bufsimrishamn.wordpress.com/2016/09/21/ungdomar-coachas-till-att-fullfolja-studier-och-gora-yrkesval/feed/
https://bufsimrishamn.wordpress.com/2016/11/,other,20190822050802,20191212134207,2,20191212134207,https://bufsimrishamn.wordpress.com/2016/11/,200,text/html,https://web.archive.org/web/20191212134207/https://bufsimrishamn.wordpress.com/2016/11/
https://bufsimrishamn.wordpress.com/2016/11/10/simrishamns-kommun-far-topplacering-i-basta-skolkommun-2016/,post_like,20190825140407,20190825140407,1,20190825140407,https://bufsimrishamn.wordpress.com/2016/11/10/simrishamns-kommun-far-topplacering-i-basta-skolkommun-2016/,200,text/html,https://web.archive.org/web/20190825140407/https://bufsimrishamn.wordpress.com/2016/11/10/simrishamns-kommun-far-topplacering-i-basta-skolkommun-2016/
https://bufsimrishamn.wordpress.com/2016/12/,other,20190822045527,20191212132841,2,20191212132841,https://bufsimrishamn.wordpress.com/2016/12/,200,text/html,https://web.archive.org/web/20191212132841/https://bufsimrishamn.wordpress.com/2016/12/
https://bufsimrishamn.wordpress.com/2016/12/06/aktivt-ledarskap-i-skolan/,post_like,20190822043620,20190822043620,1,20190822043620,https://bufsimrishamn.wordpress.com/2016/12/06/aktivt-ledarskap-i-skolan/,200,text/html,https://web.archive.org/web/20190822043620/https://bufsimrishamn.wordpress.com/2016/12/06/aktivt-ledarskap-i-skolan/
https://bufsimrishamn.wordpress.com/2016/12/06/aktivt-ledarskap-i-skolan/alis-om-oppenhet-forsvar/,other,20190825131716,20190825131716,1,20190825131716,https://bufsimrishamn.wordpress.com/2016/12/06/aktivt-ledarskap-i-skolan/alis-om-oppenhet-forsvar/,200,text/html,https://web.archive.org/web/20190825131716/https://bufsimrishamn.wordpress.com/2016/12/06/aktivt-ledarskap-i-skolan/alis-om-oppenhet-forsvar/
https://bufsimrishamn.wordpress.com/2017/01/,other,20190822054609,20191212142233,2,20191212142233,https://bufsimrishamn.wordpress.com/2017/01/,200,text/html,https://web.archive.org/web/20191212142233/https://bufsimrishamn.wordpress.com/2017/01/
https://bufsimrishamn.wordpress.com/2017/02/,other,20190822053316,20191018065415,2,20191018065415,https://bufsimrishamn.wordpress.com/2017/02/,200,text/html,https://web.archive.org/web/20191018065415/https://bufsimrishamn.wordpress.com/2017/02/
https://bufsimrishamn.wordpress.com/2017/02/02/utbildningar-med-barn-i-fokus/,post_like,20190822044806,20190822044806,1,20190822044806,https://bufsimrishamn.wordpress.com/2017/02/02/utbildningar-med-barn-i-fokus/,200,text/html,https://web.archive.org/web/20190822044806/https://bufsimrishamn.wordpress.com/2017/02/02/utbildningar-med-barn-i-fokus/
https://bufsimrishamn.wordpress.com/2017/03/,other,20190822052025,20191212135533,2,20191212135533,https://bufsimrishamn.wordpress.com/2017/03/,200,text/html,https://web.archive.org/web/20191212135533/https://bufsimrishamn.wordpress.com/2017/03/
https://bufsimrishamn.wordpress.com/2017/03/25/kommunens-alla-tvaor-spelar-klappar-och-sjunger-i-kulturskolans-musikverkstader/,post_like,20190720135409,20191116213336,2,20191116213336,https://bufsimrishamn.wordpress.com/2017/03/25/kommunens-alla-tvaor-spelar-klappar-och-sjunger-i-kulturskolans-musikverkstader/,200,text/html,https://web.archive.org/web/20191116213336/https://bufsimrishamn.wordpress.com/2017/03/25/kommunens-alla-tvaor-spelar-klappar-och-sjunger-i-kulturskolans-musikverkstader/
https://bufsimrishamn.wordpress.com/2017/03/25/kommunens-alla-tvaor-spelar-klappar-och-sjunger-i-kulturskolans-musikverkstader/kulturskolan-prova-pa-instrument-mars-2017-159/,other,20190720140103,20191116214147,2,20191116214147,https://bufsimrishamn.wordpress.com/2017/03/25/kommunens-alla-tvaor-spelar-klappar-och-sjunger-i-kulturskolans-musikverkstader/kulturskolan-prova-pa-instrument-mars-2017-159/,200,text/html,https://web.archive.org/web/20191116214147/https://bufsimrishamn.wordpress.com/2017/03/25/kommunens-alla-tvaor-spelar-klappar-och-sjunger-i-kulturskolans-musikverkstader/kulturskolan-prova-pa-instrument-mars-2017-159/
https://bufsimrishamn.wordpress.com/2017/03/25/kommunens-alla-tvaor-spelar-klappar-och-sjunger-i-kulturskolans-musikverkstader/kulturskolan-prova-pa-instrument-mars-2017-63/,other,20190822052941,20190822052941,1,20190822052941,https://bufsimrishamn.wordpress.com/2017/03/25/kommunens-alla-tvaor-spelar-klappar-och-sjunger-i-kulturskolans-musikverkstader/kulturskolan-prova-pa-instrument-mars-2017-63/,200,text/html,https://web.archive.org/web/20190822052941/https://bufsimrishamn.wordpress.com/2017/03/25/kommunens-alla-tvaor-spelar-klappar-och-sjunger-i-kulturskolans-musikverkstader/kulturskolan-prova-pa-instrument-mars-2017-63/
https://bufsimrishamn.wordpress.com/2017/03/25/kommunens-alla-tvaor-spelar-klappar-och-sjunger-i-kulturskolans-musikverkstader/kulturskolan-prova-pa-instrument-mars-2017-67/,other,20190822043525,20190822043525,1,20190822043525,https://bufsimrishamn.wordpress.com/2017/03/25/kommunens-alla-tvaor-spelar-klappar-och-sjunger-i-kulturskolans-musikverkstader/kulturskolan-prova-pa-instrument-mars-2017-67/,200,text/html,https://web.archive.org/web/20190822043525/https://bufsimrishamn.wordpress.com/2017/03/25/kommunens-alla-tvaor-spelar-klappar-och-sjunger-i-kulturskolans-musikverkstader/kulturskolan-prova-pa-instrument-mars-2017-67/
https://bufsimrishamn.wordpress.com/2017/04/,other,20190822050748,20191212134152,2,20191212134152,https://bufsimrishamn.wordpress.com/2017/04/,200,text/html,https://web.archive.org/web/20191212134152/https://bufsimrishamn.wordpress.com/2017/04/
https://bufsimrishamn.wordpress.com/2017/05/,other,20190822045514,20191212132827,2,20191212132827,https://bufsimrishamn.wordpress.com/2017/05/,200,text/html,https://web.archive.org/web/20191212132827/https://bufsimrishamn.wordpress.com/2017/05/
https://bufsimrishamn.wordpress.com/2017/06/,other,20190822044317,20191018060709,2,20191018060709,https://bufsimrishamn.wordpress.com/2017/06/,200,text/html,https://web.archive.org/web/20191018060709/https://bufsimrishamn.wordpress.com/2017/06/
https://bufsimrishamn.wordpress.com/2017/06/17/student-2017/,post_like,20190822054748,20191212142424,2,20191212142424,https://bufsimrishamn.wordpress.com/2017/06/17/student-2017/,200,text/html,https://web.archive.org/web/20191212142424/https://bufsimrishamn.wordpress.com/2017/06/17/student-2017/
https://bufsimrishamn.wordpress.com/2017/08/,other,20190822043601,20191212130240,2,20191212130240,https://bufsimrishamn.wordpress.com/2017/08/,200,text/html,https://web.archive.org/web/20191212130240/https://bufsimrishamn.wordpress.com/2017/08/
https://bufsimrishamn.wordpress.com/2017/08/26/invigning-pa-simrislundsskolan/,post_like,20190822043437,20191212130153,3,20191212130153,https://bufsimrishamn.wordpress.com/2017/08/26/invigning-pa-simrislundsskolan/,200,text/html,https://web.archive.org/web/20191212130153/https://bufsimrishamn.wordpress.com/2017/08/26/invigning-pa-simrislundsskolan/
https://bufsimrishamn.wordpress.com/2017/08/26/invigning-pa-simrislundsskolan/?shared=email&msg=fail,post_like,20190822055502,20190822055502,1,20190822055502,https://bufsimrishamn.wordpress.com/2017/08/26/invigning-pa-simrislundsskolan/?shared=email&msg=fail,200,text/html,https://web.archive.org/web/20190822055502/https://bufsimrishamn.wordpress.com/2017/08/26/invigning-pa-simrislundsskolan/?shared=email&msg=fail
https://bufsimrishamn.wordpress.com/2017/08/26/invigning-pa-simrislundsskolan/nya-lokaler-simrislundsskolan-2017-14/,other,20190720133218,20190919184932,2,20190919184932,https://bufsimrishamn.wordpress.com/2017/08/26/invigning-pa-simrislundsskolan/nya-lokaler-simrislundsskolan-2017-14/,200,text/html,https://web.archive.org/web/20190919184932/https://bufsimrishamn.wordpress.com/2017/08/26/invigning-pa-simrislundsskolan/nya-lokaler-simrislundsskolan-2017-14/
https://bufsimrishamn.wordpress.com/2017/08/26/invigning-pa-simrislundsskolan/nya-lokaler-simrislundsskolan-2017-17/,other,20190720134514,20190919190150,2,20190919190150,https://bufsimrishamn.wordpress.com/2017/08/26/invigning-pa-simrislundsskolan/nya-lokaler-simrislundsskolan-2017-17/,200,text/html,https://web.archive.org/web/20190919190150/https://bufsimrishamn.wordpress.com/2017/08/26/invigning-pa-simrislundsskolan/nya-lokaler-simrislundsskolan-2017-17/
https://bufsimrishamn.wordpress.com/2017/08/26/invigning-pa-simrislundsskolan/nya-lokaler-simrislundsskolan-2017-19/,other,20190822055854,20191212143650,2,20191212143650,https://bufsimrishamn.wordpress.com/2017/08/26/invigning-pa-simrislundsskolan/nya-lokaler-simrislundsskolan-2017-19/,200,text/html,https://web.archive.org/web/20191212143650/https://bufsimrishamn.wordpress.com/2017/08/26/invigning-pa-simrislundsskolan/nya-lokaler-simrislundsskolan-2017-19/
https://bufsimrishamn.wordpress.com/2017/08/26/invigning-pa-simrislundsskolan/nya-lokaler-simrislundsskolan-2017-24/,other,20190720132901,20190919184836,2,20190919184836,https://bufsimrishamn.wordpress.com/2017/08/26/invigning-pa-simrislundsskolan/nya-lokaler-simrislundsskolan-2017-24/,200,text/html,https://web.archive.org/web/20190919184836/https://bufsimrishamn.wordpress.com/2017/08/26/invigning-pa-simrislundsskolan/nya-lokaler-simrislundsskolan-2017-24/
https://bufsimrishamn.wordpress.com/2017/08/26/invigning-pa-simrislundsskolan/nya-lokaler-simrislundsskolan-2017-25/,other,20190822053901,20191212141506,2,20191212141506,https://bufsimrishamn.wordpress.com/2017/08/26/invigning-pa-simrislundsskolan/nya-lokaler-simrislundsskolan-2017-25/,200,text/html,https://web.archive.org/web/20191212141506/https://bufsimrishamn.wordpress.com/2017/08/26/invigning-pa-simrislundsskolan/nya-lokaler-simrislundsskolan-2017-25/
https://bufsimrishamn.wordpress.com/2017/08/26/invigning-pa-simrislundsskolan/nya-lokaler-simrislundsskolan-2017-31/,other,20190822051841,20191212135341,2,20191212135341,https://bufsimrishamn.wordpress.com/2017/08/26/invigning-pa-simrislundsskolan/nya-lokaler-simrislundsskolan-2017-31/,200,text/html,https://web.archive.org/web/20191212135341/https://bufsimrishamn.wordpress.com/2017/08/26/invigning-pa-simrislundsskolan/nya-lokaler-simrislundsskolan-2017-31/
https://bufsimrishamn.wordpress.com/2017/08/26/invigning-pa-simrislundsskolan/nya-lokaler-simrislundsskolan-2017-32/,other,20190720133327,20201201020219,3,20201201020219,https://bufsimrishamn.wordpress.com/2017/08/26/invigning-pa-simrislundsskolan/nya-lokaler-simrislundsskolan-2017-32/,200,text/html,https://web.archive.org/web/20201201020219/https://bufsimrishamn.wordpress.com/2017/08/26/invigning-pa-simrislundsskolan/nya-lokaler-simrislundsskolan-2017-32/
https://bufsimrishamn.wordpress.com/2017/08/26/invigning-pa-simrislundsskolan/nya-lokaler-simrislundsskolan-2017-33/,other,20190822043521,20191212130224,2,20191212130224,https://bufsimrishamn.wordpress.com/2017/08/26/invigning-pa-simrislundsskolan/nya-lokaler-simrislundsskolan-2017-33/,200,text/html,https://web.archive.org/web/20191212130224/https://bufsimrishamn.wordpress.com/2017/08/26/invigning-pa-simrislundsskolan/nya-lokaler-simrislundsskolan-2017-33/
https://bufsimrishamn.wordpress.com/2017/08/26/invigning-pa-simrislundsskolan/nya-lokaler-simrislundsskolan-2017-34/,other,20190720141029,20190919192742,2,20190919192742,https://bufsimrishamn.wordpress.com/2017/08/26/invigning-pa-simrislundsskolan/nya-lokaler-simrislundsskolan-2017-34/,200,text/html,https://web.archive.org/web/20190919192742/https://bufsimrishamn.wordpress.com/2017/08/26/invigning-pa-simrislundsskolan/nya-lokaler-simrislundsskolan-2017-34/
https://bufsimrishamn.wordpress.com/2017/08/26/invigning-pa-simrislundsskolan/nya-lokaler-simrislundsskolan-2017-36/,other,20190720133002,20201201014732,3,20201201014732,https://bufsimrishamn.wordpress.com/2017/08/26/invigning-pa-simrislundsskolan/nya-lokaler-simrislundsskolan-2017-36/,200,text/html,https://web.archive.org/web/20201201014732/https://bufsimrishamn.wordpress.com/2017/08/26/invigning-pa-simrislundsskolan/nya-lokaler-simrislundsskolan-2017-36/
https://bufsimrishamn.wordpress.com/2017/08/26/invigning-pa-simrislundsskolan/nya-lokaler-simrislundsskolan-2017-40/,other,20190720135630,20190919191302,2,20190919191302,https://bufsimrishamn.wordpress.com/2017/08/26/invigning-pa-simrislundsskolan/nya-lokaler-simrislundsskolan-2017-40/,200,text/html,https://web.archive.org/web/20190919191302/https://bufsimrishamn.wordpress.com/2017/08/26/invigning-pa-simrislundsskolan/nya-lokaler-simrislundsskolan-2017-40/
https://bufsimrishamn.wordpress.com/2017/08/26/invigning-pa-simrislundsskolan/nya-lokaler-simrislundsskolan-2017-58/,other,20190720132923,20190919184900,2,20190919184900,https://bufsimrishamn.wordpress.com/2017/08/26/invigning-pa-simrislundsskolan/nya-lokaler-simrislundsskolan-2017-58/,200,text/html,https://web.archive.org/web/20190919184900/https://bufsimrishamn.wordpress.com/2017/08/26/invigning-pa-simrislundsskolan/nya-lokaler-simrislundsskolan-2017-58/
https://bufsimrishamn.wordpress.com/2017/08/26/invigning-pa-simrislundsskolan/nya-lokaler-simrislundsskolan-2017-59/,other,20190822055050,20191212142748,2,20191212142748,https://bufsimrishamn.wordpress.com/2017/08/26/invigning-pa-simrislundsskolan/nya-lokaler-simrislundsskolan-2017-59/,200,text/html,https://web.archive.org/web/20191212142748/https://bufsimrishamn.wordpress.com/2017/08/26/invigning-pa-simrislundsskolan/nya-lokaler-simrislundsskolan-2017-59/
https://bufsimrishamn.wordpress.com/2017/08/26/invigning-pa-simrislundsskolan/nya-lokaler-simrislundsskolan-2017-66/,other,20190720134039,20190919185703,2,20190919185703,https://bufsimrishamn.wordpress.com/2017/08/26/invigning-pa-simrislundsskolan/nya-lokaler-simrislundsskolan-2017-66/,200,text/html,https://web.archive.org/web/20190919185703/https://bufsimrishamn.wordpress.com/2017/08/26/invigning-pa-simrislundsskolan/nya-lokaler-simrislundsskolan-2017-66/
https://bufsimrishamn.wordpress.com/2017/08/26/invigning-pa-simrislundsskolan/nya-lokaler-simrislundsskolan-2017-67/,other,20190720132929,20191116205301,4,20191116205301,https://bufsimrishamn.wordpress.com/2017/08/26/invigning-pa-simrislundsskolan/nya-lokaler-simrislundsskolan-2017-67/,200,text/html,https://web.archive.org/web/20191116205301/https://bufsimrishamn.wordpress.com/2017/08/26/invigning-pa-simrislundsskolan/nya-lokaler-simrislundsskolan-2017-67/
https://bufsimrishamn.wordpress.com/2017/08/26/invigning-pa-simrislundsskolan/nya-lokaler-simrislundsskolan-2017-69/,other,20190720135518,20200812211318,7,20200812211318,https://bufsimrishamn.wordpress.com/2017/08/26/invigning-pa-simrislundsskolan/nya-lokaler-simrislundsskolan-2017-69/,200,text/html,https://web.archive.org/web/20200812211318/https://bufsimrishamn.wordpress.com/2017/08/26/invigning-pa-simrislundsskolan/nya-lokaler-simrislundsskolan-2017-69/
https://bufsimrishamn.wordpress.com/2017/08/26/invigning-pa-simrislundsskolan/nya-lokaler-simrislundsskolan-2017-72/,other,20190822043839,20200812202810,6,20200812202810,https://bufsimrishamn.wordpress.com/2017/08/26/invigning-pa-simrislundsskolan/nya-lokaler-simrislundsskolan-2017-72/,200,text/html,https://web.archive.org/web/20200812202810/https://bufsimrishamn.wordpress.com/2017/08/26/invigning-pa-simrislundsskolan/nya-lokaler-simrislundsskolan-2017-72/
https://bufsimrishamn.wordpress.com/2017/08/26/invigning-pa-simrislundsskolan/nya-lokaler-simrislundsskolan-2017-78/,other,20190720135606,20201201023606,3,20201201023606,https://bufsimrishamn.wordpress.com/2017/08/26/invigning-pa-simrislundsskolan/nya-lokaler-simrislundsskolan-2017-78/,200,text/html,https://web.archive.org/web/20201201023606/https://bufsimrishamn.wordpress.com/2017/08/26/invigning-pa-simrislundsskolan/nya-lokaler-simrislundsskolan-2017-78/
https://bufsimrishamn.wordpress.com/2017/09/,other,20190822060542,20191018072732,2,20191018072732,https://bufsimrishamn.wordpress.com/2017/09/,200,text/html,https://web.archive.org/web/20191018072732/https://bufsimrishamn.wordpress.com/2017/09/
https://bufsimrishamn.wordpress.com/2017/09/25/appelmarknad-pa-osterlen/,post_like,20190822044759,20191212132118,2,20191212132118,https://bufsimrishamn.wordpress.com/2017/09/25/appelmarknad-pa-osterlen/,200,text/html,https://web.archive.org/web/20191212132118/https://bufsimrishamn.wordpress.com/2017/09/25/appelmarknad-pa-osterlen/
https://bufsimrishamn.wordpress.com/2017/09/25/appelmarknad-pa-osterlen/10img_7923/,other,20190822053015,20191212140609,2,20191212140609,https://bufsimrishamn.wordpress.com/2017/09/25/appelmarknad-pa-osterlen/10img_7923/,200,text/html,https://web.archive.org/web/20191212140609/https://bufsimrishamn.wordpress.com/2017/09/25/appelmarknad-pa-osterlen/10img_7923/
https://bufsimrishamn.wordpress.com/2017/09/25/appelmarknad-pa-osterlen/11img_7925/,other,20190822043702,20191018060052,2,20191018060052,https://bufsimrishamn.wordpress.com/2017/09/25/appelmarknad-pa-osterlen/11img_7925/,200,text/html,https://web.archive.org/web/20191018060052/https://bufsimrishamn.wordpress.com/2017/09/25/appelmarknad-pa-osterlen/11img_7925/
https://bufsimrishamn.wordpress.com/2017/09/25/appelmarknad-pa-osterlen/13img_7932/,other,20190822053049,20191018065157,2,20191018065157,https://bufsimrishamn.wordpress.com/2017/09/25/appelmarknad-pa-osterlen/13img_7932/,200,text/html,https://web.archive.org/web/20191018065157/https://bufsimrishamn.wordpress.com/2017/09/25/appelmarknad-pa-osterlen/13img_7932/
https://bufsimrishamn.wordpress.com/2017/09/25/appelmarknad-pa-osterlen/1img_7901/,other,20190822043716,20191212130347,2,20191212130347,https://bufsimrishamn.wordpress.com/2017/09/25/appelmarknad-pa-osterlen/1img_7901/,200,text/html,https://web.archive.org/web/20191212130347/https://bufsimrishamn.wordpress.com/2017/09/25/appelmarknad-pa-osterlen/1img_7901/
https://bufsimrishamn.wordpress.com/2017/09/25/appelmarknad-pa-osterlen/27img_7986/,other,20190822043429,20191018055943,2,20191018055943,https://bufsimrishamn.wordpress.com/2017/09/25/appelmarknad-pa-osterlen/27img_7986/,200,text/html,https://web.archive.org/web/20191018055943/https://bufsimrishamn.wordpress.com/2017/09/25/appelmarknad-pa-osterlen/27img_7986/
https://bufsimrishamn.wordpress.com/2017/09/25/appelmarknad-pa-osterlen/29img_7998/,other,20190822050038,20191212133413,2,20191212133413,https://bufsimrishamn.wordpress.com/2017/09/25/appelmarknad-pa-osterlen/29img_7998/,200,text/html,https://web.archive.org/web/20191212133413/https://bufsimrishamn.wordpress.com/2017/09/25/appelmarknad-pa-osterlen/29img_7998/
https://bufsimrishamn.wordpress.com/2017/09/25/appelmarknad-pa-osterlen/35img_8019/,other,20190822043724,20191018060108,2,20191018060108,https://bufsimrishamn.wordpress.com/2017/09/25/appelmarknad-pa-osterlen/35img_8019/,200,text/html,https://web.archive.org/web/20191018060108/https://bufsimrishamn.wordpress.com/2017/09/25/appelmarknad-pa-osterlen/35img_8019/
https://bufsimrishamn.wordpress.com/2017/09/25/appelmarknad-pa-osterlen/42img_8043/,other,20190822043727,20191212130705,2,20191212130705,https://bufsimrishamn.wordpress.com/2017/09/25/appelmarknad-pa-osterlen/42img_8043/,200,text/html,https://web.archive.org/web/20191212130705/https://bufsimrishamn.wordpress.com/2017/09/25/appelmarknad-pa-osterlen/42img_8043/
https://bufsimrishamn.wordpress.com/2017/09/25/appelmarknad-pa-osterlen/43img_8044/,other,20190822050632,20191212134012,2,20191212134012,https://bufsimrishamn.wordpress.com/2017/09/25/appelmarknad-pa-osterlen/43img_8044/,200,text/html,https://web.archive.org/web/20191212134012/https://bufsimrishamn.wordpress.com/2017/09/25/appelmarknad-pa-osterlen/43img_8044/
https://bufsimrishamn.wordpress.com/2017/09/25/appelmarknad-pa-osterlen/4img_7903/,other,20190822043930,20191212131237,2,20191212131237,https://bufsimrishamn.wordpress.com/2017/09/25/appelmarknad-pa-osterlen/4img_7903/,200,text/html,https://web.archive.org/web/20191212131237/https://bufsimrishamn.wordpress.com/2017/09/25/appelmarknad-pa-osterlen/4img_7903/
https://bufsimrishamn.wordpress.com/2017/09/25/appelmarknad-pa-osterlen/54img_8080/,other,20190822043658,20191212130255,2,20191212130255,https://bufsimrishamn.wordpress.com/2017/09/25/appelmarknad-pa-osterlen/54img_8080/,200,text/html,https://web.archive.org/web/20191212130255/https://bufsimrishamn.wordpress.com/2017/09/25/appelmarknad-pa-osterlen/54img_8080/
https://bufsimrishamn.wordpress.com/2017/09/25/appelmarknad-pa-osterlen/57img_8092/,other,20190822053155,20191212140754,2,20191212140754,https://bufsimrishamn.wordpress.com/2017/09/25/appelmarknad-pa-osterlen/57img_8092/,200,text/html,https://web.archive.org/web/20191212140754/https://bufsimrishamn.wordpress.com/2017/09/25/appelmarknad-pa-osterlen/57img_8092/
https://bufsimrishamn.wordpress.com/2017/09/26/aktivt-foraldraskap-firade-20-ar/,post_like,20190822043612,20191212130245,2,20191212130245,https://bufsimrishamn.wordpress.com/2017/09/26/aktivt-foraldraskap-firade-20-ar/,200,text/html,https://web.archive.org/web/20191212130245/https://bufsimrishamn.wordpress.com/2017/09/26/aktivt-foraldraskap-firade-20-ar/
https://bufsimrishamn.wordpress.com/2017/09/26/aktivt-foraldraskap-firade-20-ar/img_7040/,other,20190822053655,20191212141259,2,20191212141259,https://bufsimrishamn.wordpress.com/2017/09/26/aktivt-foraldraskap-firade-20-ar/img_7040/,200,text/html,https://web.archive.org/web/20191212141259/https://bufsimrishamn.wordpress.com/2017/09/26/aktivt-foraldraskap-firade-20-ar/img_7040/
https://bufsimrishamn.wordpress.com/2017/09/26/aktivt-foraldraskap-firade-20-ar/img_7042/,other,20190822050835,20191212134248,2,20191212134248,https://bufsimrishamn.wordpress.com/2017/09/26/aktivt-foraldraskap-firade-20-ar/img_7042/,200,text/html,https://web.archive.org/web/20191212134248/https://bufsimrishamn.wordpress.com/2017/09/26/aktivt-foraldraskap-firade-20-ar/img_7042/
https://bufsimrishamn.wordpress.com/2017/09/26/aktivt-foraldraskap-firade-20-ar/img_7043/,other,20190822055522,20191212143305,2,20191212143305,https://bufsimrishamn.wordpress.com/2017/09/26/aktivt-foraldraskap-firade-20-ar/img_7043/,200,text/html,https://web.archive.org/web/20191212143305/https://bufsimrishamn.wordpress.com/2017/09/26/aktivt-foraldraskap-firade-20-ar/img_7043/
https://bufsimrishamn.wordpress.com/2017/09/26/aktivt-foraldraskap-firade-20-ar/img_7076/,other,20190822044842,20191212132157,2,20191212132157,https://bufsimrishamn.wordpress.com/2017/09/26/aktivt-foraldraskap-firade-20-ar/img_7076/,200,text/html,https://web.archive.org/web/20191212132157/https://bufsimrishamn.wordpress.com/2017/09/26/aktivt-foraldraskap-firade-20-ar/img_7076/
https://bufsimrishamn.wordpress.com/2017/10/,other,20190822060203,20191212144012,2,20191212144012,https://bufsimrishamn.wordpress.com/2017/10/,200,text/html,https://web.archive.org/web/20191212144012/https://bufsimrishamn.wordpress.com/2017/10/
https://bufsimrishamn.wordpress.com/2017/10/03/simrishamn-satsar-pa-skolbibliotek-och-barns-och-ungas-lasning/,post_like,20190822051220,20191018063431,2,20191018063431,https://bufsimrishamn.wordpress.com/2017/10/03/simrishamn-satsar-pa-skolbibliotek-och-barns-och-ungas-lasning/,200,text/html,https://web.archive.org/web/20191018063431/https://bufsimrishamn.wordpress.com/2017/10/03/simrishamn-satsar-pa-skolbibliotek-och-barns-och-ungas-lasning/
https://bufsimrishamn.wordpress.com/2017/10/03/simrishamn-satsar-pa-skolbibliotek-och-barns-och-ungas-lasning/grupp1/,other,20190822050501,20191212133834,2,20191212133834,https://bufsimrishamn.wordpress.com/2017/10/03/simrishamn-satsar-pa-skolbibliotek-och-barns-och-ungas-lasning/grupp1/,200,text/html,https://web.archive.org/web/20191212133834/https://bufsimrishamn.wordpress.com/2017/10/03/simrishamn-satsar-pa-skolbibliotek-och-barns-och-ungas-lasning/grupp1/
https://bufsimrishamn.wordpress.com/2017/10/03/simrishamn-satsar-pa-skolbibliotek-och-barns-och-ungas-lasning/grupp2/,other,20190822060054,20191212143855,2,20191212143855,https://bufsimrishamn.wordpress.com/2017/10/03/simrishamn-satsar-pa-skolbibliotek-och-barns-och-ungas-lasning/grupp2/,200,text/html,https://web.archive.org/web/20191212143855/https://bufsimrishamn.wordpress.com/2017/10/03/simrishamn-satsar-pa-skolbibliotek-och-barns-och-ungas-lasning/grupp2/
https://bufsimrishamn.wordpress.com/2017/10/03/simrishamn-satsar-pa-skolbibliotek-och-barns-och-ungas-lasning/grupp3/,other,20190822045536,20191212132847,2,20191212132847,https://bufsimrishamn.wordpress.com/2017/10/03/simrishamn-satsar-pa-skolbibliotek-och-barns-och-ungas-lasning/grupp3/,200,text/html,https://web.archive.org/web/20191212132847/https://bufsimrishamn.wordpress.com/2017/10/03/simrishamn-satsar-pa-skolbibliotek-och-barns-och-ungas-lasning/grupp3/
https://bufsimrishamn.wordpress.com/2017/10/03/simrishamn-satsar-pa-skolbibliotek-och-barns-och-ungas-lasning/grupp4/,other,20190822055139,20191212142846,2,20191212142846,https://bufsimrishamn.wordpress.com/2017/10/03/simrishamn-satsar-pa-skolbibliotek-och-barns-och-ungas-lasning/grupp4/,200,text/html,https://web.archive.org/web/20191212142846/https://bufsimrishamn.wordpress.com/2017/10/03/simrishamn-satsar-pa-skolbibliotek-och-barns-och-ungas-lasning/grupp4/
https://bufsimrishamn.wordpress.com/2017/10/03/simrishamn-satsar-pa-skolbibliotek-och-barns-och-ungas-lasning/grupp6/,other,20190822054230,20191212141825,2,20191212141825,https://bufsimrishamn.wordpress.com/2017/10/03/simrishamn-satsar-pa-skolbibliotek-och-barns-och-ungas-lasning/grupp6/,200,text/html,https://web.archive.org/web/20191212141825/https://bufsimrishamn.wordpress.com/2017/10/03/simrishamn-satsar-pa-skolbibliotek-och-barns-och-ungas-lasning/grupp6/
https://bufsimrishamn.wordpress.com/2017/10/26/sett-syd-motesplatsen-inom-det-moderna-och-innovativa-larandet/,post_like,20190720141059,20190919192812,2,20190919192812,https://bufsimrishamn.wordpress.com/2017/10/26/sett-syd-motesplatsen-inom-det-moderna-och-innovativa-larandet/,200,text/html,https://web.archive.org/web/20190919192812/https://bufsimrishamn.wordpress.com/2017/10/26/sett-syd-motesplatsen-inom-det-moderna-och-innovativa-larandet/
https://bufsimrishamn.wordpress.com/2017/11/,other,20190822054939,20191212142623,2,20191212142623,https://bufsimrishamn.wordpress.com/2017/11/,200,text/html,https://web.archive.org/web/20191212142623/https://bufsimrishamn.wordpress.com/2017/11/
https://bufsimrishamn.wordpress.com/2017/11/07/pa-piratenskolan-fn-dagen-och-folkskolan-175-ar/,post_like,20190822054612,20191018070633,2,20191018070633,https://bufsimrishamn.wordpress.com/2017/11/07/pa-piratenskolan-fn-dagen-och-folkskolan-175-ar/,200,text/html,https://web.archive.org/web/20191018070633/https://bufsimrishamn.wordpress.com/2017/11/07/pa-piratenskolan-fn-dagen-och-folkskolan-175-ar/
https://bufsimrishamn.wordpress.com/2017/11/17/20-november-webbsant-seminarium-barnratt-i-praktiken/,post_like,20190822045252,20191018061602,2,20191018061602,https://bufsimrishamn.wordpress.com/2017/11/17/20-november-webbsant-seminarium-barnratt-i-praktiken/,200,text/html,https://web.archive.org/web/20191018061602/https://bufsimrishamn.wordpress.com/2017/11/17/20-november-webbsant-seminarium-barnratt-i-praktiken/
https://bufsimrishamn.wordpress.com/2017/11/28/biblioteksinvigning/,post_like,20190720135043,20190919190723,2,20190919190723,https://bufsimrishamn.wordpress.com/2017/11/28/biblioteksinvigning/,200,text/html,https://web.archive.org/web/20190919190723/https://bufsimrishamn.wordpress.com/2017/11/28/biblioteksinvigning/
https://bufsimrishamn.wordpress.com/2017/12/,other,20190822053651,20191018065729,2,20191018065729,https://bufsimrishamn.wordpress.com/2017/12/,200,text/html,https://web.archive.org/web/20191018065729/https://bufsimrishamn.wordpress.com/2017/12/
https://bufsimrishamn.wordpress.com/2017/12/01/oppet-hus-pa-osterlengymnasiet/,post_like,20190720142733,20190919194550,2,20190919194550,https://bufsimrishamn.wordpress.com/2017/12/01/oppet-hus-pa-osterlengymnasiet/,200,text/html,https://web.archive.org/web/20190919194550/https://bufsimrishamn.wordpress.com/2017/12/01/oppet-hus-pa-osterlengymnasiet/
https://bufsimrishamn.wordpress.com/2017/12/05/kulturpedagogiska-enheten/,post_like,20190822054137,20191212141726,2,20191212141726,https://bufsimrishamn.wordpress.com/2017/12/05/kulturpedagogiska-enheten/,200,text/html,https://web.archive.org/web/20191212141726/https://bufsimrishamn.wordpress.com/2017/12/05/kulturpedagogiska-enheten/
https://bufsimrishamn.wordpress.com/2018/03/,other,20190822060147,20191018072327,2,20191018072327,https://bufsimrishamn.wordpress.com/2018/03/,200,text/html,https://web.archive.org/web/20191018072327/https://bufsimrishamn.wordpress.com/2018/03/
https://bufsimrishamn.wordpress.com/2018/03/22/kickoff-for-ny-forskoleorganisation/,post_like,20190720135734,20190919191415,2,20190919191415,https://bufsimrishamn.wordpress.com/2018/03/22/kickoff-for-ny-forskoleorganisation/,200,text/html,https://web.archive.org/web/20190919191415/https://bufsimrishamn.wordpress.com/2018/03/22/kickoff-for-ny-forskoleorganisation/
https://bufsimrishamn.wordpress.com/category/arbeta-i-simrishamns-kommun/,category,20170325032905,20191212135204,3,20191212135204,https://bufsimrishamn.wordpress.com/category/arbeta-i-simrishamns-kommun/,200,text/html,https://web.archive.org/web/20191212135204/https://bufsimrishamn.wordpress.com/category/arbeta-i-simrishamns-kommun/
https://bufsimrishamn.wordpress.com/category/arbetsmarknadskunskap/,category,20190822051313,20191212134753,2,20191212134753,https://bufsimrishamn.wordpress.com/category/arbetsmarknadskunskap/,200,text/html,https://web.archive.org/web/20191212134753/https://bufsimrishamn.wordpress.com/category/arbetsmarknadskunskap/
https://bufsimrishamn.wordpress.com/category/barns-och-ungas-rattigheter/,category,20170325033419,20201201013531,4,20201201013531,https://bufsimrishamn.wordpress.com/category/barns-och-ungas-rattigheter/,200,text/html,https://web.archive.org/web/20201201013531/https://bufsimrishamn.wordpress.com/category/barns-och-ungas-rattigheter/
https://bufsimrishamn.wordpress.com/category/barns-och-ungas-rattigheter/page/2/,category,20190822052016,20190822052016,1,20190822052016,https://bufsimrishamn.wordpress.com/category/barns-och-ungas-rattigheter/page/2/,200,text/html,https://web.archive.org/web/20190822052016/https://bufsimrishamn.wordpress.com/category/barns-och-ungas-rattigheter/page/2/
https://bufsimrishamn.wordpress.com/category/bibliotek/,category,20190822055628,20191018071743,2,20191018071743,https://bufsimrishamn.wordpress.com/category/bibliotek/,200,text/html,https://web.archive.org/web/20191018071743/https://bufsimrishamn.wordpress.com/category/bibliotek/
https://bufsimrishamn.wordpress.com/category/elevhalsa/,category,20170325034337,20191018065805,3,20191018065805,https://bufsimrishamn.wordpress.com/category/elevhalsa/,200,text/html,https://web.archive.org/web/20191018065805/https://bufsimrishamn.wordpress.com/category/elevhalsa/
https://bufsimrishamn.wordpress.com/category/forskola-och-pedagogisk-omsorg/,category,20170325035628,20191018065011,3,20191018065011,https://bufsimrishamn.wordpress.com/category/forskola-och-pedagogisk-omsorg/,200,text/html,https://web.archive.org/web/20191018065011/https://bufsimrishamn.wordpress.com/category/forskola-och-pedagogisk-omsorg/
https://bufsimrishamn.wordpress.com/category/fritidshem/,category,20170324214457,20191018070833,3,20191018070833,https://bufsimrishamn.wordpress.com/category/fritidshem/,200,text/html,https://web.archive.org/web/20191018070833/https://bufsimrishamn.wordpress.com/category/fritidshem/
https://bufsimrishamn.wordpress.com/category/grundskola/,category,20170324214513,20191018065515,3,20191018065515,https://bufsimrishamn.wordpress.com/category/grundskola/,200,text/html,https://web.archive.org/web/20191018065515/https://bufsimrishamn.wordpress.com/category/grundskola/
https://bufsimrishamn.wordpress.com/category/gymnasieval/,category,20190822043455,20191018055956,2,20191018055956,https://bufsimrishamn.wordpress.com/category/gymnasieval/,200,text/html,https://web.archive.org/web/20191018055956/https://bufsimrishamn.wordpress.com/category/gymnasieval/
https://bufsimrishamn.wordpress.com/category/gymnasium/,category,20170324212831,20191018071849,3,20191018071849,https://bufsimrishamn.wordpress.com/category/gymnasium/,200,text/html,https://web.archive.org/web/20191018071849/https://bufsimrishamn.wordpress.com/category/gymnasium/
https://bufsimrishamn.wordpress.com/category/informations-och-kommunikationsteknik/,category,20190822044635,20191212131952,2,20191212131952,https://bufsimrishamn.wordpress.com/category/informations-och-kommunikationsteknik/,200,text/html,https://web.archive.org/web/20191212131952/https://bufsimrishamn.wordpress.com/category/informations-och-kommunikationsteknik/
https://bufsimrishamn.wordpress.com/category/kulturskola-kulturgaranti/,category,20190822050556,20191018062811,2,20191018062811,https://bufsimrishamn.wordpress.com/category/kulturskola-kulturgaranti/,200,text/html,https://web.archive.org/web/20191018062811/https://bufsimrishamn.wordpress.com/category/kulturskola-kulturgaranti/
https://bufsimrishamn.wordpress.com/category/naturskola-naturgaranti/,category,20170325031625,20190919184928,3,20190919184928,https://bufsimrishamn.wordpress.com/category/naturskola-naturgaranti/,200,text/html,https://web.archive.org/web/20190919184928/https://bufsimrishamn.wordpress.com/category/naturskola-naturgaranti/
https://bufsimrishamn.wordpress.com/category/nyanlanda/,category,20170325033456,20190919184915,3,20190919184915,https://bufsimrishamn.wordpress.com/category/nyanlanda/,200,text/html,https://web.archive.org/web/20190919184915/https://bufsimrishamn.wordpress.com/category/nyanlanda/
https://bufsimrishamn.wordpress.com/category/osterlengymnasiet/,category,20190822050546,20191212133925,2,20191212133925,https://bufsimrishamn.wordpress.com/category/osterlengymnasiet/,200,text/html,https://web.archive.org/web/20191212133925/https://bufsimrishamn.wordpress.com/category/osterlengymnasiet/
https://bufsimrishamn.wordpress.com/category/personal/,category,20190822043628,20191212130250,2,20191212130250,https://bufsimrishamn.wordpress.com/category/personal/,200,text/html,https://web.archive.org/web/20191212130250/https://bufsimrishamn.wordpress.com/category/personal/
https://bufsimrishamn.wordpress.com/category/pristagare/,category,20190822053111,20191018065220,2,20191018065220,https://bufsimrishamn.wordpress.com/category/pristagare/,200,text/html,https://web.archive.org/web/20191018065220/https://bufsimrishamn.wordpress.com/category/pristagare/
https://bufsimrishamn.wordpress.com/category/sarskola/,category,20190822054945,20191018071015,2,20191018071015,https://bufsimrishamn.wordpress.com/category/sarskola/,200,text/html,https://web.archive.org/web/20191018071015/https://bufsimrishamn.wordpress.com/category/sarskola/
https://bufsimrishamn.wordpress.com/category/uncategorized/,category,20170325033437,20191018065943,3,20191018065943,https://bufsimrishamn.wordpress.com/category/uncategorized/,200,text/html,https://web.archive.org/web/20191018065943/https://bufsimrishamn.wordpress.com/category/uncategorized/
https://bufsimrishamn.wordpress.com/page/2/,pagination,20170325032921,20191212143316,3,20191212143316,https://bufsimrishamn.wordpress.com/page/2/,200,text/html,https://web.archive.org/web/20191212143316/https://bufsimrishamn.wordpress.com/page/2/
https://bufsimrishamn.wordpress.com/tag/active-parenting/,tag,20190822043904,20190822043904,1,20190822043904,https://bufsimrishamn.wordpress.com/tag/active-parenting/,200,text/html,https://web.archive.org/web/20190822043904/https://bufsimrishamn.wordpress.com/tag/active-parenting/
https://bufsimrishamn.wordpress.com/tag/aktivt-foraldraskap/,tag,20190822050747,20190822050747,1,20190822050747,https://bufsimrishamn.wordpress.com/tag/aktivt-foraldraskap/,200,text/html,https://web.archive.org/web/20190822050747/https://bufsimrishamn.wordpress.com/tag/aktivt-foraldraskap/
https://bufsimrishamn.wordpress.com/tag/aktivt-ledarskap-i-skolan/,tag,20190822053037,20190822053037,1,20190822053037,https://bufsimrishamn.wordpress.com/tag/aktivt-ledarskap-i-skolan/,200,text/html,https://web.archive.org/web/20190822053037/https://bufsimrishamn.wordpress.com/tag/aktivt-ledarskap-i-skolan/
https://bufsimrishamn.wordpress.com/tag/alis/,tag,20190822054654,20190822054654,1,20190822054654,https://bufsimrishamn.wordpress.com/tag/alis/,200,text/html,https://web.archive.org/web/20190822054654/https://bufsimrishamn.wordpress.com/tag/alis/
https://bufsimrishamn.wordpress.com/tag/amnesovergripande/,tag,20170325035534,20190822060429,2,20190822060429,https://bufsimrishamn.wordpress.com/tag/amnesovergripande/,200,text/html,https://web.archive.org/web/20190822060429/https://bufsimrishamn.wordpress.com/tag/amnesovergripande/
https://bufsimrishamn.wordpress.com/tag/anders-johnsson/,tag,20190822055204,20191018071255,2,20191018071255,https://bufsimrishamn.wordpress.com/tag/anders-johnsson/,200,text/html,https://web.archive.org/web/20191018071255/https://bufsimrishamn.wordpress.com/tag/anders-johnsson/
https://bufsimrishamn.wordpress.com/tag/anders-lind/,tag,20190822054842,20191018070907,2,20191018070907,https://bufsimrishamn.wordpress.com/tag/anders-lind/,200,text/html,https://web.archive.org/web/20191018070907/https://bufsimrishamn.wordpress.com/tag/anders-lind/
https://bufsimrishamn.wordpress.com/tag/anna-leithe/,tag,20190822051927,20190822051927,1,20190822051927,https://bufsimrishamn.wordpress.com/tag/anna-leithe/,200,text/html,https://web.archive.org/web/20190822051927/https://bufsimrishamn.wordpress.com/tag/anna-leithe/
https://bufsimrishamn.wordpress.com/tag/anne-brage/,tag,20190822053335,20191018065431,2,20191018065431,https://bufsimrishamn.wordpress.com/tag/anne-brage/,200,text/html,https://web.archive.org/web/20191018065431/https://bufsimrishamn.wordpress.com/tag/anne-brage/
https://bufsimrishamn.wordpress.com/tag/apl/,tag,20170324214544,20170324214544,1,20170324214544,https://bufsimrishamn.wordpress.com/tag/apl/,200,text/html,https://web.archive.org/web/20170324214544/https://bufsimrishamn.wordpress.com/tag/apl/
https://bufsimrishamn.wordpress.com/tag/barnbocker/,tag,20190822045546,20190822045546,1,20190822045546,https://bufsimrishamn.wordpress.com/tag/barnbocker/,200,text/html,https://web.archive.org/web/20190822045546/https://bufsimrishamn.wordpress.com/tag/barnbocker/
https://bufsimrishamn.wordpress.com/tag/barngruppen-blavinge/,tag,20190822045139,20191018061504,2,20191018061504,https://bufsimrishamn.wordpress.com/tag/barngruppen-blavinge/,200,text/html,https://web.archive.org/web/20191018061504/https://bufsimrishamn.wordpress.com/tag/barngruppen-blavinge/
https://bufsimrishamn.wordpress.com/tag/barnkonsekvensanalys/,tag,20190822045811,20190822045811,1,20190822045811,https://bufsimrishamn.wordpress.com/tag/barnkonsekvensanalys/,200,text/html,https://web.archive.org/web/20190822045811/https://bufsimrishamn.wordpress.com/tag/barnkonsekvensanalys/
https://bufsimrishamn.wordpress.com/tag/barnkonventionen/,tag,20170324153403,20190720132951,2,20190720132951,https://bufsimrishamn.wordpress.com/tag/barnkonventionen/,200,text/html,https://web.archive.org/web/20190720132951/https://bufsimrishamn.wordpress.com/tag/barnkonventionen/
https://bufsimrishamn.wordpress.com/tag/barns-ratt/,tag,20190822044848,20190822044848,1,20190822044848,https://bufsimrishamn.wordpress.com/tag/barns-ratt/,200,text/html,https://web.archive.org/web/20190822044848/https://bufsimrishamn.wordpress.com/tag/barns-ratt/
https://bufsimrishamn.wordpress.com/tag/benka-di/,tag,20190822043605,20190822043605,1,20190822043605,https://bufsimrishamn.wordpress.com/tag/benka-di/,200,text/html,https://web.archive.org/web/20190822043605/https://bufsimrishamn.wordpress.com/tag/benka-di/
https://bufsimrishamn.wordpress.com/tag/biff/,tag,20190720140455,20191116214649,2,20191116214649,https://bufsimrishamn.wordpress.com/tag/biff/,200,text/html,https://web.archive.org/web/20191116214649/https://bufsimrishamn.wordpress.com/tag/biff/
https://bufsimrishamn.wordpress.com/tag/bo-kristoffersson/,tag,20190822044315,20191018060704,2,20191018060704,https://bufsimrishamn.wordpress.com/tag/bo-kristoffersson/,200,text/html,https://web.archive.org/web/20191018060704/https://bufsimrishamn.wordpress.com/tag/bo-kristoffersson/
https://bufsimrishamn.wordpress.com/tag/carina-gimmerstedt/,tag,20190822051440,20190822051440,1,20190822051440,https://bufsimrishamn.wordpress.com/tag/carina-gimmerstedt/,200,text/html,https://web.archive.org/web/20190822051440/https://bufsimrishamn.wordpress.com/tag/carina-gimmerstedt/
https://bufsimrishamn.wordpress.com/tag/charlotta-wasteson/,tag,20190822060447,20190822060447,1,20190822060447,https://bufsimrishamn.wordpress.com/tag/charlotta-wasteson/,200,text/html,https://web.archive.org/web/20190822060447/https://bufsimrishamn.wordpress.com/tag/charlotta-wasteson/
https://bufsimrishamn.wordpress.com/tag/daniel-barker/,tag,20190822051110,20191018063315,2,20191018063315,https://bufsimrishamn.wordpress.com/tag/daniel-barker/,200,text/html,https://web.archive.org/web/20191018063315/https://bufsimrishamn.wordpress.com/tag/daniel-barker/
https://bufsimrishamn.wordpress.com/tag/dans/,tag,20190822052320,20190822052320,1,20190822052320,https://bufsimrishamn.wordpress.com/tag/dans/,200,text/html,https://web.archive.org/web/20190822052320/https://bufsimrishamn.wordpress.com/tag/dans/
https://bufsimrishamn.wordpress.com/tag/digitala-verktyg/,tag,20190822045152,20190822045152,1,20190822045152,https://bufsimrishamn.wordpress.com/tag/digitala-verktyg/,200,text/html,https://web.archive.org/web/20190822045152/https://bufsimrishamn.wordpress.com/tag/digitala-verktyg/
https://bufsimrishamn.wordpress.com/tag/elevhalsa-2/,tag,20190825140429,20190825140429,1,20190825140429,https://bufsimrishamn.wordpress.com/tag/elevhalsa-2/,200,text/html,https://web.archive.org/web/20190825140429/https://bufsimrishamn.wordpress.com/tag/elevhalsa-2/
https://bufsimrishamn.wordpress.com/tag/elevhalsopedagog/,tag,20190720132954,20191116205327,2,20191116205327,https://bufsimrishamn.wordpress.com/tag/elevhalsopedagog/,200,text/html,https://web.archive.org/web/20191116205327/https://bufsimrishamn.wordpress.com/tag/elevhalsopedagog/
https://bufsimrishamn.wordpress.com/tag/elevvard/,tag,20190822055649,20190822055649,1,20190822055649,https://bufsimrishamn.wordpress.com/tag/elevvard/,200,text/html,https://web.archive.org/web/20190822055649/https://bufsimrishamn.wordpress.com/tag/elevvard/
https://bufsimrishamn.wordpress.com/tag/engelska/,tag,20190822055841,20190822055841,1,20190822055841,https://bufsimrishamn.wordpress.com/tag/engelska/,200,text/html,https://web.archive.org/web/20190822055841/https://bufsimrishamn.wordpress.com/tag/engelska/
https://bufsimrishamn.wordpress.com/tag/estetiska-programmet/,tag,20170324225433,20190822045215,2,20190822045215,https://bufsimrishamn.wordpress.com/tag/estetiska-programmet/,200,text/html,https://web.archive.org/web/20190822045215/https://bufsimrishamn.wordpress.com/tag/estetiska-programmet/
https://bufsimrishamn.wordpress.com/tag/ett-aktivt-foraldraskap/,tag,20190720141631,20191116220112,2,20191116220112,https://bufsimrishamn.wordpress.com/tag/ett-aktivt-foraldraskap/,200,text/html,https://web.archive.org/web/20191116220112/https://bufsimrishamn.wordpress.com/tag/ett-aktivt-foraldraskap/
https://bufsimrishamn.wordpress.com/tag/eva-klarberg/,tag,20190822051640,20190822051640,1,20190822051640,https://bufsimrishamn.wordpress.com/tag/eva-klarberg/,200,text/html,https://web.archive.org/web/20190822051640/https://bufsimrishamn.wordpress.com/tag/eva-klarberg/
https://bufsimrishamn.wordpress.com/tag/film/,tag,20190822051943,20191018064134,2,20191018064134,https://bufsimrishamn.wordpress.com/tag/film/,200,text/html,https://web.archive.org/web/20191018064134/https://bufsimrishamn.wordpress.com/tag/film/
https://bufsimrishamn.wordpress.com/tag/flipped-classroom/,tag,20190822050205,20191018062451,2,20191018062451,https://bufsimrishamn.wordpress.com/tag/flipped-classroom/,200,text/html,https://web.archive.org/web/20191018062451/https://bufsimrishamn.wordpress.com/tag/flipped-classroom/
https://bufsimrishamn.wordpress.com/tag/fn/,tag,20190822054055,20190822054055,1,20190822054055,https://bufsimrishamn.wordpress.com/tag/fn/,200,text/html,https://web.archive.org/web/20190822054055/https://bufsimrishamn.wordpress.com/tag/fn/
https://bufsimrishamn.wordpress.com/tag/fns-barnkonvention/,tag,20190822052319,20191018064457,2,20191018064457,https://bufsimrishamn.wordpress.com/tag/fns-barnkonvention/,200,text/html,https://web.archive.org/web/20191018064457/https://bufsimrishamn.wordpress.com/tag/fns-barnkonvention/
https://bufsimrishamn.wordpress.com/tag/foraldragrupper/,tag,20190822043450,20190822043450,1,20190822043450,https://bufsimrishamn.wordpress.com/tag/foraldragrupper/,200,text/html,https://web.archive.org/web/20190822043450/https://bufsimrishamn.wordpress.com/tag/foraldragrupper/
https://bufsimrishamn.wordpress.com/tag/foraldrautbildning/,tag,20190720140621,20191116214829,2,20191116214829,https://bufsimrishamn.wordpress.com/tag/foraldrautbildning/,200,text/html,https://web.archive.org/web/20191116214829/https://bufsimrishamn.wordpress.com/tag/foraldrautbildning/
https://bufsimrishamn.wordpress.com/tag/garsnas-skola/,tag,20190822044258,20190822044258,1,20190822044258,https://bufsimrishamn.wordpress.com/tag/garsnas-skola/,200,text/html,https://web.archive.org/web/20190822044258/https://bufsimrishamn.wordpress.com/tag/garsnas-skola/
https://bufsimrishamn.wordpress.com/tag/grodan-priset/,tag,20190822052421,20190822052421,1,20190822052421,https://bufsimrishamn.wordpress.com/tag/grodan-priset/,200,text/html,https://web.archive.org/web/20190822052421/https://bufsimrishamn.wordpress.com/tag/grodan-priset/
https://bufsimrishamn.wordpress.com/tag/grundsarskola/,tag,20170325033358,20190822060525,2,20190822060525,https://bufsimrishamn.wordpress.com/tag/grundsarskola/,200,text/html,https://web.archive.org/web/20190822060525/https://bufsimrishamn.wordpress.com/tag/grundsarskola/
https://bufsimrishamn.wordpress.com/tag/grundskola/,tag,20170325032901,20170325032901,1,20170325032901,https://bufsimrishamn.wordpress.com/tag/grundskola/,200,text/html,https://web.archive.org/web/20170325032901/https://bufsimrishamn.wordpress.com/tag/grundskola/
https://bufsimrishamn.wordpress.com/tag/gunilla-sjoholm/,tag,20190822043958,20191018060344,2,20191018060344,https://bufsimrishamn.wordpress.com/tag/gunilla-sjoholm/,200,text/html,https://web.archive.org/web/20191018060344/https://bufsimrishamn.wordpress.com/tag/gunilla-sjoholm/
https://bufsimrishamn.wordpress.com/tag/gymnasiesarskola/,tag,20170325034113,20190822054100,2,20190822054100,https://bufsimrishamn.wordpress.com/tag/gymnasiesarskola/,200,text/html,https://web.archive.org/web/20190822054100/https://bufsimrishamn.wordpress.com/tag/gymnasiesarskola/
https://bufsimrishamn.wordpress.com/tag/gymnasium-2/,tag,20170325021718,20170325021718,1,20170325021718,https://bufsimrishamn.wordpress.com/tag/gymnasium-2/,200,text/html,https://web.archive.org/web/20170325021718/https://bufsimrishamn.wordpress.com/tag/gymnasium-2/
https://bufsimrishamn.wordpress.com/tag/ingela-ekdahl-johansson/,tag,20190822052538,20191018064702,2,20191018064702,https://bufsimrishamn.wordpress.com/tag/ingela-ekdahl-johansson/,200,text/html,https://web.archive.org/web/20191018064702/https://bufsimrishamn.wordpress.com/tag/ingela-ekdahl-johansson/
https://bufsimrishamn.wordpress.com/tag/joel-brage/,tag,20190822060258,20191018072438,2,20191018072438,https://bufsimrishamn.wordpress.com/tag/joel-brage/,200,text/html,https://web.archive.org/web/20191018072438/https://bufsimrishamn.wordpress.com/tag/joel-brage/
https://bufsimrishamn.wordpress.com/tag/jorgen-hellgren/,tag,20190822050941,20190822050941,1,20190822050941,https://bufsimrishamn.wordpress.com/tag/jorgen-hellgren/,200,text/html,https://web.archive.org/web/20190822050941/https://bufsimrishamn.wordpress.com/tag/jorgen-hellgren/
https://bufsimrishamn.wordpress.com/tag/kanslor/,tag,20190822060029,20191018072204,2,20191018072204,https://bufsimrishamn.wordpress.com/tag/kanslor/,200,text/html,https://web.archive.org/web/20191018072204/https://bufsimrishamn.wordpress.com/tag/kanslor/
https://bufsimrishamn.wordpress.com/tag/karna-nystrom/,tag,20190822050301,20190822050301,1,20190822050301,https://bufsimrishamn.wordpress.com/tag/karna-nystrom/,200,text/html,https://web.archive.org/web/20190822050301/https://bufsimrishamn.wordpress.com/tag/karna-nystrom/
https://bufsimrishamn.wordpress.com/tag/katrin-osterberg/,tag,20190822055146,20191018071233,2,20191018071233,https://bufsimrishamn.wordpress.com/tag/katrin-osterberg/,200,text/html,https://web.archive.org/web/20191018071233/https://bufsimrishamn.wordpress.com/tag/katrin-osterberg/
https://bufsimrishamn.wordpress.com/tag/kerstin-sjolin/,tag,20190825131704,20190825131704,1,20190825131704,https://bufsimrishamn.wordpress.com/tag/kerstin-sjolin/,200,text/html,https://web.archive.org/web/20190825131704/https://bufsimrishamn.wordpress.com/tag/kerstin-sjolin/
https://bufsimrishamn.wordpress.com/tag/koordinator/,tag,20190822045154,20190822045154,1,20190822045154,https://bufsimrishamn.wordpress.com/tag/koordinator/,200,text/html,https://web.archive.org/web/20190822045154/https://bufsimrishamn.wordpress.com/tag/koordinator/
https://bufsimrishamn.wordpress.com/tag/kristina-martensson/,tag,20190822044443,20191018060837,2,20191018060837,https://bufsimrishamn.wordpress.com/tag/kristina-martensson/,200,text/html,https://web.archive.org/web/20191018060837/https://bufsimrishamn.wordpress.com/tag/kristina-martensson/
https://bufsimrishamn.wordpress.com/tag/kulturgaranti/,tag,20190822045224,20191018061538,2,20191018061538,https://bufsimrishamn.wordpress.com/tag/kulturgaranti/,200,text/html,https://web.archive.org/web/20191018061538/https://bufsimrishamn.wordpress.com/tag/kulturgaranti/
https://bufsimrishamn.wordpress.com/tag/lararforbundet/,tag,20190825135028,20190825135028,1,20190825135028,https://bufsimrishamn.wordpress.com/tag/lararforbundet/,200,text/html,https://web.archive.org/web/20190825135028/https://bufsimrishamn.wordpress.com/tag/lararforbundet/
https://bufsimrishamn.wordpress.com/tag/laslust/,tag,20190822055422,20191018071524,2,20191018071524,https://bufsimrishamn.wordpress.com/tag/laslust/,200,text/html,https://web.archive.org/web/20191018071524/https://bufsimrishamn.wordpress.com/tag/laslust/
https://bufsimrishamn.wordpress.com/tag/lena-maria-fistarol/,tag,20190822054406,20191018070425,2,20191018070425,https://bufsimrishamn.wordpress.com/tag/lena-maria-fistarol/,200,text/html,https://web.archive.org/web/20191018070425/https://bufsimrishamn.wordpress.com/tag/lena-maria-fistarol/
https://bufsimrishamn.wordpress.com/tag/lin-education/,tag,20190822055432,20190822055432,1,20190822055432,https://bufsimrishamn.wordpress.com/tag/lin-education/,200,text/html,https://web.archive.org/web/20190822055432/https://bufsimrishamn.wordpress.com/tag/lin-education/
https://bufsimrishamn.wordpress.com/tag/litteratur/,tag,20190822051428,20191018063628,2,20191018063628,https://bufsimrishamn.wordpress.com/tag/litteratur/,200,text/html,https://web.archive.org/web/20191018063628/https://bufsimrishamn.wordpress.com/tag/litteratur/
https://bufsimrishamn.wordpress.com/tag/love-hellgren/,tag,20190822055813,20191018071940,2,20191018071940,https://bufsimrishamn.wordpress.com/tag/love-hellgren/,200,text/html,https://web.archive.org/web/20191018071940/https://bufsimrishamn.wordpress.com/tag/love-hellgren/
https://bufsimrishamn.wordpress.com/tag/madeleine-liwell-jeppsson/,tag,20170324212556,20190919184850,3,20190919184850,https://bufsimrishamn.wordpress.com/tag/madeleine-liwell-jeppsson/,200,text/html,https://web.archive.org/web/20190919184850/https://bufsimrishamn.wordpress.com/tag/madeleine-liwell-jeppsson/
https://bufsimrishamn.wordpress.com/tag/magdalena-jakobsson/,tag,20190720132939,20191116205306,2,20191116205306,https://bufsimrishamn.wordpress.com/tag/magdalena-jakobsson/,200,text/html,https://web.archive.org/web/20191116205306/https://bufsimrishamn.wordpress.com/tag/magdalena-jakobsson/
https://bufsimrishamn.wordpress.com/tag/marching-for-love/,tag,20190822050403,20190822050403,1,20190822050403,https://bufsimrishamn.wordpress.com/tag/marching-for-love/,200,text/html,https://web.archive.org/web/20190822050403/https://bufsimrishamn.wordpress.com/tag/marching-for-love/
https://bufsimrishamn.wordpress.com/tag/maria-tegner/,tag,20190822045533,20190822045533,1,20190822045533,https://bufsimrishamn.wordpress.com/tag/maria-tegner/,200,text/html,https://web.archive.org/web/20190822045533/https://bufsimrishamn.wordpress.com/tag/maria-tegner/
https://bufsimrishamn.wordpress.com/tag/marianne-andersson/,tag,20190720141339,20191116215746,2,20191116215746,https://bufsimrishamn.wordpress.com/tag/marianne-andersson/,200,text/html,https://web.archive.org/web/20191116215746/https://bufsimrishamn.wordpress.com/tag/marianne-andersson/
https://bufsimrishamn.wordpress.com/tag/marie-lundin/,tag,20190822052502,20191018064632,2,20191018064632,https://bufsimrishamn.wordpress.com/tag/marie-lundin/,200,text/html,https://web.archive.org/web/20191018064632/https://bufsimrishamn.wordpress.com/tag/marie-lundin/
https://bufsimrishamn.wordpress.com/tag/marie-rosendahl/,tag,20190825133430,20190825133430,1,20190825133430,https://bufsimrishamn.wordpress.com/tag/marie-rosendahl/,200,text/html,https://web.archive.org/web/20190825133430/https://bufsimrishamn.wordpress.com/tag/marie-rosendahl/
https://bufsimrishamn.wordpress.com/tag/marten-hard/,tag,20190822045817,20190822045817,1,20190822045817,https://bufsimrishamn.wordpress.com/tag/marten-hard/,200,text/html,https://web.archive.org/web/20190822045817/https://bufsimrishamn.wordpress.com/tag/marten-hard/
https://bufsimrishamn.wordpress.com/tag/martin-laps/,tag,20190822054551,20190822054551,1,20190822054551,https://bufsimrishamn.wordpress.com/tag/martin-laps/,200,text/html,https://web.archive.org/web/20190822054551/https://bufsimrishamn.wordpress.com/tag/martin-laps/
https://bufsimrishamn.wordpress.com/tag/naturskolan-osterlen/,tag,20190822043516,20201021010559,4,20201021010559,https://bufsimrishamn.wordpress.com/tag/naturskolan-osterlen/,200,text/html,https://web.archive.org/web/20201021010559/https://bufsimrishamn.wordpress.com/tag/naturskolan-osterlen/
https://bufsimrishamn.wordpress.com/tag/niclas-bjornen/,tag,20190825135856,20191116214012,2,20191116214012,https://bufsimrishamn.wordpress.com/tag/niclas-bjornen/,200,text/html,https://web.archive.org/web/20191116214012/https://bufsimrishamn.wordpress.com/tag/niclas-bjornen/
https://bufsimrishamn.wordpress.com/tag/nova-academy/,tag,20170325034140,20190822044144,2,20190822044144,https://bufsimrishamn.wordpress.com/tag/nova-academy/,200,text/html,https://web.archive.org/web/20190822044144/https://bufsimrishamn.wordpress.com/tag/nova-academy/
https://bufsimrishamn.wordpress.com/tag/nova-performing-arts/,tag,20170325032847,20190822051238,2,20190822051238,https://bufsimrishamn.wordpress.com/tag/nova-performing-arts/,200,text/html,https://web.archive.org/web/20190822051238/https://bufsimrishamn.wordpress.com/tag/nova-performing-arts/
https://bufsimrishamn.wordpress.com/tag/omvanda-klassrummet/,tag,20190822044940,20190822044940,1,20190822044940,https://bufsimrishamn.wordpress.com/tag/omvanda-klassrummet/,200,text/html,https://web.archive.org/web/20190822044940/https://bufsimrishamn.wordpress.com/tag/omvanda-klassrummet/
https://bufsimrishamn.wordpress.com/tag/oppna-jamforelser/,tag,20190822060223,20190822060223,1,20190822060223,https://bufsimrishamn.wordpress.com/tag/oppna-jamforelser/,200,text/html,https://web.archive.org/web/20190822060223/https://bufsimrishamn.wordpress.com/tag/oppna-jamforelser/
https://bufsimrishamn.wordpress.com/tag/osterlengymnasiet/,tag,20190822043731,20191212130721,2,20191212130721,https://bufsimrishamn.wordpress.com/tag/osterlengymnasiet/,200,text/html,https://web.archive.org/web/20191212130721/https://bufsimrishamn.wordpress.com/tag/osterlengymnasiet/
https://bufsimrishamn.wordpress.com/tag/patricia-diaz/,tag,20190822051936,20191018064127,2,20191018064127,https://bufsimrishamn.wordpress.com/tag/patricia-diaz/,200,text/html,https://web.archive.org/web/20191018064127/https://bufsimrishamn.wordpress.com/tag/patricia-diaz/
https://bufsimrishamn.wordpress.com/tag/pedagogisk-dokumentation/,tag,20190822045754,20190822045754,1,20190822045754,https://bufsimrishamn.wordpress.com/tag/pedagogisk-dokumentation/,200,text/html,https://web.archive.org/web/20190822045754/https://bufsimrishamn.wordpress.com/tag/pedagogisk-dokumentation/
https://bufsimrishamn.wordpress.com/tag/peggy-rydemalm/,tag,20190822053411,20191018065508,2,20191018065508,https://bufsimrishamn.wordpress.com/tag/peggy-rydemalm/,200,text/html,https://web.archive.org/web/20191018065508/https://bufsimrishamn.wordpress.com/tag/peggy-rydemalm/
https://bufsimrishamn.wordpress.com/tag/piratenskolan/,tag,20190822060658,20190822060658,1,20190822060658,https://bufsimrishamn.wordpress.com/tag/piratenskolan/,200,text/html,https://web.archive.org/web/20190822060658/https://bufsimrishamn.wordpress.com/tag/piratenskolan/
https://bufsimrishamn.wordpress.com/tag/pluttra/,tag,20190822043739,20190822043739,1,20190822043739,https://bufsimrishamn.wordpress.com/tag/pluttra/,200,text/html,https://web.archive.org/web/20190822043739/https://bufsimrishamn.wordpress.com/tag/pluttra/
https://bufsimrishamn.wordpress.com/tag/praktik/,tag,20170324212725,20170324212725,1,20170324212725,https://bufsimrishamn.wordpress.com/tag/praktik/,200,text/html,https://web.archive.org/web/20170324212725/https://bufsimrishamn.wordpress.com/tag/praktik/
https://bufsimrishamn.wordpress.com/tag/rachel-tess/,tag,20190822053843,20190822053843,1,20190822053843,https://bufsimrishamn.wordpress.com/tag/rachel-tess/,200,text/html,https://web.archive.org/web/20190822053843/https://bufsimrishamn.wordpress.com/tag/rachel-tess/
https://bufsimrishamn.wordpress.com/tag/radda-barnen/,tag,20190720142249,20191116220847,2,20191116220847,https://bufsimrishamn.wordpress.com/tag/radda-barnen/,200,text/html,https://web.archive.org/web/20191116220847/https://bufsimrishamn.wordpress.com/tag/radda-barnen/
https://bufsimrishamn.wordpress.com/tag/rankning/,tag,20190822043735,20190822043735,1,20190822043735,https://bufsimrishamn.wordpress.com/tag/rankning/,200,text/html,https://web.archive.org/web/20190822043735/https://bufsimrishamn.wordpress.com/tag/rankning/
https://bufsimrishamn.wordpress.com/tag/rattighetsbaserad-skola/,tag,20190822053747,20191018065825,2,20191018065825,https://bufsimrishamn.wordpress.com/tag/rattighetsbaserad-skola/,200,text/html,https://web.archive.org/web/20191018065825/https://bufsimrishamn.wordpress.com/tag/rattighetsbaserad-skola/
https://bufsimrishamn.wordpress.com/tag/rbs/,tag,20170325034127,20190919190745,3,20190919190745,https://bufsimrishamn.wordpress.com/tag/rbs/,200,text/html,https://web.archive.org/web/20190919190745/https://bufsimrishamn.wordpress.com/tag/rbs/
https://bufsimrishamn.wordpress.com/tag/riksintag/,tag,20170324212943,20190822050021,2,20190822050021,https://bufsimrishamn.wordpress.com/tag/riksintag/,200,text/html,https://web.archive.org/web/20190822050021/https://bufsimrishamn.wordpress.com/tag/riksintag/
https://bufsimrishamn.wordpress.com/tag/riksrekryterande-spetsutbildning/,tag,20190822045653,20190822045653,1,20190822045653,https://bufsimrishamn.wordpress.com/tag/riksrekryterande-spetsutbildning/,200,text/html,https://web.archive.org/web/20190822045653/https://bufsimrishamn.wordpress.com/tag/riksrekryterande-spetsutbildning/
https://bufsimrishamn.wordpress.com/tag/sankt-olofs-skola/,tag,20190825131711,20190825131711,1,20190825131711,https://bufsimrishamn.wordpress.com/tag/sankt-olofs-skola/,200,text/html,https://web.archive.org/web/20190825131711/https://bufsimrishamn.wordpress.com/tag/sankt-olofs-skola/
https://bufsimrishamn.wordpress.com/tag/sara-ytell/,tag,20190720141729,20191116220223,2,20191116220223,https://bufsimrishamn.wordpress.com/tag/sara-ytell/,200,text/html,https://web.archive.org/web/20191116220223/https://bufsimrishamn.wordpress.com/tag/sara-ytell/
https://bufsimrishamn.wordpress.com/tag/sarskola/,tag,20170324214605,20190822053218,2,20190822053218,https://bufsimrishamn.wordpress.com/tag/sarskola/,200,text/html,https://web.archive.org/web/20190822053218/https://bufsimrishamn.wordpress.com/tag/sarskola/
https://bufsimrishamn.wordpress.com/tag/separation/,tag,20190720133005,20191116205924,2,20191116205924,https://bufsimrishamn.wordpress.com/tag/separation/,200,text/html,https://web.archive.org/web/20191116205924/https://bufsimrishamn.wordpress.com/tag/separation/
https://bufsimrishamn.wordpress.com/tag/simrislundsskolan/,tag,20190720134809,20191116212628,2,20191116212628,https://bufsimrishamn.wordpress.com/tag/simrislundsskolan/,200,text/html,https://web.archive.org/web/20191116212628/https://bufsimrishamn.wordpress.com/tag/simrislundsskolan/
https://bufsimrishamn.wordpress.com/tag/skl/,tag,20190822043557,20190822043557,1,20190822043557,https://bufsimrishamn.wordpress.com/tag/skl/,200,text/html,https://web.archive.org/web/20190822043557/https://bufsimrishamn.wordpress.com/tag/skl/
https://bufsimrishamn.wordpress.com/tag/socionom/,tag,20190720141652,20191116220138,2,20191116220138,https://bufsimrishamn.wordpress.com/tag/socionom/,200,text/html,https://web.archive.org/web/20191116220138/https://bufsimrishamn.wordpress.com/tag/socionom/
https://bufsimrishamn.wordpress.com/tag/spetsutbildning/,tag,20170324152055,20190822050247,2,20190822050247,https://bufsimrishamn.wordpress.com/tag/spetsutbildning/,200,text/html,https://web.archive.org/web/20190822050247/https://bufsimrishamn.wordpress.com/tag/spetsutbildning/
https://bufsimrishamn.wordpress.com/tag/star-for-life/,tag,20190822043713,20190822043713,1,20190822043713,https://bufsimrishamn.wordpress.com/tag/star-for-life/,200,text/html,https://web.archive.org/web/20190822043713/https://bufsimrishamn.wordpress.com/tag/star-for-life/
https://bufsimrishamn.wordpress.com/tag/sveriges-kommuner-och-landsting/,tag,20190822050211,20190822050211,1,20190822050211,https://bufsimrishamn.wordpress.com/tag/sveriges-kommuner-och-landsting/,200,text/html,https://web.archive.org/web/20190822050211/https://bufsimrishamn.wordpress.com/tag/sveriges-kommuner-och-landsting/
https://bufsimrishamn.wordpress.com/tag/sylvia-carlsdotter/,tag,20190822052026,20191018064217,2,20191018064217,https://bufsimrishamn.wordpress.com/tag/sylvia-carlsdotter/,200,text/html,https://web.archive.org/web/20191018064217/https://bufsimrishamn.wordpress.com/tag/sylvia-carlsdotter/
https://bufsimrishamn.wordpress.com/tag/tavling/,tag,20170325034151,20170325034151,1,20170325034151,https://bufsimrishamn.wordpress.com/tag/tavling/,200,text/html,https://web.archive.org/web/20170325034151/https://bufsimrishamn.wordpress.com/tag/tavling/
https://bufsimrishamn.wordpress.com/tag/tema/,tag,20170324212639,20190822060015,2,20190822060015,https://bufsimrishamn.wordpress.com/tag/tema/,200,text/html,https://web.archive.org/web/20190822060015/https://bufsimrishamn.wordpress.com/tag/tema/
https://bufsimrishamn.wordpress.com/tag/traningsskola/,tag,20170325035640,20190822051749,2,20190822051749,https://bufsimrishamn.wordpress.com/tag/traningsskola/,200,text/html,https://web.archive.org/web/20190822051749/https://bufsimrishamn.wordpress.com/tag/traningsskola/
https://bufsimrishamn.wordpress.com/tag/ungdomens-hus/,tag,20190825141630,20190825141630,1,20190825141630,https://bufsimrishamn.wordpress.com/tag/ungdomens-hus/,200,text/html,https://web.archive.org/web/20190825141630/https://bufsimrishamn.wordpress.com/tag/ungdomens-hus/
https://bufsimrishamn.wordpress.com/tag/ungdomspolitiskt-rad/,tag,20190822043720,20190822043720,1,20190822043720,https://bufsimrishamn.wordpress.com/tag/ungdomspolitiskt-rad/,200,text/html,https://web.archive.org/web/20190822043720/https://bufsimrishamn.wordpress.com/tag/ungdomspolitiskt-rad/
https://bufsimrishamn.wordpress.com/tag/unicef/,tag,20190822044033,20190822044033,1,20190822044033,https://bufsimrishamn.wordpress.com/tag/unicef/,200,text/html,https://web.archive.org/web/20190822044033/https://bufsimrishamn.wordpress.com/tag/unicef/
https://bufsimrishamn.wordpress.com/tag/webbaserat/,tag,20190822044128,20190822044128,1,20190822044128,https://bufsimrishamn.wordpress.com/tag/webbaserat/,200,text/html,https://web.archive.org/web/20190822044128/https://bufsimrishamn.wordpress.com/tag/webbaserat/
https://bufsimrishamn.wordpress.com/tag/yrke/,tag,20170325035541,20170325035541,1,20170325035541,https://bufsimrishamn.wordpress.com/tag/yrke/,200,text/html,https://web.archive.org/web/20170325035541/https://bufsimrishamn.wordpress.com/tag/yrke/
https://bufsimrishamn.wordpress.com/tag/yrkesutbildning/,tag,20170325034120,20170325034120,1,20170325034120,https://bufsimrishamn.wordpress.com/tag/yrkesutbildning/,200,text/html,https://web.archive.org/web/20170325034120/https://bufsimrishamn.wordpress.com/tag/yrkesutbildning/
